split_id_sha256	side_a_accessions_json	side_b_accessions_json	representative_tree_node	all_tree_nodes_json	branch_lengths_by_tree_node_json	q1_quartet_frequency	q2_alternative_quartet_frequency	q3_alternative_quartet_frequency	f1_quartet_frequency_mass	f2_alternative_quartet_frequency_mass	f3_alternative_quartet_frequency_mass	pp1_local_posterior_probability	pp2_alternative_local_posterior_probability	pp3_alternative_local_posterior_probability	QC_total_quartets_around_branch	EN_effective_number_of_genes
44647f14e08bc7bbe2f3671868b7d998eeb4c71343a58f6eb5fcdaee037170a3	"[""GCF_000009425.1"",""GCF_000014385.1"",""GCF_000014445.1"",""GCF_000014545.1"",""GCF_000025045.1"",""GCF_000026405.1"",""GCF_000092505.1"",""GCF_000241055.1"",""GCF_000269925.1"",""GCF_000269945.1"",""GCF_000298875.1"",""GCF_000468955.1"",""GCF_000691805.2"",""GCF_001437425.1"",""GCF_001438705.1"",""GCF_001536305.1"",""GCF_001618285.1"",""GCF_001752505.1"",""GCF_001752515.1"",""GCF_001752545.1"",""GCF_001761545.1"",""GCF_001891125.1"",""GCF_001932615.1"",""GCF_001998805.1"",""GCF_002950695.1"",""GCF_003176835.1"",""GCF_003264795.1"",""GCF_003722275.1"",""GCF_004354645.1"",""GCF_004377635.1"",""GCF_005405465.1"",""GCF_007954605.1"",""GCF_007954785.1"",""GCF_008107645.1"",""GCF_009856565.1"",""GCF_011304355.1"",""GCF_013113695.1"",""GCF_014397255.1"",""GCF_014789145.1"",""GCF_016127255.1"",""GCF_016919665.1"",""GCF_017068355.1"",""GCF_018394055.1"",""GCF_018502505.1"",""GCF_019576155.1"",""GCF_020510245.1"",""GCF_020844005.1"",""GCF_023169905.1"",""GCF_023499275.1"",""GCF_023920145.1"",""GCF_024334065.1"",""GCF_024718545.1"",""GCF_025739325.1"",""GCF_025948295.1"",""GCF_029866985.1"",""GCF_032762665.1"",""GCF_033142085.1"",""GCF_035985965.1"",""GCF_036327715.1"",""GCF_037891785.1"",""GCF_037892375.1"",""GCF_038049945.1"",""GCF_039645515.1"",""GCF_039645575.1"",""GCF_039783225.1"",""GCF_039783785.1"",""GCF_041225485.1"",""GCF_041225605.1"",""GCF_041281755.1"",""GCF_041509385.1"",""GCF_041514285.1"",""GCF_041514295.1"",""GCF_041893975.1"",""GCF_045760565.1"",""GCF_045801155.1"",""GCF_047344935.1"",""GCF_052569745.1"",""GCF_052570115.1"",""GCF_052571685.1"",""GCF_054073565.1"",""GCF_055180435.1"",""GCF_056269605.1"",""GCF_057786735.1"",""GCF_058111805.1"",""GCF_060305805.1"",""GCF_060307215.1"",""GCF_900016205.1"",""GCF_900094835.1"",""GCF_900519455.1"",""GCF_900519475.1"",""GCF_903885985.1"",""GCF_903886345.1"",""GCF_903886475.1"",""GCF_903891025.1"",""GCF_903891205.1"",""GCF_964063315.1"",""GCF_965286035.1"",""GCF_982267005.1""]"	"[""GCF_000010145.1"",""GCF_000011045.1"",""GCF_000014425.1"",""GCF_000014505.1"",""GCF_000015385.1"",""GCF_000016825.1"",""GCF_000023085.1"",""GCF_000148815.2"",""GCF_000155515.2"",""GCF_000160835.1"",""GCF_000203855.3"",""GCF_000237995.1"",""GCF_001434365.1"",""GCF_001434705.1"",""GCF_001435245.1"",""GCF_001436135.1"",""GCF_001436905.1"",""GCF_001437055.1"",""GCF_001702215.1"",""GCF_001702235.1"",""GCF_001767275.1"",""GCF_001888925.1"",""GCF_002174215.1"",""GCF_002970915.1"",""GCF_002970935.1"",""GCF_003150935.1"",""GCF_003151025.1"",""GCF_003173695.1"",""GCF_003584685.1"",""GCF_003641185.1"",""GCF_003999355.1"",""GCF_005405405.1"",""GCF_008831485.1"",""GCF_009184845.1"",""GCF_009913655.1"",""GCF_009913995.1"",""GCF_009914015.1"",""GCF_009914035.1"",""GCF_010092385.1"",""GCF_011058775.1"",""GCF_013407595.1"",""GCF_014131735.1"",""GCF_014145545.1"",""GCF_014145555.1"",""GCF_014145615.1"",""GCF_014656585.1"",""GCF_016127815.1"",""GCF_016647595.1"",""GCF_017894345.1"",""GCF_019448175.1"",""GCF_019469265.1"",""GCF_019797825.1"",""GCF_020784695.1"",""GCF_021378055.1"",""GCF_024397795.1"",""GCF_025311495.1"",""GCF_025490915.1"",""GCF_026222675.1"",""GCF_028607025.1"",""GCF_028621815.1"",""GCF_028736235.1"",""GCF_029025825.1"",""GCF_029726355.1"",""GCF_029854335.1"",""GCF_030480545.1"",""GCF_030770265.1"",""GCF_030770295.1"",""GCF_030770335.1"",""GCF_033570435.1"",""GCF_034703025.1"",""GCF_036246165.1"",""GCF_036246185.1"",""GCF_036246225.1"",""GCF_037290055.1"",""GCF_039955095.1"",""GCF_042847315.1"",""GCF_042997415.1"",""GCF_045862825.1"",""GCF_046109915.1"",""GCF_050407965.1"",""GCF_050847345.1"",""GCF_051098045.1"",""GCF_054331775.1"",""GCF_054452875.2"",""GCF_054784775.1"",""GCF_054785075.1"",""GCF_055502585.1"",""GCF_055755075.1"",""GCF_056676095.1"",""GCF_059089415.1"",""GCF_900240275.1"",""GCF_900636965.1"",""GCF_947539375.1"",""GCF_963243495.1"",""GCF_963281025.1"",""GCF_965136965.1"",""GCF_965286295.1"",""GCF_965286585.1""]"	root/1/1/1/1/1/1/1/0/1	"[""root/1/1/1/1/1/1/1/0/1""]"	"[{""node"":""root/1/1/1/1/1/1/1/0/1"",""length_coalescent_units"":0.20830848491026852}]"	0.5504347826086956	0.4495652173913044	0.0	2.752173913043478	2.247826086956522	0.0	0.5633069285100784	0.34589411756965044	0.09079895392027118	5453760	5.0
7eed2e9aa3e2d4aaff19d230b02ab7ba4b299ee71e80e2c0a6afa41761638937	"[""GCF_000009425.1"",""GCF_000014545.1"",""GCF_000025045.1"",""GCF_000269925.1"",""GCF_000269945.1"",""GCF_000468955.1"",""GCF_003176835.1"",""GCF_003722275.1"",""GCF_009856565.1"",""GCF_016919665.1"",""GCF_017068355.1"",""GCF_020844005.1"",""GCF_023169905.1"",""GCF_023499275.1"",""GCF_024334065.1"",""GCF_025739325.1"",""GCF_025948295.1"",""GCF_029866985.1"",""GCF_035985965.1"",""GCF_037891785.1"",""GCF_037892375.1"",""GCF_038049945.1"",""GCF_039645515.1"",""GCF_039645575.1"",""GCF_039783225.1"",""GCF_039783785.1"",""GCF_041225485.1"",""GCF_041225605.1"",""GCF_041509385.1"",""GCF_041514285.1"",""GCF_041514295.1"",""GCF_041893975.1"",""GCF_045760565.1"",""GCF_052569745.1"",""GCF_052570115.1"",""GCF_052571685.1"",""GCF_055180435.1"",""GCF_056269605.1"",""GCF_057786735.1"",""GCF_060305805.1"",""GCF_060307215.1"",""GCF_903885985.1"",""GCF_903886345.1"",""GCF_903886475.1"",""GCF_903891025.1"",""GCF_903891205.1""]"	"[""GCF_000010145.1"",""GCF_000011045.1"",""GCF_000014385.1"",""GCF_000014425.1"",""GCF_000014445.1"",""GCF_000014505.1"",""GCF_000015385.1"",""GCF_000016825.1"",""GCF_000023085.1"",""GCF_000026405.1"",""GCF_000092505.1"",""GCF_000148815.2"",""GCF_000155515.2"",""GCF_000160835.1"",""GCF_000203855.3"",""GCF_000237995.1"",""GCF_000241055.1"",""GCF_000298875.1"",""GCF_000691805.2"",""GCF_001434365.1"",""GCF_001434705.1"",""GCF_001435245.1"",""GCF_001436135.1"",""GCF_001436905.1"",""GCF_001437055.1"",""GCF_001437425.1"",""GCF_001438705.1"",""GCF_001536305.1"",""GCF_001618285.1"",""GCF_001702215.1"",""GCF_001702235.1"",""GCF_001752505.1"",""GCF_001752515.1"",""GCF_001752545.1"",""GCF_001761545.1"",""GCF_001767275.1"",""GCF_001888925.1"",""GCF_001891125.1"",""GCF_001932615.1"",""GCF_001998805.1"",""GCF_002174215.1"",""GCF_002950695.1"",""GCF_002970915.1"",""GCF_002970935.1"",""GCF_003150935.1"",""GCF_003151025.1"",""GCF_003173695.1"",""GCF_003264795.1"",""GCF_003584685.1"",""GCF_003641185.1"",""GCF_003999355.1"",""GCF_004354645.1"",""GCF_004377635.1"",""GCF_005405405.1"",""GCF_005405465.1"",""GCF_007954605.1"",""GCF_007954785.1"",""GCF_008107645.1"",""GCF_008831485.1"",""GCF_009184845.1"",""GCF_009913655.1"",""GCF_009913995.1"",""GCF_009914015.1"",""GCF_009914035.1"",""GCF_010092385.1"",""GCF_011058775.1"",""GCF_011304355.1"",""GCF_013113695.1"",""GCF_013407595.1"",""GCF_014131735.1"",""GCF_014145545.1"",""GCF_014145555.1"",""GCF_014145615.1"",""GCF_014397255.1"",""GCF_014656585.1"",""GCF_014789145.1"",""GCF_016127255.1"",""GCF_016127815.1"",""GCF_016647595.1"",""GCF_017894345.1"",""GCF_018394055.1"",""GCF_018502505.1"",""GCF_019448175.1"",""GCF_019469265.1"",""GCF_019576155.1"",""GCF_019797825.1"",""GCF_020510245.1"",""GCF_020784695.1"",""GCF_021378055.1"",""GCF_023920145.1"",""GCF_024397795.1"",""GCF_024718545.1"",""GCF_025311495.1"",""GCF_025490915.1"",""GCF_026222675.1"",""GCF_028607025.1"",""GCF_028621815.1"",""GCF_028736235.1"",""GCF_029025825.1"",""GCF_029726355.1"",""GCF_029854335.1"",""GCF_030480545.1"",""GCF_030770265.1"",""GCF_030770295.1"",""GCF_030770335.1"",""GCF_032762665.1"",""GCF_033142085.1"",""GCF_033570435.1"",""GCF_034703025.1"",""GCF_036246165.1"",""GCF_036246185.1"",""GCF_036246225.1"",""GCF_036327715.1"",""GCF_037290055.1"",""GCF_039955095.1"",""GCF_041281755.1"",""GCF_042847315.1"",""GCF_042997415.1"",""GCF_045801155.1"",""GCF_045862825.1"",""GCF_046109915.1"",""GCF_047344935.1"",""GCF_050407965.1"",""GCF_050847345.1"",""GCF_051098045.1"",""GCF_054073565.1"",""GCF_054331775.1"",""GCF_054452875.2"",""GCF_054784775.1"",""GCF_054785075.1"",""GCF_055502585.1"",""GCF_055755075.1"",""GCF_056676095.1"",""GCF_058111805.1"",""GCF_059089415.1"",""GCF_900016205.1"",""GCF_900094835.1"",""GCF_900240275.1"",""GCF_900519455.1"",""GCF_900519475.1"",""GCF_900636965.1"",""GCF_947539375.1"",""GCF_963243495.1"",""GCF_963281025.1"",""GCF_964063315.1"",""GCF_965136965.1"",""GCF_965286035.1"",""GCF_965286295.1"",""GCF_965286585.1"",""GCF_982267005.1""]"	root/1/1/1/1/1/1/1/0	"[""root/1/1/1/1/1/1/1/0""]"	"[{""node"":""root/1/1/1/1/1/1/1/0"",""length_coalescent_units"":1.3862943611198908}]"	1.0	0.0	0.0	5.0	0.0	0.0	0.9945355191256833	0.002732240437158474	0.002732240437158474	2695784	5.0
008e053634d6d2646e1c565552d82d8be79e4a34a95eb914bbbeb86c3ef5eb4b	"[""GCF_000009425.1"",""GCF_000014545.1"",""GCF_000025045.1"",""GCF_000269925.1"",""GCF_000269945.1"",""GCF_000468955.1"",""GCF_003176835.1"",""GCF_003722275.1"",""GCF_016919665.1"",""GCF_017068355.1"",""GCF_023169905.1"",""GCF_023499275.1"",""GCF_035985965.1"",""GCF_037891785.1"",""GCF_037892375.1"",""GCF_039645515.1"",""GCF_039645575.1"",""GCF_041225485.1"",""GCF_041225605.1"",""GCF_045760565.1"",""GCF_055180435.1"",""GCF_060305805.1"",""GCF_060307215.1""]"	"[""GCF_000010145.1"",""GCF_000011045.1"",""GCF_000014385.1"",""GCF_000014425.1"",""GCF_000014445.1"",""GCF_000014505.1"",""GCF_000015385.1"",""GCF_000016825.1"",""GCF_000023085.1"",""GCF_000026405.1"",""GCF_000092505.1"",""GCF_000148815.2"",""GCF_000155515.2"",""GCF_000160835.1"",""GCF_000203855.3"",""GCF_000237995.1"",""GCF_000241055.1"",""GCF_000298875.1"",""GCF_000691805.2"",""GCF_001434365.1"",""GCF_001434705.1"",""GCF_001435245.1"",""GCF_001436135.1"",""GCF_001436905.1"",""GCF_001437055.1"",""GCF_001437425.1"",""GCF_001438705.1"",""GCF_001536305.1"",""GCF_001618285.1"",""GCF_001702215.1"",""GCF_001702235.1"",""GCF_001752505.1"",""GCF_001752515.1"",""GCF_001752545.1"",""GCF_001761545.1"",""GCF_001767275.1"",""GCF_001888925.1"",""GCF_001891125.1"",""GCF_001932615.1"",""GCF_001998805.1"",""GCF_002174215.1"",""GCF_002950695.1"",""GCF_002970915.1"",""GCF_002970935.1"",""GCF_003150935.1"",""GCF_003151025.1"",""GCF_003173695.1"",""GCF_003264795.1"",""GCF_003584685.1"",""GCF_003641185.1"",""GCF_003999355.1"",""GCF_004354645.1"",""GCF_004377635.1"",""GCF_005405405.1"",""GCF_005405465.1"",""GCF_007954605.1"",""GCF_007954785.1"",""GCF_008107645.1"",""GCF_008831485.1"",""GCF_009184845.1"",""GCF_009856565.1"",""GCF_009913655.1"",""GCF_009913995.1"",""GCF_009914015.1"",""GCF_009914035.1"",""GCF_010092385.1"",""GCF_011058775.1"",""GCF_011304355.1"",""GCF_013113695.1"",""GCF_013407595.1"",""GCF_014131735.1"",""GCF_014145545.1"",""GCF_014145555.1"",""GCF_014145615.1"",""GCF_014397255.1"",""GCF_014656585.1"",""GCF_014789145.1"",""GCF_016127255.1"",""GCF_016127815.1"",""GCF_016647595.1"",""GCF_017894345.1"",""GCF_018394055.1"",""GCF_018502505.1"",""GCF_019448175.1"",""GCF_019469265.1"",""GCF_019576155.1"",""GCF_019797825.1"",""GCF_020510245.1"",""GCF_020784695.1"",""GCF_020844005.1"",""GCF_021378055.1"",""GCF_023920145.1"",""GCF_024334065.1"",""GCF_024397795.1"",""GCF_024718545.1"",""GCF_025311495.1"",""GCF_025490915.1"",""GCF_025739325.1"",""GCF_025948295.1"",""GCF_026222675.1"",""GCF_028607025.1"",""GCF_028621815.1"",""GCF_028736235.1"",""GCF_029025825.1"",""GCF_029726355.1"",""GCF_029854335.1"",""GCF_029866985.1"",""GCF_030480545.1"",""GCF_030770265.1"",""GCF_030770295.1"",""GCF_030770335.1"",""GCF_032762665.1"",""GCF_033142085.1"",""GCF_033570435.1"",""GCF_034703025.1"",""GCF_036246165.1"",""GCF_036246185.1"",""GCF_036246225.1"",""GCF_036327715.1"",""GCF_037290055.1"",""GCF_038049945.1"",""GCF_039783225.1"",""GCF_039783785.1"",""GCF_039955095.1"",""GCF_041281755.1"",""GCF_041509385.1"",""GCF_041514285.1"",""GCF_041514295.1"",""GCF_041893975.1"",""GCF_042847315.1"",""GCF_042997415.1"",""GCF_045801155.1"",""GCF_045862825.1"",""GCF_046109915.1"",""GCF_047344935.1"",""GCF_050407965.1"",""GCF_050847345.1"",""GCF_051098045.1"",""GCF_052569745.1"",""GCF_052570115.1"",""GCF_052571685.1"",""GCF_054073565.1"",""GCF_054331775.1"",""GCF_054452875.2"",""GCF_054784775.1"",""GCF_054785075.1"",""GCF_055502585.1"",""GCF_055755075.1"",""GCF_056269605.1"",""GCF_056676095.1"",""GCF_057786735.1"",""GCF_058111805.1"",""GCF_059089415.1"",""GCF_900016205.1"",""GCF_900094835.1"",""GCF_900240275.1"",""GCF_900519455.1"",""GCF_900519475.1"",""GCF_900636965.1"",""GCF_903885985.1"",""GCF_903886345.1"",""GCF_903886475.1"",""GCF_903891025.1"",""GCF_903891205.1"",""GCF_947539375.1"",""GCF_963243495.1"",""GCF_963281025.1"",""GCF_964063315.1"",""GCF_965136965.1"",""GCF_965286035.1"",""GCF_965286295.1"",""GCF_965286585.1"",""GCF_982267005.1""]"	root/1/1/1/1/1/1/1	"[""root/1/1/1/1/1/1/1""]"	"[{""node"":""root/1/1/1/1/1/1/1"",""length_coalescent_units"":1.3862943611198908}]"	1.0	0.0	0.0	5.0	0.0	0.0	0.9945355191256833	0.002732240437158474	0.002732240437158474	448500	5.0
db367ce3a28df5bd95fa14611d17f36bddfea3d83d8ca452cf61d07896beaa4a	"[""GCF_000009425.1"",""GCF_000014545.1"",""GCF_000025045.1"",""GCF_000468955.1"",""GCF_003176835.1"",""GCF_003722275.1"",""GCF_016919665.1"",""GCF_017068355.1"",""GCF_023169905.1"",""GCF_035985965.1"",""GCF_055180435.1"",""GCF_060305805.1"",""GCF_060307215.1""]"	"[""GCF_000010145.1"",""GCF_000011045.1"",""GCF_000014385.1"",""GCF_000014425.1"",""GCF_000014445.1"",""GCF_000014505.1"",""GCF_000015385.1"",""GCF_000016825.1"",""GCF_000023085.1"",""GCF_000026405.1"",""GCF_000092505.1"",""GCF_000148815.2"",""GCF_000155515.2"",""GCF_000160835.1"",""GCF_000203855.3"",""GCF_000237995.1"",""GCF_000241055.1"",""GCF_000269925.1"",""GCF_000269945.1"",""GCF_000298875.1"",""GCF_000691805.2"",""GCF_001434365.1"",""GCF_001434705.1"",""GCF_001435245.1"",""GCF_001436135.1"",""GCF_001436905.1"",""GCF_001437055.1"",""GCF_001437425.1"",""GCF_001438705.1"",""GCF_001536305.1"",""GCF_001618285.1"",""GCF_001702215.1"",""GCF_001702235.1"",""GCF_001752505.1"",""GCF_001752515.1"",""GCF_001752545.1"",""GCF_001761545.1"",""GCF_001767275.1"",""GCF_001888925.1"",""GCF_001891125.1"",""GCF_001932615.1"",""GCF_001998805.1"",""GCF_002174215.1"",""GCF_002950695.1"",""GCF_002970915.1"",""GCF_002970935.1"",""GCF_003150935.1"",""GCF_003151025.1"",""GCF_003173695.1"",""GCF_003264795.1"",""GCF_003584685.1"",""GCF_003641185.1"",""GCF_003999355.1"",""GCF_004354645.1"",""GCF_004377635.1"",""GCF_005405405.1"",""GCF_005405465.1"",""GCF_007954605.1"",""GCF_007954785.1"",""GCF_008107645.1"",""GCF_008831485.1"",""GCF_009184845.1"",""GCF_009856565.1"",""GCF_009913655.1"",""GCF_009913995.1"",""GCF_009914015.1"",""GCF_009914035.1"",""GCF_010092385.1"",""GCF_011058775.1"",""GCF_011304355.1"",""GCF_013113695.1"",""GCF_013407595.1"",""GCF_014131735.1"",""GCF_014145545.1"",""GCF_014145555.1"",""GCF_014145615.1"",""GCF_014397255.1"",""GCF_014656585.1"",""GCF_014789145.1"",""GCF_016127255.1"",""GCF_016127815.1"",""GCF_016647595.1"",""GCF_017894345.1"",""GCF_018394055.1"",""GCF_018502505.1"",""GCF_019448175.1"",""GCF_019469265.1"",""GCF_019576155.1"",""GCF_019797825.1"",""GCF_020510245.1"",""GCF_020784695.1"",""GCF_020844005.1"",""GCF_021378055.1"",""GCF_023499275.1"",""GCF_023920145.1"",""GCF_024334065.1"",""GCF_024397795.1"",""GCF_024718545.1"",""GCF_025311495.1"",""GCF_025490915.1"",""GCF_025739325.1"",""GCF_025948295.1"",""GCF_026222675.1"",""GCF_028607025.1"",""GCF_028621815.1"",""GCF_028736235.1"",""GCF_029025825.1"",""GCF_029726355.1"",""GCF_029854335.1"",""GCF_029866985.1"",""GCF_030480545.1"",""GCF_030770265.1"",""GCF_030770295.1"",""GCF_030770335.1"",""GCF_032762665.1"",""GCF_033142085.1"",""GCF_033570435.1"",""GCF_034703025.1"",""GCF_036246165.1"",""GCF_036246185.1"",""GCF_036246225.1"",""GCF_036327715.1"",""GCF_037290055.1"",""GCF_037891785.1"",""GCF_037892375.1"",""GCF_038049945.1"",""GCF_039645515.1"",""GCF_039645575.1"",""GCF_039783225.1"",""GCF_039783785.1"",""GCF_039955095.1"",""GCF_041225485.1"",""GCF_041225605.1"",""GCF_041281755.1"",""GCF_041509385.1"",""GCF_041514285.1"",""GCF_041514295.1"",""GCF_041893975.1"",""GCF_042847315.1"",""GCF_042997415.1"",""GCF_045760565.1"",""GCF_045801155.1"",""GCF_045862825.1"",""GCF_046109915.1"",""GCF_047344935.1"",""GCF_050407965.1"",""GCF_050847345.1"",""GCF_051098045.1"",""GCF_052569745.1"",""GCF_052570115.1"",""GCF_052571685.1"",""GCF_054073565.1"",""GCF_054331775.1"",""GCF_054452875.2"",""GCF_054784775.1"",""GCF_054785075.1"",""GCF_055502585.1"",""GCF_055755075.1"",""GCF_056269605.1"",""GCF_056676095.1"",""GCF_057786735.1"",""GCF_058111805.1"",""GCF_059089415.1"",""GCF_900016205.1"",""GCF_900094835.1"",""GCF_900240275.1"",""GCF_900519455.1"",""GCF_900519475.1"",""GCF_900636965.1"",""GCF_903885985.1"",""GCF_903886345.1"",""GCF_903886475.1"",""GCF_903891025.1"",""GCF_903891205.1"",""GCF_947539375.1"",""GCF_963243495.1"",""GCF_963281025.1"",""GCF_964063315.1"",""GCF_965136965.1"",""GCF_965286035.1"",""GCF_965286295.1"",""GCF_965286585.1"",""GCF_982267005.1""]"	root/1/1/1/1/1/1	"[""root/1/1/1/1/1/1""]"	"[{""node"":""root/1/1/1/1/1/1"",""length_coalescent_units"":1.3862943611198908}]"	1.0	0.0	0.0	5.0	0.0	0.0	0.9945355191256833	0.002732240437158474	0.002732240437158474	38060	5.0
3cf959b19bc2cd1ce2dac7820b1efc8cfa9fd1d94eacac0ffe9c1b36a7b690d8	"[""GCF_000009425.1"",""GCF_000014545.1"",""GCF_000025045.1"",""GCF_000468955.1"",""GCF_003176835.1"",""GCF_003722275.1"",""GCF_023169905.1"",""GCF_035985965.1"",""GCF_055180435.1"",""GCF_060305805.1"",""GCF_060307215.1""]"	"[""GCF_000010145.1"",""GCF_000011045.1"",""GCF_000014385.1"",""GCF_000014425.1"",""GCF_000014445.1"",""GCF_000014505.1"",""GCF_000015385.1"",""GCF_000016825.1"",""GCF_000023085.1"",""GCF_000026405.1"",""GCF_000092505.1"",""GCF_000148815.2"",""GCF_000155515.2"",""GCF_000160835.1"",""GCF_000203855.3"",""GCF_000237995.1"",""GCF_000241055.1"",""GCF_000269925.1"",""GCF_000269945.1"",""GCF_000298875.1"",""GCF_000691805.2"",""GCF_001434365.1"",""GCF_001434705.1"",""GCF_001435245.1"",""GCF_001436135.1"",""GCF_001436905.1"",""GCF_001437055.1"",""GCF_001437425.1"",""GCF_001438705.1"",""GCF_001536305.1"",""GCF_001618285.1"",""GCF_001702215.1"",""GCF_001702235.1"",""GCF_001752505.1"",""GCF_001752515.1"",""GCF_001752545.1"",""GCF_001761545.1"",""GCF_001767275.1"",""GCF_001888925.1"",""GCF_001891125.1"",""GCF_001932615.1"",""GCF_001998805.1"",""GCF_002174215.1"",""GCF_002950695.1"",""GCF_002970915.1"",""GCF_002970935.1"",""GCF_003150935.1"",""GCF_003151025.1"",""GCF_003173695.1"",""GCF_003264795.1"",""GCF_003584685.1"",""GCF_003641185.1"",""GCF_003999355.1"",""GCF_004354645.1"",""GCF_004377635.1"",""GCF_005405405.1"",""GCF_005405465.1"",""GCF_007954605.1"",""GCF_007954785.1"",""GCF_008107645.1"",""GCF_008831485.1"",""GCF_009184845.1"",""GCF_009856565.1"",""GCF_009913655.1"",""GCF_009913995.1"",""GCF_009914015.1"",""GCF_009914035.1"",""GCF_010092385.1"",""GCF_011058775.1"",""GCF_011304355.1"",""GCF_013113695.1"",""GCF_013407595.1"",""GCF_014131735.1"",""GCF_014145545.1"",""GCF_014145555.1"",""GCF_014145615.1"",""GCF_014397255.1"",""GCF_014656585.1"",""GCF_014789145.1"",""GCF_016127255.1"",""GCF_016127815.1"",""GCF_016647595.1"",""GCF_016919665.1"",""GCF_017068355.1"",""GCF_017894345.1"",""GCF_018394055.1"",""GCF_018502505.1"",""GCF_019448175.1"",""GCF_019469265.1"",""GCF_019576155.1"",""GCF_019797825.1"",""GCF_020510245.1"",""GCF_020784695.1"",""GCF_020844005.1"",""GCF_021378055.1"",""GCF_023499275.1"",""GCF_023920145.1"",""GCF_024334065.1"",""GCF_024397795.1"",""GCF_024718545.1"",""GCF_025311495.1"",""GCF_025490915.1"",""GCF_025739325.1"",""GCF_025948295.1"",""GCF_026222675.1"",""GCF_028607025.1"",""GCF_028621815.1"",""GCF_028736235.1"",""GCF_029025825.1"",""GCF_029726355.1"",""GCF_029854335.1"",""GCF_029866985.1"",""GCF_030480545.1"",""GCF_030770265.1"",""GCF_030770295.1"",""GCF_030770335.1"",""GCF_032762665.1"",""GCF_033142085.1"",""GCF_033570435.1"",""GCF_034703025.1"",""GCF_036246165.1"",""GCF_036246185.1"",""GCF_036246225.1"",""GCF_036327715.1"",""GCF_037290055.1"",""GCF_037891785.1"",""GCF_037892375.1"",""GCF_038049945.1"",""GCF_039645515.1"",""GCF_039645575.1"",""GCF_039783225.1"",""GCF_039783785.1"",""GCF_039955095.1"",""GCF_041225485.1"",""GCF_041225605.1"",""GCF_041281755.1"",""GCF_041509385.1"",""GCF_041514285.1"",""GCF_041514295.1"",""GCF_041893975.1"",""GCF_042847315.1"",""GCF_042997415.1"",""GCF_045760565.1"",""GCF_045801155.1"",""GCF_045862825.1"",""GCF_046109915.1"",""GCF_047344935.1"",""GCF_050407965.1"",""GCF_050847345.1"",""GCF_051098045.1"",""GCF_052569745.1"",""GCF_052570115.1"",""GCF_052571685.1"",""GCF_054073565.1"",""GCF_054331775.1"",""GCF_054452875.2"",""GCF_054784775.1"",""GCF_054785075.1"",""GCF_055502585.1"",""GCF_055755075.1"",""GCF_056269605.1"",""GCF_056676095.1"",""GCF_057786735.1"",""GCF_058111805.1"",""GCF_059089415.1"",""GCF_900016205.1"",""GCF_900094835.1"",""GCF_900240275.1"",""GCF_900519455.1"",""GCF_900519475.1"",""GCF_900636965.1"",""GCF_903885985.1"",""GCF_903886345.1"",""GCF_903886475.1"",""GCF_903891025.1"",""GCF_903891205.1"",""GCF_947539375.1"",""GCF_963243495.1"",""GCF_963281025.1"",""GCF_964063315.1"",""GCF_965136965.1"",""GCF_965286035.1"",""GCF_965286295.1"",""GCF_965286585.1"",""GCF_982267005.1""]"	root/1/1/1/1/1	"[""root/1/1/1/1/1""]"	"[{""node"":""root/1/1/1/1/1"",""length_coalescent_units"":0.2876820724517809}]"	0.6	0.2	0.2	3.0	1.0	1.0	0.7192982456140349	0.14035087719298256	0.14035087719298256	10980	5.0
0360eb6a75339953de130ba1e4b79d738dea7629edafa925371b1ab5da743a28	"[""GCF_000009425.1"",""GCF_000014545.1"",""GCF_000468955.1"",""GCF_023169905.1"",""GCF_055180435.1""]"	"[""GCF_000010145.1"",""GCF_000011045.1"",""GCF_000014385.1"",""GCF_000014425.1"",""GCF_000014445.1"",""GCF_000014505.1"",""GCF_000015385.1"",""GCF_000016825.1"",""GCF_000023085.1"",""GCF_000025045.1"",""GCF_000026405.1"",""GCF_000092505.1"",""GCF_000148815.2"",""GCF_000155515.2"",""GCF_000160835.1"",""GCF_000203855.3"",""GCF_000237995.1"",""GCF_000241055.1"",""GCF_000269925.1"",""GCF_000269945.1"",""GCF_000298875.1"",""GCF_000691805.2"",""GCF_001434365.1"",""GCF_001434705.1"",""GCF_001435245.1"",""GCF_001436135.1"",""GCF_001436905.1"",""GCF_001437055.1"",""GCF_001437425.1"",""GCF_001438705.1"",""GCF_001536305.1"",""GCF_001618285.1"",""GCF_001702215.1"",""GCF_001702235.1"",""GCF_001752505.1"",""GCF_001752515.1"",""GCF_001752545.1"",""GCF_001761545.1"",""GCF_001767275.1"",""GCF_001888925.1"",""GCF_001891125.1"",""GCF_001932615.1"",""GCF_001998805.1"",""GCF_002174215.1"",""GCF_002950695.1"",""GCF_002970915.1"",""GCF_002970935.1"",""GCF_003150935.1"",""GCF_003151025.1"",""GCF_003173695.1"",""GCF_003176835.1"",""GCF_003264795.1"",""GCF_003584685.1"",""GCF_003641185.1"",""GCF_003722275.1"",""GCF_003999355.1"",""GCF_004354645.1"",""GCF_004377635.1"",""GCF_005405405.1"",""GCF_005405465.1"",""GCF_007954605.1"",""GCF_007954785.1"",""GCF_008107645.1"",""GCF_008831485.1"",""GCF_009184845.1"",""GCF_009856565.1"",""GCF_009913655.1"",""GCF_009913995.1"",""GCF_009914015.1"",""GCF_009914035.1"",""GCF_010092385.1"",""GCF_011058775.1"",""GCF_011304355.1"",""GCF_013113695.1"",""GCF_013407595.1"",""GCF_014131735.1"",""GCF_014145545.1"",""GCF_014145555.1"",""GCF_014145615.1"",""GCF_014397255.1"",""GCF_014656585.1"",""GCF_014789145.1"",""GCF_016127255.1"",""GCF_016127815.1"",""GCF_016647595.1"",""GCF_016919665.1"",""GCF_017068355.1"",""GCF_017894345.1"",""GCF_018394055.1"",""GCF_018502505.1"",""GCF_019448175.1"",""GCF_019469265.1"",""GCF_019576155.1"",""GCF_019797825.1"",""GCF_020510245.1"",""GCF_020784695.1"",""GCF_020844005.1"",""GCF_021378055.1"",""GCF_023499275.1"",""GCF_023920145.1"",""GCF_024334065.1"",""GCF_024397795.1"",""GCF_024718545.1"",""GCF_025311495.1"",""GCF_025490915.1"",""GCF_025739325.1"",""GCF_025948295.1"",""GCF_026222675.1"",""GCF_028607025.1"",""GCF_028621815.1"",""GCF_028736235.1"",""GCF_029025825.1"",""GCF_029726355.1"",""GCF_029854335.1"",""GCF_029866985.1"",""GCF_030480545.1"",""GCF_030770265.1"",""GCF_030770295.1"",""GCF_030770335.1"",""GCF_032762665.1"",""GCF_033142085.1"",""GCF_033570435.1"",""GCF_034703025.1"",""GCF_035985965.1"",""GCF_036246165.1"",""GCF_036246185.1"",""GCF_036246225.1"",""GCF_036327715.1"",""GCF_037290055.1"",""GCF_037891785.1"",""GCF_037892375.1"",""GCF_038049945.1"",""GCF_039645515.1"",""GCF_039645575.1"",""GCF_039783225.1"",""GCF_039783785.1"",""GCF_039955095.1"",""GCF_041225485.1"",""GCF_041225605.1"",""GCF_041281755.1"",""GCF_041509385.1"",""GCF_041514285.1"",""GCF_041514295.1"",""GCF_041893975.1"",""GCF_042847315.1"",""GCF_042997415.1"",""GCF_045760565.1"",""GCF_045801155.1"",""GCF_045862825.1"",""GCF_046109915.1"",""GCF_047344935.1"",""GCF_050407965.1"",""GCF_050847345.1"",""GCF_051098045.1"",""GCF_052569745.1"",""GCF_052570115.1"",""GCF_052571685.1"",""GCF_054073565.1"",""GCF_054331775.1"",""GCF_054452875.2"",""GCF_054784775.1"",""GCF_054785075.1"",""GCF_055502585.1"",""GCF_055755075.1"",""GCF_056269605.1"",""GCF_056676095.1"",""GCF_057786735.1"",""GCF_058111805.1"",""GCF_059089415.1"",""GCF_060305805.1"",""GCF_060307215.1"",""GCF_900016205.1"",""GCF_900094835.1"",""GCF_900240275.1"",""GCF_900519455.1"",""GCF_900519475.1"",""GCF_900636965.1"",""GCF_903885985.1"",""GCF_903886345.1"",""GCF_903886475.1"",""GCF_903891025.1"",""GCF_903891205.1"",""GCF_947539375.1"",""GCF_963243495.1"",""GCF_963281025.1"",""GCF_964063315.1"",""GCF_965136965.1"",""GCF_965286035.1"",""GCF_965286295.1"",""GCF_965286585.1"",""GCF_982267005.1""]"	root/1/1/1/1	"[""root/1/1/1/1""]"	"[{""node"":""root/1/1/1/1"",""length_coalescent_units"":0.17733401528291554}]"	0.5520833333333334	0.25	0.19791666666666666	2.2083333333333335	1.0	0.7916666666666666	0.6034762297508768	0.21152541639905034	0.18499835385007293	4440	4.0
330f050a490371ba9cff1196f73c2350e765ddbbe8cc9de6a36205a04bce4ded	"[""GCF_000009425.1"",""GCF_000468955.1""]"	"[""GCF_000010145.1"",""GCF_000011045.1"",""GCF_000014385.1"",""GCF_000014425.1"",""GCF_000014445.1"",""GCF_000014505.1"",""GCF_000014545.1"",""GCF_000015385.1"",""GCF_000016825.1"",""GCF_000023085.1"",""GCF_000025045.1"",""GCF_000026405.1"",""GCF_000092505.1"",""GCF_000148815.2"",""GCF_000155515.2"",""GCF_000160835.1"",""GCF_000203855.3"",""GCF_000237995.1"",""GCF_000241055.1"",""GCF_000269925.1"",""GCF_000269945.1"",""GCF_000298875.1"",""GCF_000691805.2"",""GCF_001434365.1"",""GCF_001434705.1"",""GCF_001435245.1"",""GCF_001436135.1"",""GCF_001436905.1"",""GCF_001437055.1"",""GCF_001437425.1"",""GCF_001438705.1"",""GCF_001536305.1"",""GCF_001618285.1"",""GCF_001702215.1"",""GCF_001702235.1"",""GCF_001752505.1"",""GCF_001752515.1"",""GCF_001752545.1"",""GCF_001761545.1"",""GCF_001767275.1"",""GCF_001888925.1"",""GCF_001891125.1"",""GCF_001932615.1"",""GCF_001998805.1"",""GCF_002174215.1"",""GCF_002950695.1"",""GCF_002970915.1"",""GCF_002970935.1"",""GCF_003150935.1"",""GCF_003151025.1"",""GCF_003173695.1"",""GCF_003176835.1"",""GCF_003264795.1"",""GCF_003584685.1"",""GCF_003641185.1"",""GCF_003722275.1"",""GCF_003999355.1"",""GCF_004354645.1"",""GCF_004377635.1"",""GCF_005405405.1"",""GCF_005405465.1"",""GCF_007954605.1"",""GCF_007954785.1"",""GCF_008107645.1"",""GCF_008831485.1"",""GCF_009184845.1"",""GCF_009856565.1"",""GCF_009913655.1"",""GCF_009913995.1"",""GCF_009914015.1"",""GCF_009914035.1"",""GCF_010092385.1"",""GCF_011058775.1"",""GCF_011304355.1"",""GCF_013113695.1"",""GCF_013407595.1"",""GCF_014131735.1"",""GCF_014145545.1"",""GCF_014145555.1"",""GCF_014145615.1"",""GCF_014397255.1"",""GCF_014656585.1"",""GCF_014789145.1"",""GCF_016127255.1"",""GCF_016127815.1"",""GCF_016647595.1"",""GCF_016919665.1"",""GCF_017068355.1"",""GCF_017894345.1"",""GCF_018394055.1"",""GCF_018502505.1"",""GCF_019448175.1"",""GCF_019469265.1"",""GCF_019576155.1"",""GCF_019797825.1"",""GCF_020510245.1"",""GCF_020784695.1"",""GCF_020844005.1"",""GCF_021378055.1"",""GCF_023169905.1"",""GCF_023499275.1"",""GCF_023920145.1"",""GCF_024334065.1"",""GCF_024397795.1"",""GCF_024718545.1"",""GCF_025311495.1"",""GCF_025490915.1"",""GCF_025739325.1"",""GCF_025948295.1"",""GCF_026222675.1"",""GCF_028607025.1"",""GCF_028621815.1"",""GCF_028736235.1"",""GCF_029025825.1"",""GCF_029726355.1"",""GCF_029854335.1"",""GCF_029866985.1"",""GCF_030480545.1"",""GCF_030770265.1"",""GCF_030770295.1"",""GCF_030770335.1"",""GCF_032762665.1"",""GCF_033142085.1"",""GCF_033570435.1"",""GCF_034703025.1"",""GCF_035985965.1"",""GCF_036246165.1"",""GCF_036246185.1"",""GCF_036246225.1"",""GCF_036327715.1"",""GCF_037290055.1"",""GCF_037891785.1"",""GCF_037892375.1"",""GCF_038049945.1"",""GCF_039645515.1"",""GCF_039645575.1"",""GCF_039783225.1"",""GCF_039783785.1"",""GCF_039955095.1"",""GCF_041225485.1"",""GCF_041225605.1"",""GCF_041281755.1"",""GCF_041509385.1"",""GCF_041514285.1"",""GCF_041514295.1"",""GCF_041893975.1"",""GCF_042847315.1"",""GCF_042997415.1"",""GCF_045760565.1"",""GCF_045801155.1"",""GCF_045862825.1"",""GCF_046109915.1"",""GCF_047344935.1"",""GCF_050407965.1"",""GCF_050847345.1"",""GCF_051098045.1"",""GCF_052569745.1"",""GCF_052570115.1"",""GCF_052571685.1"",""GCF_054073565.1"",""GCF_054331775.1"",""GCF_054452875.2"",""GCF_054784775.1"",""GCF_054785075.1"",""GCF_055180435.1"",""GCF_055502585.1"",""GCF_055755075.1"",""GCF_056269605.1"",""GCF_056676095.1"",""GCF_057786735.1"",""GCF_058111805.1"",""GCF_059089415.1"",""GCF_060305805.1"",""GCF_060307215.1"",""GCF_900016205.1"",""GCF_900094835.1"",""GCF_900240275.1"",""GCF_900519455.1"",""GCF_900519475.1"",""GCF_900636965.1"",""GCF_903885985.1"",""GCF_903886345.1"",""GCF_903886475.1"",""GCF_903891025.1"",""GCF_903891205.1"",""GCF_947539375.1"",""GCF_963243495.1"",""GCF_963281025.1"",""GCF_964063315.1"",""GCF_965136965.1"",""GCF_965286035.1"",""GCF_965286295.1"",""GCF_965286585.1"",""GCF_982267005.1""]"	root/1/1	"[""root/1/1""]"	"[{""node"":""root/1/1"",""length_coalescent_units"":0.007187224666105403}]"	0.4057291666666666	0.19947916666666665	0.39479166666666665	2.028645833333333	0.9973958333333333	1.9739583333333333	0.40628142051695904	0.20466986389373537	0.3890487155893056	384	5.0
ac5e3d76a8e10dae19a971e4e1417aff046362f980a3d4e366a06e3b0c2b45f8	"[""GCF_000009425.1"",""GCF_000468955.1"",""GCF_023169905.1"",""GCF_055180435.1""]"	"[""GCF_000010145.1"",""GCF_000011045.1"",""GCF_000014385.1"",""GCF_000014425.1"",""GCF_000014445.1"",""GCF_000014505.1"",""GCF_000014545.1"",""GCF_000015385.1"",""GCF_000016825.1"",""GCF_000023085.1"",""GCF_000025045.1"",""GCF_000026405.1"",""GCF_000092505.1"",""GCF_000148815.2"",""GCF_000155515.2"",""GCF_000160835.1"",""GCF_000203855.3"",""GCF_000237995.1"",""GCF_000241055.1"",""GCF_000269925.1"",""GCF_000269945.1"",""GCF_000298875.1"",""GCF_000691805.2"",""GCF_001434365.1"",""GCF_001434705.1"",""GCF_001435245.1"",""GCF_001436135.1"",""GCF_001436905.1"",""GCF_001437055.1"",""GCF_001437425.1"",""GCF_001438705.1"",""GCF_001536305.1"",""GCF_001618285.1"",""GCF_001702215.1"",""GCF_001702235.1"",""GCF_001752505.1"",""GCF_001752515.1"",""GCF_001752545.1"",""GCF_001761545.1"",""GCF_001767275.1"",""GCF_001888925.1"",""GCF_001891125.1"",""GCF_001932615.1"",""GCF_001998805.1"",""GCF_002174215.1"",""GCF_002950695.1"",""GCF_002970915.1"",""GCF_002970935.1"",""GCF_003150935.1"",""GCF_003151025.1"",""GCF_003173695.1"",""GCF_003176835.1"",""GCF_003264795.1"",""GCF_003584685.1"",""GCF_003641185.1"",""GCF_003722275.1"",""GCF_003999355.1"",""GCF_004354645.1"",""GCF_004377635.1"",""GCF_005405405.1"",""GCF_005405465.1"",""GCF_007954605.1"",""GCF_007954785.1"",""GCF_008107645.1"",""GCF_008831485.1"",""GCF_009184845.1"",""GCF_009856565.1"",""GCF_009913655.1"",""GCF_009913995.1"",""GCF_009914015.1"",""GCF_009914035.1"",""GCF_010092385.1"",""GCF_011058775.1"",""GCF_011304355.1"",""GCF_013113695.1"",""GCF_013407595.1"",""GCF_014131735.1"",""GCF_014145545.1"",""GCF_014145555.1"",""GCF_014145615.1"",""GCF_014397255.1"",""GCF_014656585.1"",""GCF_014789145.1"",""GCF_016127255.1"",""GCF_016127815.1"",""GCF_016647595.1"",""GCF_016919665.1"",""GCF_017068355.1"",""GCF_017894345.1"",""GCF_018394055.1"",""GCF_018502505.1"",""GCF_019448175.1"",""GCF_019469265.1"",""GCF_019576155.1"",""GCF_019797825.1"",""GCF_020510245.1"",""GCF_020784695.1"",""GCF_020844005.1"",""GCF_021378055.1"",""GCF_023499275.1"",""GCF_023920145.1"",""GCF_024334065.1"",""GCF_024397795.1"",""GCF_024718545.1"",""GCF_025311495.1"",""GCF_025490915.1"",""GCF_025739325.1"",""GCF_025948295.1"",""GCF_026222675.1"",""GCF_028607025.1"",""GCF_028621815.1"",""GCF_028736235.1"",""GCF_029025825.1"",""GCF_029726355.1"",""GCF_029854335.1"",""GCF_029866985.1"",""GCF_030480545.1"",""GCF_030770265.1"",""GCF_030770295.1"",""GCF_030770335.1"",""GCF_032762665.1"",""GCF_033142085.1"",""GCF_033570435.1"",""GCF_034703025.1"",""GCF_035985965.1"",""GCF_036246165.1"",""GCF_036246185.1"",""GCF_036246225.1"",""GCF_036327715.1"",""GCF_037290055.1"",""GCF_037891785.1"",""GCF_037892375.1"",""GCF_038049945.1"",""GCF_039645515.1"",""GCF_039645575.1"",""GCF_039783225.1"",""GCF_039783785.1"",""GCF_039955095.1"",""GCF_041225485.1"",""GCF_041225605.1"",""GCF_041281755.1"",""GCF_041509385.1"",""GCF_041514285.1"",""GCF_041514295.1"",""GCF_041893975.1"",""GCF_042847315.1"",""GCF_042997415.1"",""GCF_045760565.1"",""GCF_045801155.1"",""GCF_045862825.1"",""GCF_046109915.1"",""GCF_047344935.1"",""GCF_050407965.1"",""GCF_050847345.1"",""GCF_051098045.1"",""GCF_052569745.1"",""GCF_052570115.1"",""GCF_052571685.1"",""GCF_054073565.1"",""GCF_054331775.1"",""GCF_054452875.2"",""GCF_054784775.1"",""GCF_054785075.1"",""GCF_055502585.1"",""GCF_055755075.1"",""GCF_056269605.1"",""GCF_056676095.1"",""GCF_057786735.1"",""GCF_058111805.1"",""GCF_059089415.1"",""GCF_060305805.1"",""GCF_060307215.1"",""GCF_900016205.1"",""GCF_900094835.1"",""GCF_900240275.1"",""GCF_900519455.1"",""GCF_900519475.1"",""GCF_900636965.1"",""GCF_903885985.1"",""GCF_903886345.1"",""GCF_903886475.1"",""GCF_903891025.1"",""GCF_903891205.1"",""GCF_947539375.1"",""GCF_963243495.1"",""GCF_963281025.1"",""GCF_964063315.1"",""GCF_965136965.1"",""GCF_965286035.1"",""GCF_965286295.1"",""GCF_965286585.1"",""GCF_982267005.1""]"	root/1/1/1	"[""root/1/1/1""]"	"[{""node"":""root/1/1/1"",""length_coalescent_units"":0.10798174913770038}]"	0.5019633507853403	0.000981675392670157	0.49705497382198954	2.007853403141361	0.003926701570680628	1.9882198952879582	0.44868305233498385	0.11148289506229636	0.43983405260271974	764	4.0
d7d6b89412451aee8ab56a3f2ca048578a929715d0545472f6408092d4c767e4	"[""GCF_000010145.1"",""GCF_000014505.1"",""GCF_000016825.1"",""GCF_000023085.1"",""GCF_000148815.2"",""GCF_000160835.1"",""GCF_000203855.3"",""GCF_000237995.1"",""GCF_001434365.1"",""GCF_001435245.1"",""GCF_001436905.1"",""GCF_001437055.1"",""GCF_001702215.1"",""GCF_001702235.1"",""GCF_001767275.1"",""GCF_002174215.1"",""GCF_002970915.1"",""GCF_002970935.1"",""GCF_003641185.1"",""GCF_005405405.1"",""GCF_009913655.1"",""GCF_009913995.1"",""GCF_009914015.1"",""GCF_009914035.1"",""GCF_010092385.1"",""GCF_014131735.1"",""GCF_014145545.1"",""GCF_014145555.1"",""GCF_014145615.1"",""GCF_016127815.1"",""GCF_019448175.1"",""GCF_019797825.1"",""GCF_020784695.1"",""GCF_021378055.1"",""GCF_025311495.1"",""GCF_026222675.1"",""GCF_028607025.1"",""GCF_028621815.1"",""GCF_029025825.1"",""GCF_029854335.1"",""GCF_033570435.1"",""GCF_034703025.1"",""GCF_036246165.1"",""GCF_036246185.1"",""GCF_037290055.1"",""GCF_039955095.1"",""GCF_045862825.1"",""GCF_050407965.1"",""GCF_050847345.1"",""GCF_051098045.1"",""GCF_054331775.1"",""GCF_055755075.1"",""GCF_056676095.1"",""GCF_059089415.1"",""GCF_900240275.1"",""GCF_963243495.1"",""GCF_963281025.1"",""GCF_965136965.1"",""GCF_965286295.1"",""GCF_965286585.1""]"	"[""GCF_000009425.1"",""GCF_000011045.1"",""GCF_000014385.1"",""GCF_000014425.1"",""GCF_000014445.1"",""GCF_000014545.1"",""GCF_000015385.1"",""GCF_000025045.1"",""GCF_000026405.1"",""GCF_000092505.1"",""GCF_000155515.2"",""GCF_000241055.1"",""GCF_000269925.1"",""GCF_000269945.1"",""GCF_000298875.1"",""GCF_000468955.1"",""GCF_000691805.2"",""GCF_001434705.1"",""GCF_001436135.1"",""GCF_001437425.1"",""GCF_001438705.1"",""GCF_001536305.1"",""GCF_001618285.1"",""GCF_001752505.1"",""GCF_001752515.1"",""GCF_001752545.1"",""GCF_001761545.1"",""GCF_001888925.1"",""GCF_001891125.1"",""GCF_001932615.1"",""GCF_001998805.1"",""GCF_002950695.1"",""GCF_003150935.1"",""GCF_003151025.1"",""GCF_003173695.1"",""GCF_003176835.1"",""GCF_003264795.1"",""GCF_003584685.1"",""GCF_003722275.1"",""GCF_003999355.1"",""GCF_004354645.1"",""GCF_004377635.1"",""GCF_005405465.1"",""GCF_007954605.1"",""GCF_007954785.1"",""GCF_008107645.1"",""GCF_008831485.1"",""GCF_009184845.1"",""GCF_009856565.1"",""GCF_011058775.1"",""GCF_011304355.1"",""GCF_013113695.1"",""GCF_013407595.1"",""GCF_014397255.1"",""GCF_014656585.1"",""GCF_014789145.1"",""GCF_016127255.1"",""GCF_016647595.1"",""GCF_016919665.1"",""GCF_017068355.1"",""GCF_017894345.1"",""GCF_018394055.1"",""GCF_018502505.1"",""GCF_019469265.1"",""GCF_019576155.1"",""GCF_020510245.1"",""GCF_020844005.1"",""GCF_023169905.1"",""GCF_023499275.1"",""GCF_023920145.1"",""GCF_024334065.1"",""GCF_024397795.1"",""GCF_024718545.1"",""GCF_025490915.1"",""GCF_025739325.1"",""GCF_025948295.1"",""GCF_028736235.1"",""GCF_029726355.1"",""GCF_029866985.1"",""GCF_030480545.1"",""GCF_030770265.1"",""GCF_030770295.1"",""GCF_030770335.1"",""GCF_032762665.1"",""GCF_033142085.1"",""GCF_035985965.1"",""GCF_036246225.1"",""GCF_036327715.1"",""GCF_037891785.1"",""GCF_037892375.1"",""GCF_038049945.1"",""GCF_039645515.1"",""GCF_039645575.1"",""GCF_039783225.1"",""GCF_039783785.1"",""GCF_041225485.1"",""GCF_041225605.1"",""GCF_041281755.1"",""GCF_041509385.1"",""GCF_041514285.1"",""GCF_041514295.1"",""GCF_041893975.1"",""GCF_042847315.1"",""GCF_042997415.1"",""GCF_045760565.1"",""GCF_045801155.1"",""GCF_046109915.1"",""GCF_047344935.1"",""GCF_052569745.1"",""GCF_052570115.1"",""GCF_052571685.1"",""GCF_054073565.1"",""GCF_054452875.2"",""GCF_054784775.1"",""GCF_054785075.1"",""GCF_055180435.1"",""GCF_055502585.1"",""GCF_056269605.1"",""GCF_057786735.1"",""GCF_058111805.1"",""GCF_060305805.1"",""GCF_060307215.1"",""GCF_900016205.1"",""GCF_900094835.1"",""GCF_900519455.1"",""GCF_900519475.1"",""GCF_900636965.1"",""GCF_903885985.1"",""GCF_903886345.1"",""GCF_903886475.1"",""GCF_903891025.1"",""GCF_903891205.1"",""GCF_947539375.1"",""GCF_964063315.1"",""GCF_965286035.1"",""GCF_982267005.1""]"	root/1/1/1/1/1/1/1/0/1/1	"[""root/1/1/1/1/1/1/1/0/1/1""]"	"[{""node"":""root/1/1/1/1/1/1/1/0/1/1"",""length_coalescent_units"":0.49575142943398326}]"	0.7127095761381476	0.21612244897959182	0.07116797488226059	3.563547880690738	1.0806122448979592	0.355839874411303	0.859903729494866	0.08266960258186747	0.057426667923266485	2979200	5.0
2289ea0e1d0a679ec38590dd063c01488b84c547df954213ee779c41f2ded871	"[""GCF_000010145.1"",""GCF_000016825.1"",""GCF_000160835.1"",""GCF_001434365.1"",""GCF_001435245.1"",""GCF_001437055.1"",""GCF_014145545.1"",""GCF_014145555.1"",""GCF_014145615.1"",""GCF_019797825.1"",""GCF_020784695.1"",""GCF_025311495.1"",""GCF_028607025.1"",""GCF_033570435.1"",""GCF_039955095.1"",""GCF_054331775.1"",""GCF_056676095.1"",""GCF_900240275.1"",""GCF_963281025.1"",""GCF_965286585.1""]"	"[""GCF_000009425.1"",""GCF_000011045.1"",""GCF_000014385.1"",""GCF_000014425.1"",""GCF_000014445.1"",""GCF_000014505.1"",""GCF_000014545.1"",""GCF_000015385.1"",""GCF_000023085.1"",""GCF_000025045.1"",""GCF_000026405.1"",""GCF_000092505.1"",""GCF_000148815.2"",""GCF_000155515.2"",""GCF_000203855.3"",""GCF_000237995.1"",""GCF_000241055.1"",""GCF_000269925.1"",""GCF_000269945.1"",""GCF_000298875.1"",""GCF_000468955.1"",""GCF_000691805.2"",""GCF_001434705.1"",""GCF_001436135.1"",""GCF_001436905.1"",""GCF_001437425.1"",""GCF_001438705.1"",""GCF_001536305.1"",""GCF_001618285.1"",""GCF_001702215.1"",""GCF_001702235.1"",""GCF_001752505.1"",""GCF_001752515.1"",""GCF_001752545.1"",""GCF_001761545.1"",""GCF_001767275.1"",""GCF_001888925.1"",""GCF_001891125.1"",""GCF_001932615.1"",""GCF_001998805.1"",""GCF_002174215.1"",""GCF_002950695.1"",""GCF_002970915.1"",""GCF_002970935.1"",""GCF_003150935.1"",""GCF_003151025.1"",""GCF_003173695.1"",""GCF_003176835.1"",""GCF_003264795.1"",""GCF_003584685.1"",""GCF_003641185.1"",""GCF_003722275.1"",""GCF_003999355.1"",""GCF_004354645.1"",""GCF_004377635.1"",""GCF_005405405.1"",""GCF_005405465.1"",""GCF_007954605.1"",""GCF_007954785.1"",""GCF_008107645.1"",""GCF_008831485.1"",""GCF_009184845.1"",""GCF_009856565.1"",""GCF_009913655.1"",""GCF_009913995.1"",""GCF_009914015.1"",""GCF_009914035.1"",""GCF_010092385.1"",""GCF_011058775.1"",""GCF_011304355.1"",""GCF_013113695.1"",""GCF_013407595.1"",""GCF_014131735.1"",""GCF_014397255.1"",""GCF_014656585.1"",""GCF_014789145.1"",""GCF_016127255.1"",""GCF_016127815.1"",""GCF_016647595.1"",""GCF_016919665.1"",""GCF_017068355.1"",""GCF_017894345.1"",""GCF_018394055.1"",""GCF_018502505.1"",""GCF_019448175.1"",""GCF_019469265.1"",""GCF_019576155.1"",""GCF_020510245.1"",""GCF_020844005.1"",""GCF_021378055.1"",""GCF_023169905.1"",""GCF_023499275.1"",""GCF_023920145.1"",""GCF_024334065.1"",""GCF_024397795.1"",""GCF_024718545.1"",""GCF_025490915.1"",""GCF_025739325.1"",""GCF_025948295.1"",""GCF_026222675.1"",""GCF_028621815.1"",""GCF_028736235.1"",""GCF_029025825.1"",""GCF_029726355.1"",""GCF_029854335.1"",""GCF_029866985.1"",""GCF_030480545.1"",""GCF_030770265.1"",""GCF_030770295.1"",""GCF_030770335.1"",""GCF_032762665.1"",""GCF_033142085.1"",""GCF_034703025.1"",""GCF_035985965.1"",""GCF_036246165.1"",""GCF_036246185.1"",""GCF_036246225.1"",""GCF_036327715.1"",""GCF_037290055.1"",""GCF_037891785.1"",""GCF_037892375.1"",""GCF_038049945.1"",""GCF_039645515.1"",""GCF_039645575.1"",""GCF_039783225.1"",""GCF_039783785.1"",""GCF_041225485.1"",""GCF_041225605.1"",""GCF_041281755.1"",""GCF_041509385.1"",""GCF_041514285.1"",""GCF_041514295.1"",""GCF_041893975.1"",""GCF_042847315.1"",""GCF_042997415.1"",""GCF_045760565.1"",""GCF_045801155.1"",""GCF_045862825.1"",""GCF_046109915.1"",""GCF_047344935.1"",""GCF_050407965.1"",""GCF_050847345.1"",""GCF_051098045.1"",""GCF_052569745.1"",""GCF_052570115.1"",""GCF_052571685.1"",""GCF_054073565.1"",""GCF_054452875.2"",""GCF_054784775.1"",""GCF_054785075.1"",""GCF_055180435.1"",""GCF_055502585.1"",""GCF_055755075.1"",""GCF_056269605.1"",""GCF_057786735.1"",""GCF_058111805.1"",""GCF_059089415.1"",""GCF_060305805.1"",""GCF_060307215.1"",""GCF_900016205.1"",""GCF_900094835.1"",""GCF_900519455.1"",""GCF_900519475.1"",""GCF_900636965.1"",""GCF_903885985.1"",""GCF_903886345.1"",""GCF_903886475.1"",""GCF_903891025.1"",""GCF_903891205.1"",""GCF_947539375.1"",""GCF_963243495.1"",""GCF_964063315.1"",""GCF_965136965.1"",""GCF_965286035.1"",""GCF_965286295.1"",""GCF_982267005.1""]"	root/1/1/1/1/1/1/1/0/1/1/0	"[""root/1/1/1/1/1/1/1/0/1/1/0""]"	"[{""node"":""root/1/1/1/1/1/1/1/0/1/1/0"",""length_coalescent_units"":0.9869583487206715}]"	0.9018331053351574	0.09378151260504201	0.004385382059800665	4.509165526675787	0.4689075630252101	0.021926910299003323	0.9784063953039711	0.01183653297174816	0.009757071724280739	495040	5.0
dac434f657d566b5e568d9ab61d6d4837601f5aecc57006a9e2ad4ec938ac357	"[""GCF_000010145.1"",""GCF_001434365.1"",""GCF_001435245.1"",""GCF_001437055.1"",""GCF_054331775.1"",""GCF_900240275.1"",""GCF_965286585.1""]"	"[""GCF_000009425.1"",""GCF_000011045.1"",""GCF_000014385.1"",""GCF_000014425.1"",""GCF_000014445.1"",""GCF_000014505.1"",""GCF_000014545.1"",""GCF_000015385.1"",""GCF_000016825.1"",""GCF_000023085.1"",""GCF_000025045.1"",""GCF_000026405.1"",""GCF_000092505.1"",""GCF_000148815.2"",""GCF_000155515.2"",""GCF_000160835.1"",""GCF_000203855.3"",""GCF_000237995.1"",""GCF_000241055.1"",""GCF_000269925.1"",""GCF_000269945.1"",""GCF_000298875.1"",""GCF_000468955.1"",""GCF_000691805.2"",""GCF_001434705.1"",""GCF_001436135.1"",""GCF_001436905.1"",""GCF_001437425.1"",""GCF_001438705.1"",""GCF_001536305.1"",""GCF_001618285.1"",""GCF_001702215.1"",""GCF_001702235.1"",""GCF_001752505.1"",""GCF_001752515.1"",""GCF_001752545.1"",""GCF_001761545.1"",""GCF_001767275.1"",""GCF_001888925.1"",""GCF_001891125.1"",""GCF_001932615.1"",""GCF_001998805.1"",""GCF_002174215.1"",""GCF_002950695.1"",""GCF_002970915.1"",""GCF_002970935.1"",""GCF_003150935.1"",""GCF_003151025.1"",""GCF_003173695.1"",""GCF_003176835.1"",""GCF_003264795.1"",""GCF_003584685.1"",""GCF_003641185.1"",""GCF_003722275.1"",""GCF_003999355.1"",""GCF_004354645.1"",""GCF_004377635.1"",""GCF_005405405.1"",""GCF_005405465.1"",""GCF_007954605.1"",""GCF_007954785.1"",""GCF_008107645.1"",""GCF_008831485.1"",""GCF_009184845.1"",""GCF_009856565.1"",""GCF_009913655.1"",""GCF_009913995.1"",""GCF_009914015.1"",""GCF_009914035.1"",""GCF_010092385.1"",""GCF_011058775.1"",""GCF_011304355.1"",""GCF_013113695.1"",""GCF_013407595.1"",""GCF_014131735.1"",""GCF_014145545.1"",""GCF_014145555.1"",""GCF_014145615.1"",""GCF_014397255.1"",""GCF_014656585.1"",""GCF_014789145.1"",""GCF_016127255.1"",""GCF_016127815.1"",""GCF_016647595.1"",""GCF_016919665.1"",""GCF_017068355.1"",""GCF_017894345.1"",""GCF_018394055.1"",""GCF_018502505.1"",""GCF_019448175.1"",""GCF_019469265.1"",""GCF_019576155.1"",""GCF_019797825.1"",""GCF_020510245.1"",""GCF_020784695.1"",""GCF_020844005.1"",""GCF_021378055.1"",""GCF_023169905.1"",""GCF_023499275.1"",""GCF_023920145.1"",""GCF_024334065.1"",""GCF_024397795.1"",""GCF_024718545.1"",""GCF_025311495.1"",""GCF_025490915.1"",""GCF_025739325.1"",""GCF_025948295.1"",""GCF_026222675.1"",""GCF_028607025.1"",""GCF_028621815.1"",""GCF_028736235.1"",""GCF_029025825.1"",""GCF_029726355.1"",""GCF_029854335.1"",""GCF_029866985.1"",""GCF_030480545.1"",""GCF_030770265.1"",""GCF_030770295.1"",""GCF_030770335.1"",""GCF_032762665.1"",""GCF_033142085.1"",""GCF_033570435.1"",""GCF_034703025.1"",""GCF_035985965.1"",""GCF_036246165.1"",""GCF_036246185.1"",""GCF_036246225.1"",""GCF_036327715.1"",""GCF_037290055.1"",""GCF_037891785.1"",""GCF_037892375.1"",""GCF_038049945.1"",""GCF_039645515.1"",""GCF_039645575.1"",""GCF_039783225.1"",""GCF_039783785.1"",""GCF_039955095.1"",""GCF_041225485.1"",""GCF_041225605.1"",""GCF_041281755.1"",""GCF_041509385.1"",""GCF_041514285.1"",""GCF_041514295.1"",""GCF_041893975.1"",""GCF_042847315.1"",""GCF_042997415.1"",""GCF_045760565.1"",""GCF_045801155.1"",""GCF_045862825.1"",""GCF_046109915.1"",""GCF_047344935.1"",""GCF_050407965.1"",""GCF_050847345.1"",""GCF_051098045.1"",""GCF_052569745.1"",""GCF_052570115.1"",""GCF_052571685.1"",""GCF_054073565.1"",""GCF_054452875.2"",""GCF_054784775.1"",""GCF_054785075.1"",""GCF_055180435.1"",""GCF_055502585.1"",""GCF_055755075.1"",""GCF_056269605.1"",""GCF_056676095.1"",""GCF_057786735.1"",""GCF_058111805.1"",""GCF_059089415.1"",""GCF_060305805.1"",""GCF_060307215.1"",""GCF_900016205.1"",""GCF_900094835.1"",""GCF_900519455.1"",""GCF_900519475.1"",""GCF_900636965.1"",""GCF_903885985.1"",""GCF_903886345.1"",""GCF_903886475.1"",""GCF_903891025.1"",""GCF_903891205.1"",""GCF_947539375.1"",""GCF_963243495.1"",""GCF_963281025.1"",""GCF_964063315.1"",""GCF_965136965.1"",""GCF_965286035.1"",""GCF_965286295.1"",""GCF_982267005.1""]"	root/1/1/1/1/1/1/1/0/1/1/0/0	"[""root/1/1/1/1/1/1/1/0/1/1/0/0""]"	"[{""node"":""root/1/1/1/1/1/1/1/0/1/1/0/0"",""length_coalescent_units"":0.14680592383321883}]"	0.5092307692307692	0.45846153846153853	0.03230769230769231	2.546153846153846	2.2923076923076926	0.16153846153846155	0.4996104179376212	0.39408375509519034	0.10630582696718843	22880	5.0
91adff78afc8eef6b0c6c221d4ac5d3cc419f3b9bf054a6510878fc4db94a6ca	"[""GCF_000010145.1"",""GCF_001437055.1"",""GCF_054331775.1"",""GCF_900240275.1"",""GCF_965286585.1""]"	"[""GCF_000009425.1"",""GCF_000011045.1"",""GCF_000014385.1"",""GCF_000014425.1"",""GCF_000014445.1"",""GCF_000014505.1"",""GCF_000014545.1"",""GCF_000015385.1"",""GCF_000016825.1"",""GCF_000023085.1"",""GCF_000025045.1"",""GCF_000026405.1"",""GCF_000092505.1"",""GCF_000148815.2"",""GCF_000155515.2"",""GCF_000160835.1"",""GCF_000203855.3"",""GCF_000237995.1"",""GCF_000241055.1"",""GCF_000269925.1"",""GCF_000269945.1"",""GCF_000298875.1"",""GCF_000468955.1"",""GCF_000691805.2"",""GCF_001434365.1"",""GCF_001434705.1"",""GCF_001435245.1"",""GCF_001436135.1"",""GCF_001436905.1"",""GCF_001437425.1"",""GCF_001438705.1"",""GCF_001536305.1"",""GCF_001618285.1"",""GCF_001702215.1"",""GCF_001702235.1"",""GCF_001752505.1"",""GCF_001752515.1"",""GCF_001752545.1"",""GCF_001761545.1"",""GCF_001767275.1"",""GCF_001888925.1"",""GCF_001891125.1"",""GCF_001932615.1"",""GCF_001998805.1"",""GCF_002174215.1"",""GCF_002950695.1"",""GCF_002970915.1"",""GCF_002970935.1"",""GCF_003150935.1"",""GCF_003151025.1"",""GCF_003173695.1"",""GCF_003176835.1"",""GCF_003264795.1"",""GCF_003584685.1"",""GCF_003641185.1"",""GCF_003722275.1"",""GCF_003999355.1"",""GCF_004354645.1"",""GCF_004377635.1"",""GCF_005405405.1"",""GCF_005405465.1"",""GCF_007954605.1"",""GCF_007954785.1"",""GCF_008107645.1"",""GCF_008831485.1"",""GCF_009184845.1"",""GCF_009856565.1"",""GCF_009913655.1"",""GCF_009913995.1"",""GCF_009914015.1"",""GCF_009914035.1"",""GCF_010092385.1"",""GCF_011058775.1"",""GCF_011304355.1"",""GCF_013113695.1"",""GCF_013407595.1"",""GCF_014131735.1"",""GCF_014145545.1"",""GCF_014145555.1"",""GCF_014145615.1"",""GCF_014397255.1"",""GCF_014656585.1"",""GCF_014789145.1"",""GCF_016127255.1"",""GCF_016127815.1"",""GCF_016647595.1"",""GCF_016919665.1"",""GCF_017068355.1"",""GCF_017894345.1"",""GCF_018394055.1"",""GCF_018502505.1"",""GCF_019448175.1"",""GCF_019469265.1"",""GCF_019576155.1"",""GCF_019797825.1"",""GCF_020510245.1"",""GCF_020784695.1"",""GCF_020844005.1"",""GCF_021378055.1"",""GCF_023169905.1"",""GCF_023499275.1"",""GCF_023920145.1"",""GCF_024334065.1"",""GCF_024397795.1"",""GCF_024718545.1"",""GCF_025311495.1"",""GCF_025490915.1"",""GCF_025739325.1"",""GCF_025948295.1"",""GCF_026222675.1"",""GCF_028607025.1"",""GCF_028621815.1"",""GCF_028736235.1"",""GCF_029025825.1"",""GCF_029726355.1"",""GCF_029854335.1"",""GCF_029866985.1"",""GCF_030480545.1"",""GCF_030770265.1"",""GCF_030770295.1"",""GCF_030770335.1"",""GCF_032762665.1"",""GCF_033142085.1"",""GCF_033570435.1"",""GCF_034703025.1"",""GCF_035985965.1"",""GCF_036246165.1"",""GCF_036246185.1"",""GCF_036246225.1"",""GCF_036327715.1"",""GCF_037290055.1"",""GCF_037891785.1"",""GCF_037892375.1"",""GCF_038049945.1"",""GCF_039645515.1"",""GCF_039645575.1"",""GCF_039783225.1"",""GCF_039783785.1"",""GCF_039955095.1"",""GCF_041225485.1"",""GCF_041225605.1"",""GCF_041281755.1"",""GCF_041509385.1"",""GCF_041514285.1"",""GCF_041514295.1"",""GCF_041893975.1"",""GCF_042847315.1"",""GCF_042997415.1"",""GCF_045760565.1"",""GCF_045801155.1"",""GCF_045862825.1"",""GCF_046109915.1"",""GCF_047344935.1"",""GCF_050407965.1"",""GCF_050847345.1"",""GCF_051098045.1"",""GCF_052569745.1"",""GCF_052570115.1"",""GCF_052571685.1"",""GCF_054073565.1"",""GCF_054452875.2"",""GCF_054784775.1"",""GCF_054785075.1"",""GCF_055180435.1"",""GCF_055502585.1"",""GCF_055755075.1"",""GCF_056269605.1"",""GCF_056676095.1"",""GCF_057786735.1"",""GCF_058111805.1"",""GCF_059089415.1"",""GCF_060305805.1"",""GCF_060307215.1"",""GCF_900016205.1"",""GCF_900094835.1"",""GCF_900519455.1"",""GCF_900519475.1"",""GCF_900636965.1"",""GCF_903885985.1"",""GCF_903886345.1"",""GCF_903886475.1"",""GCF_903891025.1"",""GCF_903891205.1"",""GCF_947539375.1"",""GCF_963243495.1"",""GCF_963281025.1"",""GCF_964063315.1"",""GCF_965136965.1"",""GCF_965286035.1"",""GCF_965286295.1"",""GCF_982267005.1""]"	root/1/1/1/1/1/1/1/0/1/1/0/0/1	"[""root/1/1/1/1/1/1/1/0/1/1/0/0/1""]"	"[{""node"":""root/1/1/1/1/1/1/1/0/1/1/0/0/1"",""length_coalescent_units"":0.05676346203688623}]"	0.4441459774793108	0.2054402387735721	0.35041378374711707	2.220729887396554	1.0272011938678605	1.7520689187355853	0.47007822124012805	0.20519816940453253	0.3247236093553395	2268	5.0
f3e7e82d6a6b8410347e35b31a5a4cf58156cd44528e290ca2682fe74d6307a0	"[""GCF_000010145.1"",""GCF_965286585.1""]"	"[""GCF_000009425.1"",""GCF_000011045.1"",""GCF_000014385.1"",""GCF_000014425.1"",""GCF_000014445.1"",""GCF_000014505.1"",""GCF_000014545.1"",""GCF_000015385.1"",""GCF_000016825.1"",""GCF_000023085.1"",""GCF_000025045.1"",""GCF_000026405.1"",""GCF_000092505.1"",""GCF_000148815.2"",""GCF_000155515.2"",""GCF_000160835.1"",""GCF_000203855.3"",""GCF_000237995.1"",""GCF_000241055.1"",""GCF_000269925.1"",""GCF_000269945.1"",""GCF_000298875.1"",""GCF_000468955.1"",""GCF_000691805.2"",""GCF_001434365.1"",""GCF_001434705.1"",""GCF_001435245.1"",""GCF_001436135.1"",""GCF_001436905.1"",""GCF_001437055.1"",""GCF_001437425.1"",""GCF_001438705.1"",""GCF_001536305.1"",""GCF_001618285.1"",""GCF_001702215.1"",""GCF_001702235.1"",""GCF_001752505.1"",""GCF_001752515.1"",""GCF_001752545.1"",""GCF_001761545.1"",""GCF_001767275.1"",""GCF_001888925.1"",""GCF_001891125.1"",""GCF_001932615.1"",""GCF_001998805.1"",""GCF_002174215.1"",""GCF_002950695.1"",""GCF_002970915.1"",""GCF_002970935.1"",""GCF_003150935.1"",""GCF_003151025.1"",""GCF_003173695.1"",""GCF_003176835.1"",""GCF_003264795.1"",""GCF_003584685.1"",""GCF_003641185.1"",""GCF_003722275.1"",""GCF_003999355.1"",""GCF_004354645.1"",""GCF_004377635.1"",""GCF_005405405.1"",""GCF_005405465.1"",""GCF_007954605.1"",""GCF_007954785.1"",""GCF_008107645.1"",""GCF_008831485.1"",""GCF_009184845.1"",""GCF_009856565.1"",""GCF_009913655.1"",""GCF_009913995.1"",""GCF_009914015.1"",""GCF_009914035.1"",""GCF_010092385.1"",""GCF_011058775.1"",""GCF_011304355.1"",""GCF_013113695.1"",""GCF_013407595.1"",""GCF_014131735.1"",""GCF_014145545.1"",""GCF_014145555.1"",""GCF_014145615.1"",""GCF_014397255.1"",""GCF_014656585.1"",""GCF_014789145.1"",""GCF_016127255.1"",""GCF_016127815.1"",""GCF_016647595.1"",""GCF_016919665.1"",""GCF_017068355.1"",""GCF_017894345.1"",""GCF_018394055.1"",""GCF_018502505.1"",""GCF_019448175.1"",""GCF_019469265.1"",""GCF_019576155.1"",""GCF_019797825.1"",""GCF_020510245.1"",""GCF_020784695.1"",""GCF_020844005.1"",""GCF_021378055.1"",""GCF_023169905.1"",""GCF_023499275.1"",""GCF_023920145.1"",""GCF_024334065.1"",""GCF_024397795.1"",""GCF_024718545.1"",""GCF_025311495.1"",""GCF_025490915.1"",""GCF_025739325.1"",""GCF_025948295.1"",""GCF_026222675.1"",""GCF_028607025.1"",""GCF_028621815.1"",""GCF_028736235.1"",""GCF_029025825.1"",""GCF_029726355.1"",""GCF_029854335.1"",""GCF_029866985.1"",""GCF_030480545.1"",""GCF_030770265.1"",""GCF_030770295.1"",""GCF_030770335.1"",""GCF_032762665.1"",""GCF_033142085.1"",""GCF_033570435.1"",""GCF_034703025.1"",""GCF_035985965.1"",""GCF_036246165.1"",""GCF_036246185.1"",""GCF_036246225.1"",""GCF_036327715.1"",""GCF_037290055.1"",""GCF_037891785.1"",""GCF_037892375.1"",""GCF_038049945.1"",""GCF_039645515.1"",""GCF_039645575.1"",""GCF_039783225.1"",""GCF_039783785.1"",""GCF_039955095.1"",""GCF_041225485.1"",""GCF_041225605.1"",""GCF_041281755.1"",""GCF_041509385.1"",""GCF_041514285.1"",""GCF_041514295.1"",""GCF_041893975.1"",""GCF_042847315.1"",""GCF_042997415.1"",""GCF_045760565.1"",""GCF_045801155.1"",""GCF_045862825.1"",""GCF_046109915.1"",""GCF_047344935.1"",""GCF_050407965.1"",""GCF_050847345.1"",""GCF_051098045.1"",""GCF_052569745.1"",""GCF_052570115.1"",""GCF_052571685.1"",""GCF_054073565.1"",""GCF_054331775.1"",""GCF_054452875.2"",""GCF_054784775.1"",""GCF_054785075.1"",""GCF_055180435.1"",""GCF_055502585.1"",""GCF_055755075.1"",""GCF_056269605.1"",""GCF_056676095.1"",""GCF_057786735.1"",""GCF_058111805.1"",""GCF_059089415.1"",""GCF_060305805.1"",""GCF_060307215.1"",""GCF_900016205.1"",""GCF_900094835.1"",""GCF_900240275.1"",""GCF_900519455.1"",""GCF_900519475.1"",""GCF_900636965.1"",""GCF_903885985.1"",""GCF_903886345.1"",""GCF_903886475.1"",""GCF_903891025.1"",""GCF_903891205.1"",""GCF_947539375.1"",""GCF_963243495.1"",""GCF_963281025.1"",""GCF_964063315.1"",""GCF_965136965.1"",""GCF_965286035.1"",""GCF_965286295.1"",""GCF_982267005.1""]"	root/1/1/1/1/1/1/1/0/1/1/0/0/1/0	"[""root/1/1/1/1/1/1/1/0/1/1/0/0/1/0""]"	"[{""node"":""root/1/1/1/1/1/1/1/0/1/1/0/0/1/0"",""length_coalescent_units"":1.3862943611198908}]"	1.0	0.0	0.0	5.0	0.0	0.0	0.9945355191256833	0.002732240437158474	0.002732240437158474	573	5.0
29bad5d00e59be53b0103128fe2f02bfaffdc15fa9cc82ecc392b96284caced6	"[""GCF_000011045.1"",""GCF_000014425.1"",""GCF_000015385.1"",""GCF_000155515.2"",""GCF_001434705.1"",""GCF_001436135.1"",""GCF_001888925.1"",""GCF_003150935.1"",""GCF_003151025.1"",""GCF_003173695.1"",""GCF_003584685.1"",""GCF_003999355.1"",""GCF_008831485.1"",""GCF_009184845.1"",""GCF_011058775.1"",""GCF_013407595.1"",""GCF_014656585.1"",""GCF_016647595.1"",""GCF_017894345.1"",""GCF_019469265.1"",""GCF_024397795.1"",""GCF_025490915.1"",""GCF_028736235.1"",""GCF_029726355.1"",""GCF_030480545.1"",""GCF_030770265.1"",""GCF_030770295.1"",""GCF_030770335.1"",""GCF_036246225.1"",""GCF_042847315.1"",""GCF_042997415.1"",""GCF_046109915.1"",""GCF_054452875.2"",""GCF_054784775.1"",""GCF_054785075.1"",""GCF_055502585.1"",""GCF_900636965.1"",""GCF_947539375.1""]"	"[""GCF_000009425.1"",""GCF_000010145.1"",""GCF_000014385.1"",""GCF_000014445.1"",""GCF_000014505.1"",""GCF_000014545.1"",""GCF_000016825.1"",""GCF_000023085.1"",""GCF_000025045.1"",""GCF_000026405.1"",""GCF_000092505.1"",""GCF_000148815.2"",""GCF_000160835.1"",""GCF_000203855.3"",""GCF_000237995.1"",""GCF_000241055.1"",""GCF_000269925.1"",""GCF_000269945.1"",""GCF_000298875.1"",""GCF_000468955.1"",""GCF_000691805.2"",""GCF_001434365.1"",""GCF_001435245.1"",""GCF_001436905.1"",""GCF_001437055.1"",""GCF_001437425.1"",""GCF_001438705.1"",""GCF_001536305.1"",""GCF_001618285.1"",""GCF_001702215.1"",""GCF_001702235.1"",""GCF_001752505.1"",""GCF_001752515.1"",""GCF_001752545.1"",""GCF_001761545.1"",""GCF_001767275.1"",""GCF_001891125.1"",""GCF_001932615.1"",""GCF_001998805.1"",""GCF_002174215.1"",""GCF_002950695.1"",""GCF_002970915.1"",""GCF_002970935.1"",""GCF_003176835.1"",""GCF_003264795.1"",""GCF_003641185.1"",""GCF_003722275.1"",""GCF_004354645.1"",""GCF_004377635.1"",""GCF_005405405.1"",""GCF_005405465.1"",""GCF_007954605.1"",""GCF_007954785.1"",""GCF_008107645.1"",""GCF_009856565.1"",""GCF_009913655.1"",""GCF_009913995.1"",""GCF_009914015.1"",""GCF_009914035.1"",""GCF_010092385.1"",""GCF_011304355.1"",""GCF_013113695.1"",""GCF_014131735.1"",""GCF_014145545.1"",""GCF_014145555.1"",""GCF_014145615.1"",""GCF_014397255.1"",""GCF_014789145.1"",""GCF_016127255.1"",""GCF_016127815.1"",""GCF_016919665.1"",""GCF_017068355.1"",""GCF_018394055.1"",""GCF_018502505.1"",""GCF_019448175.1"",""GCF_019576155.1"",""GCF_019797825.1"",""GCF_020510245.1"",""GCF_020784695.1"",""GCF_020844005.1"",""GCF_021378055.1"",""GCF_023169905.1"",""GCF_023499275.1"",""GCF_023920145.1"",""GCF_024334065.1"",""GCF_024718545.1"",""GCF_025311495.1"",""GCF_025739325.1"",""GCF_025948295.1"",""GCF_026222675.1"",""GCF_028607025.1"",""GCF_028621815.1"",""GCF_029025825.1"",""GCF_029854335.1"",""GCF_029866985.1"",""GCF_032762665.1"",""GCF_033142085.1"",""GCF_033570435.1"",""GCF_034703025.1"",""GCF_035985965.1"",""GCF_036246165.1"",""GCF_036246185.1"",""GCF_036327715.1"",""GCF_037290055.1"",""GCF_037891785.1"",""GCF_037892375.1"",""GCF_038049945.1"",""GCF_039645515.1"",""GCF_039645575.1"",""GCF_039783225.1"",""GCF_039783785.1"",""GCF_039955095.1"",""GCF_041225485.1"",""GCF_041225605.1"",""GCF_041281755.1"",""GCF_041509385.1"",""GCF_041514285.1"",""GCF_041514295.1"",""GCF_041893975.1"",""GCF_045760565.1"",""GCF_045801155.1"",""GCF_045862825.1"",""GCF_047344935.1"",""GCF_050407965.1"",""GCF_050847345.1"",""GCF_051098045.1"",""GCF_052569745.1"",""GCF_052570115.1"",""GCF_052571685.1"",""GCF_054073565.1"",""GCF_054331775.1"",""GCF_055180435.1"",""GCF_055755075.1"",""GCF_056269605.1"",""GCF_056676095.1"",""GCF_057786735.1"",""GCF_058111805.1"",""GCF_059089415.1"",""GCF_060305805.1"",""GCF_060307215.1"",""GCF_900016205.1"",""GCF_900094835.1"",""GCF_900240275.1"",""GCF_900519455.1"",""GCF_900519475.1"",""GCF_903885985.1"",""GCF_903886345.1"",""GCF_903886475.1"",""GCF_903891025.1"",""GCF_903891205.1"",""GCF_963243495.1"",""GCF_963281025.1"",""GCF_964063315.1"",""GCF_965136965.1"",""GCF_965286035.1"",""GCF_965286295.1"",""GCF_965286585.1"",""GCF_982267005.1""]"	root/1/1/1/1/1/1/1/0/1/0	"[""root/1/1/1/1/1/1/1/0/1/0""]"	"[{""node"":""root/1/1/1/1/1/1/1/0/1/0"",""length_coalescent_units"":1.0739196760777379}]"	0.9266666666666665	0.07333333333333333	0.0	4.633333333333333	0.36666666666666664	0.0	0.9842701914312265	0.008475111724270595	0.007254696844503106	2122680	5.0
500b9a9b8d5fc9898e95f32e454da6f3f963de04ccd987f20c8a6873a7f0d04d	"[""GCF_000011045.1"",""GCF_000155515.2"",""GCF_001434705.1"",""GCF_001436135.1"",""GCF_009184845.1"",""GCF_013407595.1"",""GCF_025490915.1"",""GCF_028736235.1"",""GCF_029726355.1"",""GCF_030480545.1"",""GCF_030770265.1"",""GCF_030770295.1"",""GCF_030770335.1"",""GCF_036246225.1"",""GCF_042847315.1"",""GCF_054452875.2"",""GCF_054784775.1"",""GCF_054785075.1"",""GCF_900636965.1""]"	"[""GCF_000009425.1"",""GCF_000010145.1"",""GCF_000014385.1"",""GCF_000014425.1"",""GCF_000014445.1"",""GCF_000014505.1"",""GCF_000014545.1"",""GCF_000015385.1"",""GCF_000016825.1"",""GCF_000023085.1"",""GCF_000025045.1"",""GCF_000026405.1"",""GCF_000092505.1"",""GCF_000148815.2"",""GCF_000160835.1"",""GCF_000203855.3"",""GCF_000237995.1"",""GCF_000241055.1"",""GCF_000269925.1"",""GCF_000269945.1"",""GCF_000298875.1"",""GCF_000468955.1"",""GCF_000691805.2"",""GCF_001434365.1"",""GCF_001435245.1"",""GCF_001436905.1"",""GCF_001437055.1"",""GCF_001437425.1"",""GCF_001438705.1"",""GCF_001536305.1"",""GCF_001618285.1"",""GCF_001702215.1"",""GCF_001702235.1"",""GCF_001752505.1"",""GCF_001752515.1"",""GCF_001752545.1"",""GCF_001761545.1"",""GCF_001767275.1"",""GCF_001888925.1"",""GCF_001891125.1"",""GCF_001932615.1"",""GCF_001998805.1"",""GCF_002174215.1"",""GCF_002950695.1"",""GCF_002970915.1"",""GCF_002970935.1"",""GCF_003150935.1"",""GCF_003151025.1"",""GCF_003173695.1"",""GCF_003176835.1"",""GCF_003264795.1"",""GCF_003584685.1"",""GCF_003641185.1"",""GCF_003722275.1"",""GCF_003999355.1"",""GCF_004354645.1"",""GCF_004377635.1"",""GCF_005405405.1"",""GCF_005405465.1"",""GCF_007954605.1"",""GCF_007954785.1"",""GCF_008107645.1"",""GCF_008831485.1"",""GCF_009856565.1"",""GCF_009913655.1"",""GCF_009913995.1"",""GCF_009914015.1"",""GCF_009914035.1"",""GCF_010092385.1"",""GCF_011058775.1"",""GCF_011304355.1"",""GCF_013113695.1"",""GCF_014131735.1"",""GCF_014145545.1"",""GCF_014145555.1"",""GCF_014145615.1"",""GCF_014397255.1"",""GCF_014656585.1"",""GCF_014789145.1"",""GCF_016127255.1"",""GCF_016127815.1"",""GCF_016647595.1"",""GCF_016919665.1"",""GCF_017068355.1"",""GCF_017894345.1"",""GCF_018394055.1"",""GCF_018502505.1"",""GCF_019448175.1"",""GCF_019469265.1"",""GCF_019576155.1"",""GCF_019797825.1"",""GCF_020510245.1"",""GCF_020784695.1"",""GCF_020844005.1"",""GCF_021378055.1"",""GCF_023169905.1"",""GCF_023499275.1"",""GCF_023920145.1"",""GCF_024334065.1"",""GCF_024397795.1"",""GCF_024718545.1"",""GCF_025311495.1"",""GCF_025739325.1"",""GCF_025948295.1"",""GCF_026222675.1"",""GCF_028607025.1"",""GCF_028621815.1"",""GCF_029025825.1"",""GCF_029854335.1"",""GCF_029866985.1"",""GCF_032762665.1"",""GCF_033142085.1"",""GCF_033570435.1"",""GCF_034703025.1"",""GCF_035985965.1"",""GCF_036246165.1"",""GCF_036246185.1"",""GCF_036327715.1"",""GCF_037290055.1"",""GCF_037891785.1"",""GCF_037892375.1"",""GCF_038049945.1"",""GCF_039645515.1"",""GCF_039645575.1"",""GCF_039783225.1"",""GCF_039783785.1"",""GCF_039955095.1"",""GCF_041225485.1"",""GCF_041225605.1"",""GCF_041281755.1"",""GCF_041509385.1"",""GCF_041514285.1"",""GCF_041514295.1"",""GCF_041893975.1"",""GCF_042997415.1"",""GCF_045760565.1"",""GCF_045801155.1"",""GCF_045862825.1"",""GCF_046109915.1"",""GCF_047344935.1"",""GCF_050407965.1"",""GCF_050847345.1"",""GCF_051098045.1"",""GCF_052569745.1"",""GCF_052570115.1"",""GCF_052571685.1"",""GCF_054073565.1"",""GCF_054331775.1"",""GCF_055180435.1"",""GCF_055502585.1"",""GCF_055755075.1"",""GCF_056269605.1"",""GCF_056676095.1"",""GCF_057786735.1"",""GCF_058111805.1"",""GCF_059089415.1"",""GCF_060305805.1"",""GCF_060307215.1"",""GCF_900016205.1"",""GCF_900094835.1"",""GCF_900240275.1"",""GCF_900519455.1"",""GCF_900519475.1"",""GCF_903885985.1"",""GCF_903886345.1"",""GCF_903886475.1"",""GCF_903891025.1"",""GCF_903891205.1"",""GCF_947539375.1"",""GCF_963243495.1"",""GCF_963281025.1"",""GCF_964063315.1"",""GCF_965136965.1"",""GCF_965286035.1"",""GCF_965286295.1"",""GCF_965286585.1"",""GCF_982267005.1""]"	root/1/1/1/1/1/1/1/0/1/0/1	"[""root/1/1/1/1/1/1/1/0/1/0/1""]"	"[{""node"":""root/1/1/1/1/1/1/1/0/1/0/1"",""length_coalescent_units"":0.2876820724517809}]"	0.6	0.2	0.2	3.0	1.0	1.0	0.7192982456140349	0.14035087719298256	0.14035087719298256	144096	5.0
abd75c0677c620b4012986f6b5feb7896019f4b048a8d396a012f7f34f6f02b9	"[""GCF_000011045.1"",""GCF_000155515.2"",""GCF_001434705.1"",""GCF_009184845.1"",""GCF_013407595.1"",""GCF_025490915.1"",""GCF_029726355.1"",""GCF_030770265.1"",""GCF_030770295.1"",""GCF_030770335.1"",""GCF_036246225.1"",""GCF_042847315.1"",""GCF_054452875.2"",""GCF_054784775.1"",""GCF_054785075.1"",""GCF_900636965.1""]"	"[""GCF_000009425.1"",""GCF_000010145.1"",""GCF_000014385.1"",""GCF_000014425.1"",""GCF_000014445.1"",""GCF_000014505.1"",""GCF_000014545.1"",""GCF_000015385.1"",""GCF_000016825.1"",""GCF_000023085.1"",""GCF_000025045.1"",""GCF_000026405.1"",""GCF_000092505.1"",""GCF_000148815.2"",""GCF_000160835.1"",""GCF_000203855.3"",""GCF_000237995.1"",""GCF_000241055.1"",""GCF_000269925.1"",""GCF_000269945.1"",""GCF_000298875.1"",""GCF_000468955.1"",""GCF_000691805.2"",""GCF_001434365.1"",""GCF_001435245.1"",""GCF_001436135.1"",""GCF_001436905.1"",""GCF_001437055.1"",""GCF_001437425.1"",""GCF_001438705.1"",""GCF_001536305.1"",""GCF_001618285.1"",""GCF_001702215.1"",""GCF_001702235.1"",""GCF_001752505.1"",""GCF_001752515.1"",""GCF_001752545.1"",""GCF_001761545.1"",""GCF_001767275.1"",""GCF_001888925.1"",""GCF_001891125.1"",""GCF_001932615.1"",""GCF_001998805.1"",""GCF_002174215.1"",""GCF_002950695.1"",""GCF_002970915.1"",""GCF_002970935.1"",""GCF_003150935.1"",""GCF_003151025.1"",""GCF_003173695.1"",""GCF_003176835.1"",""GCF_003264795.1"",""GCF_003584685.1"",""GCF_003641185.1"",""GCF_003722275.1"",""GCF_003999355.1"",""GCF_004354645.1"",""GCF_004377635.1"",""GCF_005405405.1"",""GCF_005405465.1"",""GCF_007954605.1"",""GCF_007954785.1"",""GCF_008107645.1"",""GCF_008831485.1"",""GCF_009856565.1"",""GCF_009913655.1"",""GCF_009913995.1"",""GCF_009914015.1"",""GCF_009914035.1"",""GCF_010092385.1"",""GCF_011058775.1"",""GCF_011304355.1"",""GCF_013113695.1"",""GCF_014131735.1"",""GCF_014145545.1"",""GCF_014145555.1"",""GCF_014145615.1"",""GCF_014397255.1"",""GCF_014656585.1"",""GCF_014789145.1"",""GCF_016127255.1"",""GCF_016127815.1"",""GCF_016647595.1"",""GCF_016919665.1"",""GCF_017068355.1"",""GCF_017894345.1"",""GCF_018394055.1"",""GCF_018502505.1"",""GCF_019448175.1"",""GCF_019469265.1"",""GCF_019576155.1"",""GCF_019797825.1"",""GCF_020510245.1"",""GCF_020784695.1"",""GCF_020844005.1"",""GCF_021378055.1"",""GCF_023169905.1"",""GCF_023499275.1"",""GCF_023920145.1"",""GCF_024334065.1"",""GCF_024397795.1"",""GCF_024718545.1"",""GCF_025311495.1"",""GCF_025739325.1"",""GCF_025948295.1"",""GCF_026222675.1"",""GCF_028607025.1"",""GCF_028621815.1"",""GCF_028736235.1"",""GCF_029025825.1"",""GCF_029854335.1"",""GCF_029866985.1"",""GCF_030480545.1"",""GCF_032762665.1"",""GCF_033142085.1"",""GCF_033570435.1"",""GCF_034703025.1"",""GCF_035985965.1"",""GCF_036246165.1"",""GCF_036246185.1"",""GCF_036327715.1"",""GCF_037290055.1"",""GCF_037891785.1"",""GCF_037892375.1"",""GCF_038049945.1"",""GCF_039645515.1"",""GCF_039645575.1"",""GCF_039783225.1"",""GCF_039783785.1"",""GCF_039955095.1"",""GCF_041225485.1"",""GCF_041225605.1"",""GCF_041281755.1"",""GCF_041509385.1"",""GCF_041514285.1"",""GCF_041514295.1"",""GCF_041893975.1"",""GCF_042997415.1"",""GCF_045760565.1"",""GCF_045801155.1"",""GCF_045862825.1"",""GCF_046109915.1"",""GCF_047344935.1"",""GCF_050407965.1"",""GCF_050847345.1"",""GCF_051098045.1"",""GCF_052569745.1"",""GCF_052570115.1"",""GCF_052571685.1"",""GCF_054073565.1"",""GCF_054331775.1"",""GCF_055180435.1"",""GCF_055502585.1"",""GCF_055755075.1"",""GCF_056269605.1"",""GCF_056676095.1"",""GCF_057786735.1"",""GCF_058111805.1"",""GCF_059089415.1"",""GCF_060305805.1"",""GCF_060307215.1"",""GCF_900016205.1"",""GCF_900094835.1"",""GCF_900240275.1"",""GCF_900519455.1"",""GCF_900519475.1"",""GCF_903885985.1"",""GCF_903886345.1"",""GCF_903886475.1"",""GCF_903891025.1"",""GCF_903891205.1"",""GCF_947539375.1"",""GCF_963243495.1"",""GCF_963281025.1"",""GCF_964063315.1"",""GCF_965136965.1"",""GCF_965286035.1"",""GCF_965286295.1"",""GCF_965286585.1"",""GCF_982267005.1""]"	root/1/1/1/1/1/1/1/0/1/0/1/1	"[""root/1/1/1/1/1/1/1/0/1/0/1/1""]"	"[{""node"":""root/1/1/1/1/1/1/1/0/1/0/1/1"",""length_coalescent_units"":0.6408656740499042}]"	0.7785310734463277	0.2214689265536723	0.0	3.8926553672316384	1.1073446327683616	0.0	0.9164279266344543	0.052610700049859585	0.030961373315686224	33453	5.0
bc185fcc7b93a1873c4b9b706cd90e0a3428408a25a9e0afe1112dd6bcc6b121	"[""GCF_000011045.1"",""GCF_000155515.2"",""GCF_029726355.1"",""GCF_030770265.1"",""GCF_030770295.1"",""GCF_030770335.1"",""GCF_900636965.1""]"	"[""GCF_000009425.1"",""GCF_000010145.1"",""GCF_000014385.1"",""GCF_000014425.1"",""GCF_000014445.1"",""GCF_000014505.1"",""GCF_000014545.1"",""GCF_000015385.1"",""GCF_000016825.1"",""GCF_000023085.1"",""GCF_000025045.1"",""GCF_000026405.1"",""GCF_000092505.1"",""GCF_000148815.2"",""GCF_000160835.1"",""GCF_000203855.3"",""GCF_000237995.1"",""GCF_000241055.1"",""GCF_000269925.1"",""GCF_000269945.1"",""GCF_000298875.1"",""GCF_000468955.1"",""GCF_000691805.2"",""GCF_001434365.1"",""GCF_001434705.1"",""GCF_001435245.1"",""GCF_001436135.1"",""GCF_001436905.1"",""GCF_001437055.1"",""GCF_001437425.1"",""GCF_001438705.1"",""GCF_001536305.1"",""GCF_001618285.1"",""GCF_001702215.1"",""GCF_001702235.1"",""GCF_001752505.1"",""GCF_001752515.1"",""GCF_001752545.1"",""GCF_001761545.1"",""GCF_001767275.1"",""GCF_001888925.1"",""GCF_001891125.1"",""GCF_001932615.1"",""GCF_001998805.1"",""GCF_002174215.1"",""GCF_002950695.1"",""GCF_002970915.1"",""GCF_002970935.1"",""GCF_003150935.1"",""GCF_003151025.1"",""GCF_003173695.1"",""GCF_003176835.1"",""GCF_003264795.1"",""GCF_003584685.1"",""GCF_003641185.1"",""GCF_003722275.1"",""GCF_003999355.1"",""GCF_004354645.1"",""GCF_004377635.1"",""GCF_005405405.1"",""GCF_005405465.1"",""GCF_007954605.1"",""GCF_007954785.1"",""GCF_008107645.1"",""GCF_008831485.1"",""GCF_009184845.1"",""GCF_009856565.1"",""GCF_009913655.1"",""GCF_009913995.1"",""GCF_009914015.1"",""GCF_009914035.1"",""GCF_010092385.1"",""GCF_011058775.1"",""GCF_011304355.1"",""GCF_013113695.1"",""GCF_013407595.1"",""GCF_014131735.1"",""GCF_014145545.1"",""GCF_014145555.1"",""GCF_014145615.1"",""GCF_014397255.1"",""GCF_014656585.1"",""GCF_014789145.1"",""GCF_016127255.1"",""GCF_016127815.1"",""GCF_016647595.1"",""GCF_016919665.1"",""GCF_017068355.1"",""GCF_017894345.1"",""GCF_018394055.1"",""GCF_018502505.1"",""GCF_019448175.1"",""GCF_019469265.1"",""GCF_019576155.1"",""GCF_019797825.1"",""GCF_020510245.1"",""GCF_020784695.1"",""GCF_020844005.1"",""GCF_021378055.1"",""GCF_023169905.1"",""GCF_023499275.1"",""GCF_023920145.1"",""GCF_024334065.1"",""GCF_024397795.1"",""GCF_024718545.1"",""GCF_025311495.1"",""GCF_025490915.1"",""GCF_025739325.1"",""GCF_025948295.1"",""GCF_026222675.1"",""GCF_028607025.1"",""GCF_028621815.1"",""GCF_028736235.1"",""GCF_029025825.1"",""GCF_029854335.1"",""GCF_029866985.1"",""GCF_030480545.1"",""GCF_032762665.1"",""GCF_033142085.1"",""GCF_033570435.1"",""GCF_034703025.1"",""GCF_035985965.1"",""GCF_036246165.1"",""GCF_036246185.1"",""GCF_036246225.1"",""GCF_036327715.1"",""GCF_037290055.1"",""GCF_037891785.1"",""GCF_037892375.1"",""GCF_038049945.1"",""GCF_039645515.1"",""GCF_039645575.1"",""GCF_039783225.1"",""GCF_039783785.1"",""GCF_039955095.1"",""GCF_041225485.1"",""GCF_041225605.1"",""GCF_041281755.1"",""GCF_041509385.1"",""GCF_041514285.1"",""GCF_041514295.1"",""GCF_041893975.1"",""GCF_042847315.1"",""GCF_042997415.1"",""GCF_045760565.1"",""GCF_045801155.1"",""GCF_045862825.1"",""GCF_046109915.1"",""GCF_047344935.1"",""GCF_050407965.1"",""GCF_050847345.1"",""GCF_051098045.1"",""GCF_052569745.1"",""GCF_052570115.1"",""GCF_052571685.1"",""GCF_054073565.1"",""GCF_054331775.1"",""GCF_054452875.2"",""GCF_054784775.1"",""GCF_054785075.1"",""GCF_055180435.1"",""GCF_055502585.1"",""GCF_055755075.1"",""GCF_056269605.1"",""GCF_056676095.1"",""GCF_057786735.1"",""GCF_058111805.1"",""GCF_059089415.1"",""GCF_060305805.1"",""GCF_060307215.1"",""GCF_900016205.1"",""GCF_900094835.1"",""GCF_900240275.1"",""GCF_900519455.1"",""GCF_900519475.1"",""GCF_903885985.1"",""GCF_903886345.1"",""GCF_903886475.1"",""GCF_903891025.1"",""GCF_903891205.1"",""GCF_947539375.1"",""GCF_963243495.1"",""GCF_963281025.1"",""GCF_964063315.1"",""GCF_965136965.1"",""GCF_965286035.1"",""GCF_965286295.1"",""GCF_965286585.1"",""GCF_982267005.1""]"	root/1/1/1/1/1/1/1/0/1/0/1/1/0	"[""root/1/1/1/1/1/1/1/0/1/0/1/1/0""]"	"[{""node"":""root/1/1/1/1/1/1/1/0/1/0/1/1/0"",""length_coalescent_units"":1.3862943611198908}]"	1.0	0.0	0.0	5.0	0.0	0.0	0.9945355191256833	0.002732240437158474	0.002732240437158474	9720	5.0
7a9d5953cf152da49878cf61f97ed0c2f352c96b84247b619501220362efeb14	"[""GCF_000011045.1"",""GCF_029726355.1"",""GCF_030770265.1"",""GCF_030770295.1"",""GCF_030770335.1"",""GCF_900636965.1""]"	"[""GCF_000009425.1"",""GCF_000010145.1"",""GCF_000014385.1"",""GCF_000014425.1"",""GCF_000014445.1"",""GCF_000014505.1"",""GCF_000014545.1"",""GCF_000015385.1"",""GCF_000016825.1"",""GCF_000023085.1"",""GCF_000025045.1"",""GCF_000026405.1"",""GCF_000092505.1"",""GCF_000148815.2"",""GCF_000155515.2"",""GCF_000160835.1"",""GCF_000203855.3"",""GCF_000237995.1"",""GCF_000241055.1"",""GCF_000269925.1"",""GCF_000269945.1"",""GCF_000298875.1"",""GCF_000468955.1"",""GCF_000691805.2"",""GCF_001434365.1"",""GCF_001434705.1"",""GCF_001435245.1"",""GCF_001436135.1"",""GCF_001436905.1"",""GCF_001437055.1"",""GCF_001437425.1"",""GCF_001438705.1"",""GCF_001536305.1"",""GCF_001618285.1"",""GCF_001702215.1"",""GCF_001702235.1"",""GCF_001752505.1"",""GCF_001752515.1"",""GCF_001752545.1"",""GCF_001761545.1"",""GCF_001767275.1"",""GCF_001888925.1"",""GCF_001891125.1"",""GCF_001932615.1"",""GCF_001998805.1"",""GCF_002174215.1"",""GCF_002950695.1"",""GCF_002970915.1"",""GCF_002970935.1"",""GCF_003150935.1"",""GCF_003151025.1"",""GCF_003173695.1"",""GCF_003176835.1"",""GCF_003264795.1"",""GCF_003584685.1"",""GCF_003641185.1"",""GCF_003722275.1"",""GCF_003999355.1"",""GCF_004354645.1"",""GCF_004377635.1"",""GCF_005405405.1"",""GCF_005405465.1"",""GCF_007954605.1"",""GCF_007954785.1"",""GCF_008107645.1"",""GCF_008831485.1"",""GCF_009184845.1"",""GCF_009856565.1"",""GCF_009913655.1"",""GCF_009913995.1"",""GCF_009914015.1"",""GCF_009914035.1"",""GCF_010092385.1"",""GCF_011058775.1"",""GCF_011304355.1"",""GCF_013113695.1"",""GCF_013407595.1"",""GCF_014131735.1"",""GCF_014145545.1"",""GCF_014145555.1"",""GCF_014145615.1"",""GCF_014397255.1"",""GCF_014656585.1"",""GCF_014789145.1"",""GCF_016127255.1"",""GCF_016127815.1"",""GCF_016647595.1"",""GCF_016919665.1"",""GCF_017068355.1"",""GCF_017894345.1"",""GCF_018394055.1"",""GCF_018502505.1"",""GCF_019448175.1"",""GCF_019469265.1"",""GCF_019576155.1"",""GCF_019797825.1"",""GCF_020510245.1"",""GCF_020784695.1"",""GCF_020844005.1"",""GCF_021378055.1"",""GCF_023169905.1"",""GCF_023499275.1"",""GCF_023920145.1"",""GCF_024334065.1"",""GCF_024397795.1"",""GCF_024718545.1"",""GCF_025311495.1"",""GCF_025490915.1"",""GCF_025739325.1"",""GCF_025948295.1"",""GCF_026222675.1"",""GCF_028607025.1"",""GCF_028621815.1"",""GCF_028736235.1"",""GCF_029025825.1"",""GCF_029854335.1"",""GCF_029866985.1"",""GCF_030480545.1"",""GCF_032762665.1"",""GCF_033142085.1"",""GCF_033570435.1"",""GCF_034703025.1"",""GCF_035985965.1"",""GCF_036246165.1"",""GCF_036246185.1"",""GCF_036246225.1"",""GCF_036327715.1"",""GCF_037290055.1"",""GCF_037891785.1"",""GCF_037892375.1"",""GCF_038049945.1"",""GCF_039645515.1"",""GCF_039645575.1"",""GCF_039783225.1"",""GCF_039783785.1"",""GCF_039955095.1"",""GCF_041225485.1"",""GCF_041225605.1"",""GCF_041281755.1"",""GCF_041509385.1"",""GCF_041514285.1"",""GCF_041514295.1"",""GCF_041893975.1"",""GCF_042847315.1"",""GCF_042997415.1"",""GCF_045760565.1"",""GCF_045801155.1"",""GCF_045862825.1"",""GCF_046109915.1"",""GCF_047344935.1"",""GCF_050407965.1"",""GCF_050847345.1"",""GCF_051098045.1"",""GCF_052569745.1"",""GCF_052570115.1"",""GCF_052571685.1"",""GCF_054073565.1"",""GCF_054331775.1"",""GCF_054452875.2"",""GCF_054784775.1"",""GCF_054785075.1"",""GCF_055180435.1"",""GCF_055502585.1"",""GCF_055755075.1"",""GCF_056269605.1"",""GCF_056676095.1"",""GCF_057786735.1"",""GCF_058111805.1"",""GCF_059089415.1"",""GCF_060305805.1"",""GCF_060307215.1"",""GCF_900016205.1"",""GCF_900094835.1"",""GCF_900240275.1"",""GCF_900519455.1"",""GCF_900519475.1"",""GCF_903885985.1"",""GCF_903886345.1"",""GCF_903886475.1"",""GCF_903891025.1"",""GCF_903891205.1"",""GCF_947539375.1"",""GCF_963243495.1"",""GCF_963281025.1"",""GCF_964063315.1"",""GCF_965136965.1"",""GCF_965286035.1"",""GCF_965286295.1"",""GCF_965286585.1"",""GCF_982267005.1""]"	root/1/1/1/1/1/1/1/0/1/0/1/1/0/1	"[""root/1/1/1/1/1/1/1/0/1/0/1/1/0/1""]"	"[{""node"":""root/1/1/1/1/1/1/1/0/1/0/1/1/0/1"",""length_coalescent_units"":0.2876820724517809}]"	0.6	0.2	0.2	3.0	1.0	1.0	0.7192982456140349	0.14035087719298256	0.14035087719298256	1512	5.0
b7825ed2aaf14b58d6fcc0d30b41cd57d791166fbb3efe74c8cb554bc0b50eda	"[""GCF_000011045.1"",""GCF_900636965.1""]"	"[""GCF_000009425.1"",""GCF_000010145.1"",""GCF_000014385.1"",""GCF_000014425.1"",""GCF_000014445.1"",""GCF_000014505.1"",""GCF_000014545.1"",""GCF_000015385.1"",""GCF_000016825.1"",""GCF_000023085.1"",""GCF_000025045.1"",""GCF_000026405.1"",""GCF_000092505.1"",""GCF_000148815.2"",""GCF_000155515.2"",""GCF_000160835.1"",""GCF_000203855.3"",""GCF_000237995.1"",""GCF_000241055.1"",""GCF_000269925.1"",""GCF_000269945.1"",""GCF_000298875.1"",""GCF_000468955.1"",""GCF_000691805.2"",""GCF_001434365.1"",""GCF_001434705.1"",""GCF_001435245.1"",""GCF_001436135.1"",""GCF_001436905.1"",""GCF_001437055.1"",""GCF_001437425.1"",""GCF_001438705.1"",""GCF_001536305.1"",""GCF_001618285.1"",""GCF_001702215.1"",""GCF_001702235.1"",""GCF_001752505.1"",""GCF_001752515.1"",""GCF_001752545.1"",""GCF_001761545.1"",""GCF_001767275.1"",""GCF_001888925.1"",""GCF_001891125.1"",""GCF_001932615.1"",""GCF_001998805.1"",""GCF_002174215.1"",""GCF_002950695.1"",""GCF_002970915.1"",""GCF_002970935.1"",""GCF_003150935.1"",""GCF_003151025.1"",""GCF_003173695.1"",""GCF_003176835.1"",""GCF_003264795.1"",""GCF_003584685.1"",""GCF_003641185.1"",""GCF_003722275.1"",""GCF_003999355.1"",""GCF_004354645.1"",""GCF_004377635.1"",""GCF_005405405.1"",""GCF_005405465.1"",""GCF_007954605.1"",""GCF_007954785.1"",""GCF_008107645.1"",""GCF_008831485.1"",""GCF_009184845.1"",""GCF_009856565.1"",""GCF_009913655.1"",""GCF_009913995.1"",""GCF_009914015.1"",""GCF_009914035.1"",""GCF_010092385.1"",""GCF_011058775.1"",""GCF_011304355.1"",""GCF_013113695.1"",""GCF_013407595.1"",""GCF_014131735.1"",""GCF_014145545.1"",""GCF_014145555.1"",""GCF_014145615.1"",""GCF_014397255.1"",""GCF_014656585.1"",""GCF_014789145.1"",""GCF_016127255.1"",""GCF_016127815.1"",""GCF_016647595.1"",""GCF_016919665.1"",""GCF_017068355.1"",""GCF_017894345.1"",""GCF_018394055.1"",""GCF_018502505.1"",""GCF_019448175.1"",""GCF_019469265.1"",""GCF_019576155.1"",""GCF_019797825.1"",""GCF_020510245.1"",""GCF_020784695.1"",""GCF_020844005.1"",""GCF_021378055.1"",""GCF_023169905.1"",""GCF_023499275.1"",""GCF_023920145.1"",""GCF_024334065.1"",""GCF_024397795.1"",""GCF_024718545.1"",""GCF_025311495.1"",""GCF_025490915.1"",""GCF_025739325.1"",""GCF_025948295.1"",""GCF_026222675.1"",""GCF_028607025.1"",""GCF_028621815.1"",""GCF_028736235.1"",""GCF_029025825.1"",""GCF_029726355.1"",""GCF_029854335.1"",""GCF_029866985.1"",""GCF_030480545.1"",""GCF_030770265.1"",""GCF_030770295.1"",""GCF_030770335.1"",""GCF_032762665.1"",""GCF_033142085.1"",""GCF_033570435.1"",""GCF_034703025.1"",""GCF_035985965.1"",""GCF_036246165.1"",""GCF_036246185.1"",""GCF_036246225.1"",""GCF_036327715.1"",""GCF_037290055.1"",""GCF_037891785.1"",""GCF_037892375.1"",""GCF_038049945.1"",""GCF_039645515.1"",""GCF_039645575.1"",""GCF_039783225.1"",""GCF_039783785.1"",""GCF_039955095.1"",""GCF_041225485.1"",""GCF_041225605.1"",""GCF_041281755.1"",""GCF_041509385.1"",""GCF_041514285.1"",""GCF_041514295.1"",""GCF_041893975.1"",""GCF_042847315.1"",""GCF_042997415.1"",""GCF_045760565.1"",""GCF_045801155.1"",""GCF_045862825.1"",""GCF_046109915.1"",""GCF_047344935.1"",""GCF_050407965.1"",""GCF_050847345.1"",""GCF_051098045.1"",""GCF_052569745.1"",""GCF_052570115.1"",""GCF_052571685.1"",""GCF_054073565.1"",""GCF_054331775.1"",""GCF_054452875.2"",""GCF_054784775.1"",""GCF_054785075.1"",""GCF_055180435.1"",""GCF_055502585.1"",""GCF_055755075.1"",""GCF_056269605.1"",""GCF_056676095.1"",""GCF_057786735.1"",""GCF_058111805.1"",""GCF_059089415.1"",""GCF_060305805.1"",""GCF_060307215.1"",""GCF_900016205.1"",""GCF_900094835.1"",""GCF_900240275.1"",""GCF_900519455.1"",""GCF_900519475.1"",""GCF_903885985.1"",""GCF_903886345.1"",""GCF_903886475.1"",""GCF_903891025.1"",""GCF_903891205.1"",""GCF_947539375.1"",""GCF_963243495.1"",""GCF_963281025.1"",""GCF_964063315.1"",""GCF_965136965.1"",""GCF_965286035.1"",""GCF_965286295.1"",""GCF_965286585.1"",""GCF_982267005.1""]"	root/1/1/1/1/1/1/1/0/1/0/1/1/0/1/0	"[""root/1/1/1/1/1/1/1/0/1/0/1/1/0/1/0""]"	"[{""node"":""root/1/1/1/1/1/1/1/0/1/0/1/1/0/1/0"",""length_coalescent_units"":1.3862943611198908}]"	1.0	0.0	0.0	5.0	0.0	0.0	0.9945355191256833	0.002732240437158474	0.002732240437158474	760	5.0
102b75d10cbfc487ff81920cc4041169bd1bc12714cbab393313d7882b883a6b	"[""GCF_000014385.1"",""GCF_000014445.1"",""GCF_000026405.1"",""GCF_000092505.1"",""GCF_000241055.1"",""GCF_000298875.1"",""GCF_000691805.2"",""GCF_001437425.1"",""GCF_001438705.1"",""GCF_001536305.1"",""GCF_001618285.1"",""GCF_001752505.1"",""GCF_001752515.1"",""GCF_001752545.1"",""GCF_001761545.1"",""GCF_001891125.1"",""GCF_001932615.1"",""GCF_001998805.1"",""GCF_002950695.1"",""GCF_003264795.1"",""GCF_004354645.1"",""GCF_004377635.1"",""GCF_005405465.1"",""GCF_007954605.1"",""GCF_007954785.1"",""GCF_008107645.1"",""GCF_011304355.1"",""GCF_013113695.1"",""GCF_014397255.1"",""GCF_014789145.1"",""GCF_016127255.1"",""GCF_018394055.1"",""GCF_018502505.1"",""GCF_019576155.1"",""GCF_020510245.1"",""GCF_023920145.1"",""GCF_024718545.1"",""GCF_032762665.1"",""GCF_033142085.1"",""GCF_036327715.1"",""GCF_041281755.1"",""GCF_045801155.1"",""GCF_047344935.1"",""GCF_054073565.1"",""GCF_058111805.1"",""GCF_900016205.1"",""GCF_900094835.1"",""GCF_900519455.1"",""GCF_900519475.1"",""GCF_964063315.1"",""GCF_965286035.1"",""GCF_982267005.1""]"	"[""GCF_000009425.1"",""GCF_000010145.1"",""GCF_000011045.1"",""GCF_000014425.1"",""GCF_000014505.1"",""GCF_000014545.1"",""GCF_000015385.1"",""GCF_000016825.1"",""GCF_000023085.1"",""GCF_000025045.1"",""GCF_000148815.2"",""GCF_000155515.2"",""GCF_000160835.1"",""GCF_000203855.3"",""GCF_000237995.1"",""GCF_000269925.1"",""GCF_000269945.1"",""GCF_000468955.1"",""GCF_001434365.1"",""GCF_001434705.1"",""GCF_001435245.1"",""GCF_001436135.1"",""GCF_001436905.1"",""GCF_001437055.1"",""GCF_001702215.1"",""GCF_001702235.1"",""GCF_001767275.1"",""GCF_001888925.1"",""GCF_002174215.1"",""GCF_002970915.1"",""GCF_002970935.1"",""GCF_003150935.1"",""GCF_003151025.1"",""GCF_003173695.1"",""GCF_003176835.1"",""GCF_003584685.1"",""GCF_003641185.1"",""GCF_003722275.1"",""GCF_003999355.1"",""GCF_005405405.1"",""GCF_008831485.1"",""GCF_009184845.1"",""GCF_009856565.1"",""GCF_009913655.1"",""GCF_009913995.1"",""GCF_009914015.1"",""GCF_009914035.1"",""GCF_010092385.1"",""GCF_011058775.1"",""GCF_013407595.1"",""GCF_014131735.1"",""GCF_014145545.1"",""GCF_014145555.1"",""GCF_014145615.1"",""GCF_014656585.1"",""GCF_016127815.1"",""GCF_016647595.1"",""GCF_016919665.1"",""GCF_017068355.1"",""GCF_017894345.1"",""GCF_019448175.1"",""GCF_019469265.1"",""GCF_019797825.1"",""GCF_020784695.1"",""GCF_020844005.1"",""GCF_021378055.1"",""GCF_023169905.1"",""GCF_023499275.1"",""GCF_024334065.1"",""GCF_024397795.1"",""GCF_025311495.1"",""GCF_025490915.1"",""GCF_025739325.1"",""GCF_025948295.1"",""GCF_026222675.1"",""GCF_028607025.1"",""GCF_028621815.1"",""GCF_028736235.1"",""GCF_029025825.1"",""GCF_029726355.1"",""GCF_029854335.1"",""GCF_029866985.1"",""GCF_030480545.1"",""GCF_030770265.1"",""GCF_030770295.1"",""GCF_030770335.1"",""GCF_033570435.1"",""GCF_034703025.1"",""GCF_035985965.1"",""GCF_036246165.1"",""GCF_036246185.1"",""GCF_036246225.1"",""GCF_037290055.1"",""GCF_037891785.1"",""GCF_037892375.1"",""GCF_038049945.1"",""GCF_039645515.1"",""GCF_039645575.1"",""GCF_039783225.1"",""GCF_039783785.1"",""GCF_039955095.1"",""GCF_041225485.1"",""GCF_041225605.1"",""GCF_041509385.1"",""GCF_041514285.1"",""GCF_041514295.1"",""GCF_041893975.1"",""GCF_042847315.1"",""GCF_042997415.1"",""GCF_045760565.1"",""GCF_045862825.1"",""GCF_046109915.1"",""GCF_050407965.1"",""GCF_050847345.1"",""GCF_051098045.1"",""GCF_052569745.1"",""GCF_052570115.1"",""GCF_052571685.1"",""GCF_054331775.1"",""GCF_054452875.2"",""GCF_054784775.1"",""GCF_054785075.1"",""GCF_055180435.1"",""GCF_055502585.1"",""GCF_055755075.1"",""GCF_056269605.1"",""GCF_056676095.1"",""GCF_057786735.1"",""GCF_059089415.1"",""GCF_060305805.1"",""GCF_060307215.1"",""GCF_900240275.1"",""GCF_900636965.1"",""GCF_903885985.1"",""GCF_903886345.1"",""GCF_903886475.1"",""GCF_903891025.1"",""GCF_903891205.1"",""GCF_947539375.1"",""GCF_963243495.1"",""GCF_963281025.1"",""GCF_965136965.1"",""GCF_965286295.1"",""GCF_965286585.1""]"	root/1/1/1/1/1/1/1/0/0	"[""root/1/1/1/1/1/1/1/0/0""]"	"[{""node"":""root/1/1/1/1/1/1/1/0/0"",""length_coalescent_units"":0.1019649266566879}]"	0.4775510204081632	0.3224489795918367	0.2	2.387755102040816	1.6122448979591837	1.0	0.5235847866940185	0.28245341130155854	0.19396180200442295	2758896	5.0
4be19d0d30bb59c3269f432ff14667fc5be3e0a5e69b0d6bb9bfbe04a6ff4d36	"[""GCF_000014385.1"",""GCF_000014445.1"",""GCF_000026405.1"",""GCF_000092505.1"",""GCF_000241055.1"",""GCF_000298875.1"",""GCF_001536305.1"",""GCF_001618285.1"",""GCF_001752505.1"",""GCF_001752515.1"",""GCF_001752545.1"",""GCF_001891125.1"",""GCF_001998805.1"",""GCF_003264795.1"",""GCF_004354645.1"",""GCF_004377635.1"",""GCF_007954605.1"",""GCF_007954785.1"",""GCF_008107645.1"",""GCF_013113695.1"",""GCF_016127255.1"",""GCF_020510245.1"",""GCF_023920145.1"",""GCF_032762665.1"",""GCF_033142085.1"",""GCF_045801155.1"",""GCF_047344935.1"",""GCF_058111805.1"",""GCF_900016205.1"",""GCF_900519455.1"",""GCF_900519475.1"",""GCF_964063315.1"",""GCF_965286035.1"",""GCF_982267005.1""]"	"[""GCF_000009425.1"",""GCF_000010145.1"",""GCF_000011045.1"",""GCF_000014425.1"",""GCF_000014505.1"",""GCF_000014545.1"",""GCF_000015385.1"",""GCF_000016825.1"",""GCF_000023085.1"",""GCF_000025045.1"",""GCF_000148815.2"",""GCF_000155515.2"",""GCF_000160835.1"",""GCF_000203855.3"",""GCF_000237995.1"",""GCF_000269925.1"",""GCF_000269945.1"",""GCF_000468955.1"",""GCF_000691805.2"",""GCF_001434365.1"",""GCF_001434705.1"",""GCF_001435245.1"",""GCF_001436135.1"",""GCF_001436905.1"",""GCF_001437055.1"",""GCF_001437425.1"",""GCF_001438705.1"",""GCF_001702215.1"",""GCF_001702235.1"",""GCF_001761545.1"",""GCF_001767275.1"",""GCF_001888925.1"",""GCF_001932615.1"",""GCF_002174215.1"",""GCF_002950695.1"",""GCF_002970915.1"",""GCF_002970935.1"",""GCF_003150935.1"",""GCF_003151025.1"",""GCF_003173695.1"",""GCF_003176835.1"",""GCF_003584685.1"",""GCF_003641185.1"",""GCF_003722275.1"",""GCF_003999355.1"",""GCF_005405405.1"",""GCF_005405465.1"",""GCF_008831485.1"",""GCF_009184845.1"",""GCF_009856565.1"",""GCF_009913655.1"",""GCF_009913995.1"",""GCF_009914015.1"",""GCF_009914035.1"",""GCF_010092385.1"",""GCF_011058775.1"",""GCF_011304355.1"",""GCF_013407595.1"",""GCF_014131735.1"",""GCF_014145545.1"",""GCF_014145555.1"",""GCF_014145615.1"",""GCF_014397255.1"",""GCF_014656585.1"",""GCF_014789145.1"",""GCF_016127815.1"",""GCF_016647595.1"",""GCF_016919665.1"",""GCF_017068355.1"",""GCF_017894345.1"",""GCF_018394055.1"",""GCF_018502505.1"",""GCF_019448175.1"",""GCF_019469265.1"",""GCF_019576155.1"",""GCF_019797825.1"",""GCF_020784695.1"",""GCF_020844005.1"",""GCF_021378055.1"",""GCF_023169905.1"",""GCF_023499275.1"",""GCF_024334065.1"",""GCF_024397795.1"",""GCF_024718545.1"",""GCF_025311495.1"",""GCF_025490915.1"",""GCF_025739325.1"",""GCF_025948295.1"",""GCF_026222675.1"",""GCF_028607025.1"",""GCF_028621815.1"",""GCF_028736235.1"",""GCF_029025825.1"",""GCF_029726355.1"",""GCF_029854335.1"",""GCF_029866985.1"",""GCF_030480545.1"",""GCF_030770265.1"",""GCF_030770295.1"",""GCF_030770335.1"",""GCF_033570435.1"",""GCF_034703025.1"",""GCF_035985965.1"",""GCF_036246165.1"",""GCF_036246185.1"",""GCF_036246225.1"",""GCF_036327715.1"",""GCF_037290055.1"",""GCF_037891785.1"",""GCF_037892375.1"",""GCF_038049945.1"",""GCF_039645515.1"",""GCF_039645575.1"",""GCF_039783225.1"",""GCF_039783785.1"",""GCF_039955095.1"",""GCF_041225485.1"",""GCF_041225605.1"",""GCF_041281755.1"",""GCF_041509385.1"",""GCF_041514285.1"",""GCF_041514295.1"",""GCF_041893975.1"",""GCF_042847315.1"",""GCF_042997415.1"",""GCF_045760565.1"",""GCF_045862825.1"",""GCF_046109915.1"",""GCF_050407965.1"",""GCF_050847345.1"",""GCF_051098045.1"",""GCF_052569745.1"",""GCF_052570115.1"",""GCF_052571685.1"",""GCF_054073565.1"",""GCF_054331775.1"",""GCF_054452875.2"",""GCF_054784775.1"",""GCF_054785075.1"",""GCF_055180435.1"",""GCF_055502585.1"",""GCF_055755075.1"",""GCF_056269605.1"",""GCF_056676095.1"",""GCF_057786735.1"",""GCF_059089415.1"",""GCF_060305805.1"",""GCF_060307215.1"",""GCF_900094835.1"",""GCF_900240275.1"",""GCF_900636965.1"",""GCF_903885985.1"",""GCF_903886345.1"",""GCF_903886475.1"",""GCF_903891025.1"",""GCF_903891205.1"",""GCF_947539375.1"",""GCF_963243495.1"",""GCF_963281025.1"",""GCF_965136965.1"",""GCF_965286295.1"",""GCF_965286585.1""]"	root/1/1/1/1/1/1/1/0/0/1	"[""root/1/1/1/1/1/1/1/0/0/1""]"	"[{""node"":""root/1/1/1/1/1/1/1/0/0/1"",""length_coalescent_units"":0.6931471805599453}]"	0.8	0.0	0.2	4.0	0.0	1.0	0.9322916666666666	0.026041666666666696	0.0416666666666667	738720	5.0
c3d19554b3ffac6aa28f44182796bb7e4f583a2935fa4d93e24ee84117c6ddca	"[""GCF_000014385.1"",""GCF_000241055.1"",""GCF_001618285.1"",""GCF_001752505.1"",""GCF_001752515.1"",""GCF_001752545.1"",""GCF_003264795.1"",""GCF_004377635.1"",""GCF_013113695.1"",""GCF_020510245.1"",""GCF_023920145.1"",""GCF_032762665.1"",""GCF_033142085.1"",""GCF_900519455.1"",""GCF_900519475.1""]"	"[""GCF_000009425.1"",""GCF_000010145.1"",""GCF_000011045.1"",""GCF_000014425.1"",""GCF_000014445.1"",""GCF_000014505.1"",""GCF_000014545.1"",""GCF_000015385.1"",""GCF_000016825.1"",""GCF_000023085.1"",""GCF_000025045.1"",""GCF_000026405.1"",""GCF_000092505.1"",""GCF_000148815.2"",""GCF_000155515.2"",""GCF_000160835.1"",""GCF_000203855.3"",""GCF_000237995.1"",""GCF_000269925.1"",""GCF_000269945.1"",""GCF_000298875.1"",""GCF_000468955.1"",""GCF_000691805.2"",""GCF_001434365.1"",""GCF_001434705.1"",""GCF_001435245.1"",""GCF_001436135.1"",""GCF_001436905.1"",""GCF_001437055.1"",""GCF_001437425.1"",""GCF_001438705.1"",""GCF_001536305.1"",""GCF_001702215.1"",""GCF_001702235.1"",""GCF_001761545.1"",""GCF_001767275.1"",""GCF_001888925.1"",""GCF_001891125.1"",""GCF_001932615.1"",""GCF_001998805.1"",""GCF_002174215.1"",""GCF_002950695.1"",""GCF_002970915.1"",""GCF_002970935.1"",""GCF_003150935.1"",""GCF_003151025.1"",""GCF_003173695.1"",""GCF_003176835.1"",""GCF_003584685.1"",""GCF_003641185.1"",""GCF_003722275.1"",""GCF_003999355.1"",""GCF_004354645.1"",""GCF_005405405.1"",""GCF_005405465.1"",""GCF_007954605.1"",""GCF_007954785.1"",""GCF_008107645.1"",""GCF_008831485.1"",""GCF_009184845.1"",""GCF_009856565.1"",""GCF_009913655.1"",""GCF_009913995.1"",""GCF_009914015.1"",""GCF_009914035.1"",""GCF_010092385.1"",""GCF_011058775.1"",""GCF_011304355.1"",""GCF_013407595.1"",""GCF_014131735.1"",""GCF_014145545.1"",""GCF_014145555.1"",""GCF_014145615.1"",""GCF_014397255.1"",""GCF_014656585.1"",""GCF_014789145.1"",""GCF_016127255.1"",""GCF_016127815.1"",""GCF_016647595.1"",""GCF_016919665.1"",""GCF_017068355.1"",""GCF_017894345.1"",""GCF_018394055.1"",""GCF_018502505.1"",""GCF_019448175.1"",""GCF_019469265.1"",""GCF_019576155.1"",""GCF_019797825.1"",""GCF_020784695.1"",""GCF_020844005.1"",""GCF_021378055.1"",""GCF_023169905.1"",""GCF_023499275.1"",""GCF_024334065.1"",""GCF_024397795.1"",""GCF_024718545.1"",""GCF_025311495.1"",""GCF_025490915.1"",""GCF_025739325.1"",""GCF_025948295.1"",""GCF_026222675.1"",""GCF_028607025.1"",""GCF_028621815.1"",""GCF_028736235.1"",""GCF_029025825.1"",""GCF_029726355.1"",""GCF_029854335.1"",""GCF_029866985.1"",""GCF_030480545.1"",""GCF_030770265.1"",""GCF_030770295.1"",""GCF_030770335.1"",""GCF_033570435.1"",""GCF_034703025.1"",""GCF_035985965.1"",""GCF_036246165.1"",""GCF_036246185.1"",""GCF_036246225.1"",""GCF_036327715.1"",""GCF_037290055.1"",""GCF_037891785.1"",""GCF_037892375.1"",""GCF_038049945.1"",""GCF_039645515.1"",""GCF_039645575.1"",""GCF_039783225.1"",""GCF_039783785.1"",""GCF_039955095.1"",""GCF_041225485.1"",""GCF_041225605.1"",""GCF_041281755.1"",""GCF_041509385.1"",""GCF_041514285.1"",""GCF_041514295.1"",""GCF_041893975.1"",""GCF_042847315.1"",""GCF_042997415.1"",""GCF_045760565.1"",""GCF_045801155.1"",""GCF_045862825.1"",""GCF_046109915.1"",""GCF_047344935.1"",""GCF_050407965.1"",""GCF_050847345.1"",""GCF_051098045.1"",""GCF_052569745.1"",""GCF_052570115.1"",""GCF_052571685.1"",""GCF_054073565.1"",""GCF_054331775.1"",""GCF_054452875.2"",""GCF_054784775.1"",""GCF_054785075.1"",""GCF_055180435.1"",""GCF_055502585.1"",""GCF_055755075.1"",""GCF_056269605.1"",""GCF_056676095.1"",""GCF_057786735.1"",""GCF_058111805.1"",""GCF_059089415.1"",""GCF_060305805.1"",""GCF_060307215.1"",""GCF_900016205.1"",""GCF_900094835.1"",""GCF_900240275.1"",""GCF_900636965.1"",""GCF_903885985.1"",""GCF_903886345.1"",""GCF_903886475.1"",""GCF_903891025.1"",""GCF_903891205.1"",""GCF_947539375.1"",""GCF_963243495.1"",""GCF_963281025.1"",""GCF_964063315.1"",""GCF_965136965.1"",""GCF_965286035.1"",""GCF_965286295.1"",""GCF_965286585.1"",""GCF_982267005.1""]"	root/1/1/1/1/1/1/1/0/0/1/0	"[""root/1/1/1/1/1/1/1/0/0/1/0""]"	"[{""node"":""root/1/1/1/1/1/1/1/0/0/1/0"",""length_coalescent_units"":1.3862943611198908}]"	1.0	0.0	0.0	5.0	0.0	0.0	0.9945355191256833	0.002732240437158474	0.002732240437158474	135432	5.0
2e9ee5e34d4d9bacba60cf601d5e937b9ab8d4a5086217130534ad614d2057b4	"[""GCF_000014385.1"",""GCF_001618285.1"",""GCF_003264795.1"",""GCF_004377635.1"",""GCF_013113695.1"",""GCF_020510245.1"",""GCF_023920145.1"",""GCF_032762665.1"",""GCF_033142085.1"",""GCF_900519455.1"",""GCF_900519475.1""]"	"[""GCF_000009425.1"",""GCF_000010145.1"",""GCF_000011045.1"",""GCF_000014425.1"",""GCF_000014445.1"",""GCF_000014505.1"",""GCF_000014545.1"",""GCF_000015385.1"",""GCF_000016825.1"",""GCF_000023085.1"",""GCF_000025045.1"",""GCF_000026405.1"",""GCF_000092505.1"",""GCF_000148815.2"",""GCF_000155515.2"",""GCF_000160835.1"",""GCF_000203855.3"",""GCF_000237995.1"",""GCF_000241055.1"",""GCF_000269925.1"",""GCF_000269945.1"",""GCF_000298875.1"",""GCF_000468955.1"",""GCF_000691805.2"",""GCF_001434365.1"",""GCF_001434705.1"",""GCF_001435245.1"",""GCF_001436135.1"",""GCF_001436905.1"",""GCF_001437055.1"",""GCF_001437425.1"",""GCF_001438705.1"",""GCF_001536305.1"",""GCF_001702215.1"",""GCF_001702235.1"",""GCF_001752505.1"",""GCF_001752515.1"",""GCF_001752545.1"",""GCF_001761545.1"",""GCF_001767275.1"",""GCF_001888925.1"",""GCF_001891125.1"",""GCF_001932615.1"",""GCF_001998805.1"",""GCF_002174215.1"",""GCF_002950695.1"",""GCF_002970915.1"",""GCF_002970935.1"",""GCF_003150935.1"",""GCF_003151025.1"",""GCF_003173695.1"",""GCF_003176835.1"",""GCF_003584685.1"",""GCF_003641185.1"",""GCF_003722275.1"",""GCF_003999355.1"",""GCF_004354645.1"",""GCF_005405405.1"",""GCF_005405465.1"",""GCF_007954605.1"",""GCF_007954785.1"",""GCF_008107645.1"",""GCF_008831485.1"",""GCF_009184845.1"",""GCF_009856565.1"",""GCF_009913655.1"",""GCF_009913995.1"",""GCF_009914015.1"",""GCF_009914035.1"",""GCF_010092385.1"",""GCF_011058775.1"",""GCF_011304355.1"",""GCF_013407595.1"",""GCF_014131735.1"",""GCF_014145545.1"",""GCF_014145555.1"",""GCF_014145615.1"",""GCF_014397255.1"",""GCF_014656585.1"",""GCF_014789145.1"",""GCF_016127255.1"",""GCF_016127815.1"",""GCF_016647595.1"",""GCF_016919665.1"",""GCF_017068355.1"",""GCF_017894345.1"",""GCF_018394055.1"",""GCF_018502505.1"",""GCF_019448175.1"",""GCF_019469265.1"",""GCF_019576155.1"",""GCF_019797825.1"",""GCF_020784695.1"",""GCF_020844005.1"",""GCF_021378055.1"",""GCF_023169905.1"",""GCF_023499275.1"",""GCF_024334065.1"",""GCF_024397795.1"",""GCF_024718545.1"",""GCF_025311495.1"",""GCF_025490915.1"",""GCF_025739325.1"",""GCF_025948295.1"",""GCF_026222675.1"",""GCF_028607025.1"",""GCF_028621815.1"",""GCF_028736235.1"",""GCF_029025825.1"",""GCF_029726355.1"",""GCF_029854335.1"",""GCF_029866985.1"",""GCF_030480545.1"",""GCF_030770265.1"",""GCF_030770295.1"",""GCF_030770335.1"",""GCF_033570435.1"",""GCF_034703025.1"",""GCF_035985965.1"",""GCF_036246165.1"",""GCF_036246185.1"",""GCF_036246225.1"",""GCF_036327715.1"",""GCF_037290055.1"",""GCF_037891785.1"",""GCF_037892375.1"",""GCF_038049945.1"",""GCF_039645515.1"",""GCF_039645575.1"",""GCF_039783225.1"",""GCF_039783785.1"",""GCF_039955095.1"",""GCF_041225485.1"",""GCF_041225605.1"",""GCF_041281755.1"",""GCF_041509385.1"",""GCF_041514285.1"",""GCF_041514295.1"",""GCF_041893975.1"",""GCF_042847315.1"",""GCF_042997415.1"",""GCF_045760565.1"",""GCF_045801155.1"",""GCF_045862825.1"",""GCF_046109915.1"",""GCF_047344935.1"",""GCF_050407965.1"",""GCF_050847345.1"",""GCF_051098045.1"",""GCF_052569745.1"",""GCF_052570115.1"",""GCF_052571685.1"",""GCF_054073565.1"",""GCF_054331775.1"",""GCF_054452875.2"",""GCF_054784775.1"",""GCF_054785075.1"",""GCF_055180435.1"",""GCF_055502585.1"",""GCF_055755075.1"",""GCF_056269605.1"",""GCF_056676095.1"",""GCF_057786735.1"",""GCF_058111805.1"",""GCF_059089415.1"",""GCF_060305805.1"",""GCF_060307215.1"",""GCF_900016205.1"",""GCF_900094835.1"",""GCF_900240275.1"",""GCF_900636965.1"",""GCF_903885985.1"",""GCF_903886345.1"",""GCF_903886475.1"",""GCF_903891025.1"",""GCF_903891205.1"",""GCF_947539375.1"",""GCF_963243495.1"",""GCF_963281025.1"",""GCF_964063315.1"",""GCF_965136965.1"",""GCF_965286035.1"",""GCF_965286295.1"",""GCF_965286585.1"",""GCF_982267005.1""]"	root/1/1/1/1/1/1/1/0/0/1/0/1	"[""root/1/1/1/1/1/1/1/0/0/1/0/1""]"	"[{""node"":""root/1/1/1/1/1/1/1/0/0/1/0/1"",""length_coalescent_units"":1.3862943611198908}]"	1.0	0.0	0.0	5.0	0.0	0.0	0.9945355191256833	0.002732240437158474	0.002732240437158474	17376	5.0
94d3837fa3e157d0ed2bb5b4bb21432f89eb38505cf6f483f741c0748b1f1eba	"[""GCF_000014385.1"",""GCF_001618285.1"",""GCF_003264795.1"",""GCF_013113695.1"",""GCF_020510245.1""]"	"[""GCF_000009425.1"",""GCF_000010145.1"",""GCF_000011045.1"",""GCF_000014425.1"",""GCF_000014445.1"",""GCF_000014505.1"",""GCF_000014545.1"",""GCF_000015385.1"",""GCF_000016825.1"",""GCF_000023085.1"",""GCF_000025045.1"",""GCF_000026405.1"",""GCF_000092505.1"",""GCF_000148815.2"",""GCF_000155515.2"",""GCF_000160835.1"",""GCF_000203855.3"",""GCF_000237995.1"",""GCF_000241055.1"",""GCF_000269925.1"",""GCF_000269945.1"",""GCF_000298875.1"",""GCF_000468955.1"",""GCF_000691805.2"",""GCF_001434365.1"",""GCF_001434705.1"",""GCF_001435245.1"",""GCF_001436135.1"",""GCF_001436905.1"",""GCF_001437055.1"",""GCF_001437425.1"",""GCF_001438705.1"",""GCF_001536305.1"",""GCF_001702215.1"",""GCF_001702235.1"",""GCF_001752505.1"",""GCF_001752515.1"",""GCF_001752545.1"",""GCF_001761545.1"",""GCF_001767275.1"",""GCF_001888925.1"",""GCF_001891125.1"",""GCF_001932615.1"",""GCF_001998805.1"",""GCF_002174215.1"",""GCF_002950695.1"",""GCF_002970915.1"",""GCF_002970935.1"",""GCF_003150935.1"",""GCF_003151025.1"",""GCF_003173695.1"",""GCF_003176835.1"",""GCF_003584685.1"",""GCF_003641185.1"",""GCF_003722275.1"",""GCF_003999355.1"",""GCF_004354645.1"",""GCF_004377635.1"",""GCF_005405405.1"",""GCF_005405465.1"",""GCF_007954605.1"",""GCF_007954785.1"",""GCF_008107645.1"",""GCF_008831485.1"",""GCF_009184845.1"",""GCF_009856565.1"",""GCF_009913655.1"",""GCF_009913995.1"",""GCF_009914015.1"",""GCF_009914035.1"",""GCF_010092385.1"",""GCF_011058775.1"",""GCF_011304355.1"",""GCF_013407595.1"",""GCF_014131735.1"",""GCF_014145545.1"",""GCF_014145555.1"",""GCF_014145615.1"",""GCF_014397255.1"",""GCF_014656585.1"",""GCF_014789145.1"",""GCF_016127255.1"",""GCF_016127815.1"",""GCF_016647595.1"",""GCF_016919665.1"",""GCF_017068355.1"",""GCF_017894345.1"",""GCF_018394055.1"",""GCF_018502505.1"",""GCF_019448175.1"",""GCF_019469265.1"",""GCF_019576155.1"",""GCF_019797825.1"",""GCF_020784695.1"",""GCF_020844005.1"",""GCF_021378055.1"",""GCF_023169905.1"",""GCF_023499275.1"",""GCF_023920145.1"",""GCF_024334065.1"",""GCF_024397795.1"",""GCF_024718545.1"",""GCF_025311495.1"",""GCF_025490915.1"",""GCF_025739325.1"",""GCF_025948295.1"",""GCF_026222675.1"",""GCF_028607025.1"",""GCF_028621815.1"",""GCF_028736235.1"",""GCF_029025825.1"",""GCF_029726355.1"",""GCF_029854335.1"",""GCF_029866985.1"",""GCF_030480545.1"",""GCF_030770265.1"",""GCF_030770295.1"",""GCF_030770335.1"",""GCF_032762665.1"",""GCF_033142085.1"",""GCF_033570435.1"",""GCF_034703025.1"",""GCF_035985965.1"",""GCF_036246165.1"",""GCF_036246185.1"",""GCF_036246225.1"",""GCF_036327715.1"",""GCF_037290055.1"",""GCF_037891785.1"",""GCF_037892375.1"",""GCF_038049945.1"",""GCF_039645515.1"",""GCF_039645575.1"",""GCF_039783225.1"",""GCF_039783785.1"",""GCF_039955095.1"",""GCF_041225485.1"",""GCF_041225605.1"",""GCF_041281755.1"",""GCF_041509385.1"",""GCF_041514285.1"",""GCF_041514295.1"",""GCF_041893975.1"",""GCF_042847315.1"",""GCF_042997415.1"",""GCF_045760565.1"",""GCF_045801155.1"",""GCF_045862825.1"",""GCF_046109915.1"",""GCF_047344935.1"",""GCF_050407965.1"",""GCF_050847345.1"",""GCF_051098045.1"",""GCF_052569745.1"",""GCF_052570115.1"",""GCF_052571685.1"",""GCF_054073565.1"",""GCF_054331775.1"",""GCF_054452875.2"",""GCF_054784775.1"",""GCF_054785075.1"",""GCF_055180435.1"",""GCF_055502585.1"",""GCF_055755075.1"",""GCF_056269605.1"",""GCF_056676095.1"",""GCF_057786735.1"",""GCF_058111805.1"",""GCF_059089415.1"",""GCF_060305805.1"",""GCF_060307215.1"",""GCF_900016205.1"",""GCF_900094835.1"",""GCF_900240275.1"",""GCF_900519455.1"",""GCF_900519475.1"",""GCF_900636965.1"",""GCF_903885985.1"",""GCF_903886345.1"",""GCF_903886475.1"",""GCF_903891025.1"",""GCF_903891205.1"",""GCF_947539375.1"",""GCF_963243495.1"",""GCF_963281025.1"",""GCF_964063315.1"",""GCF_965136965.1"",""GCF_965286035.1"",""GCF_965286295.1"",""GCF_965286585.1"",""GCF_982267005.1""]"	root/1/1/1/1/1/1/1/0/0/1/0/1/1/1/1	"[""root/1/1/1/1/1/1/1/0/0/1/0/1/1/1/1""]"	"[{""node"":""root/1/1/1/1/1/1/1/0/0/1/0/1/1/1/1"",""length_coalescent_units"":0.20845369707080272}]"	0.5505291005291004	0.2985754985754986	0.1508954008954009	2.7526455026455023	1.4928774928774928	0.7544770044770045	0.6357391813816443	0.22031745553615714	0.14394336308219835	1512	5.0
48c1a48b297a6cbee4a8b42491f7433f2d2aaabab20e441a0becb35d950b06fa	"[""GCF_000014385.1"",""GCF_001618285.1"",""GCF_003264795.1"",""GCF_013113695.1"",""GCF_020510245.1"",""GCF_033142085.1"",""GCF_900519455.1"",""GCF_900519475.1""]"	"[""GCF_000009425.1"",""GCF_000010145.1"",""GCF_000011045.1"",""GCF_000014425.1"",""GCF_000014445.1"",""GCF_000014505.1"",""GCF_000014545.1"",""GCF_000015385.1"",""GCF_000016825.1"",""GCF_000023085.1"",""GCF_000025045.1"",""GCF_000026405.1"",""GCF_000092505.1"",""GCF_000148815.2"",""GCF_000155515.2"",""GCF_000160835.1"",""GCF_000203855.3"",""GCF_000237995.1"",""GCF_000241055.1"",""GCF_000269925.1"",""GCF_000269945.1"",""GCF_000298875.1"",""GCF_000468955.1"",""GCF_000691805.2"",""GCF_001434365.1"",""GCF_001434705.1"",""GCF_001435245.1"",""GCF_001436135.1"",""GCF_001436905.1"",""GCF_001437055.1"",""GCF_001437425.1"",""GCF_001438705.1"",""GCF_001536305.1"",""GCF_001702215.1"",""GCF_001702235.1"",""GCF_001752505.1"",""GCF_001752515.1"",""GCF_001752545.1"",""GCF_001761545.1"",""GCF_001767275.1"",""GCF_001888925.1"",""GCF_001891125.1"",""GCF_001932615.1"",""GCF_001998805.1"",""GCF_002174215.1"",""GCF_002950695.1"",""GCF_002970915.1"",""GCF_002970935.1"",""GCF_003150935.1"",""GCF_003151025.1"",""GCF_003173695.1"",""GCF_003176835.1"",""GCF_003584685.1"",""GCF_003641185.1"",""GCF_003722275.1"",""GCF_003999355.1"",""GCF_004354645.1"",""GCF_004377635.1"",""GCF_005405405.1"",""GCF_005405465.1"",""GCF_007954605.1"",""GCF_007954785.1"",""GCF_008107645.1"",""GCF_008831485.1"",""GCF_009184845.1"",""GCF_009856565.1"",""GCF_009913655.1"",""GCF_009913995.1"",""GCF_009914015.1"",""GCF_009914035.1"",""GCF_010092385.1"",""GCF_011058775.1"",""GCF_011304355.1"",""GCF_013407595.1"",""GCF_014131735.1"",""GCF_014145545.1"",""GCF_014145555.1"",""GCF_014145615.1"",""GCF_014397255.1"",""GCF_014656585.1"",""GCF_014789145.1"",""GCF_016127255.1"",""GCF_016127815.1"",""GCF_016647595.1"",""GCF_016919665.1"",""GCF_017068355.1"",""GCF_017894345.1"",""GCF_018394055.1"",""GCF_018502505.1"",""GCF_019448175.1"",""GCF_019469265.1"",""GCF_019576155.1"",""GCF_019797825.1"",""GCF_020784695.1"",""GCF_020844005.1"",""GCF_021378055.1"",""GCF_023169905.1"",""GCF_023499275.1"",""GCF_023920145.1"",""GCF_024334065.1"",""GCF_024397795.1"",""GCF_024718545.1"",""GCF_025311495.1"",""GCF_025490915.1"",""GCF_025739325.1"",""GCF_025948295.1"",""GCF_026222675.1"",""GCF_028607025.1"",""GCF_028621815.1"",""GCF_028736235.1"",""GCF_029025825.1"",""GCF_029726355.1"",""GCF_029854335.1"",""GCF_029866985.1"",""GCF_030480545.1"",""GCF_030770265.1"",""GCF_030770295.1"",""GCF_030770335.1"",""GCF_032762665.1"",""GCF_033570435.1"",""GCF_034703025.1"",""GCF_035985965.1"",""GCF_036246165.1"",""GCF_036246185.1"",""GCF_036246225.1"",""GCF_036327715.1"",""GCF_037290055.1"",""GCF_037891785.1"",""GCF_037892375.1"",""GCF_038049945.1"",""GCF_039645515.1"",""GCF_039645575.1"",""GCF_039783225.1"",""GCF_039783785.1"",""GCF_039955095.1"",""GCF_041225485.1"",""GCF_041225605.1"",""GCF_041281755.1"",""GCF_041509385.1"",""GCF_041514285.1"",""GCF_041514295.1"",""GCF_041893975.1"",""GCF_042847315.1"",""GCF_042997415.1"",""GCF_045760565.1"",""GCF_045801155.1"",""GCF_045862825.1"",""GCF_046109915.1"",""GCF_047344935.1"",""GCF_050407965.1"",""GCF_050847345.1"",""GCF_051098045.1"",""GCF_052569745.1"",""GCF_052570115.1"",""GCF_052571685.1"",""GCF_054073565.1"",""GCF_054331775.1"",""GCF_054452875.2"",""GCF_054784775.1"",""GCF_054785075.1"",""GCF_055180435.1"",""GCF_055502585.1"",""GCF_055755075.1"",""GCF_056269605.1"",""GCF_056676095.1"",""GCF_057786735.1"",""GCF_058111805.1"",""GCF_059089415.1"",""GCF_060305805.1"",""GCF_060307215.1"",""GCF_900016205.1"",""GCF_900094835.1"",""GCF_900240275.1"",""GCF_900636965.1"",""GCF_903885985.1"",""GCF_903886345.1"",""GCF_903886475.1"",""GCF_903891025.1"",""GCF_903891205.1"",""GCF_947539375.1"",""GCF_963243495.1"",""GCF_963281025.1"",""GCF_964063315.1"",""GCF_965136965.1"",""GCF_965286035.1"",""GCF_965286295.1"",""GCF_965286585.1"",""GCF_982267005.1""]"	root/1/1/1/1/1/1/1/0/0/1/0/1/1	"[""root/1/1/1/1/1/1/1/0/0/1/0/1/1""]"	"[{""node"":""root/1/1/1/1/1/1/1/0/0/1/0/1/1"",""length_coalescent_units"":0.048790164169432056}]"	0.43809523809523804	0.2952380952380952	0.2666666666666667	2.1904761904761902	1.476190476190476	1.3333333333333335	0.47104945372847445	0.2764500111387745	0.25250053513275117	3885	5.0
517f2b057e5d89b2b14c29fe4ff9bb52acb2fca67ac6a74ad3a921d23273f0cf	"[""GCF_000014385.1"",""GCF_001618285.1"",""GCF_003264795.1"",""GCF_013113695.1"",""GCF_020510245.1"",""GCF_033142085.1"",""GCF_900519475.1""]"	"[""GCF_000009425.1"",""GCF_000010145.1"",""GCF_000011045.1"",""GCF_000014425.1"",""GCF_000014445.1"",""GCF_000014505.1"",""GCF_000014545.1"",""GCF_000015385.1"",""GCF_000016825.1"",""GCF_000023085.1"",""GCF_000025045.1"",""GCF_000026405.1"",""GCF_000092505.1"",""GCF_000148815.2"",""GCF_000155515.2"",""GCF_000160835.1"",""GCF_000203855.3"",""GCF_000237995.1"",""GCF_000241055.1"",""GCF_000269925.1"",""GCF_000269945.1"",""GCF_000298875.1"",""GCF_000468955.1"",""GCF_000691805.2"",""GCF_001434365.1"",""GCF_001434705.1"",""GCF_001435245.1"",""GCF_001436135.1"",""GCF_001436905.1"",""GCF_001437055.1"",""GCF_001437425.1"",""GCF_001438705.1"",""GCF_001536305.1"",""GCF_001702215.1"",""GCF_001702235.1"",""GCF_001752505.1"",""GCF_001752515.1"",""GCF_001752545.1"",""GCF_001761545.1"",""GCF_001767275.1"",""GCF_001888925.1"",""GCF_001891125.1"",""GCF_001932615.1"",""GCF_001998805.1"",""GCF_002174215.1"",""GCF_002950695.1"",""GCF_002970915.1"",""GCF_002970935.1"",""GCF_003150935.1"",""GCF_003151025.1"",""GCF_003173695.1"",""GCF_003176835.1"",""GCF_003584685.1"",""GCF_003641185.1"",""GCF_003722275.1"",""GCF_003999355.1"",""GCF_004354645.1"",""GCF_004377635.1"",""GCF_005405405.1"",""GCF_005405465.1"",""GCF_007954605.1"",""GCF_007954785.1"",""GCF_008107645.1"",""GCF_008831485.1"",""GCF_009184845.1"",""GCF_009856565.1"",""GCF_009913655.1"",""GCF_009913995.1"",""GCF_009914015.1"",""GCF_009914035.1"",""GCF_010092385.1"",""GCF_011058775.1"",""GCF_011304355.1"",""GCF_013407595.1"",""GCF_014131735.1"",""GCF_014145545.1"",""GCF_014145555.1"",""GCF_014145615.1"",""GCF_014397255.1"",""GCF_014656585.1"",""GCF_014789145.1"",""GCF_016127255.1"",""GCF_016127815.1"",""GCF_016647595.1"",""GCF_016919665.1"",""GCF_017068355.1"",""GCF_017894345.1"",""GCF_018394055.1"",""GCF_018502505.1"",""GCF_019448175.1"",""GCF_019469265.1"",""GCF_019576155.1"",""GCF_019797825.1"",""GCF_020784695.1"",""GCF_020844005.1"",""GCF_021378055.1"",""GCF_023169905.1"",""GCF_023499275.1"",""GCF_023920145.1"",""GCF_024334065.1"",""GCF_024397795.1"",""GCF_024718545.1"",""GCF_025311495.1"",""GCF_025490915.1"",""GCF_025739325.1"",""GCF_025948295.1"",""GCF_026222675.1"",""GCF_028607025.1"",""GCF_028621815.1"",""GCF_028736235.1"",""GCF_029025825.1"",""GCF_029726355.1"",""GCF_029854335.1"",""GCF_029866985.1"",""GCF_030480545.1"",""GCF_030770265.1"",""GCF_030770295.1"",""GCF_030770335.1"",""GCF_032762665.1"",""GCF_033570435.1"",""GCF_034703025.1"",""GCF_035985965.1"",""GCF_036246165.1"",""GCF_036246185.1"",""GCF_036246225.1"",""GCF_036327715.1"",""GCF_037290055.1"",""GCF_037891785.1"",""GCF_037892375.1"",""GCF_038049945.1"",""GCF_039645515.1"",""GCF_039645575.1"",""GCF_039783225.1"",""GCF_039783785.1"",""GCF_039955095.1"",""GCF_041225485.1"",""GCF_041225605.1"",""GCF_041281755.1"",""GCF_041509385.1"",""GCF_041514285.1"",""GCF_041514295.1"",""GCF_041893975.1"",""GCF_042847315.1"",""GCF_042997415.1"",""GCF_045760565.1"",""GCF_045801155.1"",""GCF_045862825.1"",""GCF_046109915.1"",""GCF_047344935.1"",""GCF_050407965.1"",""GCF_050847345.1"",""GCF_051098045.1"",""GCF_052569745.1"",""GCF_052570115.1"",""GCF_052571685.1"",""GCF_054073565.1"",""GCF_054331775.1"",""GCF_054452875.2"",""GCF_054784775.1"",""GCF_054785075.1"",""GCF_055180435.1"",""GCF_055502585.1"",""GCF_055755075.1"",""GCF_056269605.1"",""GCF_056676095.1"",""GCF_057786735.1"",""GCF_058111805.1"",""GCF_059089415.1"",""GCF_060305805.1"",""GCF_060307215.1"",""GCF_900016205.1"",""GCF_900094835.1"",""GCF_900240275.1"",""GCF_900519455.1"",""GCF_900636965.1"",""GCF_903885985.1"",""GCF_903886345.1"",""GCF_903886475.1"",""GCF_903891025.1"",""GCF_903891205.1"",""GCF_947539375.1"",""GCF_963243495.1"",""GCF_963281025.1"",""GCF_964063315.1"",""GCF_965136965.1"",""GCF_965286035.1"",""GCF_965286295.1"",""GCF_965286585.1"",""GCF_982267005.1""]"	root/1/1/1/1/1/1/1/0/0/1/0/1/1/1	"[""root/1/1/1/1/1/1/1/0/0/1/0/1/1/1""]"	"[{""node"":""root/1/1/1/1/1/1/1/0/0/1/0/1/1/1"",""length_coalescent_units"":0.027087147296891094}]"	0.4213788644645586	0.23944339955330904	0.33917773598213236	2.106894322322793	1.1972169977665452	1.6958886799106618	0.44242796613892726	0.2343302174514631	0.3232418164096096	1880	5.0
6f74476b92741c418a12afcdfaf16145402d39b2b8aefc7d5e38106968cea5d6	"[""GCF_000014385.1"",""GCF_003264795.1"",""GCF_013113695.1"",""GCF_020510245.1""]"	"[""GCF_000009425.1"",""GCF_000010145.1"",""GCF_000011045.1"",""GCF_000014425.1"",""GCF_000014445.1"",""GCF_000014505.1"",""GCF_000014545.1"",""GCF_000015385.1"",""GCF_000016825.1"",""GCF_000023085.1"",""GCF_000025045.1"",""GCF_000026405.1"",""GCF_000092505.1"",""GCF_000148815.2"",""GCF_000155515.2"",""GCF_000160835.1"",""GCF_000203855.3"",""GCF_000237995.1"",""GCF_000241055.1"",""GCF_000269925.1"",""GCF_000269945.1"",""GCF_000298875.1"",""GCF_000468955.1"",""GCF_000691805.2"",""GCF_001434365.1"",""GCF_001434705.1"",""GCF_001435245.1"",""GCF_001436135.1"",""GCF_001436905.1"",""GCF_001437055.1"",""GCF_001437425.1"",""GCF_001438705.1"",""GCF_001536305.1"",""GCF_001618285.1"",""GCF_001702215.1"",""GCF_001702235.1"",""GCF_001752505.1"",""GCF_001752515.1"",""GCF_001752545.1"",""GCF_001761545.1"",""GCF_001767275.1"",""GCF_001888925.1"",""GCF_001891125.1"",""GCF_001932615.1"",""GCF_001998805.1"",""GCF_002174215.1"",""GCF_002950695.1"",""GCF_002970915.1"",""GCF_002970935.1"",""GCF_003150935.1"",""GCF_003151025.1"",""GCF_003173695.1"",""GCF_003176835.1"",""GCF_003584685.1"",""GCF_003641185.1"",""GCF_003722275.1"",""GCF_003999355.1"",""GCF_004354645.1"",""GCF_004377635.1"",""GCF_005405405.1"",""GCF_005405465.1"",""GCF_007954605.1"",""GCF_007954785.1"",""GCF_008107645.1"",""GCF_008831485.1"",""GCF_009184845.1"",""GCF_009856565.1"",""GCF_009913655.1"",""GCF_009913995.1"",""GCF_009914015.1"",""GCF_009914035.1"",""GCF_010092385.1"",""GCF_011058775.1"",""GCF_011304355.1"",""GCF_013407595.1"",""GCF_014131735.1"",""GCF_014145545.1"",""GCF_014145555.1"",""GCF_014145615.1"",""GCF_014397255.1"",""GCF_014656585.1"",""GCF_014789145.1"",""GCF_016127255.1"",""GCF_016127815.1"",""GCF_016647595.1"",""GCF_016919665.1"",""GCF_017068355.1"",""GCF_017894345.1"",""GCF_018394055.1"",""GCF_018502505.1"",""GCF_019448175.1"",""GCF_019469265.1"",""GCF_019576155.1"",""GCF_019797825.1"",""GCF_020784695.1"",""GCF_020844005.1"",""GCF_021378055.1"",""GCF_023169905.1"",""GCF_023499275.1"",""GCF_023920145.1"",""GCF_024334065.1"",""GCF_024397795.1"",""GCF_024718545.1"",""GCF_025311495.1"",""GCF_025490915.1"",""GCF_025739325.1"",""GCF_025948295.1"",""GCF_026222675.1"",""GCF_028607025.1"",""GCF_028621815.1"",""GCF_028736235.1"",""GCF_029025825.1"",""GCF_029726355.1"",""GCF_029854335.1"",""GCF_029866985.1"",""GCF_030480545.1"",""GCF_030770265.1"",""GCF_030770295.1"",""GCF_030770335.1"",""GCF_032762665.1"",""GCF_033142085.1"",""GCF_033570435.1"",""GCF_034703025.1"",""GCF_035985965.1"",""GCF_036246165.1"",""GCF_036246185.1"",""GCF_036246225.1"",""GCF_036327715.1"",""GCF_037290055.1"",""GCF_037891785.1"",""GCF_037892375.1"",""GCF_038049945.1"",""GCF_039645515.1"",""GCF_039645575.1"",""GCF_039783225.1"",""GCF_039783785.1"",""GCF_039955095.1"",""GCF_041225485.1"",""GCF_041225605.1"",""GCF_041281755.1"",""GCF_041509385.1"",""GCF_041514285.1"",""GCF_041514295.1"",""GCF_041893975.1"",""GCF_042847315.1"",""GCF_042997415.1"",""GCF_045760565.1"",""GCF_045801155.1"",""GCF_045862825.1"",""GCF_046109915.1"",""GCF_047344935.1"",""GCF_050407965.1"",""GCF_050847345.1"",""GCF_051098045.1"",""GCF_052569745.1"",""GCF_052570115.1"",""GCF_052571685.1"",""GCF_054073565.1"",""GCF_054331775.1"",""GCF_054452875.2"",""GCF_054784775.1"",""GCF_054785075.1"",""GCF_055180435.1"",""GCF_055502585.1"",""GCF_055755075.1"",""GCF_056269605.1"",""GCF_056676095.1"",""GCF_057786735.1"",""GCF_058111805.1"",""GCF_059089415.1"",""GCF_060305805.1"",""GCF_060307215.1"",""GCF_900016205.1"",""GCF_900094835.1"",""GCF_900240275.1"",""GCF_900519455.1"",""GCF_900519475.1"",""GCF_900636965.1"",""GCF_903885985.1"",""GCF_903886345.1"",""GCF_903886475.1"",""GCF_903891025.1"",""GCF_903891205.1"",""GCF_947539375.1"",""GCF_963243495.1"",""GCF_963281025.1"",""GCF_964063315.1"",""GCF_965136965.1"",""GCF_965286035.1"",""GCF_965286295.1"",""GCF_965286585.1"",""GCF_982267005.1""]"	root/1/1/1/1/1/1/1/0/0/1/0/1/1/1/1/1	"[""root/1/1/1/1/1/1/1/0/0/1/0/1/1/1/1/1""]"	"[{""node"":""root/1/1/1/1/1/1/1/0/0/1/0/1/1/1/1/1"",""length_coalescent_units"":0.2876156811509137}]"	0.599960163897109	0.19581151832460733	0.20422831777828362	2.9998008194855452	0.9790575916230366	1.0211415888914182	0.7192176290767577	0.13876540240059934	0.14201696852264292	573	5.0
627282ca3947e4f370489bead24e2c7180ec32232e273cb7e1bfcf7f51aa7cbd	"[""GCF_000014385.1"",""GCF_003264795.1"",""GCF_020510245.1""]"	"[""GCF_000009425.1"",""GCF_000010145.1"",""GCF_000011045.1"",""GCF_000014425.1"",""GCF_000014445.1"",""GCF_000014505.1"",""GCF_000014545.1"",""GCF_000015385.1"",""GCF_000016825.1"",""GCF_000023085.1"",""GCF_000025045.1"",""GCF_000026405.1"",""GCF_000092505.1"",""GCF_000148815.2"",""GCF_000155515.2"",""GCF_000160835.1"",""GCF_000203855.3"",""GCF_000237995.1"",""GCF_000241055.1"",""GCF_000269925.1"",""GCF_000269945.1"",""GCF_000298875.1"",""GCF_000468955.1"",""GCF_000691805.2"",""GCF_001434365.1"",""GCF_001434705.1"",""GCF_001435245.1"",""GCF_001436135.1"",""GCF_001436905.1"",""GCF_001437055.1"",""GCF_001437425.1"",""GCF_001438705.1"",""GCF_001536305.1"",""GCF_001618285.1"",""GCF_001702215.1"",""GCF_001702235.1"",""GCF_001752505.1"",""GCF_001752515.1"",""GCF_001752545.1"",""GCF_001761545.1"",""GCF_001767275.1"",""GCF_001888925.1"",""GCF_001891125.1"",""GCF_001932615.1"",""GCF_001998805.1"",""GCF_002174215.1"",""GCF_002950695.1"",""GCF_002970915.1"",""GCF_002970935.1"",""GCF_003150935.1"",""GCF_003151025.1"",""GCF_003173695.1"",""GCF_003176835.1"",""GCF_003584685.1"",""GCF_003641185.1"",""GCF_003722275.1"",""GCF_003999355.1"",""GCF_004354645.1"",""GCF_004377635.1"",""GCF_005405405.1"",""GCF_005405465.1"",""GCF_007954605.1"",""GCF_007954785.1"",""GCF_008107645.1"",""GCF_008831485.1"",""GCF_009184845.1"",""GCF_009856565.1"",""GCF_009913655.1"",""GCF_009913995.1"",""GCF_009914015.1"",""GCF_009914035.1"",""GCF_010092385.1"",""GCF_011058775.1"",""GCF_011304355.1"",""GCF_013113695.1"",""GCF_013407595.1"",""GCF_014131735.1"",""GCF_014145545.1"",""GCF_014145555.1"",""GCF_014145615.1"",""GCF_014397255.1"",""GCF_014656585.1"",""GCF_014789145.1"",""GCF_016127255.1"",""GCF_016127815.1"",""GCF_016647595.1"",""GCF_016919665.1"",""GCF_017068355.1"",""GCF_017894345.1"",""GCF_018394055.1"",""GCF_018502505.1"",""GCF_019448175.1"",""GCF_019469265.1"",""GCF_019576155.1"",""GCF_019797825.1"",""GCF_020784695.1"",""GCF_020844005.1"",""GCF_021378055.1"",""GCF_023169905.1"",""GCF_023499275.1"",""GCF_023920145.1"",""GCF_024334065.1"",""GCF_024397795.1"",""GCF_024718545.1"",""GCF_025311495.1"",""GCF_025490915.1"",""GCF_025739325.1"",""GCF_025948295.1"",""GCF_026222675.1"",""GCF_028607025.1"",""GCF_028621815.1"",""GCF_028736235.1"",""GCF_029025825.1"",""GCF_029726355.1"",""GCF_029854335.1"",""GCF_029866985.1"",""GCF_030480545.1"",""GCF_030770265.1"",""GCF_030770295.1"",""GCF_030770335.1"",""GCF_032762665.1"",""GCF_033142085.1"",""GCF_033570435.1"",""GCF_034703025.1"",""GCF_035985965.1"",""GCF_036246165.1"",""GCF_036246185.1"",""GCF_036246225.1"",""GCF_036327715.1"",""GCF_037290055.1"",""GCF_037891785.1"",""GCF_037892375.1"",""GCF_038049945.1"",""GCF_039645515.1"",""GCF_039645575.1"",""GCF_039783225.1"",""GCF_039783785.1"",""GCF_039955095.1"",""GCF_041225485.1"",""GCF_041225605.1"",""GCF_041281755.1"",""GCF_041509385.1"",""GCF_041514285.1"",""GCF_041514295.1"",""GCF_041893975.1"",""GCF_042847315.1"",""GCF_042997415.1"",""GCF_045760565.1"",""GCF_045801155.1"",""GCF_045862825.1"",""GCF_046109915.1"",""GCF_047344935.1"",""GCF_050407965.1"",""GCF_050847345.1"",""GCF_051098045.1"",""GCF_052569745.1"",""GCF_052570115.1"",""GCF_052571685.1"",""GCF_054073565.1"",""GCF_054331775.1"",""GCF_054452875.2"",""GCF_054784775.1"",""GCF_054785075.1"",""GCF_055180435.1"",""GCF_055502585.1"",""GCF_055755075.1"",""GCF_056269605.1"",""GCF_056676095.1"",""GCF_057786735.1"",""GCF_058111805.1"",""GCF_059089415.1"",""GCF_060305805.1"",""GCF_060307215.1"",""GCF_900016205.1"",""GCF_900094835.1"",""GCF_900240275.1"",""GCF_900519455.1"",""GCF_900519475.1"",""GCF_900636965.1"",""GCF_903885985.1"",""GCF_903886345.1"",""GCF_903886475.1"",""GCF_903891025.1"",""GCF_903891205.1"",""GCF_947539375.1"",""GCF_963243495.1"",""GCF_963281025.1"",""GCF_964063315.1"",""GCF_965136965.1"",""GCF_965286035.1"",""GCF_965286295.1"",""GCF_965286585.1"",""GCF_982267005.1""]"	root/1/1/1/1/1/1/1/0/0/1/0/1/1/1/1/1/1	"[""root/1/1/1/1/1/1/1/0/0/1/0/1/1/1/1/1/1""]"	"[{""node"":""root/1/1/1/1/1/1/1/0/0/1/0/1/1/1/1/1/1"",""length_coalescent_units"":0.13273135881158082}]"	0.49943975225225223	0.3026041666666667	0.19795608108108106	2.497198761261261	1.5130208333333335	0.9897804054054054	0.5594601915229591	0.254658101577904	0.18588170689913688	384	5.0
4a7776cc36ff6234aef378a8bf42fdda445215665debfe59c426659fa72a1033	"[""GCF_000014385.1"",""GCF_020510245.1""]"	"[""GCF_000009425.1"",""GCF_000010145.1"",""GCF_000011045.1"",""GCF_000014425.1"",""GCF_000014445.1"",""GCF_000014505.1"",""GCF_000014545.1"",""GCF_000015385.1"",""GCF_000016825.1"",""GCF_000023085.1"",""GCF_000025045.1"",""GCF_000026405.1"",""GCF_000092505.1"",""GCF_000148815.2"",""GCF_000155515.2"",""GCF_000160835.1"",""GCF_000203855.3"",""GCF_000237995.1"",""GCF_000241055.1"",""GCF_000269925.1"",""GCF_000269945.1"",""GCF_000298875.1"",""GCF_000468955.1"",""GCF_000691805.2"",""GCF_001434365.1"",""GCF_001434705.1"",""GCF_001435245.1"",""GCF_001436135.1"",""GCF_001436905.1"",""GCF_001437055.1"",""GCF_001437425.1"",""GCF_001438705.1"",""GCF_001536305.1"",""GCF_001618285.1"",""GCF_001702215.1"",""GCF_001702235.1"",""GCF_001752505.1"",""GCF_001752515.1"",""GCF_001752545.1"",""GCF_001761545.1"",""GCF_001767275.1"",""GCF_001888925.1"",""GCF_001891125.1"",""GCF_001932615.1"",""GCF_001998805.1"",""GCF_002174215.1"",""GCF_002950695.1"",""GCF_002970915.1"",""GCF_002970935.1"",""GCF_003150935.1"",""GCF_003151025.1"",""GCF_003173695.1"",""GCF_003176835.1"",""GCF_003264795.1"",""GCF_003584685.1"",""GCF_003641185.1"",""GCF_003722275.1"",""GCF_003999355.1"",""GCF_004354645.1"",""GCF_004377635.1"",""GCF_005405405.1"",""GCF_005405465.1"",""GCF_007954605.1"",""GCF_007954785.1"",""GCF_008107645.1"",""GCF_008831485.1"",""GCF_009184845.1"",""GCF_009856565.1"",""GCF_009913655.1"",""GCF_009913995.1"",""GCF_009914015.1"",""GCF_009914035.1"",""GCF_010092385.1"",""GCF_011058775.1"",""GCF_011304355.1"",""GCF_013113695.1"",""GCF_013407595.1"",""GCF_014131735.1"",""GCF_014145545.1"",""GCF_014145555.1"",""GCF_014145615.1"",""GCF_014397255.1"",""GCF_014656585.1"",""GCF_014789145.1"",""GCF_016127255.1"",""GCF_016127815.1"",""GCF_016647595.1"",""GCF_016919665.1"",""GCF_017068355.1"",""GCF_017894345.1"",""GCF_018394055.1"",""GCF_018502505.1"",""GCF_019448175.1"",""GCF_019469265.1"",""GCF_019576155.1"",""GCF_019797825.1"",""GCF_020784695.1"",""GCF_020844005.1"",""GCF_021378055.1"",""GCF_023169905.1"",""GCF_023499275.1"",""GCF_023920145.1"",""GCF_024334065.1"",""GCF_024397795.1"",""GCF_024718545.1"",""GCF_025311495.1"",""GCF_025490915.1"",""GCF_025739325.1"",""GCF_025948295.1"",""GCF_026222675.1"",""GCF_028607025.1"",""GCF_028621815.1"",""GCF_028736235.1"",""GCF_029025825.1"",""GCF_029726355.1"",""GCF_029854335.1"",""GCF_029866985.1"",""GCF_030480545.1"",""GCF_030770265.1"",""GCF_030770295.1"",""GCF_030770335.1"",""GCF_032762665.1"",""GCF_033142085.1"",""GCF_033570435.1"",""GCF_034703025.1"",""GCF_035985965.1"",""GCF_036246165.1"",""GCF_036246185.1"",""GCF_036246225.1"",""GCF_036327715.1"",""GCF_037290055.1"",""GCF_037891785.1"",""GCF_037892375.1"",""GCF_038049945.1"",""GCF_039645515.1"",""GCF_039645575.1"",""GCF_039783225.1"",""GCF_039783785.1"",""GCF_039955095.1"",""GCF_041225485.1"",""GCF_041225605.1"",""GCF_041281755.1"",""GCF_041509385.1"",""GCF_041514285.1"",""GCF_041514295.1"",""GCF_041893975.1"",""GCF_042847315.1"",""GCF_042997415.1"",""GCF_045760565.1"",""GCF_045801155.1"",""GCF_045862825.1"",""GCF_046109915.1"",""GCF_047344935.1"",""GCF_050407965.1"",""GCF_050847345.1"",""GCF_051098045.1"",""GCF_052569745.1"",""GCF_052570115.1"",""GCF_052571685.1"",""GCF_054073565.1"",""GCF_054331775.1"",""GCF_054452875.2"",""GCF_054784775.1"",""GCF_054785075.1"",""GCF_055180435.1"",""GCF_055502585.1"",""GCF_055755075.1"",""GCF_056269605.1"",""GCF_056676095.1"",""GCF_057786735.1"",""GCF_058111805.1"",""GCF_059089415.1"",""GCF_060305805.1"",""GCF_060307215.1"",""GCF_900016205.1"",""GCF_900094835.1"",""GCF_900240275.1"",""GCF_900519455.1"",""GCF_900519475.1"",""GCF_900636965.1"",""GCF_903885985.1"",""GCF_903886345.1"",""GCF_903886475.1"",""GCF_903891025.1"",""GCF_903891205.1"",""GCF_947539375.1"",""GCF_963243495.1"",""GCF_963281025.1"",""GCF_964063315.1"",""GCF_965136965.1"",""GCF_965286035.1"",""GCF_965286295.1"",""GCF_965286585.1"",""GCF_982267005.1""]"	root/1/1/1/1/1/1/1/0/0/1/0/1/1/1/1/1/1/1	"[""root/1/1/1/1/1/1/1/0/0/1/0/1/1/1/1/1/1/1""]"	"[{""node"":""root/1/1/1/1/1/1/1/0/0/1/0/1/1/1/1/1/1/1"",""length_coalescent_units"":0.0}]"	0.4	0.39170984455958546	0.2082901554404145	2.0	1.9585492227979273	1.0414507772020725	0.40062883424244533	0.3877894574313069	0.2115817083262477	193	5.0
60a0d34d9fc8b8c1755fdadb8f2f3a2aeed056cd597a007d1ec2637a6a26282b	"[""GCF_000014425.1"",""GCF_000015385.1"",""GCF_001888925.1"",""GCF_003150935.1"",""GCF_003151025.1"",""GCF_003173695.1"",""GCF_003584685.1"",""GCF_003999355.1"",""GCF_008831485.1"",""GCF_011058775.1"",""GCF_014656585.1"",""GCF_016647595.1"",""GCF_017894345.1"",""GCF_019469265.1"",""GCF_024397795.1"",""GCF_042997415.1"",""GCF_046109915.1"",""GCF_055502585.1"",""GCF_947539375.1""]"	"[""GCF_000009425.1"",""GCF_000010145.1"",""GCF_000011045.1"",""GCF_000014385.1"",""GCF_000014445.1"",""GCF_000014505.1"",""GCF_000014545.1"",""GCF_000016825.1"",""GCF_000023085.1"",""GCF_000025045.1"",""GCF_000026405.1"",""GCF_000092505.1"",""GCF_000148815.2"",""GCF_000155515.2"",""GCF_000160835.1"",""GCF_000203855.3"",""GCF_000237995.1"",""GCF_000241055.1"",""GCF_000269925.1"",""GCF_000269945.1"",""GCF_000298875.1"",""GCF_000468955.1"",""GCF_000691805.2"",""GCF_001434365.1"",""GCF_001434705.1"",""GCF_001435245.1"",""GCF_001436135.1"",""GCF_001436905.1"",""GCF_001437055.1"",""GCF_001437425.1"",""GCF_001438705.1"",""GCF_001536305.1"",""GCF_001618285.1"",""GCF_001702215.1"",""GCF_001702235.1"",""GCF_001752505.1"",""GCF_001752515.1"",""GCF_001752545.1"",""GCF_001761545.1"",""GCF_001767275.1"",""GCF_001891125.1"",""GCF_001932615.1"",""GCF_001998805.1"",""GCF_002174215.1"",""GCF_002950695.1"",""GCF_002970915.1"",""GCF_002970935.1"",""GCF_003176835.1"",""GCF_003264795.1"",""GCF_003641185.1"",""GCF_003722275.1"",""GCF_004354645.1"",""GCF_004377635.1"",""GCF_005405405.1"",""GCF_005405465.1"",""GCF_007954605.1"",""GCF_007954785.1"",""GCF_008107645.1"",""GCF_009184845.1"",""GCF_009856565.1"",""GCF_009913655.1"",""GCF_009913995.1"",""GCF_009914015.1"",""GCF_009914035.1"",""GCF_010092385.1"",""GCF_011304355.1"",""GCF_013113695.1"",""GCF_013407595.1"",""GCF_014131735.1"",""GCF_014145545.1"",""GCF_014145555.1"",""GCF_014145615.1"",""GCF_014397255.1"",""GCF_014789145.1"",""GCF_016127255.1"",""GCF_016127815.1"",""GCF_016919665.1"",""GCF_017068355.1"",""GCF_018394055.1"",""GCF_018502505.1"",""GCF_019448175.1"",""GCF_019576155.1"",""GCF_019797825.1"",""GCF_020510245.1"",""GCF_020784695.1"",""GCF_020844005.1"",""GCF_021378055.1"",""GCF_023169905.1"",""GCF_023499275.1"",""GCF_023920145.1"",""GCF_024334065.1"",""GCF_024718545.1"",""GCF_025311495.1"",""GCF_025490915.1"",""GCF_025739325.1"",""GCF_025948295.1"",""GCF_026222675.1"",""GCF_028607025.1"",""GCF_028621815.1"",""GCF_028736235.1"",""GCF_029025825.1"",""GCF_029726355.1"",""GCF_029854335.1"",""GCF_029866985.1"",""GCF_030480545.1"",""GCF_030770265.1"",""GCF_030770295.1"",""GCF_030770335.1"",""GCF_032762665.1"",""GCF_033142085.1"",""GCF_033570435.1"",""GCF_034703025.1"",""GCF_035985965.1"",""GCF_036246165.1"",""GCF_036246185.1"",""GCF_036246225.1"",""GCF_036327715.1"",""GCF_037290055.1"",""GCF_037891785.1"",""GCF_037892375.1"",""GCF_038049945.1"",""GCF_039645515.1"",""GCF_039645575.1"",""GCF_039783225.1"",""GCF_039783785.1"",""GCF_039955095.1"",""GCF_041225485.1"",""GCF_041225605.1"",""GCF_041281755.1"",""GCF_041509385.1"",""GCF_041514285.1"",""GCF_041514295.1"",""GCF_041893975.1"",""GCF_042847315.1"",""GCF_045760565.1"",""GCF_045801155.1"",""GCF_045862825.1"",""GCF_047344935.1"",""GCF_050407965.1"",""GCF_050847345.1"",""GCF_051098045.1"",""GCF_052569745.1"",""GCF_052570115.1"",""GCF_052571685.1"",""GCF_054073565.1"",""GCF_054331775.1"",""GCF_054452875.2"",""GCF_054784775.1"",""GCF_054785075.1"",""GCF_055180435.1"",""GCF_055755075.1"",""GCF_056269605.1"",""GCF_056676095.1"",""GCF_057786735.1"",""GCF_058111805.1"",""GCF_059089415.1"",""GCF_060305805.1"",""GCF_060307215.1"",""GCF_900016205.1"",""GCF_900094835.1"",""GCF_900240275.1"",""GCF_900519455.1"",""GCF_900519475.1"",""GCF_900636965.1"",""GCF_903885985.1"",""GCF_903886345.1"",""GCF_903886475.1"",""GCF_903891025.1"",""GCF_903891205.1"",""GCF_963243495.1"",""GCF_963281025.1"",""GCF_964063315.1"",""GCF_965136965.1"",""GCF_965286035.1"",""GCF_965286295.1"",""GCF_965286585.1"",""GCF_982267005.1""]"	root/1/1/1/1/1/1/1/0/1/0/0	"[""root/1/1/1/1/1/1/1/0/1/0/0""]"	"[{""node"":""root/1/1/1/1/1/1/1/0/1/0/0"",""length_coalescent_units"":1.3862943611198908}]"	1.0	0.0	0.0	5.0	0.0	0.0	0.9945355191256833	0.002732240437158474	0.002732240437158474	210140	5.0
fc07ec5c01e719769bc0ec392c0a70a695ff09c72752db33bdf2c6e35b3f1083	"[""GCF_000014425.1"",""GCF_003584685.1""]"	"[""GCF_000009425.1"",""GCF_000010145.1"",""GCF_000011045.1"",""GCF_000014385.1"",""GCF_000014445.1"",""GCF_000014505.1"",""GCF_000014545.1"",""GCF_000015385.1"",""GCF_000016825.1"",""GCF_000023085.1"",""GCF_000025045.1"",""GCF_000026405.1"",""GCF_000092505.1"",""GCF_000148815.2"",""GCF_000155515.2"",""GCF_000160835.1"",""GCF_000203855.3"",""GCF_000237995.1"",""GCF_000241055.1"",""GCF_000269925.1"",""GCF_000269945.1"",""GCF_000298875.1"",""GCF_000468955.1"",""GCF_000691805.2"",""GCF_001434365.1"",""GCF_001434705.1"",""GCF_001435245.1"",""GCF_001436135.1"",""GCF_001436905.1"",""GCF_001437055.1"",""GCF_001437425.1"",""GCF_001438705.1"",""GCF_001536305.1"",""GCF_001618285.1"",""GCF_001702215.1"",""GCF_001702235.1"",""GCF_001752505.1"",""GCF_001752515.1"",""GCF_001752545.1"",""GCF_001761545.1"",""GCF_001767275.1"",""GCF_001888925.1"",""GCF_001891125.1"",""GCF_001932615.1"",""GCF_001998805.1"",""GCF_002174215.1"",""GCF_002950695.1"",""GCF_002970915.1"",""GCF_002970935.1"",""GCF_003150935.1"",""GCF_003151025.1"",""GCF_003173695.1"",""GCF_003176835.1"",""GCF_003264795.1"",""GCF_003641185.1"",""GCF_003722275.1"",""GCF_003999355.1"",""GCF_004354645.1"",""GCF_004377635.1"",""GCF_005405405.1"",""GCF_005405465.1"",""GCF_007954605.1"",""GCF_007954785.1"",""GCF_008107645.1"",""GCF_008831485.1"",""GCF_009184845.1"",""GCF_009856565.1"",""GCF_009913655.1"",""GCF_009913995.1"",""GCF_009914015.1"",""GCF_009914035.1"",""GCF_010092385.1"",""GCF_011058775.1"",""GCF_011304355.1"",""GCF_013113695.1"",""GCF_013407595.1"",""GCF_014131735.1"",""GCF_014145545.1"",""GCF_014145555.1"",""GCF_014145615.1"",""GCF_014397255.1"",""GCF_014656585.1"",""GCF_014789145.1"",""GCF_016127255.1"",""GCF_016127815.1"",""GCF_016647595.1"",""GCF_016919665.1"",""GCF_017068355.1"",""GCF_017894345.1"",""GCF_018394055.1"",""GCF_018502505.1"",""GCF_019448175.1"",""GCF_019469265.1"",""GCF_019576155.1"",""GCF_019797825.1"",""GCF_020510245.1"",""GCF_020784695.1"",""GCF_020844005.1"",""GCF_021378055.1"",""GCF_023169905.1"",""GCF_023499275.1"",""GCF_023920145.1"",""GCF_024334065.1"",""GCF_024397795.1"",""GCF_024718545.1"",""GCF_025311495.1"",""GCF_025490915.1"",""GCF_025739325.1"",""GCF_025948295.1"",""GCF_026222675.1"",""GCF_028607025.1"",""GCF_028621815.1"",""GCF_028736235.1"",""GCF_029025825.1"",""GCF_029726355.1"",""GCF_029854335.1"",""GCF_029866985.1"",""GCF_030480545.1"",""GCF_030770265.1"",""GCF_030770295.1"",""GCF_030770335.1"",""GCF_032762665.1"",""GCF_033142085.1"",""GCF_033570435.1"",""GCF_034703025.1"",""GCF_035985965.1"",""GCF_036246165.1"",""GCF_036246185.1"",""GCF_036246225.1"",""GCF_036327715.1"",""GCF_037290055.1"",""GCF_037891785.1"",""GCF_037892375.1"",""GCF_038049945.1"",""GCF_039645515.1"",""GCF_039645575.1"",""GCF_039783225.1"",""GCF_039783785.1"",""GCF_039955095.1"",""GCF_041225485.1"",""GCF_041225605.1"",""GCF_041281755.1"",""GCF_041509385.1"",""GCF_041514285.1"",""GCF_041514295.1"",""GCF_041893975.1"",""GCF_042847315.1"",""GCF_042997415.1"",""GCF_045760565.1"",""GCF_045801155.1"",""GCF_045862825.1"",""GCF_046109915.1"",""GCF_047344935.1"",""GCF_050407965.1"",""GCF_050847345.1"",""GCF_051098045.1"",""GCF_052569745.1"",""GCF_052570115.1"",""GCF_052571685.1"",""GCF_054073565.1"",""GCF_054331775.1"",""GCF_054452875.2"",""GCF_054784775.1"",""GCF_054785075.1"",""GCF_055180435.1"",""GCF_055502585.1"",""GCF_055755075.1"",""GCF_056269605.1"",""GCF_056676095.1"",""GCF_057786735.1"",""GCF_058111805.1"",""GCF_059089415.1"",""GCF_060305805.1"",""GCF_060307215.1"",""GCF_900016205.1"",""GCF_900094835.1"",""GCF_900240275.1"",""GCF_900519455.1"",""GCF_900519475.1"",""GCF_900636965.1"",""GCF_903885985.1"",""GCF_903886345.1"",""GCF_903886475.1"",""GCF_903891025.1"",""GCF_903891205.1"",""GCF_947539375.1"",""GCF_963243495.1"",""GCF_963281025.1"",""GCF_964063315.1"",""GCF_965136965.1"",""GCF_965286035.1"",""GCF_965286295.1"",""GCF_965286585.1"",""GCF_982267005.1""]"	root/1/1/1/1/1/1/1/0/1/0/0/0/1/1/1	"[""root/1/1/1/1/1/1/1/0/1/0/0/0/1/1/1""]"	"[{""node"":""root/1/1/1/1/1/1/1/0/1/0/0/0/1/1/1"",""length_coalescent_units"":1.381126390961448}]"	0.9989637305699481	0.0010362694300518134	0.0	4.994818652849741	0.0051813471502590676	0.0	0.9944453226983314	0.0027802288335152508	0.002774448468153247	193	5.0
c654cab4db85e236edd5c3999c2445267a253fe757f59a72eca3bedde827c47b	"[""GCF_000014425.1"",""GCF_003584685.1"",""GCF_011058775.1"",""GCF_017894345.1"",""GCF_947539375.1""]"	"[""GCF_000009425.1"",""GCF_000010145.1"",""GCF_000011045.1"",""GCF_000014385.1"",""GCF_000014445.1"",""GCF_000014505.1"",""GCF_000014545.1"",""GCF_000015385.1"",""GCF_000016825.1"",""GCF_000023085.1"",""GCF_000025045.1"",""GCF_000026405.1"",""GCF_000092505.1"",""GCF_000148815.2"",""GCF_000155515.2"",""GCF_000160835.1"",""GCF_000203855.3"",""GCF_000237995.1"",""GCF_000241055.1"",""GCF_000269925.1"",""GCF_000269945.1"",""GCF_000298875.1"",""GCF_000468955.1"",""GCF_000691805.2"",""GCF_001434365.1"",""GCF_001434705.1"",""GCF_001435245.1"",""GCF_001436135.1"",""GCF_001436905.1"",""GCF_001437055.1"",""GCF_001437425.1"",""GCF_001438705.1"",""GCF_001536305.1"",""GCF_001618285.1"",""GCF_001702215.1"",""GCF_001702235.1"",""GCF_001752505.1"",""GCF_001752515.1"",""GCF_001752545.1"",""GCF_001761545.1"",""GCF_001767275.1"",""GCF_001888925.1"",""GCF_001891125.1"",""GCF_001932615.1"",""GCF_001998805.1"",""GCF_002174215.1"",""GCF_002950695.1"",""GCF_002970915.1"",""GCF_002970935.1"",""GCF_003150935.1"",""GCF_003151025.1"",""GCF_003173695.1"",""GCF_003176835.1"",""GCF_003264795.1"",""GCF_003641185.1"",""GCF_003722275.1"",""GCF_003999355.1"",""GCF_004354645.1"",""GCF_004377635.1"",""GCF_005405405.1"",""GCF_005405465.1"",""GCF_007954605.1"",""GCF_007954785.1"",""GCF_008107645.1"",""GCF_008831485.1"",""GCF_009184845.1"",""GCF_009856565.1"",""GCF_009913655.1"",""GCF_009913995.1"",""GCF_009914015.1"",""GCF_009914035.1"",""GCF_010092385.1"",""GCF_011304355.1"",""GCF_013113695.1"",""GCF_013407595.1"",""GCF_014131735.1"",""GCF_014145545.1"",""GCF_014145555.1"",""GCF_014145615.1"",""GCF_014397255.1"",""GCF_014656585.1"",""GCF_014789145.1"",""GCF_016127255.1"",""GCF_016127815.1"",""GCF_016647595.1"",""GCF_016919665.1"",""GCF_017068355.1"",""GCF_018394055.1"",""GCF_018502505.1"",""GCF_019448175.1"",""GCF_019469265.1"",""GCF_019576155.1"",""GCF_019797825.1"",""GCF_020510245.1"",""GCF_020784695.1"",""GCF_020844005.1"",""GCF_021378055.1"",""GCF_023169905.1"",""GCF_023499275.1"",""GCF_023920145.1"",""GCF_024334065.1"",""GCF_024397795.1"",""GCF_024718545.1"",""GCF_025311495.1"",""GCF_025490915.1"",""GCF_025739325.1"",""GCF_025948295.1"",""GCF_026222675.1"",""GCF_028607025.1"",""GCF_028621815.1"",""GCF_028736235.1"",""GCF_029025825.1"",""GCF_029726355.1"",""GCF_029854335.1"",""GCF_029866985.1"",""GCF_030480545.1"",""GCF_030770265.1"",""GCF_030770295.1"",""GCF_030770335.1"",""GCF_032762665.1"",""GCF_033142085.1"",""GCF_033570435.1"",""GCF_034703025.1"",""GCF_035985965.1"",""GCF_036246165.1"",""GCF_036246185.1"",""GCF_036246225.1"",""GCF_036327715.1"",""GCF_037290055.1"",""GCF_037891785.1"",""GCF_037892375.1"",""GCF_038049945.1"",""GCF_039645515.1"",""GCF_039645575.1"",""GCF_039783225.1"",""GCF_039783785.1"",""GCF_039955095.1"",""GCF_041225485.1"",""GCF_041225605.1"",""GCF_041281755.1"",""GCF_041509385.1"",""GCF_041514285.1"",""GCF_041514295.1"",""GCF_041893975.1"",""GCF_042847315.1"",""GCF_042997415.1"",""GCF_045760565.1"",""GCF_045801155.1"",""GCF_045862825.1"",""GCF_046109915.1"",""GCF_047344935.1"",""GCF_050407965.1"",""GCF_050847345.1"",""GCF_051098045.1"",""GCF_052569745.1"",""GCF_052570115.1"",""GCF_052571685.1"",""GCF_054073565.1"",""GCF_054331775.1"",""GCF_054452875.2"",""GCF_054784775.1"",""GCF_054785075.1"",""GCF_055180435.1"",""GCF_055502585.1"",""GCF_055755075.1"",""GCF_056269605.1"",""GCF_056676095.1"",""GCF_057786735.1"",""GCF_058111805.1"",""GCF_059089415.1"",""GCF_060305805.1"",""GCF_060307215.1"",""GCF_900016205.1"",""GCF_900094835.1"",""GCF_900240275.1"",""GCF_900519455.1"",""GCF_900519475.1"",""GCF_900636965.1"",""GCF_903885985.1"",""GCF_903886345.1"",""GCF_903886475.1"",""GCF_903891025.1"",""GCF_903891205.1"",""GCF_963243495.1"",""GCF_963281025.1"",""GCF_964063315.1"",""GCF_965136965.1"",""GCF_965286035.1"",""GCF_965286295.1"",""GCF_965286585.1"",""GCF_982267005.1""]"	root/1/1/1/1/1/1/1/0/1/0/0/0	"[""root/1/1/1/1/1/1/1/0/1/0/0/0""]"	"[{""node"":""root/1/1/1/1/1/1/1/0/1/0/0/0"",""length_coalescent_units"":0.6931471805599453}]"	0.8	0.0	0.2	4.0	0.0	1.0	0.9322916666666666	0.026041666666666696	0.0416666666666667	9912	5.0
31ac9202a99dbda48972804167269766df814def32b2e72867ec33f0ee925bd9	"[""GCF_000014425.1"",""GCF_003584685.1"",""GCF_017894345.1"",""GCF_947539375.1""]"	"[""GCF_000009425.1"",""GCF_000010145.1"",""GCF_000011045.1"",""GCF_000014385.1"",""GCF_000014445.1"",""GCF_000014505.1"",""GCF_000014545.1"",""GCF_000015385.1"",""GCF_000016825.1"",""GCF_000023085.1"",""GCF_000025045.1"",""GCF_000026405.1"",""GCF_000092505.1"",""GCF_000148815.2"",""GCF_000155515.2"",""GCF_000160835.1"",""GCF_000203855.3"",""GCF_000237995.1"",""GCF_000241055.1"",""GCF_000269925.1"",""GCF_000269945.1"",""GCF_000298875.1"",""GCF_000468955.1"",""GCF_000691805.2"",""GCF_001434365.1"",""GCF_001434705.1"",""GCF_001435245.1"",""GCF_001436135.1"",""GCF_001436905.1"",""GCF_001437055.1"",""GCF_001437425.1"",""GCF_001438705.1"",""GCF_001536305.1"",""GCF_001618285.1"",""GCF_001702215.1"",""GCF_001702235.1"",""GCF_001752505.1"",""GCF_001752515.1"",""GCF_001752545.1"",""GCF_001761545.1"",""GCF_001767275.1"",""GCF_001888925.1"",""GCF_001891125.1"",""GCF_001932615.1"",""GCF_001998805.1"",""GCF_002174215.1"",""GCF_002950695.1"",""GCF_002970915.1"",""GCF_002970935.1"",""GCF_003150935.1"",""GCF_003151025.1"",""GCF_003173695.1"",""GCF_003176835.1"",""GCF_003264795.1"",""GCF_003641185.1"",""GCF_003722275.1"",""GCF_003999355.1"",""GCF_004354645.1"",""GCF_004377635.1"",""GCF_005405405.1"",""GCF_005405465.1"",""GCF_007954605.1"",""GCF_007954785.1"",""GCF_008107645.1"",""GCF_008831485.1"",""GCF_009184845.1"",""GCF_009856565.1"",""GCF_009913655.1"",""GCF_009913995.1"",""GCF_009914015.1"",""GCF_009914035.1"",""GCF_010092385.1"",""GCF_011058775.1"",""GCF_011304355.1"",""GCF_013113695.1"",""GCF_013407595.1"",""GCF_014131735.1"",""GCF_014145545.1"",""GCF_014145555.1"",""GCF_014145615.1"",""GCF_014397255.1"",""GCF_014656585.1"",""GCF_014789145.1"",""GCF_016127255.1"",""GCF_016127815.1"",""GCF_016647595.1"",""GCF_016919665.1"",""GCF_017068355.1"",""GCF_018394055.1"",""GCF_018502505.1"",""GCF_019448175.1"",""GCF_019469265.1"",""GCF_019576155.1"",""GCF_019797825.1"",""GCF_020510245.1"",""GCF_020784695.1"",""GCF_020844005.1"",""GCF_021378055.1"",""GCF_023169905.1"",""GCF_023499275.1"",""GCF_023920145.1"",""GCF_024334065.1"",""GCF_024397795.1"",""GCF_024718545.1"",""GCF_025311495.1"",""GCF_025490915.1"",""GCF_025739325.1"",""GCF_025948295.1"",""GCF_026222675.1"",""GCF_028607025.1"",""GCF_028621815.1"",""GCF_028736235.1"",""GCF_029025825.1"",""GCF_029726355.1"",""GCF_029854335.1"",""GCF_029866985.1"",""GCF_030480545.1"",""GCF_030770265.1"",""GCF_030770295.1"",""GCF_030770335.1"",""GCF_032762665.1"",""GCF_033142085.1"",""GCF_033570435.1"",""GCF_034703025.1"",""GCF_035985965.1"",""GCF_036246165.1"",""GCF_036246185.1"",""GCF_036246225.1"",""GCF_036327715.1"",""GCF_037290055.1"",""GCF_037891785.1"",""GCF_037892375.1"",""GCF_038049945.1"",""GCF_039645515.1"",""GCF_039645575.1"",""GCF_039783225.1"",""GCF_039783785.1"",""GCF_039955095.1"",""GCF_041225485.1"",""GCF_041225605.1"",""GCF_041281755.1"",""GCF_041509385.1"",""GCF_041514285.1"",""GCF_041514295.1"",""GCF_041893975.1"",""GCF_042847315.1"",""GCF_042997415.1"",""GCF_045760565.1"",""GCF_045801155.1"",""GCF_045862825.1"",""GCF_046109915.1"",""GCF_047344935.1"",""GCF_050407965.1"",""GCF_050847345.1"",""GCF_051098045.1"",""GCF_052569745.1"",""GCF_052570115.1"",""GCF_052571685.1"",""GCF_054073565.1"",""GCF_054331775.1"",""GCF_054452875.2"",""GCF_054784775.1"",""GCF_054785075.1"",""GCF_055180435.1"",""GCF_055502585.1"",""GCF_055755075.1"",""GCF_056269605.1"",""GCF_056676095.1"",""GCF_057786735.1"",""GCF_058111805.1"",""GCF_059089415.1"",""GCF_060305805.1"",""GCF_060307215.1"",""GCF_900016205.1"",""GCF_900094835.1"",""GCF_900240275.1"",""GCF_900519455.1"",""GCF_900519475.1"",""GCF_900636965.1"",""GCF_903885985.1"",""GCF_903886345.1"",""GCF_903886475.1"",""GCF_903891025.1"",""GCF_903891205.1"",""GCF_963243495.1"",""GCF_963281025.1"",""GCF_964063315.1"",""GCF_965136965.1"",""GCF_965286035.1"",""GCF_965286295.1"",""GCF_965286585.1"",""GCF_982267005.1""]"	root/1/1/1/1/1/1/1/0/1/0/0/0/1	"[""root/1/1/1/1/1/1/1/0/1/0/0/0/1""]"	"[{""node"":""root/1/1/1/1/1/1/1/0/1/0/0/0/1"",""length_coalescent_units"":1.3862943611198908}]"	1.0	0.0	0.0	5.0	0.0	0.0	0.9945355191256833	0.002732240437158474	0.002732240437158474	573	5.0
bbf8a9aa40eb9489c9463fbf1366561d2a51a2613596c3d71ed682376c1d6b21	"[""GCF_000014425.1"",""GCF_003584685.1"",""GCF_947539375.1""]"	"[""GCF_000009425.1"",""GCF_000010145.1"",""GCF_000011045.1"",""GCF_000014385.1"",""GCF_000014445.1"",""GCF_000014505.1"",""GCF_000014545.1"",""GCF_000015385.1"",""GCF_000016825.1"",""GCF_000023085.1"",""GCF_000025045.1"",""GCF_000026405.1"",""GCF_000092505.1"",""GCF_000148815.2"",""GCF_000155515.2"",""GCF_000160835.1"",""GCF_000203855.3"",""GCF_000237995.1"",""GCF_000241055.1"",""GCF_000269925.1"",""GCF_000269945.1"",""GCF_000298875.1"",""GCF_000468955.1"",""GCF_000691805.2"",""GCF_001434365.1"",""GCF_001434705.1"",""GCF_001435245.1"",""GCF_001436135.1"",""GCF_001436905.1"",""GCF_001437055.1"",""GCF_001437425.1"",""GCF_001438705.1"",""GCF_001536305.1"",""GCF_001618285.1"",""GCF_001702215.1"",""GCF_001702235.1"",""GCF_001752505.1"",""GCF_001752515.1"",""GCF_001752545.1"",""GCF_001761545.1"",""GCF_001767275.1"",""GCF_001888925.1"",""GCF_001891125.1"",""GCF_001932615.1"",""GCF_001998805.1"",""GCF_002174215.1"",""GCF_002950695.1"",""GCF_002970915.1"",""GCF_002970935.1"",""GCF_003150935.1"",""GCF_003151025.1"",""GCF_003173695.1"",""GCF_003176835.1"",""GCF_003264795.1"",""GCF_003641185.1"",""GCF_003722275.1"",""GCF_003999355.1"",""GCF_004354645.1"",""GCF_004377635.1"",""GCF_005405405.1"",""GCF_005405465.1"",""GCF_007954605.1"",""GCF_007954785.1"",""GCF_008107645.1"",""GCF_008831485.1"",""GCF_009184845.1"",""GCF_009856565.1"",""GCF_009913655.1"",""GCF_009913995.1"",""GCF_009914015.1"",""GCF_009914035.1"",""GCF_010092385.1"",""GCF_011058775.1"",""GCF_011304355.1"",""GCF_013113695.1"",""GCF_013407595.1"",""GCF_014131735.1"",""GCF_014145545.1"",""GCF_014145555.1"",""GCF_014145615.1"",""GCF_014397255.1"",""GCF_014656585.1"",""GCF_014789145.1"",""GCF_016127255.1"",""GCF_016127815.1"",""GCF_016647595.1"",""GCF_016919665.1"",""GCF_017068355.1"",""GCF_017894345.1"",""GCF_018394055.1"",""GCF_018502505.1"",""GCF_019448175.1"",""GCF_019469265.1"",""GCF_019576155.1"",""GCF_019797825.1"",""GCF_020510245.1"",""GCF_020784695.1"",""GCF_020844005.1"",""GCF_021378055.1"",""GCF_023169905.1"",""GCF_023499275.1"",""GCF_023920145.1"",""GCF_024334065.1"",""GCF_024397795.1"",""GCF_024718545.1"",""GCF_025311495.1"",""GCF_025490915.1"",""GCF_025739325.1"",""GCF_025948295.1"",""GCF_026222675.1"",""GCF_028607025.1"",""GCF_028621815.1"",""GCF_028736235.1"",""GCF_029025825.1"",""GCF_029726355.1"",""GCF_029854335.1"",""GCF_029866985.1"",""GCF_030480545.1"",""GCF_030770265.1"",""GCF_030770295.1"",""GCF_030770335.1"",""GCF_032762665.1"",""GCF_033142085.1"",""GCF_033570435.1"",""GCF_034703025.1"",""GCF_035985965.1"",""GCF_036246165.1"",""GCF_036246185.1"",""GCF_036246225.1"",""GCF_036327715.1"",""GCF_037290055.1"",""GCF_037891785.1"",""GCF_037892375.1"",""GCF_038049945.1"",""GCF_039645515.1"",""GCF_039645575.1"",""GCF_039783225.1"",""GCF_039783785.1"",""GCF_039955095.1"",""GCF_041225485.1"",""GCF_041225605.1"",""GCF_041281755.1"",""GCF_041509385.1"",""GCF_041514285.1"",""GCF_041514295.1"",""GCF_041893975.1"",""GCF_042847315.1"",""GCF_042997415.1"",""GCF_045760565.1"",""GCF_045801155.1"",""GCF_045862825.1"",""GCF_046109915.1"",""GCF_047344935.1"",""GCF_050407965.1"",""GCF_050847345.1"",""GCF_051098045.1"",""GCF_052569745.1"",""GCF_052570115.1"",""GCF_052571685.1"",""GCF_054073565.1"",""GCF_054331775.1"",""GCF_054452875.2"",""GCF_054784775.1"",""GCF_054785075.1"",""GCF_055180435.1"",""GCF_055502585.1"",""GCF_055755075.1"",""GCF_056269605.1"",""GCF_056676095.1"",""GCF_057786735.1"",""GCF_058111805.1"",""GCF_059089415.1"",""GCF_060305805.1"",""GCF_060307215.1"",""GCF_900016205.1"",""GCF_900094835.1"",""GCF_900240275.1"",""GCF_900519455.1"",""GCF_900519475.1"",""GCF_900636965.1"",""GCF_903885985.1"",""GCF_903886345.1"",""GCF_903886475.1"",""GCF_903891025.1"",""GCF_903891205.1"",""GCF_963243495.1"",""GCF_963281025.1"",""GCF_964063315.1"",""GCF_965136965.1"",""GCF_965286035.1"",""GCF_965286295.1"",""GCF_965286585.1"",""GCF_982267005.1""]"	root/1/1/1/1/1/1/1/0/1/0/0/0/1/1	"[""root/1/1/1/1/1/1/1/0/1/0/0/0/1/1""]"	"[{""node"":""root/1/1/1/1/1/1/1/0/1/0/0/0/1/1"",""length_coalescent_units"":0.2876820724517809}]"	0.6	0.2	0.2	3.0	1.0	1.0	0.7192982456140349	0.14035087719298256	0.14035087719298256	384	5.0
a31b692e6dcc1ea5b7b9f16a9114435eff93dc1cf99783d8cce7384c5fe5e679	"[""GCF_000014445.1"",""GCF_000026405.1"",""GCF_000092505.1"",""GCF_000298875.1"",""GCF_001536305.1"",""GCF_001891125.1"",""GCF_001998805.1"",""GCF_004354645.1"",""GCF_007954605.1"",""GCF_007954785.1"",""GCF_008107645.1"",""GCF_016127255.1"",""GCF_045801155.1"",""GCF_047344935.1"",""GCF_058111805.1"",""GCF_900016205.1"",""GCF_964063315.1"",""GCF_965286035.1"",""GCF_982267005.1""]"	"[""GCF_000009425.1"",""GCF_000010145.1"",""GCF_000011045.1"",""GCF_000014385.1"",""GCF_000014425.1"",""GCF_000014505.1"",""GCF_000014545.1"",""GCF_000015385.1"",""GCF_000016825.1"",""GCF_000023085.1"",""GCF_000025045.1"",""GCF_000148815.2"",""GCF_000155515.2"",""GCF_000160835.1"",""GCF_000203855.3"",""GCF_000237995.1"",""GCF_000241055.1"",""GCF_000269925.1"",""GCF_000269945.1"",""GCF_000468955.1"",""GCF_000691805.2"",""GCF_001434365.1"",""GCF_001434705.1"",""GCF_001435245.1"",""GCF_001436135.1"",""GCF_001436905.1"",""GCF_001437055.1"",""GCF_001437425.1"",""GCF_001438705.1"",""GCF_001618285.1"",""GCF_001702215.1"",""GCF_001702235.1"",""GCF_001752505.1"",""GCF_001752515.1"",""GCF_001752545.1"",""GCF_001761545.1"",""GCF_001767275.1"",""GCF_001888925.1"",""GCF_001932615.1"",""GCF_002174215.1"",""GCF_002950695.1"",""GCF_002970915.1"",""GCF_002970935.1"",""GCF_003150935.1"",""GCF_003151025.1"",""GCF_003173695.1"",""GCF_003176835.1"",""GCF_003264795.1"",""GCF_003584685.1"",""GCF_003641185.1"",""GCF_003722275.1"",""GCF_003999355.1"",""GCF_004377635.1"",""GCF_005405405.1"",""GCF_005405465.1"",""GCF_008831485.1"",""GCF_009184845.1"",""GCF_009856565.1"",""GCF_009913655.1"",""GCF_009913995.1"",""GCF_009914015.1"",""GCF_009914035.1"",""GCF_010092385.1"",""GCF_011058775.1"",""GCF_011304355.1"",""GCF_013113695.1"",""GCF_013407595.1"",""GCF_014131735.1"",""GCF_014145545.1"",""GCF_014145555.1"",""GCF_014145615.1"",""GCF_014397255.1"",""GCF_014656585.1"",""GCF_014789145.1"",""GCF_016127815.1"",""GCF_016647595.1"",""GCF_016919665.1"",""GCF_017068355.1"",""GCF_017894345.1"",""GCF_018394055.1"",""GCF_018502505.1"",""GCF_019448175.1"",""GCF_019469265.1"",""GCF_019576155.1"",""GCF_019797825.1"",""GCF_020510245.1"",""GCF_020784695.1"",""GCF_020844005.1"",""GCF_021378055.1"",""GCF_023169905.1"",""GCF_023499275.1"",""GCF_023920145.1"",""GCF_024334065.1"",""GCF_024397795.1"",""GCF_024718545.1"",""GCF_025311495.1"",""GCF_025490915.1"",""GCF_025739325.1"",""GCF_025948295.1"",""GCF_026222675.1"",""GCF_028607025.1"",""GCF_028621815.1"",""GCF_028736235.1"",""GCF_029025825.1"",""GCF_029726355.1"",""GCF_029854335.1"",""GCF_029866985.1"",""GCF_030480545.1"",""GCF_030770265.1"",""GCF_030770295.1"",""GCF_030770335.1"",""GCF_032762665.1"",""GCF_033142085.1"",""GCF_033570435.1"",""GCF_034703025.1"",""GCF_035985965.1"",""GCF_036246165.1"",""GCF_036246185.1"",""GCF_036246225.1"",""GCF_036327715.1"",""GCF_037290055.1"",""GCF_037891785.1"",""GCF_037892375.1"",""GCF_038049945.1"",""GCF_039645515.1"",""GCF_039645575.1"",""GCF_039783225.1"",""GCF_039783785.1"",""GCF_039955095.1"",""GCF_041225485.1"",""GCF_041225605.1"",""GCF_041281755.1"",""GCF_041509385.1"",""GCF_041514285.1"",""GCF_041514295.1"",""GCF_041893975.1"",""GCF_042847315.1"",""GCF_042997415.1"",""GCF_045760565.1"",""GCF_045862825.1"",""GCF_046109915.1"",""GCF_050407965.1"",""GCF_050847345.1"",""GCF_051098045.1"",""GCF_052569745.1"",""GCF_052570115.1"",""GCF_052571685.1"",""GCF_054073565.1"",""GCF_054331775.1"",""GCF_054452875.2"",""GCF_054784775.1"",""GCF_054785075.1"",""GCF_055180435.1"",""GCF_055502585.1"",""GCF_055755075.1"",""GCF_056269605.1"",""GCF_056676095.1"",""GCF_057786735.1"",""GCF_059089415.1"",""GCF_060305805.1"",""GCF_060307215.1"",""GCF_900094835.1"",""GCF_900240275.1"",""GCF_900519455.1"",""GCF_900519475.1"",""GCF_900636965.1"",""GCF_903885985.1"",""GCF_903886345.1"",""GCF_903886475.1"",""GCF_903891025.1"",""GCF_903891205.1"",""GCF_947539375.1"",""GCF_963243495.1"",""GCF_963281025.1"",""GCF_965136965.1"",""GCF_965286295.1"",""GCF_965286585.1""]"	root/1/1/1/1/1/1/1/0/0/1/1	"[""root/1/1/1/1/1/1/1/0/0/1/1""]"	"[{""node"":""root/1/1/1/1/1/1/1/0/0/1/1"",""length_coalescent_units"":1.3862943611198908}]"	1.0	0.0	0.0	5.0	0.0	0.0	0.9945355191256833	0.002732240437158474	0.002732240437158474	43740	5.0
1b31519da4d7d67ab1358e160eed5c3f588172132cfff6399da4d405c09ac5fb	"[""GCF_000014445.1"",""GCF_000026405.1"",""GCF_000092505.1"",""GCF_000298875.1"",""GCF_001536305.1"",""GCF_001891125.1"",""GCF_001998805.1"",""GCF_007954605.1"",""GCF_007954785.1"",""GCF_008107645.1"",""GCF_016127255.1"",""GCF_045801155.1"",""GCF_047344935.1"",""GCF_058111805.1"",""GCF_900016205.1"",""GCF_964063315.1"",""GCF_965286035.1"",""GCF_982267005.1""]"	"[""GCF_000009425.1"",""GCF_000010145.1"",""GCF_000011045.1"",""GCF_000014385.1"",""GCF_000014425.1"",""GCF_000014505.1"",""GCF_000014545.1"",""GCF_000015385.1"",""GCF_000016825.1"",""GCF_000023085.1"",""GCF_000025045.1"",""GCF_000148815.2"",""GCF_000155515.2"",""GCF_000160835.1"",""GCF_000203855.3"",""GCF_000237995.1"",""GCF_000241055.1"",""GCF_000269925.1"",""GCF_000269945.1"",""GCF_000468955.1"",""GCF_000691805.2"",""GCF_001434365.1"",""GCF_001434705.1"",""GCF_001435245.1"",""GCF_001436135.1"",""GCF_001436905.1"",""GCF_001437055.1"",""GCF_001437425.1"",""GCF_001438705.1"",""GCF_001618285.1"",""GCF_001702215.1"",""GCF_001702235.1"",""GCF_001752505.1"",""GCF_001752515.1"",""GCF_001752545.1"",""GCF_001761545.1"",""GCF_001767275.1"",""GCF_001888925.1"",""GCF_001932615.1"",""GCF_002174215.1"",""GCF_002950695.1"",""GCF_002970915.1"",""GCF_002970935.1"",""GCF_003150935.1"",""GCF_003151025.1"",""GCF_003173695.1"",""GCF_003176835.1"",""GCF_003264795.1"",""GCF_003584685.1"",""GCF_003641185.1"",""GCF_003722275.1"",""GCF_003999355.1"",""GCF_004354645.1"",""GCF_004377635.1"",""GCF_005405405.1"",""GCF_005405465.1"",""GCF_008831485.1"",""GCF_009184845.1"",""GCF_009856565.1"",""GCF_009913655.1"",""GCF_009913995.1"",""GCF_009914015.1"",""GCF_009914035.1"",""GCF_010092385.1"",""GCF_011058775.1"",""GCF_011304355.1"",""GCF_013113695.1"",""GCF_013407595.1"",""GCF_014131735.1"",""GCF_014145545.1"",""GCF_014145555.1"",""GCF_014145615.1"",""GCF_014397255.1"",""GCF_014656585.1"",""GCF_014789145.1"",""GCF_016127815.1"",""GCF_016647595.1"",""GCF_016919665.1"",""GCF_017068355.1"",""GCF_017894345.1"",""GCF_018394055.1"",""GCF_018502505.1"",""GCF_019448175.1"",""GCF_019469265.1"",""GCF_019576155.1"",""GCF_019797825.1"",""GCF_020510245.1"",""GCF_020784695.1"",""GCF_020844005.1"",""GCF_021378055.1"",""GCF_023169905.1"",""GCF_023499275.1"",""GCF_023920145.1"",""GCF_024334065.1"",""GCF_024397795.1"",""GCF_024718545.1"",""GCF_025311495.1"",""GCF_025490915.1"",""GCF_025739325.1"",""GCF_025948295.1"",""GCF_026222675.1"",""GCF_028607025.1"",""GCF_028621815.1"",""GCF_028736235.1"",""GCF_029025825.1"",""GCF_029726355.1"",""GCF_029854335.1"",""GCF_029866985.1"",""GCF_030480545.1"",""GCF_030770265.1"",""GCF_030770295.1"",""GCF_030770335.1"",""GCF_032762665.1"",""GCF_033142085.1"",""GCF_033570435.1"",""GCF_034703025.1"",""GCF_035985965.1"",""GCF_036246165.1"",""GCF_036246185.1"",""GCF_036246225.1"",""GCF_036327715.1"",""GCF_037290055.1"",""GCF_037891785.1"",""GCF_037892375.1"",""GCF_038049945.1"",""GCF_039645515.1"",""GCF_039645575.1"",""GCF_039783225.1"",""GCF_039783785.1"",""GCF_039955095.1"",""GCF_041225485.1"",""GCF_041225605.1"",""GCF_041281755.1"",""GCF_041509385.1"",""GCF_041514285.1"",""GCF_041514295.1"",""GCF_041893975.1"",""GCF_042847315.1"",""GCF_042997415.1"",""GCF_045760565.1"",""GCF_045862825.1"",""GCF_046109915.1"",""GCF_050407965.1"",""GCF_050847345.1"",""GCF_051098045.1"",""GCF_052569745.1"",""GCF_052570115.1"",""GCF_052571685.1"",""GCF_054073565.1"",""GCF_054331775.1"",""GCF_054452875.2"",""GCF_054784775.1"",""GCF_054785075.1"",""GCF_055180435.1"",""GCF_055502585.1"",""GCF_055755075.1"",""GCF_056269605.1"",""GCF_056676095.1"",""GCF_057786735.1"",""GCF_059089415.1"",""GCF_060305805.1"",""GCF_060307215.1"",""GCF_900094835.1"",""GCF_900240275.1"",""GCF_900519455.1"",""GCF_900519475.1"",""GCF_900636965.1"",""GCF_903885985.1"",""GCF_903886345.1"",""GCF_903886475.1"",""GCF_903891025.1"",""GCF_903891205.1"",""GCF_947539375.1"",""GCF_963243495.1"",""GCF_963281025.1"",""GCF_965136965.1"",""GCF_965286295.1"",""GCF_965286585.1""]"	root/1/1/1/1/1/1/1/0/0/1/1/1	"[""root/1/1/1/1/1/1/1/0/0/1/1/1""]"	"[{""node"":""root/1/1/1/1/1/1/1/0/0/1/1/1"",""length_coalescent_units"":0.2135741002980589}]"	0.5538461538461539	0.37777777777777777	0.06837606837606838	2.769230769230769	1.8888888888888888	0.3418803418803419	0.6123777050162669	0.2756452803694318	0.11197701461430137	11505	5.0
576a59174392773e817611c3b5f5d1349dcfe8382942db2f6f052cd42f5977d8	"[""GCF_000014445.1"",""GCF_001891125.1"",""GCF_008107645.1"",""GCF_047344935.1"",""GCF_058111805.1""]"	"[""GCF_000009425.1"",""GCF_000010145.1"",""GCF_000011045.1"",""GCF_000014385.1"",""GCF_000014425.1"",""GCF_000014505.1"",""GCF_000014545.1"",""GCF_000015385.1"",""GCF_000016825.1"",""GCF_000023085.1"",""GCF_000025045.1"",""GCF_000026405.1"",""GCF_000092505.1"",""GCF_000148815.2"",""GCF_000155515.2"",""GCF_000160835.1"",""GCF_000203855.3"",""GCF_000237995.1"",""GCF_000241055.1"",""GCF_000269925.1"",""GCF_000269945.1"",""GCF_000298875.1"",""GCF_000468955.1"",""GCF_000691805.2"",""GCF_001434365.1"",""GCF_001434705.1"",""GCF_001435245.1"",""GCF_001436135.1"",""GCF_001436905.1"",""GCF_001437055.1"",""GCF_001437425.1"",""GCF_001438705.1"",""GCF_001536305.1"",""GCF_001618285.1"",""GCF_001702215.1"",""GCF_001702235.1"",""GCF_001752505.1"",""GCF_001752515.1"",""GCF_001752545.1"",""GCF_001761545.1"",""GCF_001767275.1"",""GCF_001888925.1"",""GCF_001932615.1"",""GCF_001998805.1"",""GCF_002174215.1"",""GCF_002950695.1"",""GCF_002970915.1"",""GCF_002970935.1"",""GCF_003150935.1"",""GCF_003151025.1"",""GCF_003173695.1"",""GCF_003176835.1"",""GCF_003264795.1"",""GCF_003584685.1"",""GCF_003641185.1"",""GCF_003722275.1"",""GCF_003999355.1"",""GCF_004354645.1"",""GCF_004377635.1"",""GCF_005405405.1"",""GCF_005405465.1"",""GCF_007954605.1"",""GCF_007954785.1"",""GCF_008831485.1"",""GCF_009184845.1"",""GCF_009856565.1"",""GCF_009913655.1"",""GCF_009913995.1"",""GCF_009914015.1"",""GCF_009914035.1"",""GCF_010092385.1"",""GCF_011058775.1"",""GCF_011304355.1"",""GCF_013113695.1"",""GCF_013407595.1"",""GCF_014131735.1"",""GCF_014145545.1"",""GCF_014145555.1"",""GCF_014145615.1"",""GCF_014397255.1"",""GCF_014656585.1"",""GCF_014789145.1"",""GCF_016127255.1"",""GCF_016127815.1"",""GCF_016647595.1"",""GCF_016919665.1"",""GCF_017068355.1"",""GCF_017894345.1"",""GCF_018394055.1"",""GCF_018502505.1"",""GCF_019448175.1"",""GCF_019469265.1"",""GCF_019576155.1"",""GCF_019797825.1"",""GCF_020510245.1"",""GCF_020784695.1"",""GCF_020844005.1"",""GCF_021378055.1"",""GCF_023169905.1"",""GCF_023499275.1"",""GCF_023920145.1"",""GCF_024334065.1"",""GCF_024397795.1"",""GCF_024718545.1"",""GCF_025311495.1"",""GCF_025490915.1"",""GCF_025739325.1"",""GCF_025948295.1"",""GCF_026222675.1"",""GCF_028607025.1"",""GCF_028621815.1"",""GCF_028736235.1"",""GCF_029025825.1"",""GCF_029726355.1"",""GCF_029854335.1"",""GCF_029866985.1"",""GCF_030480545.1"",""GCF_030770265.1"",""GCF_030770295.1"",""GCF_030770335.1"",""GCF_032762665.1"",""GCF_033142085.1"",""GCF_033570435.1"",""GCF_034703025.1"",""GCF_035985965.1"",""GCF_036246165.1"",""GCF_036246185.1"",""GCF_036246225.1"",""GCF_036327715.1"",""GCF_037290055.1"",""GCF_037891785.1"",""GCF_037892375.1"",""GCF_038049945.1"",""GCF_039645515.1"",""GCF_039645575.1"",""GCF_039783225.1"",""GCF_039783785.1"",""GCF_039955095.1"",""GCF_041225485.1"",""GCF_041225605.1"",""GCF_041281755.1"",""GCF_041509385.1"",""GCF_041514285.1"",""GCF_041514295.1"",""GCF_041893975.1"",""GCF_042847315.1"",""GCF_042997415.1"",""GCF_045760565.1"",""GCF_045801155.1"",""GCF_045862825.1"",""GCF_046109915.1"",""GCF_050407965.1"",""GCF_050847345.1"",""GCF_051098045.1"",""GCF_052569745.1"",""GCF_052570115.1"",""GCF_052571685.1"",""GCF_054073565.1"",""GCF_054331775.1"",""GCF_054452875.2"",""GCF_054784775.1"",""GCF_054785075.1"",""GCF_055180435.1"",""GCF_055502585.1"",""GCF_055755075.1"",""GCF_056269605.1"",""GCF_056676095.1"",""GCF_057786735.1"",""GCF_059089415.1"",""GCF_060305805.1"",""GCF_060307215.1"",""GCF_900016205.1"",""GCF_900094835.1"",""GCF_900240275.1"",""GCF_900519455.1"",""GCF_900519475.1"",""GCF_900636965.1"",""GCF_903885985.1"",""GCF_903886345.1"",""GCF_903886475.1"",""GCF_903891025.1"",""GCF_903891205.1"",""GCF_947539375.1"",""GCF_963243495.1"",""GCF_963281025.1"",""GCF_964063315.1"",""GCF_965136965.1"",""GCF_965286035.1"",""GCF_965286295.1"",""GCF_965286585.1"",""GCF_982267005.1""]"	root/1/1/1/1/1/1/1/0/0/1/1/1/0	"[""root/1/1/1/1/1/1/1/0/0/1/1/1/0""]"	"[{""node"":""root/1/1/1/1/1/1/1/0/0/1/1/1/0"",""length_coalescent_units"":1.3862943611198908}]"	1.0	0.0	0.0	5.0	0.0	0.0	0.9945355191256833	0.002732240437158474	0.002732240437158474	9256	5.0
950ddb40ae3c4fd6c8b07bb8478471398733220c1e8a83a5e0796823ef7e4cdf	"[""GCF_000014445.1"",""GCF_001891125.1"",""GCF_047344935.1"",""GCF_058111805.1""]"	"[""GCF_000009425.1"",""GCF_000010145.1"",""GCF_000011045.1"",""GCF_000014385.1"",""GCF_000014425.1"",""GCF_000014505.1"",""GCF_000014545.1"",""GCF_000015385.1"",""GCF_000016825.1"",""GCF_000023085.1"",""GCF_000025045.1"",""GCF_000026405.1"",""GCF_000092505.1"",""GCF_000148815.2"",""GCF_000155515.2"",""GCF_000160835.1"",""GCF_000203855.3"",""GCF_000237995.1"",""GCF_000241055.1"",""GCF_000269925.1"",""GCF_000269945.1"",""GCF_000298875.1"",""GCF_000468955.1"",""GCF_000691805.2"",""GCF_001434365.1"",""GCF_001434705.1"",""GCF_001435245.1"",""GCF_001436135.1"",""GCF_001436905.1"",""GCF_001437055.1"",""GCF_001437425.1"",""GCF_001438705.1"",""GCF_001536305.1"",""GCF_001618285.1"",""GCF_001702215.1"",""GCF_001702235.1"",""GCF_001752505.1"",""GCF_001752515.1"",""GCF_001752545.1"",""GCF_001761545.1"",""GCF_001767275.1"",""GCF_001888925.1"",""GCF_001932615.1"",""GCF_001998805.1"",""GCF_002174215.1"",""GCF_002950695.1"",""GCF_002970915.1"",""GCF_002970935.1"",""GCF_003150935.1"",""GCF_003151025.1"",""GCF_003173695.1"",""GCF_003176835.1"",""GCF_003264795.1"",""GCF_003584685.1"",""GCF_003641185.1"",""GCF_003722275.1"",""GCF_003999355.1"",""GCF_004354645.1"",""GCF_004377635.1"",""GCF_005405405.1"",""GCF_005405465.1"",""GCF_007954605.1"",""GCF_007954785.1"",""GCF_008107645.1"",""GCF_008831485.1"",""GCF_009184845.1"",""GCF_009856565.1"",""GCF_009913655.1"",""GCF_009913995.1"",""GCF_009914015.1"",""GCF_009914035.1"",""GCF_010092385.1"",""GCF_011058775.1"",""GCF_011304355.1"",""GCF_013113695.1"",""GCF_013407595.1"",""GCF_014131735.1"",""GCF_014145545.1"",""GCF_014145555.1"",""GCF_014145615.1"",""GCF_014397255.1"",""GCF_014656585.1"",""GCF_014789145.1"",""GCF_016127255.1"",""GCF_016127815.1"",""GCF_016647595.1"",""GCF_016919665.1"",""GCF_017068355.1"",""GCF_017894345.1"",""GCF_018394055.1"",""GCF_018502505.1"",""GCF_019448175.1"",""GCF_019469265.1"",""GCF_019576155.1"",""GCF_019797825.1"",""GCF_020510245.1"",""GCF_020784695.1"",""GCF_020844005.1"",""GCF_021378055.1"",""GCF_023169905.1"",""GCF_023499275.1"",""GCF_023920145.1"",""GCF_024334065.1"",""GCF_024397795.1"",""GCF_024718545.1"",""GCF_025311495.1"",""GCF_025490915.1"",""GCF_025739325.1"",""GCF_025948295.1"",""GCF_026222675.1"",""GCF_028607025.1"",""GCF_028621815.1"",""GCF_028736235.1"",""GCF_029025825.1"",""GCF_029726355.1"",""GCF_029854335.1"",""GCF_029866985.1"",""GCF_030480545.1"",""GCF_030770265.1"",""GCF_030770295.1"",""GCF_030770335.1"",""GCF_032762665.1"",""GCF_033142085.1"",""GCF_033570435.1"",""GCF_034703025.1"",""GCF_035985965.1"",""GCF_036246165.1"",""GCF_036246185.1"",""GCF_036246225.1"",""GCF_036327715.1"",""GCF_037290055.1"",""GCF_037891785.1"",""GCF_037892375.1"",""GCF_038049945.1"",""GCF_039645515.1"",""GCF_039645575.1"",""GCF_039783225.1"",""GCF_039783785.1"",""GCF_039955095.1"",""GCF_041225485.1"",""GCF_041225605.1"",""GCF_041281755.1"",""GCF_041509385.1"",""GCF_041514285.1"",""GCF_041514295.1"",""GCF_041893975.1"",""GCF_042847315.1"",""GCF_042997415.1"",""GCF_045760565.1"",""GCF_045801155.1"",""GCF_045862825.1"",""GCF_046109915.1"",""GCF_050407965.1"",""GCF_050847345.1"",""GCF_051098045.1"",""GCF_052569745.1"",""GCF_052570115.1"",""GCF_052571685.1"",""GCF_054073565.1"",""GCF_054331775.1"",""GCF_054452875.2"",""GCF_054784775.1"",""GCF_054785075.1"",""GCF_055180435.1"",""GCF_055502585.1"",""GCF_055755075.1"",""GCF_056269605.1"",""GCF_056676095.1"",""GCF_057786735.1"",""GCF_059089415.1"",""GCF_060305805.1"",""GCF_060307215.1"",""GCF_900016205.1"",""GCF_900094835.1"",""GCF_900240275.1"",""GCF_900519455.1"",""GCF_900519475.1"",""GCF_900636965.1"",""GCF_903885985.1"",""GCF_903886345.1"",""GCF_903886475.1"",""GCF_903891025.1"",""GCF_903891205.1"",""GCF_947539375.1"",""GCF_963243495.1"",""GCF_963281025.1"",""GCF_964063315.1"",""GCF_965136965.1"",""GCF_965286035.1"",""GCF_965286295.1"",""GCF_965286585.1"",""GCF_982267005.1""]"	root/1/1/1/1/1/1/1/0/0/1/1/1/0/1	"[""root/1/1/1/1/1/1/1/0/0/1/1/1/0/1""]"	"[{""node"":""root/1/1/1/1/1/1/1/0/0/1/1/1/0/1"",""length_coalescent_units"":0.5108256237659905}]"	0.75	0.0	0.25	3.0	0.0	1.0	0.8405797101449276	0.057971014492753666	0.1014492753623188	764	4.0
ab79aa2d40c2d9d634cbb9fcb4fe5afd50c1e90559a410de510f114072a63d1a	"[""GCF_000014445.1"",""GCF_047344935.1""]"	"[""GCF_000009425.1"",""GCF_000010145.1"",""GCF_000011045.1"",""GCF_000014385.1"",""GCF_000014425.1"",""GCF_000014505.1"",""GCF_000014545.1"",""GCF_000015385.1"",""GCF_000016825.1"",""GCF_000023085.1"",""GCF_000025045.1"",""GCF_000026405.1"",""GCF_000092505.1"",""GCF_000148815.2"",""GCF_000155515.2"",""GCF_000160835.1"",""GCF_000203855.3"",""GCF_000237995.1"",""GCF_000241055.1"",""GCF_000269925.1"",""GCF_000269945.1"",""GCF_000298875.1"",""GCF_000468955.1"",""GCF_000691805.2"",""GCF_001434365.1"",""GCF_001434705.1"",""GCF_001435245.1"",""GCF_001436135.1"",""GCF_001436905.1"",""GCF_001437055.1"",""GCF_001437425.1"",""GCF_001438705.1"",""GCF_001536305.1"",""GCF_001618285.1"",""GCF_001702215.1"",""GCF_001702235.1"",""GCF_001752505.1"",""GCF_001752515.1"",""GCF_001752545.1"",""GCF_001761545.1"",""GCF_001767275.1"",""GCF_001888925.1"",""GCF_001891125.1"",""GCF_001932615.1"",""GCF_001998805.1"",""GCF_002174215.1"",""GCF_002950695.1"",""GCF_002970915.1"",""GCF_002970935.1"",""GCF_003150935.1"",""GCF_003151025.1"",""GCF_003173695.1"",""GCF_003176835.1"",""GCF_003264795.1"",""GCF_003584685.1"",""GCF_003641185.1"",""GCF_003722275.1"",""GCF_003999355.1"",""GCF_004354645.1"",""GCF_004377635.1"",""GCF_005405405.1"",""GCF_005405465.1"",""GCF_007954605.1"",""GCF_007954785.1"",""GCF_008107645.1"",""GCF_008831485.1"",""GCF_009184845.1"",""GCF_009856565.1"",""GCF_009913655.1"",""GCF_009913995.1"",""GCF_009914015.1"",""GCF_009914035.1"",""GCF_010092385.1"",""GCF_011058775.1"",""GCF_011304355.1"",""GCF_013113695.1"",""GCF_013407595.1"",""GCF_014131735.1"",""GCF_014145545.1"",""GCF_014145555.1"",""GCF_014145615.1"",""GCF_014397255.1"",""GCF_014656585.1"",""GCF_014789145.1"",""GCF_016127255.1"",""GCF_016127815.1"",""GCF_016647595.1"",""GCF_016919665.1"",""GCF_017068355.1"",""GCF_017894345.1"",""GCF_018394055.1"",""GCF_018502505.1"",""GCF_019448175.1"",""GCF_019469265.1"",""GCF_019576155.1"",""GCF_019797825.1"",""GCF_020510245.1"",""GCF_020784695.1"",""GCF_020844005.1"",""GCF_021378055.1"",""GCF_023169905.1"",""GCF_023499275.1"",""GCF_023920145.1"",""GCF_024334065.1"",""GCF_024397795.1"",""GCF_024718545.1"",""GCF_025311495.1"",""GCF_025490915.1"",""GCF_025739325.1"",""GCF_025948295.1"",""GCF_026222675.1"",""GCF_028607025.1"",""GCF_028621815.1"",""GCF_028736235.1"",""GCF_029025825.1"",""GCF_029726355.1"",""GCF_029854335.1"",""GCF_029866985.1"",""GCF_030480545.1"",""GCF_030770265.1"",""GCF_030770295.1"",""GCF_030770335.1"",""GCF_032762665.1"",""GCF_033142085.1"",""GCF_033570435.1"",""GCF_034703025.1"",""GCF_035985965.1"",""GCF_036246165.1"",""GCF_036246185.1"",""GCF_036246225.1"",""GCF_036327715.1"",""GCF_037290055.1"",""GCF_037891785.1"",""GCF_037892375.1"",""GCF_038049945.1"",""GCF_039645515.1"",""GCF_039645575.1"",""GCF_039783225.1"",""GCF_039783785.1"",""GCF_039955095.1"",""GCF_041225485.1"",""GCF_041225605.1"",""GCF_041281755.1"",""GCF_041509385.1"",""GCF_041514285.1"",""GCF_041514295.1"",""GCF_041893975.1"",""GCF_042847315.1"",""GCF_042997415.1"",""GCF_045760565.1"",""GCF_045801155.1"",""GCF_045862825.1"",""GCF_046109915.1"",""GCF_050407965.1"",""GCF_050847345.1"",""GCF_051098045.1"",""GCF_052569745.1"",""GCF_052570115.1"",""GCF_052571685.1"",""GCF_054073565.1"",""GCF_054331775.1"",""GCF_054452875.2"",""GCF_054784775.1"",""GCF_054785075.1"",""GCF_055180435.1"",""GCF_055502585.1"",""GCF_055755075.1"",""GCF_056269605.1"",""GCF_056676095.1"",""GCF_057786735.1"",""GCF_058111805.1"",""GCF_059089415.1"",""GCF_060305805.1"",""GCF_060307215.1"",""GCF_900016205.1"",""GCF_900094835.1"",""GCF_900240275.1"",""GCF_900519455.1"",""GCF_900519475.1"",""GCF_900636965.1"",""GCF_903885985.1"",""GCF_903886345.1"",""GCF_903886475.1"",""GCF_903891025.1"",""GCF_903891205.1"",""GCF_947539375.1"",""GCF_963243495.1"",""GCF_963281025.1"",""GCF_964063315.1"",""GCF_965136965.1"",""GCF_965286035.1"",""GCF_965286295.1"",""GCF_965286585.1"",""GCF_982267005.1""]"	root/1/1/1/1/1/1/1/0/0/1/1/1/0/1/0	"[""root/1/1/1/1/1/1/1/0/0/1/1/1/0/1/0""]"	"[{""node"":""root/1/1/1/1/1/1/1/0/0/1/1/1/0/1/0"",""length_coalescent_units"":1.2039728043259361}]"	1.0	0.0	0.0	4.0	0.0	0.0	0.9837398373983739	0.008130081300813014	0.008130081300813014	384	4.0
6535efe8c5d6ef96803dcca3ef13ab86fb9cb716e45580479669c24ef13aca15	"[""GCF_000014505.1"",""GCF_000023085.1"",""GCF_000148815.2"",""GCF_000203855.3"",""GCF_000237995.1"",""GCF_001436905.1"",""GCF_001702215.1"",""GCF_001702235.1"",""GCF_001767275.1"",""GCF_002174215.1"",""GCF_002970915.1"",""GCF_002970935.1"",""GCF_003641185.1"",""GCF_005405405.1"",""GCF_009913655.1"",""GCF_009913995.1"",""GCF_009914015.1"",""GCF_009914035.1"",""GCF_010092385.1"",""GCF_014131735.1"",""GCF_016127815.1"",""GCF_019448175.1"",""GCF_021378055.1"",""GCF_026222675.1"",""GCF_028621815.1"",""GCF_029025825.1"",""GCF_029854335.1"",""GCF_034703025.1"",""GCF_036246165.1"",""GCF_036246185.1"",""GCF_037290055.1"",""GCF_045862825.1"",""GCF_050407965.1"",""GCF_050847345.1"",""GCF_051098045.1"",""GCF_055755075.1"",""GCF_059089415.1"",""GCF_963243495.1"",""GCF_965136965.1"",""GCF_965286295.1""]"	"[""GCF_000009425.1"",""GCF_000010145.1"",""GCF_000011045.1"",""GCF_000014385.1"",""GCF_000014425.1"",""GCF_000014445.1"",""GCF_000014545.1"",""GCF_000015385.1"",""GCF_000016825.1"",""GCF_000025045.1"",""GCF_000026405.1"",""GCF_000092505.1"",""GCF_000155515.2"",""GCF_000160835.1"",""GCF_000241055.1"",""GCF_000269925.1"",""GCF_000269945.1"",""GCF_000298875.1"",""GCF_000468955.1"",""GCF_000691805.2"",""GCF_001434365.1"",""GCF_001434705.1"",""GCF_001435245.1"",""GCF_001436135.1"",""GCF_001437055.1"",""GCF_001437425.1"",""GCF_001438705.1"",""GCF_001536305.1"",""GCF_001618285.1"",""GCF_001752505.1"",""GCF_001752515.1"",""GCF_001752545.1"",""GCF_001761545.1"",""GCF_001888925.1"",""GCF_001891125.1"",""GCF_001932615.1"",""GCF_001998805.1"",""GCF_002950695.1"",""GCF_003150935.1"",""GCF_003151025.1"",""GCF_003173695.1"",""GCF_003176835.1"",""GCF_003264795.1"",""GCF_003584685.1"",""GCF_003722275.1"",""GCF_003999355.1"",""GCF_004354645.1"",""GCF_004377635.1"",""GCF_005405465.1"",""GCF_007954605.1"",""GCF_007954785.1"",""GCF_008107645.1"",""GCF_008831485.1"",""GCF_009184845.1"",""GCF_009856565.1"",""GCF_011058775.1"",""GCF_011304355.1"",""GCF_013113695.1"",""GCF_013407595.1"",""GCF_014145545.1"",""GCF_014145555.1"",""GCF_014145615.1"",""GCF_014397255.1"",""GCF_014656585.1"",""GCF_014789145.1"",""GCF_016127255.1"",""GCF_016647595.1"",""GCF_016919665.1"",""GCF_017068355.1"",""GCF_017894345.1"",""GCF_018394055.1"",""GCF_018502505.1"",""GCF_019469265.1"",""GCF_019576155.1"",""GCF_019797825.1"",""GCF_020510245.1"",""GCF_020784695.1"",""GCF_020844005.1"",""GCF_023169905.1"",""GCF_023499275.1"",""GCF_023920145.1"",""GCF_024334065.1"",""GCF_024397795.1"",""GCF_024718545.1"",""GCF_025311495.1"",""GCF_025490915.1"",""GCF_025739325.1"",""GCF_025948295.1"",""GCF_028607025.1"",""GCF_028736235.1"",""GCF_029726355.1"",""GCF_029866985.1"",""GCF_030480545.1"",""GCF_030770265.1"",""GCF_030770295.1"",""GCF_030770335.1"",""GCF_032762665.1"",""GCF_033142085.1"",""GCF_033570435.1"",""GCF_035985965.1"",""GCF_036246225.1"",""GCF_036327715.1"",""GCF_037891785.1"",""GCF_037892375.1"",""GCF_038049945.1"",""GCF_039645515.1"",""GCF_039645575.1"",""GCF_039783225.1"",""GCF_039783785.1"",""GCF_039955095.1"",""GCF_041225485.1"",""GCF_041225605.1"",""GCF_041281755.1"",""GCF_041509385.1"",""GCF_041514285.1"",""GCF_041514295.1"",""GCF_041893975.1"",""GCF_042847315.1"",""GCF_042997415.1"",""GCF_045760565.1"",""GCF_045801155.1"",""GCF_046109915.1"",""GCF_047344935.1"",""GCF_052569745.1"",""GCF_052570115.1"",""GCF_052571685.1"",""GCF_054073565.1"",""GCF_054331775.1"",""GCF_054452875.2"",""GCF_054784775.1"",""GCF_054785075.1"",""GCF_055180435.1"",""GCF_055502585.1"",""GCF_056269605.1"",""GCF_056676095.1"",""GCF_057786735.1"",""GCF_058111805.1"",""GCF_060305805.1"",""GCF_060307215.1"",""GCF_900016205.1"",""GCF_900094835.1"",""GCF_900240275.1"",""GCF_900519455.1"",""GCF_900519475.1"",""GCF_900636965.1"",""GCF_903885985.1"",""GCF_903886345.1"",""GCF_903886475.1"",""GCF_903891025.1"",""GCF_903891205.1"",""GCF_947539375.1"",""GCF_963281025.1"",""GCF_964063315.1"",""GCF_965286035.1"",""GCF_965286585.1"",""GCF_982267005.1""]"	root/1/1/1/1/1/1/1/0/1/1/1	"[""root/1/1/1/1/1/1/1/0/1/1/1""]"	"[{""node"":""root/1/1/1/1/1/1/1/0/1/1/1"",""length_coalescent_units"":0.42401851600391216}]"	0.6764705882352942	0.12632010943912447	0.1972093023255814	3.3823529411764706	0.6316005471956224	0.986046511627907	0.8215675388701575	0.08107161430901821	0.09736084682082427	1077120	5.0
c56534ee0ccac9d5f4cec2baefde0cfe0aeeac659eeeefe140e814ce3d18ad90	"[""GCF_000014505.1"",""GCF_000237995.1"",""GCF_001436905.1"",""GCF_001702215.1"",""GCF_001702235.1"",""GCF_001767275.1"",""GCF_002174215.1"",""GCF_009913995.1"",""GCF_009914015.1"",""GCF_009914035.1"",""GCF_010092385.1"",""GCF_016127815.1"",""GCF_019448175.1"",""GCF_021378055.1"",""GCF_028621815.1"",""GCF_034703025.1"",""GCF_055755075.1"",""GCF_059089415.1""]"	"[""GCF_000009425.1"",""GCF_000010145.1"",""GCF_000011045.1"",""GCF_000014385.1"",""GCF_000014425.1"",""GCF_000014445.1"",""GCF_000014545.1"",""GCF_000015385.1"",""GCF_000016825.1"",""GCF_000023085.1"",""GCF_000025045.1"",""GCF_000026405.1"",""GCF_000092505.1"",""GCF_000148815.2"",""GCF_000155515.2"",""GCF_000160835.1"",""GCF_000203855.3"",""GCF_000241055.1"",""GCF_000269925.1"",""GCF_000269945.1"",""GCF_000298875.1"",""GCF_000468955.1"",""GCF_000691805.2"",""GCF_001434365.1"",""GCF_001434705.1"",""GCF_001435245.1"",""GCF_001436135.1"",""GCF_001437055.1"",""GCF_001437425.1"",""GCF_001438705.1"",""GCF_001536305.1"",""GCF_001618285.1"",""GCF_001752505.1"",""GCF_001752515.1"",""GCF_001752545.1"",""GCF_001761545.1"",""GCF_001888925.1"",""GCF_001891125.1"",""GCF_001932615.1"",""GCF_001998805.1"",""GCF_002950695.1"",""GCF_002970915.1"",""GCF_002970935.1"",""GCF_003150935.1"",""GCF_003151025.1"",""GCF_003173695.1"",""GCF_003176835.1"",""GCF_003264795.1"",""GCF_003584685.1"",""GCF_003641185.1"",""GCF_003722275.1"",""GCF_003999355.1"",""GCF_004354645.1"",""GCF_004377635.1"",""GCF_005405405.1"",""GCF_005405465.1"",""GCF_007954605.1"",""GCF_007954785.1"",""GCF_008107645.1"",""GCF_008831485.1"",""GCF_009184845.1"",""GCF_009856565.1"",""GCF_009913655.1"",""GCF_011058775.1"",""GCF_011304355.1"",""GCF_013113695.1"",""GCF_013407595.1"",""GCF_014131735.1"",""GCF_014145545.1"",""GCF_014145555.1"",""GCF_014145615.1"",""GCF_014397255.1"",""GCF_014656585.1"",""GCF_014789145.1"",""GCF_016127255.1"",""GCF_016647595.1"",""GCF_016919665.1"",""GCF_017068355.1"",""GCF_017894345.1"",""GCF_018394055.1"",""GCF_018502505.1"",""GCF_019469265.1"",""GCF_019576155.1"",""GCF_019797825.1"",""GCF_020510245.1"",""GCF_020784695.1"",""GCF_020844005.1"",""GCF_023169905.1"",""GCF_023499275.1"",""GCF_023920145.1"",""GCF_024334065.1"",""GCF_024397795.1"",""GCF_024718545.1"",""GCF_025311495.1"",""GCF_025490915.1"",""GCF_025739325.1"",""GCF_025948295.1"",""GCF_026222675.1"",""GCF_028607025.1"",""GCF_028736235.1"",""GCF_029025825.1"",""GCF_029726355.1"",""GCF_029854335.1"",""GCF_029866985.1"",""GCF_030480545.1"",""GCF_030770265.1"",""GCF_030770295.1"",""GCF_030770335.1"",""GCF_032762665.1"",""GCF_033142085.1"",""GCF_033570435.1"",""GCF_035985965.1"",""GCF_036246165.1"",""GCF_036246185.1"",""GCF_036246225.1"",""GCF_036327715.1"",""GCF_037290055.1"",""GCF_037891785.1"",""GCF_037892375.1"",""GCF_038049945.1"",""GCF_039645515.1"",""GCF_039645575.1"",""GCF_039783225.1"",""GCF_039783785.1"",""GCF_039955095.1"",""GCF_041225485.1"",""GCF_041225605.1"",""GCF_041281755.1"",""GCF_041509385.1"",""GCF_041514285.1"",""GCF_041514295.1"",""GCF_041893975.1"",""GCF_042847315.1"",""GCF_042997415.1"",""GCF_045760565.1"",""GCF_045801155.1"",""GCF_045862825.1"",""GCF_046109915.1"",""GCF_047344935.1"",""GCF_050407965.1"",""GCF_050847345.1"",""GCF_051098045.1"",""GCF_052569745.1"",""GCF_052570115.1"",""GCF_052571685.1"",""GCF_054073565.1"",""GCF_054331775.1"",""GCF_054452875.2"",""GCF_054784775.1"",""GCF_054785075.1"",""GCF_055180435.1"",""GCF_055502585.1"",""GCF_056269605.1"",""GCF_056676095.1"",""GCF_057786735.1"",""GCF_058111805.1"",""GCF_060305805.1"",""GCF_060307215.1"",""GCF_900016205.1"",""GCF_900094835.1"",""GCF_900240275.1"",""GCF_900519455.1"",""GCF_900519475.1"",""GCF_900636965.1"",""GCF_903885985.1"",""GCF_903886345.1"",""GCF_903886475.1"",""GCF_903891025.1"",""GCF_903891205.1"",""GCF_947539375.1"",""GCF_963243495.1"",""GCF_963281025.1"",""GCF_964063315.1"",""GCF_965136965.1"",""GCF_965286035.1"",""GCF_965286295.1"",""GCF_965286585.1"",""GCF_982267005.1""]"	root/1/1/1/1/1/1/1/0/1/1/1/0	"[""root/1/1/1/1/1/1/1/0/1/1/1/0""]"	"[{""node"":""root/1/1/1/1/1/1/1/0/1/1/1/0"",""length_coalescent_units"":1.3862943611198908}]"	1.0	0.0	0.0	5.0	0.0	0.0	0.9945355191256833	0.002732240437158474	0.002732240437158474	192192	5.0
aff82ffafd9535c68088c90362da4bfc5b760322b19aa38d2283eb46f65cdfae	"[""GCF_000014505.1"",""GCF_001767275.1"",""GCF_002174215.1"",""GCF_009913995.1"",""GCF_009914015.1"",""GCF_009914035.1"",""GCF_010092385.1"",""GCF_016127815.1"",""GCF_019448175.1"",""GCF_021378055.1"",""GCF_028621815.1"",""GCF_034703025.1"",""GCF_055755075.1"",""GCF_059089415.1""]"	"[""GCF_000009425.1"",""GCF_000010145.1"",""GCF_000011045.1"",""GCF_000014385.1"",""GCF_000014425.1"",""GCF_000014445.1"",""GCF_000014545.1"",""GCF_000015385.1"",""GCF_000016825.1"",""GCF_000023085.1"",""GCF_000025045.1"",""GCF_000026405.1"",""GCF_000092505.1"",""GCF_000148815.2"",""GCF_000155515.2"",""GCF_000160835.1"",""GCF_000203855.3"",""GCF_000237995.1"",""GCF_000241055.1"",""GCF_000269925.1"",""GCF_000269945.1"",""GCF_000298875.1"",""GCF_000468955.1"",""GCF_000691805.2"",""GCF_001434365.1"",""GCF_001434705.1"",""GCF_001435245.1"",""GCF_001436135.1"",""GCF_001436905.1"",""GCF_001437055.1"",""GCF_001437425.1"",""GCF_001438705.1"",""GCF_001536305.1"",""GCF_001618285.1"",""GCF_001702215.1"",""GCF_001702235.1"",""GCF_001752505.1"",""GCF_001752515.1"",""GCF_001752545.1"",""GCF_001761545.1"",""GCF_001888925.1"",""GCF_001891125.1"",""GCF_001932615.1"",""GCF_001998805.1"",""GCF_002950695.1"",""GCF_002970915.1"",""GCF_002970935.1"",""GCF_003150935.1"",""GCF_003151025.1"",""GCF_003173695.1"",""GCF_003176835.1"",""GCF_003264795.1"",""GCF_003584685.1"",""GCF_003641185.1"",""GCF_003722275.1"",""GCF_003999355.1"",""GCF_004354645.1"",""GCF_004377635.1"",""GCF_005405405.1"",""GCF_005405465.1"",""GCF_007954605.1"",""GCF_007954785.1"",""GCF_008107645.1"",""GCF_008831485.1"",""GCF_009184845.1"",""GCF_009856565.1"",""GCF_009913655.1"",""GCF_011058775.1"",""GCF_011304355.1"",""GCF_013113695.1"",""GCF_013407595.1"",""GCF_014131735.1"",""GCF_014145545.1"",""GCF_014145555.1"",""GCF_014145615.1"",""GCF_014397255.1"",""GCF_014656585.1"",""GCF_014789145.1"",""GCF_016127255.1"",""GCF_016647595.1"",""GCF_016919665.1"",""GCF_017068355.1"",""GCF_017894345.1"",""GCF_018394055.1"",""GCF_018502505.1"",""GCF_019469265.1"",""GCF_019576155.1"",""GCF_019797825.1"",""GCF_020510245.1"",""GCF_020784695.1"",""GCF_020844005.1"",""GCF_023169905.1"",""GCF_023499275.1"",""GCF_023920145.1"",""GCF_024334065.1"",""GCF_024397795.1"",""GCF_024718545.1"",""GCF_025311495.1"",""GCF_025490915.1"",""GCF_025739325.1"",""GCF_025948295.1"",""GCF_026222675.1"",""GCF_028607025.1"",""GCF_028736235.1"",""GCF_029025825.1"",""GCF_029726355.1"",""GCF_029854335.1"",""GCF_029866985.1"",""GCF_030480545.1"",""GCF_030770265.1"",""GCF_030770295.1"",""GCF_030770335.1"",""GCF_032762665.1"",""GCF_033142085.1"",""GCF_033570435.1"",""GCF_035985965.1"",""GCF_036246165.1"",""GCF_036246185.1"",""GCF_036246225.1"",""GCF_036327715.1"",""GCF_037290055.1"",""GCF_037891785.1"",""GCF_037892375.1"",""GCF_038049945.1"",""GCF_039645515.1"",""GCF_039645575.1"",""GCF_039783225.1"",""GCF_039783785.1"",""GCF_039955095.1"",""GCF_041225485.1"",""GCF_041225605.1"",""GCF_041281755.1"",""GCF_041509385.1"",""GCF_041514285.1"",""GCF_041514295.1"",""GCF_041893975.1"",""GCF_042847315.1"",""GCF_042997415.1"",""GCF_045760565.1"",""GCF_045801155.1"",""GCF_045862825.1"",""GCF_046109915.1"",""GCF_047344935.1"",""GCF_050407965.1"",""GCF_050847345.1"",""GCF_051098045.1"",""GCF_052569745.1"",""GCF_052570115.1"",""GCF_052571685.1"",""GCF_054073565.1"",""GCF_054331775.1"",""GCF_054452875.2"",""GCF_054784775.1"",""GCF_054785075.1"",""GCF_055180435.1"",""GCF_055502585.1"",""GCF_056269605.1"",""GCF_056676095.1"",""GCF_057786735.1"",""GCF_058111805.1"",""GCF_060305805.1"",""GCF_060307215.1"",""GCF_900016205.1"",""GCF_900094835.1"",""GCF_900240275.1"",""GCF_900519455.1"",""GCF_900519475.1"",""GCF_900636965.1"",""GCF_903885985.1"",""GCF_903886345.1"",""GCF_903886475.1"",""GCF_903891025.1"",""GCF_903891205.1"",""GCF_947539375.1"",""GCF_963243495.1"",""GCF_963281025.1"",""GCF_964063315.1"",""GCF_965136965.1"",""GCF_965286035.1"",""GCF_965286295.1"",""GCF_965286585.1"",""GCF_982267005.1""]"	root/1/1/1/1/1/1/1/0/1/1/1/0/1	"[""root/1/1/1/1/1/1/1/0/1/1/1/0/1""]"	"[{""node"":""root/1/1/1/1/1/1/1/0/1/1/1/0/1"",""length_coalescent_units"":1.3862943611198908}]"	1.0	0.0	0.0	5.0	0.0	0.0	0.9945355191256833	0.002732240437158474	0.002732240437158474	34176	5.0
09c2da81d7f383c051c164d4e6c26e214f48fcab9ebf184a9a3c226ee9cd4df0	"[""GCF_000014505.1"",""GCF_009913995.1"",""GCF_009914015.1"",""GCF_009914035.1"",""GCF_021378055.1"",""GCF_055755075.1""]"	"[""GCF_000009425.1"",""GCF_000010145.1"",""GCF_000011045.1"",""GCF_000014385.1"",""GCF_000014425.1"",""GCF_000014445.1"",""GCF_000014545.1"",""GCF_000015385.1"",""GCF_000016825.1"",""GCF_000023085.1"",""GCF_000025045.1"",""GCF_000026405.1"",""GCF_000092505.1"",""GCF_000148815.2"",""GCF_000155515.2"",""GCF_000160835.1"",""GCF_000203855.3"",""GCF_000237995.1"",""GCF_000241055.1"",""GCF_000269925.1"",""GCF_000269945.1"",""GCF_000298875.1"",""GCF_000468955.1"",""GCF_000691805.2"",""GCF_001434365.1"",""GCF_001434705.1"",""GCF_001435245.1"",""GCF_001436135.1"",""GCF_001436905.1"",""GCF_001437055.1"",""GCF_001437425.1"",""GCF_001438705.1"",""GCF_001536305.1"",""GCF_001618285.1"",""GCF_001702215.1"",""GCF_001702235.1"",""GCF_001752505.1"",""GCF_001752515.1"",""GCF_001752545.1"",""GCF_001761545.1"",""GCF_001767275.1"",""GCF_001888925.1"",""GCF_001891125.1"",""GCF_001932615.1"",""GCF_001998805.1"",""GCF_002174215.1"",""GCF_002950695.1"",""GCF_002970915.1"",""GCF_002970935.1"",""GCF_003150935.1"",""GCF_003151025.1"",""GCF_003173695.1"",""GCF_003176835.1"",""GCF_003264795.1"",""GCF_003584685.1"",""GCF_003641185.1"",""GCF_003722275.1"",""GCF_003999355.1"",""GCF_004354645.1"",""GCF_004377635.1"",""GCF_005405405.1"",""GCF_005405465.1"",""GCF_007954605.1"",""GCF_007954785.1"",""GCF_008107645.1"",""GCF_008831485.1"",""GCF_009184845.1"",""GCF_009856565.1"",""GCF_009913655.1"",""GCF_010092385.1"",""GCF_011058775.1"",""GCF_011304355.1"",""GCF_013113695.1"",""GCF_013407595.1"",""GCF_014131735.1"",""GCF_014145545.1"",""GCF_014145555.1"",""GCF_014145615.1"",""GCF_014397255.1"",""GCF_014656585.1"",""GCF_014789145.1"",""GCF_016127255.1"",""GCF_016127815.1"",""GCF_016647595.1"",""GCF_016919665.1"",""GCF_017068355.1"",""GCF_017894345.1"",""GCF_018394055.1"",""GCF_018502505.1"",""GCF_019448175.1"",""GCF_019469265.1"",""GCF_019576155.1"",""GCF_019797825.1"",""GCF_020510245.1"",""GCF_020784695.1"",""GCF_020844005.1"",""GCF_023169905.1"",""GCF_023499275.1"",""GCF_023920145.1"",""GCF_024334065.1"",""GCF_024397795.1"",""GCF_024718545.1"",""GCF_025311495.1"",""GCF_025490915.1"",""GCF_025739325.1"",""GCF_025948295.1"",""GCF_026222675.1"",""GCF_028607025.1"",""GCF_028621815.1"",""GCF_028736235.1"",""GCF_029025825.1"",""GCF_029726355.1"",""GCF_029854335.1"",""GCF_029866985.1"",""GCF_030480545.1"",""GCF_030770265.1"",""GCF_030770295.1"",""GCF_030770335.1"",""GCF_032762665.1"",""GCF_033142085.1"",""GCF_033570435.1"",""GCF_034703025.1"",""GCF_035985965.1"",""GCF_036246165.1"",""GCF_036246185.1"",""GCF_036246225.1"",""GCF_036327715.1"",""GCF_037290055.1"",""GCF_037891785.1"",""GCF_037892375.1"",""GCF_038049945.1"",""GCF_039645515.1"",""GCF_039645575.1"",""GCF_039783225.1"",""GCF_039783785.1"",""GCF_039955095.1"",""GCF_041225485.1"",""GCF_041225605.1"",""GCF_041281755.1"",""GCF_041509385.1"",""GCF_041514285.1"",""GCF_041514295.1"",""GCF_041893975.1"",""GCF_042847315.1"",""GCF_042997415.1"",""GCF_045760565.1"",""GCF_045801155.1"",""GCF_045862825.1"",""GCF_046109915.1"",""GCF_047344935.1"",""GCF_050407965.1"",""GCF_050847345.1"",""GCF_051098045.1"",""GCF_052569745.1"",""GCF_052570115.1"",""GCF_052571685.1"",""GCF_054073565.1"",""GCF_054331775.1"",""GCF_054452875.2"",""GCF_054784775.1"",""GCF_054785075.1"",""GCF_055180435.1"",""GCF_055502585.1"",""GCF_056269605.1"",""GCF_056676095.1"",""GCF_057786735.1"",""GCF_058111805.1"",""GCF_059089415.1"",""GCF_060305805.1"",""GCF_060307215.1"",""GCF_900016205.1"",""GCF_900094835.1"",""GCF_900240275.1"",""GCF_900519455.1"",""GCF_900519475.1"",""GCF_900636965.1"",""GCF_903885985.1"",""GCF_903886345.1"",""GCF_903886475.1"",""GCF_903891025.1"",""GCF_903891205.1"",""GCF_947539375.1"",""GCF_963243495.1"",""GCF_963281025.1"",""GCF_964063315.1"",""GCF_965136965.1"",""GCF_965286035.1"",""GCF_965286295.1"",""GCF_965286585.1"",""GCF_982267005.1""]"	root/1/1/1/1/1/1/1/0/1/1/1/0/1/0	"[""root/1/1/1/1/1/1/1/0/1/1/1/0/1/0""]"	"[{""node"":""root/1/1/1/1/1/1/1/0/1/1/1/0/1/0"",""length_coalescent_units"":1.3862943611198908}]"	1.0	0.0	0.0	5.0	0.0	0.0	0.9945355191256833	0.002732240437158474	0.002732240437158474	7280	5.0
85a6abcc96a5d26660a609beed21becc93a94ef43cff36531634662ea8c40c13	"[""GCF_000014505.1"",""GCF_009914015.1"",""GCF_009914035.1"",""GCF_021378055.1"",""GCF_055755075.1""]"	"[""GCF_000009425.1"",""GCF_000010145.1"",""GCF_000011045.1"",""GCF_000014385.1"",""GCF_000014425.1"",""GCF_000014445.1"",""GCF_000014545.1"",""GCF_000015385.1"",""GCF_000016825.1"",""GCF_000023085.1"",""GCF_000025045.1"",""GCF_000026405.1"",""GCF_000092505.1"",""GCF_000148815.2"",""GCF_000155515.2"",""GCF_000160835.1"",""GCF_000203855.3"",""GCF_000237995.1"",""GCF_000241055.1"",""GCF_000269925.1"",""GCF_000269945.1"",""GCF_000298875.1"",""GCF_000468955.1"",""GCF_000691805.2"",""GCF_001434365.1"",""GCF_001434705.1"",""GCF_001435245.1"",""GCF_001436135.1"",""GCF_001436905.1"",""GCF_001437055.1"",""GCF_001437425.1"",""GCF_001438705.1"",""GCF_001536305.1"",""GCF_001618285.1"",""GCF_001702215.1"",""GCF_001702235.1"",""GCF_001752505.1"",""GCF_001752515.1"",""GCF_001752545.1"",""GCF_001761545.1"",""GCF_001767275.1"",""GCF_001888925.1"",""GCF_001891125.1"",""GCF_001932615.1"",""GCF_001998805.1"",""GCF_002174215.1"",""GCF_002950695.1"",""GCF_002970915.1"",""GCF_002970935.1"",""GCF_003150935.1"",""GCF_003151025.1"",""GCF_003173695.1"",""GCF_003176835.1"",""GCF_003264795.1"",""GCF_003584685.1"",""GCF_003641185.1"",""GCF_003722275.1"",""GCF_003999355.1"",""GCF_004354645.1"",""GCF_004377635.1"",""GCF_005405405.1"",""GCF_005405465.1"",""GCF_007954605.1"",""GCF_007954785.1"",""GCF_008107645.1"",""GCF_008831485.1"",""GCF_009184845.1"",""GCF_009856565.1"",""GCF_009913655.1"",""GCF_009913995.1"",""GCF_010092385.1"",""GCF_011058775.1"",""GCF_011304355.1"",""GCF_013113695.1"",""GCF_013407595.1"",""GCF_014131735.1"",""GCF_014145545.1"",""GCF_014145555.1"",""GCF_014145615.1"",""GCF_014397255.1"",""GCF_014656585.1"",""GCF_014789145.1"",""GCF_016127255.1"",""GCF_016127815.1"",""GCF_016647595.1"",""GCF_016919665.1"",""GCF_017068355.1"",""GCF_017894345.1"",""GCF_018394055.1"",""GCF_018502505.1"",""GCF_019448175.1"",""GCF_019469265.1"",""GCF_019576155.1"",""GCF_019797825.1"",""GCF_020510245.1"",""GCF_020784695.1"",""GCF_020844005.1"",""GCF_023169905.1"",""GCF_023499275.1"",""GCF_023920145.1"",""GCF_024334065.1"",""GCF_024397795.1"",""GCF_024718545.1"",""GCF_025311495.1"",""GCF_025490915.1"",""GCF_025739325.1"",""GCF_025948295.1"",""GCF_026222675.1"",""GCF_028607025.1"",""GCF_028621815.1"",""GCF_028736235.1"",""GCF_029025825.1"",""GCF_029726355.1"",""GCF_029854335.1"",""GCF_029866985.1"",""GCF_030480545.1"",""GCF_030770265.1"",""GCF_030770295.1"",""GCF_030770335.1"",""GCF_032762665.1"",""GCF_033142085.1"",""GCF_033570435.1"",""GCF_034703025.1"",""GCF_035985965.1"",""GCF_036246165.1"",""GCF_036246185.1"",""GCF_036246225.1"",""GCF_036327715.1"",""GCF_037290055.1"",""GCF_037891785.1"",""GCF_037892375.1"",""GCF_038049945.1"",""GCF_039645515.1"",""GCF_039645575.1"",""GCF_039783225.1"",""GCF_039783785.1"",""GCF_039955095.1"",""GCF_041225485.1"",""GCF_041225605.1"",""GCF_041281755.1"",""GCF_041509385.1"",""GCF_041514285.1"",""GCF_041514295.1"",""GCF_041893975.1"",""GCF_042847315.1"",""GCF_042997415.1"",""GCF_045760565.1"",""GCF_045801155.1"",""GCF_045862825.1"",""GCF_046109915.1"",""GCF_047344935.1"",""GCF_050407965.1"",""GCF_050847345.1"",""GCF_051098045.1"",""GCF_052569745.1"",""GCF_052570115.1"",""GCF_052571685.1"",""GCF_054073565.1"",""GCF_054331775.1"",""GCF_054452875.2"",""GCF_054784775.1"",""GCF_054785075.1"",""GCF_055180435.1"",""GCF_055502585.1"",""GCF_056269605.1"",""GCF_056676095.1"",""GCF_057786735.1"",""GCF_058111805.1"",""GCF_059089415.1"",""GCF_060305805.1"",""GCF_060307215.1"",""GCF_900016205.1"",""GCF_900094835.1"",""GCF_900240275.1"",""GCF_900519455.1"",""GCF_900519475.1"",""GCF_900636965.1"",""GCF_903885985.1"",""GCF_903886345.1"",""GCF_903886475.1"",""GCF_903891025.1"",""GCF_903891205.1"",""GCF_947539375.1"",""GCF_963243495.1"",""GCF_963281025.1"",""GCF_964063315.1"",""GCF_965136965.1"",""GCF_965286035.1"",""GCF_965286295.1"",""GCF_965286585.1"",""GCF_982267005.1""]"	root/1/1/1/1/1/1/1/0/1/1/1/0/1/0/1	"[""root/1/1/1/1/1/1/1/0/1/1/1/0/1/0/1""]"	"[{""node"":""root/1/1/1/1/1/1/1/0/1/1/1/0/1/0/1"",""length_coalescent_units"":0.6931471805599453}]"	0.8	0.2	0.0	4.0	1.0	0.0	0.9322916666666666	0.0416666666666667	0.026041666666666696	760	5.0
bc8644c2149b34e98fa87a67257f1bea2f61ad69542c5a0f12613c3125c49fa6	"[""GCF_000014505.1"",""GCF_009914015.1"",""GCF_009914035.1"",""GCF_055755075.1""]"	"[""GCF_000009425.1"",""GCF_000010145.1"",""GCF_000011045.1"",""GCF_000014385.1"",""GCF_000014425.1"",""GCF_000014445.1"",""GCF_000014545.1"",""GCF_000015385.1"",""GCF_000016825.1"",""GCF_000023085.1"",""GCF_000025045.1"",""GCF_000026405.1"",""GCF_000092505.1"",""GCF_000148815.2"",""GCF_000155515.2"",""GCF_000160835.1"",""GCF_000203855.3"",""GCF_000237995.1"",""GCF_000241055.1"",""GCF_000269925.1"",""GCF_000269945.1"",""GCF_000298875.1"",""GCF_000468955.1"",""GCF_000691805.2"",""GCF_001434365.1"",""GCF_001434705.1"",""GCF_001435245.1"",""GCF_001436135.1"",""GCF_001436905.1"",""GCF_001437055.1"",""GCF_001437425.1"",""GCF_001438705.1"",""GCF_001536305.1"",""GCF_001618285.1"",""GCF_001702215.1"",""GCF_001702235.1"",""GCF_001752505.1"",""GCF_001752515.1"",""GCF_001752545.1"",""GCF_001761545.1"",""GCF_001767275.1"",""GCF_001888925.1"",""GCF_001891125.1"",""GCF_001932615.1"",""GCF_001998805.1"",""GCF_002174215.1"",""GCF_002950695.1"",""GCF_002970915.1"",""GCF_002970935.1"",""GCF_003150935.1"",""GCF_003151025.1"",""GCF_003173695.1"",""GCF_003176835.1"",""GCF_003264795.1"",""GCF_003584685.1"",""GCF_003641185.1"",""GCF_003722275.1"",""GCF_003999355.1"",""GCF_004354645.1"",""GCF_004377635.1"",""GCF_005405405.1"",""GCF_005405465.1"",""GCF_007954605.1"",""GCF_007954785.1"",""GCF_008107645.1"",""GCF_008831485.1"",""GCF_009184845.1"",""GCF_009856565.1"",""GCF_009913655.1"",""GCF_009913995.1"",""GCF_010092385.1"",""GCF_011058775.1"",""GCF_011304355.1"",""GCF_013113695.1"",""GCF_013407595.1"",""GCF_014131735.1"",""GCF_014145545.1"",""GCF_014145555.1"",""GCF_014145615.1"",""GCF_014397255.1"",""GCF_014656585.1"",""GCF_014789145.1"",""GCF_016127255.1"",""GCF_016127815.1"",""GCF_016647595.1"",""GCF_016919665.1"",""GCF_017068355.1"",""GCF_017894345.1"",""GCF_018394055.1"",""GCF_018502505.1"",""GCF_019448175.1"",""GCF_019469265.1"",""GCF_019576155.1"",""GCF_019797825.1"",""GCF_020510245.1"",""GCF_020784695.1"",""GCF_020844005.1"",""GCF_021378055.1"",""GCF_023169905.1"",""GCF_023499275.1"",""GCF_023920145.1"",""GCF_024334065.1"",""GCF_024397795.1"",""GCF_024718545.1"",""GCF_025311495.1"",""GCF_025490915.1"",""GCF_025739325.1"",""GCF_025948295.1"",""GCF_026222675.1"",""GCF_028607025.1"",""GCF_028621815.1"",""GCF_028736235.1"",""GCF_029025825.1"",""GCF_029726355.1"",""GCF_029854335.1"",""GCF_029866985.1"",""GCF_030480545.1"",""GCF_030770265.1"",""GCF_030770295.1"",""GCF_030770335.1"",""GCF_032762665.1"",""GCF_033142085.1"",""GCF_033570435.1"",""GCF_034703025.1"",""GCF_035985965.1"",""GCF_036246165.1"",""GCF_036246185.1"",""GCF_036246225.1"",""GCF_036327715.1"",""GCF_037290055.1"",""GCF_037891785.1"",""GCF_037892375.1"",""GCF_038049945.1"",""GCF_039645515.1"",""GCF_039645575.1"",""GCF_039783225.1"",""GCF_039783785.1"",""GCF_039955095.1"",""GCF_041225485.1"",""GCF_041225605.1"",""GCF_041281755.1"",""GCF_041509385.1"",""GCF_041514285.1"",""GCF_041514295.1"",""GCF_041893975.1"",""GCF_042847315.1"",""GCF_042997415.1"",""GCF_045760565.1"",""GCF_045801155.1"",""GCF_045862825.1"",""GCF_046109915.1"",""GCF_047344935.1"",""GCF_050407965.1"",""GCF_050847345.1"",""GCF_051098045.1"",""GCF_052569745.1"",""GCF_052570115.1"",""GCF_052571685.1"",""GCF_054073565.1"",""GCF_054331775.1"",""GCF_054452875.2"",""GCF_054784775.1"",""GCF_054785075.1"",""GCF_055180435.1"",""GCF_055502585.1"",""GCF_056269605.1"",""GCF_056676095.1"",""GCF_057786735.1"",""GCF_058111805.1"",""GCF_059089415.1"",""GCF_060305805.1"",""GCF_060307215.1"",""GCF_900016205.1"",""GCF_900094835.1"",""GCF_900240275.1"",""GCF_900519455.1"",""GCF_900519475.1"",""GCF_900636965.1"",""GCF_903885985.1"",""GCF_903886345.1"",""GCF_903886475.1"",""GCF_903891025.1"",""GCF_903891205.1"",""GCF_947539375.1"",""GCF_963243495.1"",""GCF_963281025.1"",""GCF_964063315.1"",""GCF_965136965.1"",""GCF_965286035.1"",""GCF_965286295.1"",""GCF_965286585.1"",""GCF_982267005.1""]"	root/1/1/1/1/1/1/1/0/1/1/1/0/1/0/1/1	"[""root/1/1/1/1/1/1/1/0/1/1/1/0/1/0/1/1""]"	"[{""node"":""root/1/1/1/1/1/1/1/0/1/1/1/0/1/0/1/1"",""length_coalescent_units"":0.2876820724517809}]"	0.6	0.26666666666666666	0.13333333333333333	3.0	1.3333333333333333	0.6666666666666666	0.7137589268588819	0.16916309582022107	0.11707797732089709	573	5.0
876442929552343c9de5fabf57610964c4e631e17fd49eb4f9e42c9c3d2f8a8e	"[""GCF_000014505.1"",""GCF_009914035.1""]"	"[""GCF_000009425.1"",""GCF_000010145.1"",""GCF_000011045.1"",""GCF_000014385.1"",""GCF_000014425.1"",""GCF_000014445.1"",""GCF_000014545.1"",""GCF_000015385.1"",""GCF_000016825.1"",""GCF_000023085.1"",""GCF_000025045.1"",""GCF_000026405.1"",""GCF_000092505.1"",""GCF_000148815.2"",""GCF_000155515.2"",""GCF_000160835.1"",""GCF_000203855.3"",""GCF_000237995.1"",""GCF_000241055.1"",""GCF_000269925.1"",""GCF_000269945.1"",""GCF_000298875.1"",""GCF_000468955.1"",""GCF_000691805.2"",""GCF_001434365.1"",""GCF_001434705.1"",""GCF_001435245.1"",""GCF_001436135.1"",""GCF_001436905.1"",""GCF_001437055.1"",""GCF_001437425.1"",""GCF_001438705.1"",""GCF_001536305.1"",""GCF_001618285.1"",""GCF_001702215.1"",""GCF_001702235.1"",""GCF_001752505.1"",""GCF_001752515.1"",""GCF_001752545.1"",""GCF_001761545.1"",""GCF_001767275.1"",""GCF_001888925.1"",""GCF_001891125.1"",""GCF_001932615.1"",""GCF_001998805.1"",""GCF_002174215.1"",""GCF_002950695.1"",""GCF_002970915.1"",""GCF_002970935.1"",""GCF_003150935.1"",""GCF_003151025.1"",""GCF_003173695.1"",""GCF_003176835.1"",""GCF_003264795.1"",""GCF_003584685.1"",""GCF_003641185.1"",""GCF_003722275.1"",""GCF_003999355.1"",""GCF_004354645.1"",""GCF_004377635.1"",""GCF_005405405.1"",""GCF_005405465.1"",""GCF_007954605.1"",""GCF_007954785.1"",""GCF_008107645.1"",""GCF_008831485.1"",""GCF_009184845.1"",""GCF_009856565.1"",""GCF_009913655.1"",""GCF_009913995.1"",""GCF_009914015.1"",""GCF_010092385.1"",""GCF_011058775.1"",""GCF_011304355.1"",""GCF_013113695.1"",""GCF_013407595.1"",""GCF_014131735.1"",""GCF_014145545.1"",""GCF_014145555.1"",""GCF_014145615.1"",""GCF_014397255.1"",""GCF_014656585.1"",""GCF_014789145.1"",""GCF_016127255.1"",""GCF_016127815.1"",""GCF_016647595.1"",""GCF_016919665.1"",""GCF_017068355.1"",""GCF_017894345.1"",""GCF_018394055.1"",""GCF_018502505.1"",""GCF_019448175.1"",""GCF_019469265.1"",""GCF_019576155.1"",""GCF_019797825.1"",""GCF_020510245.1"",""GCF_020784695.1"",""GCF_020844005.1"",""GCF_021378055.1"",""GCF_023169905.1"",""GCF_023499275.1"",""GCF_023920145.1"",""GCF_024334065.1"",""GCF_024397795.1"",""GCF_024718545.1"",""GCF_025311495.1"",""GCF_025490915.1"",""GCF_025739325.1"",""GCF_025948295.1"",""GCF_026222675.1"",""GCF_028607025.1"",""GCF_028621815.1"",""GCF_028736235.1"",""GCF_029025825.1"",""GCF_029726355.1"",""GCF_029854335.1"",""GCF_029866985.1"",""GCF_030480545.1"",""GCF_030770265.1"",""GCF_030770295.1"",""GCF_030770335.1"",""GCF_032762665.1"",""GCF_033142085.1"",""GCF_033570435.1"",""GCF_034703025.1"",""GCF_035985965.1"",""GCF_036246165.1"",""GCF_036246185.1"",""GCF_036246225.1"",""GCF_036327715.1"",""GCF_037290055.1"",""GCF_037891785.1"",""GCF_037892375.1"",""GCF_038049945.1"",""GCF_039645515.1"",""GCF_039645575.1"",""GCF_039783225.1"",""GCF_039783785.1"",""GCF_039955095.1"",""GCF_041225485.1"",""GCF_041225605.1"",""GCF_041281755.1"",""GCF_041509385.1"",""GCF_041514285.1"",""GCF_041514295.1"",""GCF_041893975.1"",""GCF_042847315.1"",""GCF_042997415.1"",""GCF_045760565.1"",""GCF_045801155.1"",""GCF_045862825.1"",""GCF_046109915.1"",""GCF_047344935.1"",""GCF_050407965.1"",""GCF_050847345.1"",""GCF_051098045.1"",""GCF_052569745.1"",""GCF_052570115.1"",""GCF_052571685.1"",""GCF_054073565.1"",""GCF_054331775.1"",""GCF_054452875.2"",""GCF_054784775.1"",""GCF_054785075.1"",""GCF_055180435.1"",""GCF_055502585.1"",""GCF_055755075.1"",""GCF_056269605.1"",""GCF_056676095.1"",""GCF_057786735.1"",""GCF_058111805.1"",""GCF_059089415.1"",""GCF_060305805.1"",""GCF_060307215.1"",""GCF_900016205.1"",""GCF_900094835.1"",""GCF_900240275.1"",""GCF_900519455.1"",""GCF_900519475.1"",""GCF_900636965.1"",""GCF_903885985.1"",""GCF_903886345.1"",""GCF_903886475.1"",""GCF_903891025.1"",""GCF_903891205.1"",""GCF_947539375.1"",""GCF_963243495.1"",""GCF_963281025.1"",""GCF_964063315.1"",""GCF_965136965.1"",""GCF_965286035.1"",""GCF_965286295.1"",""GCF_965286585.1"",""GCF_982267005.1""]"	root/1/1/1/1/1/1/1/0/1/1/1/0/1/0/1/1/1/1	"[""root/1/1/1/1/1/1/1/0/1/1/1/0/1/0/1/1/1/1""]"	"[{""node"":""root/1/1/1/1/1/1/1/0/1/1/1/0/1/0/1/1/1/1"",""length_coalescent_units"":0.28251410229333834}]"	0.5968911917098445	0.0031088082901554403	0.4	2.9844559585492227	0.015544041450777202	2.0	0.6622347912997766	0.08277188635977786	0.2549933223404456	193	5.0
759afe21c12daa83ef0b95e28d2ca6ad847f5248de7eadb5c6c22657c06b6380	"[""GCF_000014505.1"",""GCF_009914035.1"",""GCF_055755075.1""]"	"[""GCF_000009425.1"",""GCF_000010145.1"",""GCF_000011045.1"",""GCF_000014385.1"",""GCF_000014425.1"",""GCF_000014445.1"",""GCF_000014545.1"",""GCF_000015385.1"",""GCF_000016825.1"",""GCF_000023085.1"",""GCF_000025045.1"",""GCF_000026405.1"",""GCF_000092505.1"",""GCF_000148815.2"",""GCF_000155515.2"",""GCF_000160835.1"",""GCF_000203855.3"",""GCF_000237995.1"",""GCF_000241055.1"",""GCF_000269925.1"",""GCF_000269945.1"",""GCF_000298875.1"",""GCF_000468955.1"",""GCF_000691805.2"",""GCF_001434365.1"",""GCF_001434705.1"",""GCF_001435245.1"",""GCF_001436135.1"",""GCF_001436905.1"",""GCF_001437055.1"",""GCF_001437425.1"",""GCF_001438705.1"",""GCF_001536305.1"",""GCF_001618285.1"",""GCF_001702215.1"",""GCF_001702235.1"",""GCF_001752505.1"",""GCF_001752515.1"",""GCF_001752545.1"",""GCF_001761545.1"",""GCF_001767275.1"",""GCF_001888925.1"",""GCF_001891125.1"",""GCF_001932615.1"",""GCF_001998805.1"",""GCF_002174215.1"",""GCF_002950695.1"",""GCF_002970915.1"",""GCF_002970935.1"",""GCF_003150935.1"",""GCF_003151025.1"",""GCF_003173695.1"",""GCF_003176835.1"",""GCF_003264795.1"",""GCF_003584685.1"",""GCF_003641185.1"",""GCF_003722275.1"",""GCF_003999355.1"",""GCF_004354645.1"",""GCF_004377635.1"",""GCF_005405405.1"",""GCF_005405465.1"",""GCF_007954605.1"",""GCF_007954785.1"",""GCF_008107645.1"",""GCF_008831485.1"",""GCF_009184845.1"",""GCF_009856565.1"",""GCF_009913655.1"",""GCF_009913995.1"",""GCF_009914015.1"",""GCF_010092385.1"",""GCF_011058775.1"",""GCF_011304355.1"",""GCF_013113695.1"",""GCF_013407595.1"",""GCF_014131735.1"",""GCF_014145545.1"",""GCF_014145555.1"",""GCF_014145615.1"",""GCF_014397255.1"",""GCF_014656585.1"",""GCF_014789145.1"",""GCF_016127255.1"",""GCF_016127815.1"",""GCF_016647595.1"",""GCF_016919665.1"",""GCF_017068355.1"",""GCF_017894345.1"",""GCF_018394055.1"",""GCF_018502505.1"",""GCF_019448175.1"",""GCF_019469265.1"",""GCF_019576155.1"",""GCF_019797825.1"",""GCF_020510245.1"",""GCF_020784695.1"",""GCF_020844005.1"",""GCF_021378055.1"",""GCF_023169905.1"",""GCF_023499275.1"",""GCF_023920145.1"",""GCF_024334065.1"",""GCF_024397795.1"",""GCF_024718545.1"",""GCF_025311495.1"",""GCF_025490915.1"",""GCF_025739325.1"",""GCF_025948295.1"",""GCF_026222675.1"",""GCF_028607025.1"",""GCF_028621815.1"",""GCF_028736235.1"",""GCF_029025825.1"",""GCF_029726355.1"",""GCF_029854335.1"",""GCF_029866985.1"",""GCF_030480545.1"",""GCF_030770265.1"",""GCF_030770295.1"",""GCF_030770335.1"",""GCF_032762665.1"",""GCF_033142085.1"",""GCF_033570435.1"",""GCF_034703025.1"",""GCF_035985965.1"",""GCF_036246165.1"",""GCF_036246185.1"",""GCF_036246225.1"",""GCF_036327715.1"",""GCF_037290055.1"",""GCF_037891785.1"",""GCF_037892375.1"",""GCF_038049945.1"",""GCF_039645515.1"",""GCF_039645575.1"",""GCF_039783225.1"",""GCF_039783785.1"",""GCF_039955095.1"",""GCF_041225485.1"",""GCF_041225605.1"",""GCF_041281755.1"",""GCF_041509385.1"",""GCF_041514285.1"",""GCF_041514295.1"",""GCF_041893975.1"",""GCF_042847315.1"",""GCF_042997415.1"",""GCF_045760565.1"",""GCF_045801155.1"",""GCF_045862825.1"",""GCF_046109915.1"",""GCF_047344935.1"",""GCF_050407965.1"",""GCF_050847345.1"",""GCF_051098045.1"",""GCF_052569745.1"",""GCF_052570115.1"",""GCF_052571685.1"",""GCF_054073565.1"",""GCF_054331775.1"",""GCF_054452875.2"",""GCF_054784775.1"",""GCF_054785075.1"",""GCF_055180435.1"",""GCF_055502585.1"",""GCF_056269605.1"",""GCF_056676095.1"",""GCF_057786735.1"",""GCF_058111805.1"",""GCF_059089415.1"",""GCF_060305805.1"",""GCF_060307215.1"",""GCF_900016205.1"",""GCF_900094835.1"",""GCF_900240275.1"",""GCF_900519455.1"",""GCF_900519475.1"",""GCF_900636965.1"",""GCF_903885985.1"",""GCF_903886345.1"",""GCF_903886475.1"",""GCF_903891025.1"",""GCF_903891205.1"",""GCF_947539375.1"",""GCF_963243495.1"",""GCF_963281025.1"",""GCF_964063315.1"",""GCF_965136965.1"",""GCF_965286035.1"",""GCF_965286295.1"",""GCF_965286585.1"",""GCF_982267005.1""]"	root/1/1/1/1/1/1/1/0/1/1/1/0/1/0/1/1/1	"[""root/1/1/1/1/1/1/1/0/1/1/1/0/1/0/1/1/1""]"	"[{""node"":""root/1/1/1/1/1/1/1/0/1/1/1/0/1/0/1/1/1"",""length_coalescent_units"":0.2885505049857349}]"	0.6005208333333333	0.3989583333333333	0.0005208333333333333	3.0026041666666665	1.9947916666666665	0.0026041666666666665	0.6679863438382008	0.2507179256237036	0.08129573053809563	384	5.0
5bd074e87082ee1e9f74fe752d47b5a3e0d386cbd95ec55218d4b8c5854e112f	"[""GCF_000015385.1"",""GCF_001888925.1"",""GCF_003150935.1"",""GCF_003151025.1"",""GCF_003173695.1"",""GCF_003999355.1"",""GCF_008831485.1"",""GCF_014656585.1"",""GCF_016647595.1"",""GCF_019469265.1"",""GCF_024397795.1"",""GCF_042997415.1"",""GCF_046109915.1"",""GCF_055502585.1""]"	"[""GCF_000009425.1"",""GCF_000010145.1"",""GCF_000011045.1"",""GCF_000014385.1"",""GCF_000014425.1"",""GCF_000014445.1"",""GCF_000014505.1"",""GCF_000014545.1"",""GCF_000016825.1"",""GCF_000023085.1"",""GCF_000025045.1"",""GCF_000026405.1"",""GCF_000092505.1"",""GCF_000148815.2"",""GCF_000155515.2"",""GCF_000160835.1"",""GCF_000203855.3"",""GCF_000237995.1"",""GCF_000241055.1"",""GCF_000269925.1"",""GCF_000269945.1"",""GCF_000298875.1"",""GCF_000468955.1"",""GCF_000691805.2"",""GCF_001434365.1"",""GCF_001434705.1"",""GCF_001435245.1"",""GCF_001436135.1"",""GCF_001436905.1"",""GCF_001437055.1"",""GCF_001437425.1"",""GCF_001438705.1"",""GCF_001536305.1"",""GCF_001618285.1"",""GCF_001702215.1"",""GCF_001702235.1"",""GCF_001752505.1"",""GCF_001752515.1"",""GCF_001752545.1"",""GCF_001761545.1"",""GCF_001767275.1"",""GCF_001891125.1"",""GCF_001932615.1"",""GCF_001998805.1"",""GCF_002174215.1"",""GCF_002950695.1"",""GCF_002970915.1"",""GCF_002970935.1"",""GCF_003176835.1"",""GCF_003264795.1"",""GCF_003584685.1"",""GCF_003641185.1"",""GCF_003722275.1"",""GCF_004354645.1"",""GCF_004377635.1"",""GCF_005405405.1"",""GCF_005405465.1"",""GCF_007954605.1"",""GCF_007954785.1"",""GCF_008107645.1"",""GCF_009184845.1"",""GCF_009856565.1"",""GCF_009913655.1"",""GCF_009913995.1"",""GCF_009914015.1"",""GCF_009914035.1"",""GCF_010092385.1"",""GCF_011058775.1"",""GCF_011304355.1"",""GCF_013113695.1"",""GCF_013407595.1"",""GCF_014131735.1"",""GCF_014145545.1"",""GCF_014145555.1"",""GCF_014145615.1"",""GCF_014397255.1"",""GCF_014789145.1"",""GCF_016127255.1"",""GCF_016127815.1"",""GCF_016919665.1"",""GCF_017068355.1"",""GCF_017894345.1"",""GCF_018394055.1"",""GCF_018502505.1"",""GCF_019448175.1"",""GCF_019576155.1"",""GCF_019797825.1"",""GCF_020510245.1"",""GCF_020784695.1"",""GCF_020844005.1"",""GCF_021378055.1"",""GCF_023169905.1"",""GCF_023499275.1"",""GCF_023920145.1"",""GCF_024334065.1"",""GCF_024718545.1"",""GCF_025311495.1"",""GCF_025490915.1"",""GCF_025739325.1"",""GCF_025948295.1"",""GCF_026222675.1"",""GCF_028607025.1"",""GCF_028621815.1"",""GCF_028736235.1"",""GCF_029025825.1"",""GCF_029726355.1"",""GCF_029854335.1"",""GCF_029866985.1"",""GCF_030480545.1"",""GCF_030770265.1"",""GCF_030770295.1"",""GCF_030770335.1"",""GCF_032762665.1"",""GCF_033142085.1"",""GCF_033570435.1"",""GCF_034703025.1"",""GCF_035985965.1"",""GCF_036246165.1"",""GCF_036246185.1"",""GCF_036246225.1"",""GCF_036327715.1"",""GCF_037290055.1"",""GCF_037891785.1"",""GCF_037892375.1"",""GCF_038049945.1"",""GCF_039645515.1"",""GCF_039645575.1"",""GCF_039783225.1"",""GCF_039783785.1"",""GCF_039955095.1"",""GCF_041225485.1"",""GCF_041225605.1"",""GCF_041281755.1"",""GCF_041509385.1"",""GCF_041514285.1"",""GCF_041514295.1"",""GCF_041893975.1"",""GCF_042847315.1"",""GCF_045760565.1"",""GCF_045801155.1"",""GCF_045862825.1"",""GCF_047344935.1"",""GCF_050407965.1"",""GCF_050847345.1"",""GCF_051098045.1"",""GCF_052569745.1"",""GCF_052570115.1"",""GCF_052571685.1"",""GCF_054073565.1"",""GCF_054331775.1"",""GCF_054452875.2"",""GCF_054784775.1"",""GCF_054785075.1"",""GCF_055180435.1"",""GCF_055755075.1"",""GCF_056269605.1"",""GCF_056676095.1"",""GCF_057786735.1"",""GCF_058111805.1"",""GCF_059089415.1"",""GCF_060305805.1"",""GCF_060307215.1"",""GCF_900016205.1"",""GCF_900094835.1"",""GCF_900240275.1"",""GCF_900519455.1"",""GCF_900519475.1"",""GCF_900636965.1"",""GCF_903885985.1"",""GCF_903886345.1"",""GCF_903886475.1"",""GCF_903891025.1"",""GCF_903891205.1"",""GCF_947539375.1"",""GCF_963243495.1"",""GCF_963281025.1"",""GCF_964063315.1"",""GCF_965136965.1"",""GCF_965286035.1"",""GCF_965286295.1"",""GCF_965286585.1"",""GCF_982267005.1""]"	root/1/1/1/1/1/1/1/0/1/0/0/1	"[""root/1/1/1/1/1/1/1/0/1/0/0/1""]"	"[{""node"":""root/1/1/1/1/1/1/1/0/1/0/0/1"",""length_coalescent_units"":1.3862943611198908}]"	1.0	0.0	0.0	5.0	0.0	0.0	0.9945355191256833	0.002732240437158474	0.002732240437158474	11505	5.0
a513cac57f0da05aa4ec795cf007d8cfa15a58939d7eab05e2e00f7470e5a94b	"[""GCF_000015385.1"",""GCF_001888925.1"",""GCF_003150935.1"",""GCF_003151025.1"",""GCF_003173695.1"",""GCF_003999355.1"",""GCF_008831485.1"",""GCF_014656585.1"",""GCF_016647595.1"",""GCF_019469265.1"",""GCF_024397795.1"",""GCF_046109915.1"",""GCF_055502585.1""]"	"[""GCF_000009425.1"",""GCF_000010145.1"",""GCF_000011045.1"",""GCF_000014385.1"",""GCF_000014425.1"",""GCF_000014445.1"",""GCF_000014505.1"",""GCF_000014545.1"",""GCF_000016825.1"",""GCF_000023085.1"",""GCF_000025045.1"",""GCF_000026405.1"",""GCF_000092505.1"",""GCF_000148815.2"",""GCF_000155515.2"",""GCF_000160835.1"",""GCF_000203855.3"",""GCF_000237995.1"",""GCF_000241055.1"",""GCF_000269925.1"",""GCF_000269945.1"",""GCF_000298875.1"",""GCF_000468955.1"",""GCF_000691805.2"",""GCF_001434365.1"",""GCF_001434705.1"",""GCF_001435245.1"",""GCF_001436135.1"",""GCF_001436905.1"",""GCF_001437055.1"",""GCF_001437425.1"",""GCF_001438705.1"",""GCF_001536305.1"",""GCF_001618285.1"",""GCF_001702215.1"",""GCF_001702235.1"",""GCF_001752505.1"",""GCF_001752515.1"",""GCF_001752545.1"",""GCF_001761545.1"",""GCF_001767275.1"",""GCF_001891125.1"",""GCF_001932615.1"",""GCF_001998805.1"",""GCF_002174215.1"",""GCF_002950695.1"",""GCF_002970915.1"",""GCF_002970935.1"",""GCF_003176835.1"",""GCF_003264795.1"",""GCF_003584685.1"",""GCF_003641185.1"",""GCF_003722275.1"",""GCF_004354645.1"",""GCF_004377635.1"",""GCF_005405405.1"",""GCF_005405465.1"",""GCF_007954605.1"",""GCF_007954785.1"",""GCF_008107645.1"",""GCF_009184845.1"",""GCF_009856565.1"",""GCF_009913655.1"",""GCF_009913995.1"",""GCF_009914015.1"",""GCF_009914035.1"",""GCF_010092385.1"",""GCF_011058775.1"",""GCF_011304355.1"",""GCF_013113695.1"",""GCF_013407595.1"",""GCF_014131735.1"",""GCF_014145545.1"",""GCF_014145555.1"",""GCF_014145615.1"",""GCF_014397255.1"",""GCF_014789145.1"",""GCF_016127255.1"",""GCF_016127815.1"",""GCF_016919665.1"",""GCF_017068355.1"",""GCF_017894345.1"",""GCF_018394055.1"",""GCF_018502505.1"",""GCF_019448175.1"",""GCF_019576155.1"",""GCF_019797825.1"",""GCF_020510245.1"",""GCF_020784695.1"",""GCF_020844005.1"",""GCF_021378055.1"",""GCF_023169905.1"",""GCF_023499275.1"",""GCF_023920145.1"",""GCF_024334065.1"",""GCF_024718545.1"",""GCF_025311495.1"",""GCF_025490915.1"",""GCF_025739325.1"",""GCF_025948295.1"",""GCF_026222675.1"",""GCF_028607025.1"",""GCF_028621815.1"",""GCF_028736235.1"",""GCF_029025825.1"",""GCF_029726355.1"",""GCF_029854335.1"",""GCF_029866985.1"",""GCF_030480545.1"",""GCF_030770265.1"",""GCF_030770295.1"",""GCF_030770335.1"",""GCF_032762665.1"",""GCF_033142085.1"",""GCF_033570435.1"",""GCF_034703025.1"",""GCF_035985965.1"",""GCF_036246165.1"",""GCF_036246185.1"",""GCF_036246225.1"",""GCF_036327715.1"",""GCF_037290055.1"",""GCF_037891785.1"",""GCF_037892375.1"",""GCF_038049945.1"",""GCF_039645515.1"",""GCF_039645575.1"",""GCF_039783225.1"",""GCF_039783785.1"",""GCF_039955095.1"",""GCF_041225485.1"",""GCF_041225605.1"",""GCF_041281755.1"",""GCF_041509385.1"",""GCF_041514285.1"",""GCF_041514295.1"",""GCF_041893975.1"",""GCF_042847315.1"",""GCF_042997415.1"",""GCF_045760565.1"",""GCF_045801155.1"",""GCF_045862825.1"",""GCF_047344935.1"",""GCF_050407965.1"",""GCF_050847345.1"",""GCF_051098045.1"",""GCF_052569745.1"",""GCF_052570115.1"",""GCF_052571685.1"",""GCF_054073565.1"",""GCF_054331775.1"",""GCF_054452875.2"",""GCF_054784775.1"",""GCF_054785075.1"",""GCF_055180435.1"",""GCF_055755075.1"",""GCF_056269605.1"",""GCF_056676095.1"",""GCF_057786735.1"",""GCF_058111805.1"",""GCF_059089415.1"",""GCF_060305805.1"",""GCF_060307215.1"",""GCF_900016205.1"",""GCF_900094835.1"",""GCF_900240275.1"",""GCF_900519455.1"",""GCF_900519475.1"",""GCF_900636965.1"",""GCF_903885985.1"",""GCF_903886345.1"",""GCF_903886475.1"",""GCF_903891025.1"",""GCF_903891205.1"",""GCF_947539375.1"",""GCF_963243495.1"",""GCF_963281025.1"",""GCF_964063315.1"",""GCF_965136965.1"",""GCF_965286035.1"",""GCF_965286295.1"",""GCF_965286585.1"",""GCF_982267005.1""]"	root/1/1/1/1/1/1/1/0/1/0/0/1/1	"[""root/1/1/1/1/1/1/1/0/1/0/0/1/1""]"	"[{""node"":""root/1/1/1/1/1/1/1/0/1/0/0/1/1"",""length_coalescent_units"":0.2876820724517809}]"	0.6	0.2	0.2	3.0	1.0	1.0	0.7192982456140349	0.14035087719298256	0.14035087719298256	2184	5.0
2b7a0c7c5405b7dbd7aac7199dd306c74b447da7d07ad2715f5062e668604b4e	"[""GCF_000015385.1"",""GCF_003150935.1"",""GCF_003151025.1"",""GCF_003173695.1"",""GCF_003999355.1"",""GCF_008831485.1"",""GCF_014656585.1"",""GCF_016647595.1"",""GCF_019469265.1"",""GCF_024397795.1"",""GCF_046109915.1"",""GCF_055502585.1""]"	"[""GCF_000009425.1"",""GCF_000010145.1"",""GCF_000011045.1"",""GCF_000014385.1"",""GCF_000014425.1"",""GCF_000014445.1"",""GCF_000014505.1"",""GCF_000014545.1"",""GCF_000016825.1"",""GCF_000023085.1"",""GCF_000025045.1"",""GCF_000026405.1"",""GCF_000092505.1"",""GCF_000148815.2"",""GCF_000155515.2"",""GCF_000160835.1"",""GCF_000203855.3"",""GCF_000237995.1"",""GCF_000241055.1"",""GCF_000269925.1"",""GCF_000269945.1"",""GCF_000298875.1"",""GCF_000468955.1"",""GCF_000691805.2"",""GCF_001434365.1"",""GCF_001434705.1"",""GCF_001435245.1"",""GCF_001436135.1"",""GCF_001436905.1"",""GCF_001437055.1"",""GCF_001437425.1"",""GCF_001438705.1"",""GCF_001536305.1"",""GCF_001618285.1"",""GCF_001702215.1"",""GCF_001702235.1"",""GCF_001752505.1"",""GCF_001752515.1"",""GCF_001752545.1"",""GCF_001761545.1"",""GCF_001767275.1"",""GCF_001888925.1"",""GCF_001891125.1"",""GCF_001932615.1"",""GCF_001998805.1"",""GCF_002174215.1"",""GCF_002950695.1"",""GCF_002970915.1"",""GCF_002970935.1"",""GCF_003176835.1"",""GCF_003264795.1"",""GCF_003584685.1"",""GCF_003641185.1"",""GCF_003722275.1"",""GCF_004354645.1"",""GCF_004377635.1"",""GCF_005405405.1"",""GCF_005405465.1"",""GCF_007954605.1"",""GCF_007954785.1"",""GCF_008107645.1"",""GCF_009184845.1"",""GCF_009856565.1"",""GCF_009913655.1"",""GCF_009913995.1"",""GCF_009914015.1"",""GCF_009914035.1"",""GCF_010092385.1"",""GCF_011058775.1"",""GCF_011304355.1"",""GCF_013113695.1"",""GCF_013407595.1"",""GCF_014131735.1"",""GCF_014145545.1"",""GCF_014145555.1"",""GCF_014145615.1"",""GCF_014397255.1"",""GCF_014789145.1"",""GCF_016127255.1"",""GCF_016127815.1"",""GCF_016919665.1"",""GCF_017068355.1"",""GCF_017894345.1"",""GCF_018394055.1"",""GCF_018502505.1"",""GCF_019448175.1"",""GCF_019576155.1"",""GCF_019797825.1"",""GCF_020510245.1"",""GCF_020784695.1"",""GCF_020844005.1"",""GCF_021378055.1"",""GCF_023169905.1"",""GCF_023499275.1"",""GCF_023920145.1"",""GCF_024334065.1"",""GCF_024718545.1"",""GCF_025311495.1"",""GCF_025490915.1"",""GCF_025739325.1"",""GCF_025948295.1"",""GCF_026222675.1"",""GCF_028607025.1"",""GCF_028621815.1"",""GCF_028736235.1"",""GCF_029025825.1"",""GCF_029726355.1"",""GCF_029854335.1"",""GCF_029866985.1"",""GCF_030480545.1"",""GCF_030770265.1"",""GCF_030770295.1"",""GCF_030770335.1"",""GCF_032762665.1"",""GCF_033142085.1"",""GCF_033570435.1"",""GCF_034703025.1"",""GCF_035985965.1"",""GCF_036246165.1"",""GCF_036246185.1"",""GCF_036246225.1"",""GCF_036327715.1"",""GCF_037290055.1"",""GCF_037891785.1"",""GCF_037892375.1"",""GCF_038049945.1"",""GCF_039645515.1"",""GCF_039645575.1"",""GCF_039783225.1"",""GCF_039783785.1"",""GCF_039955095.1"",""GCF_041225485.1"",""GCF_041225605.1"",""GCF_041281755.1"",""GCF_041509385.1"",""GCF_041514285.1"",""GCF_041514295.1"",""GCF_041893975.1"",""GCF_042847315.1"",""GCF_042997415.1"",""GCF_045760565.1"",""GCF_045801155.1"",""GCF_045862825.1"",""GCF_047344935.1"",""GCF_050407965.1"",""GCF_050847345.1"",""GCF_051098045.1"",""GCF_052569745.1"",""GCF_052570115.1"",""GCF_052571685.1"",""GCF_054073565.1"",""GCF_054331775.1"",""GCF_054452875.2"",""GCF_054784775.1"",""GCF_054785075.1"",""GCF_055180435.1"",""GCF_055755075.1"",""GCF_056269605.1"",""GCF_056676095.1"",""GCF_057786735.1"",""GCF_058111805.1"",""GCF_059089415.1"",""GCF_060305805.1"",""GCF_060307215.1"",""GCF_900016205.1"",""GCF_900094835.1"",""GCF_900240275.1"",""GCF_900519455.1"",""GCF_900519475.1"",""GCF_900636965.1"",""GCF_903885985.1"",""GCF_903886345.1"",""GCF_903886475.1"",""GCF_903891025.1"",""GCF_903891205.1"",""GCF_947539375.1"",""GCF_963243495.1"",""GCF_963281025.1"",""GCF_964063315.1"",""GCF_965136965.1"",""GCF_965286035.1"",""GCF_965286295.1"",""GCF_965286585.1"",""GCF_982267005.1""]"	root/1/1/1/1/1/1/1/0/1/0/0/1/1/1	"[""root/1/1/1/1/1/1/1/0/1/0/0/1/1/1""]"	"[{""node"":""root/1/1/1/1/1/1/1/0/1/0/0/1/1/1"",""length_coalescent_units"":1.3862943611198908}]"	1.0	0.0	0.0	5.0	0.0	0.0	0.9945355191256833	0.002732240437158474	0.002732240437158474	2013	5.0
9438c5a8b2b7048f63b1dd12b3e826063d36019f8da2c4c8388862622479b42e	"[""GCF_000015385.1"",""GCF_003150935.1"",""GCF_003151025.1"",""GCF_003173695.1"",""GCF_003999355.1"",""GCF_008831485.1"",""GCF_014656585.1"",""GCF_016647595.1"",""GCF_019469265.1"",""GCF_046109915.1"",""GCF_055502585.1""]"	"[""GCF_000009425.1"",""GCF_000010145.1"",""GCF_000011045.1"",""GCF_000014385.1"",""GCF_000014425.1"",""GCF_000014445.1"",""GCF_000014505.1"",""GCF_000014545.1"",""GCF_000016825.1"",""GCF_000023085.1"",""GCF_000025045.1"",""GCF_000026405.1"",""GCF_000092505.1"",""GCF_000148815.2"",""GCF_000155515.2"",""GCF_000160835.1"",""GCF_000203855.3"",""GCF_000237995.1"",""GCF_000241055.1"",""GCF_000269925.1"",""GCF_000269945.1"",""GCF_000298875.1"",""GCF_000468955.1"",""GCF_000691805.2"",""GCF_001434365.1"",""GCF_001434705.1"",""GCF_001435245.1"",""GCF_001436135.1"",""GCF_001436905.1"",""GCF_001437055.1"",""GCF_001437425.1"",""GCF_001438705.1"",""GCF_001536305.1"",""GCF_001618285.1"",""GCF_001702215.1"",""GCF_001702235.1"",""GCF_001752505.1"",""GCF_001752515.1"",""GCF_001752545.1"",""GCF_001761545.1"",""GCF_001767275.1"",""GCF_001888925.1"",""GCF_001891125.1"",""GCF_001932615.1"",""GCF_001998805.1"",""GCF_002174215.1"",""GCF_002950695.1"",""GCF_002970915.1"",""GCF_002970935.1"",""GCF_003176835.1"",""GCF_003264795.1"",""GCF_003584685.1"",""GCF_003641185.1"",""GCF_003722275.1"",""GCF_004354645.1"",""GCF_004377635.1"",""GCF_005405405.1"",""GCF_005405465.1"",""GCF_007954605.1"",""GCF_007954785.1"",""GCF_008107645.1"",""GCF_009184845.1"",""GCF_009856565.1"",""GCF_009913655.1"",""GCF_009913995.1"",""GCF_009914015.1"",""GCF_009914035.1"",""GCF_010092385.1"",""GCF_011058775.1"",""GCF_011304355.1"",""GCF_013113695.1"",""GCF_013407595.1"",""GCF_014131735.1"",""GCF_014145545.1"",""GCF_014145555.1"",""GCF_014145615.1"",""GCF_014397255.1"",""GCF_014789145.1"",""GCF_016127255.1"",""GCF_016127815.1"",""GCF_016919665.1"",""GCF_017068355.1"",""GCF_017894345.1"",""GCF_018394055.1"",""GCF_018502505.1"",""GCF_019448175.1"",""GCF_019576155.1"",""GCF_019797825.1"",""GCF_020510245.1"",""GCF_020784695.1"",""GCF_020844005.1"",""GCF_021378055.1"",""GCF_023169905.1"",""GCF_023499275.1"",""GCF_023920145.1"",""GCF_024334065.1"",""GCF_024397795.1"",""GCF_024718545.1"",""GCF_025311495.1"",""GCF_025490915.1"",""GCF_025739325.1"",""GCF_025948295.1"",""GCF_026222675.1"",""GCF_028607025.1"",""GCF_028621815.1"",""GCF_028736235.1"",""GCF_029025825.1"",""GCF_029726355.1"",""GCF_029854335.1"",""GCF_029866985.1"",""GCF_030480545.1"",""GCF_030770265.1"",""GCF_030770295.1"",""GCF_030770335.1"",""GCF_032762665.1"",""GCF_033142085.1"",""GCF_033570435.1"",""GCF_034703025.1"",""GCF_035985965.1"",""GCF_036246165.1"",""GCF_036246185.1"",""GCF_036246225.1"",""GCF_036327715.1"",""GCF_037290055.1"",""GCF_037891785.1"",""GCF_037892375.1"",""GCF_038049945.1"",""GCF_039645515.1"",""GCF_039645575.1"",""GCF_039783225.1"",""GCF_039783785.1"",""GCF_039955095.1"",""GCF_041225485.1"",""GCF_041225605.1"",""GCF_041281755.1"",""GCF_041509385.1"",""GCF_041514285.1"",""GCF_041514295.1"",""GCF_041893975.1"",""GCF_042847315.1"",""GCF_042997415.1"",""GCF_045760565.1"",""GCF_045801155.1"",""GCF_045862825.1"",""GCF_047344935.1"",""GCF_050407965.1"",""GCF_050847345.1"",""GCF_051098045.1"",""GCF_052569745.1"",""GCF_052570115.1"",""GCF_052571685.1"",""GCF_054073565.1"",""GCF_054331775.1"",""GCF_054452875.2"",""GCF_054784775.1"",""GCF_054785075.1"",""GCF_055180435.1"",""GCF_055755075.1"",""GCF_056269605.1"",""GCF_056676095.1"",""GCF_057786735.1"",""GCF_058111805.1"",""GCF_059089415.1"",""GCF_060305805.1"",""GCF_060307215.1"",""GCF_900016205.1"",""GCF_900094835.1"",""GCF_900240275.1"",""GCF_900519455.1"",""GCF_900519475.1"",""GCF_900636965.1"",""GCF_903885985.1"",""GCF_903886345.1"",""GCF_903886475.1"",""GCF_903891025.1"",""GCF_903891205.1"",""GCF_947539375.1"",""GCF_963243495.1"",""GCF_963281025.1"",""GCF_964063315.1"",""GCF_965136965.1"",""GCF_965286035.1"",""GCF_965286295.1"",""GCF_965286585.1"",""GCF_982267005.1""]"	root/1/1/1/1/1/1/1/0/1/0/0/1/1/1/1	"[""root/1/1/1/1/1/1/1/0/1/0/0/1/1/1/1""]"	"[{""node"":""root/1/1/1/1/1/1/1/0/1/0/0/1/1/1/1"",""length_coalescent_units"":0.0}]"	0.4	0.4	0.2	2.0	2.0	1.0	0.39743589743589736	0.39743589743589736	0.20512820512820532	5520	5.0
4404bf03833ac85b81cbc48685bdf46704adbb8273e420ecf06520e1e4c1eba5	"[""GCF_000015385.1"",""GCF_003999355.1"",""GCF_014656585.1"",""GCF_016647595.1"",""GCF_046109915.1"",""GCF_055502585.1""]"	"[""GCF_000009425.1"",""GCF_000010145.1"",""GCF_000011045.1"",""GCF_000014385.1"",""GCF_000014425.1"",""GCF_000014445.1"",""GCF_000014505.1"",""GCF_000014545.1"",""GCF_000016825.1"",""GCF_000023085.1"",""GCF_000025045.1"",""GCF_000026405.1"",""GCF_000092505.1"",""GCF_000148815.2"",""GCF_000155515.2"",""GCF_000160835.1"",""GCF_000203855.3"",""GCF_000237995.1"",""GCF_000241055.1"",""GCF_000269925.1"",""GCF_000269945.1"",""GCF_000298875.1"",""GCF_000468955.1"",""GCF_000691805.2"",""GCF_001434365.1"",""GCF_001434705.1"",""GCF_001435245.1"",""GCF_001436135.1"",""GCF_001436905.1"",""GCF_001437055.1"",""GCF_001437425.1"",""GCF_001438705.1"",""GCF_001536305.1"",""GCF_001618285.1"",""GCF_001702215.1"",""GCF_001702235.1"",""GCF_001752505.1"",""GCF_001752515.1"",""GCF_001752545.1"",""GCF_001761545.1"",""GCF_001767275.1"",""GCF_001888925.1"",""GCF_001891125.1"",""GCF_001932615.1"",""GCF_001998805.1"",""GCF_002174215.1"",""GCF_002950695.1"",""GCF_002970915.1"",""GCF_002970935.1"",""GCF_003150935.1"",""GCF_003151025.1"",""GCF_003173695.1"",""GCF_003176835.1"",""GCF_003264795.1"",""GCF_003584685.1"",""GCF_003641185.1"",""GCF_003722275.1"",""GCF_004354645.1"",""GCF_004377635.1"",""GCF_005405405.1"",""GCF_005405465.1"",""GCF_007954605.1"",""GCF_007954785.1"",""GCF_008107645.1"",""GCF_008831485.1"",""GCF_009184845.1"",""GCF_009856565.1"",""GCF_009913655.1"",""GCF_009913995.1"",""GCF_009914015.1"",""GCF_009914035.1"",""GCF_010092385.1"",""GCF_011058775.1"",""GCF_011304355.1"",""GCF_013113695.1"",""GCF_013407595.1"",""GCF_014131735.1"",""GCF_014145545.1"",""GCF_014145555.1"",""GCF_014145615.1"",""GCF_014397255.1"",""GCF_014789145.1"",""GCF_016127255.1"",""GCF_016127815.1"",""GCF_016919665.1"",""GCF_017068355.1"",""GCF_017894345.1"",""GCF_018394055.1"",""GCF_018502505.1"",""GCF_019448175.1"",""GCF_019469265.1"",""GCF_019576155.1"",""GCF_019797825.1"",""GCF_020510245.1"",""GCF_020784695.1"",""GCF_020844005.1"",""GCF_021378055.1"",""GCF_023169905.1"",""GCF_023499275.1"",""GCF_023920145.1"",""GCF_024334065.1"",""GCF_024397795.1"",""GCF_024718545.1"",""GCF_025311495.1"",""GCF_025490915.1"",""GCF_025739325.1"",""GCF_025948295.1"",""GCF_026222675.1"",""GCF_028607025.1"",""GCF_028621815.1"",""GCF_028736235.1"",""GCF_029025825.1"",""GCF_029726355.1"",""GCF_029854335.1"",""GCF_029866985.1"",""GCF_030480545.1"",""GCF_030770265.1"",""GCF_030770295.1"",""GCF_030770335.1"",""GCF_032762665.1"",""GCF_033142085.1"",""GCF_033570435.1"",""GCF_034703025.1"",""GCF_035985965.1"",""GCF_036246165.1"",""GCF_036246185.1"",""GCF_036246225.1"",""GCF_036327715.1"",""GCF_037290055.1"",""GCF_037891785.1"",""GCF_037892375.1"",""GCF_038049945.1"",""GCF_039645515.1"",""GCF_039645575.1"",""GCF_039783225.1"",""GCF_039783785.1"",""GCF_039955095.1"",""GCF_041225485.1"",""GCF_041225605.1"",""GCF_041281755.1"",""GCF_041509385.1"",""GCF_041514285.1"",""GCF_041514295.1"",""GCF_041893975.1"",""GCF_042847315.1"",""GCF_042997415.1"",""GCF_045760565.1"",""GCF_045801155.1"",""GCF_045862825.1"",""GCF_047344935.1"",""GCF_050407965.1"",""GCF_050847345.1"",""GCF_051098045.1"",""GCF_052569745.1"",""GCF_052570115.1"",""GCF_052571685.1"",""GCF_054073565.1"",""GCF_054331775.1"",""GCF_054452875.2"",""GCF_054784775.1"",""GCF_054785075.1"",""GCF_055180435.1"",""GCF_055755075.1"",""GCF_056269605.1"",""GCF_056676095.1"",""GCF_057786735.1"",""GCF_058111805.1"",""GCF_059089415.1"",""GCF_060305805.1"",""GCF_060307215.1"",""GCF_900016205.1"",""GCF_900094835.1"",""GCF_900240275.1"",""GCF_900519455.1"",""GCF_900519475.1"",""GCF_900636965.1"",""GCF_903885985.1"",""GCF_903886345.1"",""GCF_903886475.1"",""GCF_903891025.1"",""GCF_903891205.1"",""GCF_947539375.1"",""GCF_963243495.1"",""GCF_963281025.1"",""GCF_964063315.1"",""GCF_965136965.1"",""GCF_965286035.1"",""GCF_965286295.1"",""GCF_965286585.1"",""GCF_982267005.1""]"	root/1/1/1/1/1/1/1/0/1/0/0/1/1/1/1/1	"[""root/1/1/1/1/1/1/1/0/1/0/0/1/1/1/1/1""]"	"[{""node"":""root/1/1/1/1/1/1/1/0/1/0/0/1/1/1/1/1"",""length_coalescent_units"":0.28775293233651134}]"	0.6000425144245368	0.19887640449438201	0.20108108108108108	3.000212572122684	0.9943820224719101	1.0054054054054054	0.7193593798369309	0.13989468825581883	0.14074593190725027	4625	5.0
e84cc2f55f5937cdf9d8ddcad4126714aee594f9bd3ea1eef8966f754f3d43ce	"[""GCF_000015385.1"",""GCF_014656585.1"",""GCF_016647595.1"",""GCF_046109915.1""]"	"[""GCF_000009425.1"",""GCF_000010145.1"",""GCF_000011045.1"",""GCF_000014385.1"",""GCF_000014425.1"",""GCF_000014445.1"",""GCF_000014505.1"",""GCF_000014545.1"",""GCF_000016825.1"",""GCF_000023085.1"",""GCF_000025045.1"",""GCF_000026405.1"",""GCF_000092505.1"",""GCF_000148815.2"",""GCF_000155515.2"",""GCF_000160835.1"",""GCF_000203855.3"",""GCF_000237995.1"",""GCF_000241055.1"",""GCF_000269925.1"",""GCF_000269945.1"",""GCF_000298875.1"",""GCF_000468955.1"",""GCF_000691805.2"",""GCF_001434365.1"",""GCF_001434705.1"",""GCF_001435245.1"",""GCF_001436135.1"",""GCF_001436905.1"",""GCF_001437055.1"",""GCF_001437425.1"",""GCF_001438705.1"",""GCF_001536305.1"",""GCF_001618285.1"",""GCF_001702215.1"",""GCF_001702235.1"",""GCF_001752505.1"",""GCF_001752515.1"",""GCF_001752545.1"",""GCF_001761545.1"",""GCF_001767275.1"",""GCF_001888925.1"",""GCF_001891125.1"",""GCF_001932615.1"",""GCF_001998805.1"",""GCF_002174215.1"",""GCF_002950695.1"",""GCF_002970915.1"",""GCF_002970935.1"",""GCF_003150935.1"",""GCF_003151025.1"",""GCF_003173695.1"",""GCF_003176835.1"",""GCF_003264795.1"",""GCF_003584685.1"",""GCF_003641185.1"",""GCF_003722275.1"",""GCF_003999355.1"",""GCF_004354645.1"",""GCF_004377635.1"",""GCF_005405405.1"",""GCF_005405465.1"",""GCF_007954605.1"",""GCF_007954785.1"",""GCF_008107645.1"",""GCF_008831485.1"",""GCF_009184845.1"",""GCF_009856565.1"",""GCF_009913655.1"",""GCF_009913995.1"",""GCF_009914015.1"",""GCF_009914035.1"",""GCF_010092385.1"",""GCF_011058775.1"",""GCF_011304355.1"",""GCF_013113695.1"",""GCF_013407595.1"",""GCF_014131735.1"",""GCF_014145545.1"",""GCF_014145555.1"",""GCF_014145615.1"",""GCF_014397255.1"",""GCF_014789145.1"",""GCF_016127255.1"",""GCF_016127815.1"",""GCF_016919665.1"",""GCF_017068355.1"",""GCF_017894345.1"",""GCF_018394055.1"",""GCF_018502505.1"",""GCF_019448175.1"",""GCF_019469265.1"",""GCF_019576155.1"",""GCF_019797825.1"",""GCF_020510245.1"",""GCF_020784695.1"",""GCF_020844005.1"",""GCF_021378055.1"",""GCF_023169905.1"",""GCF_023499275.1"",""GCF_023920145.1"",""GCF_024334065.1"",""GCF_024397795.1"",""GCF_024718545.1"",""GCF_025311495.1"",""GCF_025490915.1"",""GCF_025739325.1"",""GCF_025948295.1"",""GCF_026222675.1"",""GCF_028607025.1"",""GCF_028621815.1"",""GCF_028736235.1"",""GCF_029025825.1"",""GCF_029726355.1"",""GCF_029854335.1"",""GCF_029866985.1"",""GCF_030480545.1"",""GCF_030770265.1"",""GCF_030770295.1"",""GCF_030770335.1"",""GCF_032762665.1"",""GCF_033142085.1"",""GCF_033570435.1"",""GCF_034703025.1"",""GCF_035985965.1"",""GCF_036246165.1"",""GCF_036246185.1"",""GCF_036246225.1"",""GCF_036327715.1"",""GCF_037290055.1"",""GCF_037891785.1"",""GCF_037892375.1"",""GCF_038049945.1"",""GCF_039645515.1"",""GCF_039645575.1"",""GCF_039783225.1"",""GCF_039783785.1"",""GCF_039955095.1"",""GCF_041225485.1"",""GCF_041225605.1"",""GCF_041281755.1"",""GCF_041509385.1"",""GCF_041514285.1"",""GCF_041514295.1"",""GCF_041893975.1"",""GCF_042847315.1"",""GCF_042997415.1"",""GCF_045760565.1"",""GCF_045801155.1"",""GCF_045862825.1"",""GCF_047344935.1"",""GCF_050407965.1"",""GCF_050847345.1"",""GCF_051098045.1"",""GCF_052569745.1"",""GCF_052570115.1"",""GCF_052571685.1"",""GCF_054073565.1"",""GCF_054331775.1"",""GCF_054452875.2"",""GCF_054784775.1"",""GCF_054785075.1"",""GCF_055180435.1"",""GCF_055502585.1"",""GCF_055755075.1"",""GCF_056269605.1"",""GCF_056676095.1"",""GCF_057786735.1"",""GCF_058111805.1"",""GCF_059089415.1"",""GCF_060305805.1"",""GCF_060307215.1"",""GCF_900016205.1"",""GCF_900094835.1"",""GCF_900240275.1"",""GCF_900519455.1"",""GCF_900519475.1"",""GCF_900636965.1"",""GCF_903885985.1"",""GCF_903886345.1"",""GCF_903886475.1"",""GCF_903891025.1"",""GCF_903891205.1"",""GCF_947539375.1"",""GCF_963243495.1"",""GCF_963281025.1"",""GCF_964063315.1"",""GCF_965136965.1"",""GCF_965286035.1"",""GCF_965286295.1"",""GCF_965286585.1"",""GCF_982267005.1""]"	root/1/1/1/1/1/1/1/0/1/0/0/1/1/1/1/1/1/1	"[""root/1/1/1/1/1/1/1/0/1/0/0/1/1/1/1/1/1/1""]"	"[{""node"":""root/1/1/1/1/1/1/1/0/1/0/0/1/1/1/1/1/1/1"",""length_coalescent_units"":0.1823215567939546}]"	0.5333333333333333	0.26666666666666666	0.2	2.6666666666666665	1.3333333333333333	1.0	0.6154408106897805	0.21091515986101392	0.17364402944920562	573	5.0
6513cc858589503d7d3c4982eb9a9fc6ea34fbba26b80c68de15dd9fecc654af	"[""GCF_000015385.1"",""GCF_014656585.1"",""GCF_016647595.1"",""GCF_046109915.1"",""GCF_055502585.1""]"	"[""GCF_000009425.1"",""GCF_000010145.1"",""GCF_000011045.1"",""GCF_000014385.1"",""GCF_000014425.1"",""GCF_000014445.1"",""GCF_000014505.1"",""GCF_000014545.1"",""GCF_000016825.1"",""GCF_000023085.1"",""GCF_000025045.1"",""GCF_000026405.1"",""GCF_000092505.1"",""GCF_000148815.2"",""GCF_000155515.2"",""GCF_000160835.1"",""GCF_000203855.3"",""GCF_000237995.1"",""GCF_000241055.1"",""GCF_000269925.1"",""GCF_000269945.1"",""GCF_000298875.1"",""GCF_000468955.1"",""GCF_000691805.2"",""GCF_001434365.1"",""GCF_001434705.1"",""GCF_001435245.1"",""GCF_001436135.1"",""GCF_001436905.1"",""GCF_001437055.1"",""GCF_001437425.1"",""GCF_001438705.1"",""GCF_001536305.1"",""GCF_001618285.1"",""GCF_001702215.1"",""GCF_001702235.1"",""GCF_001752505.1"",""GCF_001752515.1"",""GCF_001752545.1"",""GCF_001761545.1"",""GCF_001767275.1"",""GCF_001888925.1"",""GCF_001891125.1"",""GCF_001932615.1"",""GCF_001998805.1"",""GCF_002174215.1"",""GCF_002950695.1"",""GCF_002970915.1"",""GCF_002970935.1"",""GCF_003150935.1"",""GCF_003151025.1"",""GCF_003173695.1"",""GCF_003176835.1"",""GCF_003264795.1"",""GCF_003584685.1"",""GCF_003641185.1"",""GCF_003722275.1"",""GCF_003999355.1"",""GCF_004354645.1"",""GCF_004377635.1"",""GCF_005405405.1"",""GCF_005405465.1"",""GCF_007954605.1"",""GCF_007954785.1"",""GCF_008107645.1"",""GCF_008831485.1"",""GCF_009184845.1"",""GCF_009856565.1"",""GCF_009913655.1"",""GCF_009913995.1"",""GCF_009914015.1"",""GCF_009914035.1"",""GCF_010092385.1"",""GCF_011058775.1"",""GCF_011304355.1"",""GCF_013113695.1"",""GCF_013407595.1"",""GCF_014131735.1"",""GCF_014145545.1"",""GCF_014145555.1"",""GCF_014145615.1"",""GCF_014397255.1"",""GCF_014789145.1"",""GCF_016127255.1"",""GCF_016127815.1"",""GCF_016919665.1"",""GCF_017068355.1"",""GCF_017894345.1"",""GCF_018394055.1"",""GCF_018502505.1"",""GCF_019448175.1"",""GCF_019469265.1"",""GCF_019576155.1"",""GCF_019797825.1"",""GCF_020510245.1"",""GCF_020784695.1"",""GCF_020844005.1"",""GCF_021378055.1"",""GCF_023169905.1"",""GCF_023499275.1"",""GCF_023920145.1"",""GCF_024334065.1"",""GCF_024397795.1"",""GCF_024718545.1"",""GCF_025311495.1"",""GCF_025490915.1"",""GCF_025739325.1"",""GCF_025948295.1"",""GCF_026222675.1"",""GCF_028607025.1"",""GCF_028621815.1"",""GCF_028736235.1"",""GCF_029025825.1"",""GCF_029726355.1"",""GCF_029854335.1"",""GCF_029866985.1"",""GCF_030480545.1"",""GCF_030770265.1"",""GCF_030770295.1"",""GCF_030770335.1"",""GCF_032762665.1"",""GCF_033142085.1"",""GCF_033570435.1"",""GCF_034703025.1"",""GCF_035985965.1"",""GCF_036246165.1"",""GCF_036246185.1"",""GCF_036246225.1"",""GCF_036327715.1"",""GCF_037290055.1"",""GCF_037891785.1"",""GCF_037892375.1"",""GCF_038049945.1"",""GCF_039645515.1"",""GCF_039645575.1"",""GCF_039783225.1"",""GCF_039783785.1"",""GCF_039955095.1"",""GCF_041225485.1"",""GCF_041225605.1"",""GCF_041281755.1"",""GCF_041509385.1"",""GCF_041514285.1"",""GCF_041514295.1"",""GCF_041893975.1"",""GCF_042847315.1"",""GCF_042997415.1"",""GCF_045760565.1"",""GCF_045801155.1"",""GCF_045862825.1"",""GCF_047344935.1"",""GCF_050407965.1"",""GCF_050847345.1"",""GCF_051098045.1"",""GCF_052569745.1"",""GCF_052570115.1"",""GCF_052571685.1"",""GCF_054073565.1"",""GCF_054331775.1"",""GCF_054452875.2"",""GCF_054784775.1"",""GCF_054785075.1"",""GCF_055180435.1"",""GCF_055755075.1"",""GCF_056269605.1"",""GCF_056676095.1"",""GCF_057786735.1"",""GCF_058111805.1"",""GCF_059089415.1"",""GCF_060305805.1"",""GCF_060307215.1"",""GCF_900016205.1"",""GCF_900094835.1"",""GCF_900240275.1"",""GCF_900519455.1"",""GCF_900519475.1"",""GCF_900636965.1"",""GCF_903885985.1"",""GCF_903886345.1"",""GCF_903886475.1"",""GCF_903891025.1"",""GCF_903891205.1"",""GCF_947539375.1"",""GCF_963243495.1"",""GCF_963281025.1"",""GCF_964063315.1"",""GCF_965136965.1"",""GCF_965286035.1"",""GCF_965286295.1"",""GCF_965286585.1"",""GCF_982267005.1""]"	root/1/1/1/1/1/1/1/0/1/0/0/1/1/1/1/1/1	"[""root/1/1/1/1/1/1/1/0/1/0/0/1/1/1/1/1/1""]"	"[{""node"":""root/1/1/1/1/1/1/1/0/1/0/0/1/1/1/1/1/1"",""length_coalescent_units"":1.3862943611198908}]"	1.0	0.0	0.0	5.0	0.0	0.0	0.9945355191256833	0.002732240437158474	0.002732240437158474	760	5.0
298c0eae1d778f51714a7d482a3c512a4c9c80304c6b9cdf948bdfb9b4563ee4	"[""GCF_000015385.1"",""GCF_014656585.1"",""GCF_046109915.1""]"	"[""GCF_000009425.1"",""GCF_000010145.1"",""GCF_000011045.1"",""GCF_000014385.1"",""GCF_000014425.1"",""GCF_000014445.1"",""GCF_000014505.1"",""GCF_000014545.1"",""GCF_000016825.1"",""GCF_000023085.1"",""GCF_000025045.1"",""GCF_000026405.1"",""GCF_000092505.1"",""GCF_000148815.2"",""GCF_000155515.2"",""GCF_000160835.1"",""GCF_000203855.3"",""GCF_000237995.1"",""GCF_000241055.1"",""GCF_000269925.1"",""GCF_000269945.1"",""GCF_000298875.1"",""GCF_000468955.1"",""GCF_000691805.2"",""GCF_001434365.1"",""GCF_001434705.1"",""GCF_001435245.1"",""GCF_001436135.1"",""GCF_001436905.1"",""GCF_001437055.1"",""GCF_001437425.1"",""GCF_001438705.1"",""GCF_001536305.1"",""GCF_001618285.1"",""GCF_001702215.1"",""GCF_001702235.1"",""GCF_001752505.1"",""GCF_001752515.1"",""GCF_001752545.1"",""GCF_001761545.1"",""GCF_001767275.1"",""GCF_001888925.1"",""GCF_001891125.1"",""GCF_001932615.1"",""GCF_001998805.1"",""GCF_002174215.1"",""GCF_002950695.1"",""GCF_002970915.1"",""GCF_002970935.1"",""GCF_003150935.1"",""GCF_003151025.1"",""GCF_003173695.1"",""GCF_003176835.1"",""GCF_003264795.1"",""GCF_003584685.1"",""GCF_003641185.1"",""GCF_003722275.1"",""GCF_003999355.1"",""GCF_004354645.1"",""GCF_004377635.1"",""GCF_005405405.1"",""GCF_005405465.1"",""GCF_007954605.1"",""GCF_007954785.1"",""GCF_008107645.1"",""GCF_008831485.1"",""GCF_009184845.1"",""GCF_009856565.1"",""GCF_009913655.1"",""GCF_009913995.1"",""GCF_009914015.1"",""GCF_009914035.1"",""GCF_010092385.1"",""GCF_011058775.1"",""GCF_011304355.1"",""GCF_013113695.1"",""GCF_013407595.1"",""GCF_014131735.1"",""GCF_014145545.1"",""GCF_014145555.1"",""GCF_014145615.1"",""GCF_014397255.1"",""GCF_014789145.1"",""GCF_016127255.1"",""GCF_016127815.1"",""GCF_016647595.1"",""GCF_016919665.1"",""GCF_017068355.1"",""GCF_017894345.1"",""GCF_018394055.1"",""GCF_018502505.1"",""GCF_019448175.1"",""GCF_019469265.1"",""GCF_019576155.1"",""GCF_019797825.1"",""GCF_020510245.1"",""GCF_020784695.1"",""GCF_020844005.1"",""GCF_021378055.1"",""GCF_023169905.1"",""GCF_023499275.1"",""GCF_023920145.1"",""GCF_024334065.1"",""GCF_024397795.1"",""GCF_024718545.1"",""GCF_025311495.1"",""GCF_025490915.1"",""GCF_025739325.1"",""GCF_025948295.1"",""GCF_026222675.1"",""GCF_028607025.1"",""GCF_028621815.1"",""GCF_028736235.1"",""GCF_029025825.1"",""GCF_029726355.1"",""GCF_029854335.1"",""GCF_029866985.1"",""GCF_030480545.1"",""GCF_030770265.1"",""GCF_030770295.1"",""GCF_030770335.1"",""GCF_032762665.1"",""GCF_033142085.1"",""GCF_033570435.1"",""GCF_034703025.1"",""GCF_035985965.1"",""GCF_036246165.1"",""GCF_036246185.1"",""GCF_036246225.1"",""GCF_036327715.1"",""GCF_037290055.1"",""GCF_037891785.1"",""GCF_037892375.1"",""GCF_038049945.1"",""GCF_039645515.1"",""GCF_039645575.1"",""GCF_039783225.1"",""GCF_039783785.1"",""GCF_039955095.1"",""GCF_041225485.1"",""GCF_041225605.1"",""GCF_041281755.1"",""GCF_041509385.1"",""GCF_041514285.1"",""GCF_041514295.1"",""GCF_041893975.1"",""GCF_042847315.1"",""GCF_042997415.1"",""GCF_045760565.1"",""GCF_045801155.1"",""GCF_045862825.1"",""GCF_047344935.1"",""GCF_050407965.1"",""GCF_050847345.1"",""GCF_051098045.1"",""GCF_052569745.1"",""GCF_052570115.1"",""GCF_052571685.1"",""GCF_054073565.1"",""GCF_054331775.1"",""GCF_054452875.2"",""GCF_054784775.1"",""GCF_054785075.1"",""GCF_055180435.1"",""GCF_055502585.1"",""GCF_055755075.1"",""GCF_056269605.1"",""GCF_056676095.1"",""GCF_057786735.1"",""GCF_058111805.1"",""GCF_059089415.1"",""GCF_060305805.1"",""GCF_060307215.1"",""GCF_900016205.1"",""GCF_900094835.1"",""GCF_900240275.1"",""GCF_900519455.1"",""GCF_900519475.1"",""GCF_900636965.1"",""GCF_903885985.1"",""GCF_903886345.1"",""GCF_903886475.1"",""GCF_903891025.1"",""GCF_903891205.1"",""GCF_947539375.1"",""GCF_963243495.1"",""GCF_963281025.1"",""GCF_964063315.1"",""GCF_965136965.1"",""GCF_965286035.1"",""GCF_965286295.1"",""GCF_965286585.1"",""GCF_982267005.1""]"	root/1/1/1/1/1/1/1/0/1/0/0/1/1/1/1/1/1/1/1	"[""root/1/1/1/1/1/1/1/0/1/0/0/1/1/1/1/1/1/1/1""]"	"[{""node"":""root/1/1/1/1/1/1/1/0/1/0/0/1/1/1/1/1/1/1/1"",""length_coalescent_units"":0.0}]"	0.3989583333333333	0.20108108108108108	0.39996058558558556	1.9947916666666665	1.0054054054054054	1.999802927927928	0.396231159132058	0.20596336676570307	0.39780547410223904	384	5.0
469d4dd75e042c25e6510eaef96c12c5bb157bc188d9a3f68785c49c912aebbc	"[""GCF_000015385.1"",""GCF_046109915.1""]"	"[""GCF_000009425.1"",""GCF_000010145.1"",""GCF_000011045.1"",""GCF_000014385.1"",""GCF_000014425.1"",""GCF_000014445.1"",""GCF_000014505.1"",""GCF_000014545.1"",""GCF_000016825.1"",""GCF_000023085.1"",""GCF_000025045.1"",""GCF_000026405.1"",""GCF_000092505.1"",""GCF_000148815.2"",""GCF_000155515.2"",""GCF_000160835.1"",""GCF_000203855.3"",""GCF_000237995.1"",""GCF_000241055.1"",""GCF_000269925.1"",""GCF_000269945.1"",""GCF_000298875.1"",""GCF_000468955.1"",""GCF_000691805.2"",""GCF_001434365.1"",""GCF_001434705.1"",""GCF_001435245.1"",""GCF_001436135.1"",""GCF_001436905.1"",""GCF_001437055.1"",""GCF_001437425.1"",""GCF_001438705.1"",""GCF_001536305.1"",""GCF_001618285.1"",""GCF_001702215.1"",""GCF_001702235.1"",""GCF_001752505.1"",""GCF_001752515.1"",""GCF_001752545.1"",""GCF_001761545.1"",""GCF_001767275.1"",""GCF_001888925.1"",""GCF_001891125.1"",""GCF_001932615.1"",""GCF_001998805.1"",""GCF_002174215.1"",""GCF_002950695.1"",""GCF_002970915.1"",""GCF_002970935.1"",""GCF_003150935.1"",""GCF_003151025.1"",""GCF_003173695.1"",""GCF_003176835.1"",""GCF_003264795.1"",""GCF_003584685.1"",""GCF_003641185.1"",""GCF_003722275.1"",""GCF_003999355.1"",""GCF_004354645.1"",""GCF_004377635.1"",""GCF_005405405.1"",""GCF_005405465.1"",""GCF_007954605.1"",""GCF_007954785.1"",""GCF_008107645.1"",""GCF_008831485.1"",""GCF_009184845.1"",""GCF_009856565.1"",""GCF_009913655.1"",""GCF_009913995.1"",""GCF_009914015.1"",""GCF_009914035.1"",""GCF_010092385.1"",""GCF_011058775.1"",""GCF_011304355.1"",""GCF_013113695.1"",""GCF_013407595.1"",""GCF_014131735.1"",""GCF_014145545.1"",""GCF_014145555.1"",""GCF_014145615.1"",""GCF_014397255.1"",""GCF_014656585.1"",""GCF_014789145.1"",""GCF_016127255.1"",""GCF_016127815.1"",""GCF_016647595.1"",""GCF_016919665.1"",""GCF_017068355.1"",""GCF_017894345.1"",""GCF_018394055.1"",""GCF_018502505.1"",""GCF_019448175.1"",""GCF_019469265.1"",""GCF_019576155.1"",""GCF_019797825.1"",""GCF_020510245.1"",""GCF_020784695.1"",""GCF_020844005.1"",""GCF_021378055.1"",""GCF_023169905.1"",""GCF_023499275.1"",""GCF_023920145.1"",""GCF_024334065.1"",""GCF_024397795.1"",""GCF_024718545.1"",""GCF_025311495.1"",""GCF_025490915.1"",""GCF_025739325.1"",""GCF_025948295.1"",""GCF_026222675.1"",""GCF_028607025.1"",""GCF_028621815.1"",""GCF_028736235.1"",""GCF_029025825.1"",""GCF_029726355.1"",""GCF_029854335.1"",""GCF_029866985.1"",""GCF_030480545.1"",""GCF_030770265.1"",""GCF_030770295.1"",""GCF_030770335.1"",""GCF_032762665.1"",""GCF_033142085.1"",""GCF_033570435.1"",""GCF_034703025.1"",""GCF_035985965.1"",""GCF_036246165.1"",""GCF_036246185.1"",""GCF_036246225.1"",""GCF_036327715.1"",""GCF_037290055.1"",""GCF_037891785.1"",""GCF_037892375.1"",""GCF_038049945.1"",""GCF_039645515.1"",""GCF_039645575.1"",""GCF_039783225.1"",""GCF_039783785.1"",""GCF_039955095.1"",""GCF_041225485.1"",""GCF_041225605.1"",""GCF_041281755.1"",""GCF_041509385.1"",""GCF_041514285.1"",""GCF_041514295.1"",""GCF_041893975.1"",""GCF_042847315.1"",""GCF_042997415.1"",""GCF_045760565.1"",""GCF_045801155.1"",""GCF_045862825.1"",""GCF_047344935.1"",""GCF_050407965.1"",""GCF_050847345.1"",""GCF_051098045.1"",""GCF_052569745.1"",""GCF_052570115.1"",""GCF_052571685.1"",""GCF_054073565.1"",""GCF_054331775.1"",""GCF_054452875.2"",""GCF_054784775.1"",""GCF_054785075.1"",""GCF_055180435.1"",""GCF_055502585.1"",""GCF_055755075.1"",""GCF_056269605.1"",""GCF_056676095.1"",""GCF_057786735.1"",""GCF_058111805.1"",""GCF_059089415.1"",""GCF_060305805.1"",""GCF_060307215.1"",""GCF_900016205.1"",""GCF_900094835.1"",""GCF_900240275.1"",""GCF_900519455.1"",""GCF_900519475.1"",""GCF_900636965.1"",""GCF_903885985.1"",""GCF_903886345.1"",""GCF_903886475.1"",""GCF_903891025.1"",""GCF_903891205.1"",""GCF_947539375.1"",""GCF_963243495.1"",""GCF_963281025.1"",""GCF_964063315.1"",""GCF_965136965.1"",""GCF_965286035.1"",""GCF_965286295.1"",""GCF_965286585.1"",""GCF_982267005.1""]"	root/1/1/1/1/1/1/1/0/1/0/0/1/1/1/1/1/1/1/1/1	"[""root/1/1/1/1/1/1/1/0/1/0/0/1/1/1/1/1/1/1/1/1""]"	"[{""node"":""root/1/1/1/1/1/1/1/0/1/0/0/1/1/1/1/1/1/1/1/1"",""length_coalescent_units"":1.3862943611198908}]"	1.0	0.0	0.0	5.0	0.0	0.0	0.9945355191256833	0.002732240437158474	0.002732240437158474	193	5.0
9d5d67e6a893688ef6167d10841d87baa4f93d315ee4ffe1fd53d6bc5bdfbb7b	"[""GCF_000016825.1"",""GCF_000160835.1"",""GCF_014145545.1"",""GCF_014145555.1"",""GCF_014145615.1"",""GCF_019797825.1"",""GCF_020784695.1"",""GCF_025311495.1"",""GCF_028607025.1"",""GCF_033570435.1"",""GCF_039955095.1"",""GCF_056676095.1"",""GCF_963281025.1""]"	"[""GCF_000009425.1"",""GCF_000010145.1"",""GCF_000011045.1"",""GCF_000014385.1"",""GCF_000014425.1"",""GCF_000014445.1"",""GCF_000014505.1"",""GCF_000014545.1"",""GCF_000015385.1"",""GCF_000023085.1"",""GCF_000025045.1"",""GCF_000026405.1"",""GCF_000092505.1"",""GCF_000148815.2"",""GCF_000155515.2"",""GCF_000203855.3"",""GCF_000237995.1"",""GCF_000241055.1"",""GCF_000269925.1"",""GCF_000269945.1"",""GCF_000298875.1"",""GCF_000468955.1"",""GCF_000691805.2"",""GCF_001434365.1"",""GCF_001434705.1"",""GCF_001435245.1"",""GCF_001436135.1"",""GCF_001436905.1"",""GCF_001437055.1"",""GCF_001437425.1"",""GCF_001438705.1"",""GCF_001536305.1"",""GCF_001618285.1"",""GCF_001702215.1"",""GCF_001702235.1"",""GCF_001752505.1"",""GCF_001752515.1"",""GCF_001752545.1"",""GCF_001761545.1"",""GCF_001767275.1"",""GCF_001888925.1"",""GCF_001891125.1"",""GCF_001932615.1"",""GCF_001998805.1"",""GCF_002174215.1"",""GCF_002950695.1"",""GCF_002970915.1"",""GCF_002970935.1"",""GCF_003150935.1"",""GCF_003151025.1"",""GCF_003173695.1"",""GCF_003176835.1"",""GCF_003264795.1"",""GCF_003584685.1"",""GCF_003641185.1"",""GCF_003722275.1"",""GCF_003999355.1"",""GCF_004354645.1"",""GCF_004377635.1"",""GCF_005405405.1"",""GCF_005405465.1"",""GCF_007954605.1"",""GCF_007954785.1"",""GCF_008107645.1"",""GCF_008831485.1"",""GCF_009184845.1"",""GCF_009856565.1"",""GCF_009913655.1"",""GCF_009913995.1"",""GCF_009914015.1"",""GCF_009914035.1"",""GCF_010092385.1"",""GCF_011058775.1"",""GCF_011304355.1"",""GCF_013113695.1"",""GCF_013407595.1"",""GCF_014131735.1"",""GCF_014397255.1"",""GCF_014656585.1"",""GCF_014789145.1"",""GCF_016127255.1"",""GCF_016127815.1"",""GCF_016647595.1"",""GCF_016919665.1"",""GCF_017068355.1"",""GCF_017894345.1"",""GCF_018394055.1"",""GCF_018502505.1"",""GCF_019448175.1"",""GCF_019469265.1"",""GCF_019576155.1"",""GCF_020510245.1"",""GCF_020844005.1"",""GCF_021378055.1"",""GCF_023169905.1"",""GCF_023499275.1"",""GCF_023920145.1"",""GCF_024334065.1"",""GCF_024397795.1"",""GCF_024718545.1"",""GCF_025490915.1"",""GCF_025739325.1"",""GCF_025948295.1"",""GCF_026222675.1"",""GCF_028621815.1"",""GCF_028736235.1"",""GCF_029025825.1"",""GCF_029726355.1"",""GCF_029854335.1"",""GCF_029866985.1"",""GCF_030480545.1"",""GCF_030770265.1"",""GCF_030770295.1"",""GCF_030770335.1"",""GCF_032762665.1"",""GCF_033142085.1"",""GCF_034703025.1"",""GCF_035985965.1"",""GCF_036246165.1"",""GCF_036246185.1"",""GCF_036246225.1"",""GCF_036327715.1"",""GCF_037290055.1"",""GCF_037891785.1"",""GCF_037892375.1"",""GCF_038049945.1"",""GCF_039645515.1"",""GCF_039645575.1"",""GCF_039783225.1"",""GCF_039783785.1"",""GCF_041225485.1"",""GCF_041225605.1"",""GCF_041281755.1"",""GCF_041509385.1"",""GCF_041514285.1"",""GCF_041514295.1"",""GCF_041893975.1"",""GCF_042847315.1"",""GCF_042997415.1"",""GCF_045760565.1"",""GCF_045801155.1"",""GCF_045862825.1"",""GCF_046109915.1"",""GCF_047344935.1"",""GCF_050407965.1"",""GCF_050847345.1"",""GCF_051098045.1"",""GCF_052569745.1"",""GCF_052570115.1"",""GCF_052571685.1"",""GCF_054073565.1"",""GCF_054331775.1"",""GCF_054452875.2"",""GCF_054784775.1"",""GCF_054785075.1"",""GCF_055180435.1"",""GCF_055502585.1"",""GCF_055755075.1"",""GCF_056269605.1"",""GCF_057786735.1"",""GCF_058111805.1"",""GCF_059089415.1"",""GCF_060305805.1"",""GCF_060307215.1"",""GCF_900016205.1"",""GCF_900094835.1"",""GCF_900240275.1"",""GCF_900519455.1"",""GCF_900519475.1"",""GCF_900636965.1"",""GCF_903885985.1"",""GCF_903886345.1"",""GCF_903886475.1"",""GCF_903891025.1"",""GCF_903891205.1"",""GCF_947539375.1"",""GCF_963243495.1"",""GCF_964063315.1"",""GCF_965136965.1"",""GCF_965286035.1"",""GCF_965286295.1"",""GCF_965286585.1"",""GCF_982267005.1""]"	root/1/1/1/1/1/1/1/0/1/1/0/1	"[""root/1/1/1/1/1/1/1/0/1/1/0/1""]"	"[{""node"":""root/1/1/1/1/1/1/1/0/1/1/0/1"",""length_coalescent_units"":0.4193598964269805}]"	0.674025974025974	0.14285714285714285	0.18311688311688312	3.37012987012987	0.7142857142857143	0.9155844155844156	0.8192900422959294	0.08565472041564696	0.09505523728842367	27104	5.0
09bff70ece0cf0d55e234af536107189b8913701e1d519258dc03b282a720fe2	"[""GCF_000016825.1"",""GCF_000160835.1"",""GCF_014145545.1"",""GCF_014145555.1"",""GCF_014145615.1"",""GCF_019797825.1"",""GCF_020784695.1"",""GCF_025311495.1"",""GCF_028607025.1"",""GCF_033570435.1"",""GCF_963281025.1""]"	"[""GCF_000009425.1"",""GCF_000010145.1"",""GCF_000011045.1"",""GCF_000014385.1"",""GCF_000014425.1"",""GCF_000014445.1"",""GCF_000014505.1"",""GCF_000014545.1"",""GCF_000015385.1"",""GCF_000023085.1"",""GCF_000025045.1"",""GCF_000026405.1"",""GCF_000092505.1"",""GCF_000148815.2"",""GCF_000155515.2"",""GCF_000203855.3"",""GCF_000237995.1"",""GCF_000241055.1"",""GCF_000269925.1"",""GCF_000269945.1"",""GCF_000298875.1"",""GCF_000468955.1"",""GCF_000691805.2"",""GCF_001434365.1"",""GCF_001434705.1"",""GCF_001435245.1"",""GCF_001436135.1"",""GCF_001436905.1"",""GCF_001437055.1"",""GCF_001437425.1"",""GCF_001438705.1"",""GCF_001536305.1"",""GCF_001618285.1"",""GCF_001702215.1"",""GCF_001702235.1"",""GCF_001752505.1"",""GCF_001752515.1"",""GCF_001752545.1"",""GCF_001761545.1"",""GCF_001767275.1"",""GCF_001888925.1"",""GCF_001891125.1"",""GCF_001932615.1"",""GCF_001998805.1"",""GCF_002174215.1"",""GCF_002950695.1"",""GCF_002970915.1"",""GCF_002970935.1"",""GCF_003150935.1"",""GCF_003151025.1"",""GCF_003173695.1"",""GCF_003176835.1"",""GCF_003264795.1"",""GCF_003584685.1"",""GCF_003641185.1"",""GCF_003722275.1"",""GCF_003999355.1"",""GCF_004354645.1"",""GCF_004377635.1"",""GCF_005405405.1"",""GCF_005405465.1"",""GCF_007954605.1"",""GCF_007954785.1"",""GCF_008107645.1"",""GCF_008831485.1"",""GCF_009184845.1"",""GCF_009856565.1"",""GCF_009913655.1"",""GCF_009913995.1"",""GCF_009914015.1"",""GCF_009914035.1"",""GCF_010092385.1"",""GCF_011058775.1"",""GCF_011304355.1"",""GCF_013113695.1"",""GCF_013407595.1"",""GCF_014131735.1"",""GCF_014397255.1"",""GCF_014656585.1"",""GCF_014789145.1"",""GCF_016127255.1"",""GCF_016127815.1"",""GCF_016647595.1"",""GCF_016919665.1"",""GCF_017068355.1"",""GCF_017894345.1"",""GCF_018394055.1"",""GCF_018502505.1"",""GCF_019448175.1"",""GCF_019469265.1"",""GCF_019576155.1"",""GCF_020510245.1"",""GCF_020844005.1"",""GCF_021378055.1"",""GCF_023169905.1"",""GCF_023499275.1"",""GCF_023920145.1"",""GCF_024334065.1"",""GCF_024397795.1"",""GCF_024718545.1"",""GCF_025490915.1"",""GCF_025739325.1"",""GCF_025948295.1"",""GCF_026222675.1"",""GCF_028621815.1"",""GCF_028736235.1"",""GCF_029025825.1"",""GCF_029726355.1"",""GCF_029854335.1"",""GCF_029866985.1"",""GCF_030480545.1"",""GCF_030770265.1"",""GCF_030770295.1"",""GCF_030770335.1"",""GCF_032762665.1"",""GCF_033142085.1"",""GCF_034703025.1"",""GCF_035985965.1"",""GCF_036246165.1"",""GCF_036246185.1"",""GCF_036246225.1"",""GCF_036327715.1"",""GCF_037290055.1"",""GCF_037891785.1"",""GCF_037892375.1"",""GCF_038049945.1"",""GCF_039645515.1"",""GCF_039645575.1"",""GCF_039783225.1"",""GCF_039783785.1"",""GCF_039955095.1"",""GCF_041225485.1"",""GCF_041225605.1"",""GCF_041281755.1"",""GCF_041509385.1"",""GCF_041514285.1"",""GCF_041514295.1"",""GCF_041893975.1"",""GCF_042847315.1"",""GCF_042997415.1"",""GCF_045760565.1"",""GCF_045801155.1"",""GCF_045862825.1"",""GCF_046109915.1"",""GCF_047344935.1"",""GCF_050407965.1"",""GCF_050847345.1"",""GCF_051098045.1"",""GCF_052569745.1"",""GCF_052570115.1"",""GCF_052571685.1"",""GCF_054073565.1"",""GCF_054331775.1"",""GCF_054452875.2"",""GCF_054784775.1"",""GCF_054785075.1"",""GCF_055180435.1"",""GCF_055502585.1"",""GCF_055755075.1"",""GCF_056269605.1"",""GCF_056676095.1"",""GCF_057786735.1"",""GCF_058111805.1"",""GCF_059089415.1"",""GCF_060305805.1"",""GCF_060307215.1"",""GCF_900016205.1"",""GCF_900094835.1"",""GCF_900240275.1"",""GCF_900519455.1"",""GCF_900519475.1"",""GCF_900636965.1"",""GCF_903885985.1"",""GCF_903886345.1"",""GCF_903886475.1"",""GCF_903891025.1"",""GCF_903891205.1"",""GCF_947539375.1"",""GCF_963243495.1"",""GCF_964063315.1"",""GCF_965136965.1"",""GCF_965286035.1"",""GCF_965286295.1"",""GCF_965286585.1"",""GCF_982267005.1""]"	root/1/1/1/1/1/1/1/0/1/1/0/1/1	"[""root/1/1/1/1/1/1/1/0/1/1/0/1/1""]"	"[{""node"":""root/1/1/1/1/1/1/1/0/1/1/0/1/1"",""length_coalescent_units"":1.3862943611198908}]"	1.0	0.0	0.0	5.0	0.0	0.0	0.9945355191256833	0.002732240437158474	0.002732240437158474	6588	5.0
0291bd969dd570fdf98abbd9e417ca7a9e8395cc8309da3d239564566ccfc70d	"[""GCF_000016825.1"",""GCF_000160835.1"",""GCF_014145545.1"",""GCF_014145555.1"",""GCF_014145615.1"",""GCF_019797825.1"",""GCF_020784695.1"",""GCF_025311495.1"",""GCF_033570435.1""]"	"[""GCF_000009425.1"",""GCF_000010145.1"",""GCF_000011045.1"",""GCF_000014385.1"",""GCF_000014425.1"",""GCF_000014445.1"",""GCF_000014505.1"",""GCF_000014545.1"",""GCF_000015385.1"",""GCF_000023085.1"",""GCF_000025045.1"",""GCF_000026405.1"",""GCF_000092505.1"",""GCF_000148815.2"",""GCF_000155515.2"",""GCF_000203855.3"",""GCF_000237995.1"",""GCF_000241055.1"",""GCF_000269925.1"",""GCF_000269945.1"",""GCF_000298875.1"",""GCF_000468955.1"",""GCF_000691805.2"",""GCF_001434365.1"",""GCF_001434705.1"",""GCF_001435245.1"",""GCF_001436135.1"",""GCF_001436905.1"",""GCF_001437055.1"",""GCF_001437425.1"",""GCF_001438705.1"",""GCF_001536305.1"",""GCF_001618285.1"",""GCF_001702215.1"",""GCF_001702235.1"",""GCF_001752505.1"",""GCF_001752515.1"",""GCF_001752545.1"",""GCF_001761545.1"",""GCF_001767275.1"",""GCF_001888925.1"",""GCF_001891125.1"",""GCF_001932615.1"",""GCF_001998805.1"",""GCF_002174215.1"",""GCF_002950695.1"",""GCF_002970915.1"",""GCF_002970935.1"",""GCF_003150935.1"",""GCF_003151025.1"",""GCF_003173695.1"",""GCF_003176835.1"",""GCF_003264795.1"",""GCF_003584685.1"",""GCF_003641185.1"",""GCF_003722275.1"",""GCF_003999355.1"",""GCF_004354645.1"",""GCF_004377635.1"",""GCF_005405405.1"",""GCF_005405465.1"",""GCF_007954605.1"",""GCF_007954785.1"",""GCF_008107645.1"",""GCF_008831485.1"",""GCF_009184845.1"",""GCF_009856565.1"",""GCF_009913655.1"",""GCF_009913995.1"",""GCF_009914015.1"",""GCF_009914035.1"",""GCF_010092385.1"",""GCF_011058775.1"",""GCF_011304355.1"",""GCF_013113695.1"",""GCF_013407595.1"",""GCF_014131735.1"",""GCF_014397255.1"",""GCF_014656585.1"",""GCF_014789145.1"",""GCF_016127255.1"",""GCF_016127815.1"",""GCF_016647595.1"",""GCF_016919665.1"",""GCF_017068355.1"",""GCF_017894345.1"",""GCF_018394055.1"",""GCF_018502505.1"",""GCF_019448175.1"",""GCF_019469265.1"",""GCF_019576155.1"",""GCF_020510245.1"",""GCF_020844005.1"",""GCF_021378055.1"",""GCF_023169905.1"",""GCF_023499275.1"",""GCF_023920145.1"",""GCF_024334065.1"",""GCF_024397795.1"",""GCF_024718545.1"",""GCF_025490915.1"",""GCF_025739325.1"",""GCF_025948295.1"",""GCF_026222675.1"",""GCF_028607025.1"",""GCF_028621815.1"",""GCF_028736235.1"",""GCF_029025825.1"",""GCF_029726355.1"",""GCF_029854335.1"",""GCF_029866985.1"",""GCF_030480545.1"",""GCF_030770265.1"",""GCF_030770295.1"",""GCF_030770335.1"",""GCF_032762665.1"",""GCF_033142085.1"",""GCF_034703025.1"",""GCF_035985965.1"",""GCF_036246165.1"",""GCF_036246185.1"",""GCF_036246225.1"",""GCF_036327715.1"",""GCF_037290055.1"",""GCF_037891785.1"",""GCF_037892375.1"",""GCF_038049945.1"",""GCF_039645515.1"",""GCF_039645575.1"",""GCF_039783225.1"",""GCF_039783785.1"",""GCF_039955095.1"",""GCF_041225485.1"",""GCF_041225605.1"",""GCF_041281755.1"",""GCF_041509385.1"",""GCF_041514285.1"",""GCF_041514295.1"",""GCF_041893975.1"",""GCF_042847315.1"",""GCF_042997415.1"",""GCF_045760565.1"",""GCF_045801155.1"",""GCF_045862825.1"",""GCF_046109915.1"",""GCF_047344935.1"",""GCF_050407965.1"",""GCF_050847345.1"",""GCF_051098045.1"",""GCF_052569745.1"",""GCF_052570115.1"",""GCF_052571685.1"",""GCF_054073565.1"",""GCF_054331775.1"",""GCF_054452875.2"",""GCF_054784775.1"",""GCF_054785075.1"",""GCF_055180435.1"",""GCF_055502585.1"",""GCF_055755075.1"",""GCF_056269605.1"",""GCF_056676095.1"",""GCF_057786735.1"",""GCF_058111805.1"",""GCF_059089415.1"",""GCF_060305805.1"",""GCF_060307215.1"",""GCF_900016205.1"",""GCF_900094835.1"",""GCF_900240275.1"",""GCF_900519455.1"",""GCF_900519475.1"",""GCF_900636965.1"",""GCF_903885985.1"",""GCF_903886345.1"",""GCF_903886475.1"",""GCF_903891025.1"",""GCF_903891205.1"",""GCF_947539375.1"",""GCF_963243495.1"",""GCF_963281025.1"",""GCF_964063315.1"",""GCF_965136965.1"",""GCF_965286035.1"",""GCF_965286295.1"",""GCF_965286585.1"",""GCF_982267005.1""]"	root/1/1/1/1/1/1/1/0/1/1/0/1/1/1	"[""root/1/1/1/1/1/1/1/0/1/1/0/1/1/1""]"	"[{""node"":""root/1/1/1/1/1/1/1/0/1/1/0/1/1/1"",""length_coalescent_units"":0.2876820724517809}]"	0.6	0.2	0.2	3.0	1.0	1.0	0.7192982456140349	0.14035087719298256	0.14035087719298256	6660	5.0
af99856c2b6ea0ccd8517b02423e0e94ac8af65890a7d32c7e7b40c80fb4ac0d	"[""GCF_000016825.1"",""GCF_014145545.1"",""GCF_014145555.1"",""GCF_014145615.1"",""GCF_020784695.1"",""GCF_033570435.1""]"	"[""GCF_000009425.1"",""GCF_000010145.1"",""GCF_000011045.1"",""GCF_000014385.1"",""GCF_000014425.1"",""GCF_000014445.1"",""GCF_000014505.1"",""GCF_000014545.1"",""GCF_000015385.1"",""GCF_000023085.1"",""GCF_000025045.1"",""GCF_000026405.1"",""GCF_000092505.1"",""GCF_000148815.2"",""GCF_000155515.2"",""GCF_000160835.1"",""GCF_000203855.3"",""GCF_000237995.1"",""GCF_000241055.1"",""GCF_000269925.1"",""GCF_000269945.1"",""GCF_000298875.1"",""GCF_000468955.1"",""GCF_000691805.2"",""GCF_001434365.1"",""GCF_001434705.1"",""GCF_001435245.1"",""GCF_001436135.1"",""GCF_001436905.1"",""GCF_001437055.1"",""GCF_001437425.1"",""GCF_001438705.1"",""GCF_001536305.1"",""GCF_001618285.1"",""GCF_001702215.1"",""GCF_001702235.1"",""GCF_001752505.1"",""GCF_001752515.1"",""GCF_001752545.1"",""GCF_001761545.1"",""GCF_001767275.1"",""GCF_001888925.1"",""GCF_001891125.1"",""GCF_001932615.1"",""GCF_001998805.1"",""GCF_002174215.1"",""GCF_002950695.1"",""GCF_002970915.1"",""GCF_002970935.1"",""GCF_003150935.1"",""GCF_003151025.1"",""GCF_003173695.1"",""GCF_003176835.1"",""GCF_003264795.1"",""GCF_003584685.1"",""GCF_003641185.1"",""GCF_003722275.1"",""GCF_003999355.1"",""GCF_004354645.1"",""GCF_004377635.1"",""GCF_005405405.1"",""GCF_005405465.1"",""GCF_007954605.1"",""GCF_007954785.1"",""GCF_008107645.1"",""GCF_008831485.1"",""GCF_009184845.1"",""GCF_009856565.1"",""GCF_009913655.1"",""GCF_009913995.1"",""GCF_009914015.1"",""GCF_009914035.1"",""GCF_010092385.1"",""GCF_011058775.1"",""GCF_011304355.1"",""GCF_013113695.1"",""GCF_013407595.1"",""GCF_014131735.1"",""GCF_014397255.1"",""GCF_014656585.1"",""GCF_014789145.1"",""GCF_016127255.1"",""GCF_016127815.1"",""GCF_016647595.1"",""GCF_016919665.1"",""GCF_017068355.1"",""GCF_017894345.1"",""GCF_018394055.1"",""GCF_018502505.1"",""GCF_019448175.1"",""GCF_019469265.1"",""GCF_019576155.1"",""GCF_019797825.1"",""GCF_020510245.1"",""GCF_020844005.1"",""GCF_021378055.1"",""GCF_023169905.1"",""GCF_023499275.1"",""GCF_023920145.1"",""GCF_024334065.1"",""GCF_024397795.1"",""GCF_024718545.1"",""GCF_025311495.1"",""GCF_025490915.1"",""GCF_025739325.1"",""GCF_025948295.1"",""GCF_026222675.1"",""GCF_028607025.1"",""GCF_028621815.1"",""GCF_028736235.1"",""GCF_029025825.1"",""GCF_029726355.1"",""GCF_029854335.1"",""GCF_029866985.1"",""GCF_030480545.1"",""GCF_030770265.1"",""GCF_030770295.1"",""GCF_030770335.1"",""GCF_032762665.1"",""GCF_033142085.1"",""GCF_034703025.1"",""GCF_035985965.1"",""GCF_036246165.1"",""GCF_036246185.1"",""GCF_036246225.1"",""GCF_036327715.1"",""GCF_037290055.1"",""GCF_037891785.1"",""GCF_037892375.1"",""GCF_038049945.1"",""GCF_039645515.1"",""GCF_039645575.1"",""GCF_039783225.1"",""GCF_039783785.1"",""GCF_039955095.1"",""GCF_041225485.1"",""GCF_041225605.1"",""GCF_041281755.1"",""GCF_041509385.1"",""GCF_041514285.1"",""GCF_041514295.1"",""GCF_041893975.1"",""GCF_042847315.1"",""GCF_042997415.1"",""GCF_045760565.1"",""GCF_045801155.1"",""GCF_045862825.1"",""GCF_046109915.1"",""GCF_047344935.1"",""GCF_050407965.1"",""GCF_050847345.1"",""GCF_051098045.1"",""GCF_052569745.1"",""GCF_052570115.1"",""GCF_052571685.1"",""GCF_054073565.1"",""GCF_054331775.1"",""GCF_054452875.2"",""GCF_054784775.1"",""GCF_054785075.1"",""GCF_055180435.1"",""GCF_055502585.1"",""GCF_055755075.1"",""GCF_056269605.1"",""GCF_056676095.1"",""GCF_057786735.1"",""GCF_058111805.1"",""GCF_059089415.1"",""GCF_060305805.1"",""GCF_060307215.1"",""GCF_900016205.1"",""GCF_900094835.1"",""GCF_900240275.1"",""GCF_900519455.1"",""GCF_900519475.1"",""GCF_900636965.1"",""GCF_903885985.1"",""GCF_903886345.1"",""GCF_903886475.1"",""GCF_903891025.1"",""GCF_903891205.1"",""GCF_947539375.1"",""GCF_963243495.1"",""GCF_963281025.1"",""GCF_964063315.1"",""GCF_965136965.1"",""GCF_965286035.1"",""GCF_965286295.1"",""GCF_965286585.1"",""GCF_982267005.1""]"	root/1/1/1/1/1/1/1/0/1/1/0/1/1/1/1	"[""root/1/1/1/1/1/1/1/0/1/1/0/1/1/1/1""]"	"[{""node"":""root/1/1/1/1/1/1/1/0/1/1/0/1/1/1/1"",""length_coalescent_units"":1.3862943611198908}]"	1.0	0.0	0.0	5.0	0.0	0.0	0.9945355191256833	0.002732240437158474	0.002732240437158474	2805	5.0
2b580d821e076a53a17697445c30fb91d813a5b895bc4633a708d1b344c5cd4c	"[""GCF_000016825.1"",""GCF_014145545.1"",""GCF_014145615.1"",""GCF_020784695.1"",""GCF_033570435.1""]"	"[""GCF_000009425.1"",""GCF_000010145.1"",""GCF_000011045.1"",""GCF_000014385.1"",""GCF_000014425.1"",""GCF_000014445.1"",""GCF_000014505.1"",""GCF_000014545.1"",""GCF_000015385.1"",""GCF_000023085.1"",""GCF_000025045.1"",""GCF_000026405.1"",""GCF_000092505.1"",""GCF_000148815.2"",""GCF_000155515.2"",""GCF_000160835.1"",""GCF_000203855.3"",""GCF_000237995.1"",""GCF_000241055.1"",""GCF_000269925.1"",""GCF_000269945.1"",""GCF_000298875.1"",""GCF_000468955.1"",""GCF_000691805.2"",""GCF_001434365.1"",""GCF_001434705.1"",""GCF_001435245.1"",""GCF_001436135.1"",""GCF_001436905.1"",""GCF_001437055.1"",""GCF_001437425.1"",""GCF_001438705.1"",""GCF_001536305.1"",""GCF_001618285.1"",""GCF_001702215.1"",""GCF_001702235.1"",""GCF_001752505.1"",""GCF_001752515.1"",""GCF_001752545.1"",""GCF_001761545.1"",""GCF_001767275.1"",""GCF_001888925.1"",""GCF_001891125.1"",""GCF_001932615.1"",""GCF_001998805.1"",""GCF_002174215.1"",""GCF_002950695.1"",""GCF_002970915.1"",""GCF_002970935.1"",""GCF_003150935.1"",""GCF_003151025.1"",""GCF_003173695.1"",""GCF_003176835.1"",""GCF_003264795.1"",""GCF_003584685.1"",""GCF_003641185.1"",""GCF_003722275.1"",""GCF_003999355.1"",""GCF_004354645.1"",""GCF_004377635.1"",""GCF_005405405.1"",""GCF_005405465.1"",""GCF_007954605.1"",""GCF_007954785.1"",""GCF_008107645.1"",""GCF_008831485.1"",""GCF_009184845.1"",""GCF_009856565.1"",""GCF_009913655.1"",""GCF_009913995.1"",""GCF_009914015.1"",""GCF_009914035.1"",""GCF_010092385.1"",""GCF_011058775.1"",""GCF_011304355.1"",""GCF_013113695.1"",""GCF_013407595.1"",""GCF_014131735.1"",""GCF_014145555.1"",""GCF_014397255.1"",""GCF_014656585.1"",""GCF_014789145.1"",""GCF_016127255.1"",""GCF_016127815.1"",""GCF_016647595.1"",""GCF_016919665.1"",""GCF_017068355.1"",""GCF_017894345.1"",""GCF_018394055.1"",""GCF_018502505.1"",""GCF_019448175.1"",""GCF_019469265.1"",""GCF_019576155.1"",""GCF_019797825.1"",""GCF_020510245.1"",""GCF_020844005.1"",""GCF_021378055.1"",""GCF_023169905.1"",""GCF_023499275.1"",""GCF_023920145.1"",""GCF_024334065.1"",""GCF_024397795.1"",""GCF_024718545.1"",""GCF_025311495.1"",""GCF_025490915.1"",""GCF_025739325.1"",""GCF_025948295.1"",""GCF_026222675.1"",""GCF_028607025.1"",""GCF_028621815.1"",""GCF_028736235.1"",""GCF_029025825.1"",""GCF_029726355.1"",""GCF_029854335.1"",""GCF_029866985.1"",""GCF_030480545.1"",""GCF_030770265.1"",""GCF_030770295.1"",""GCF_030770335.1"",""GCF_032762665.1"",""GCF_033142085.1"",""GCF_034703025.1"",""GCF_035985965.1"",""GCF_036246165.1"",""GCF_036246185.1"",""GCF_036246225.1"",""GCF_036327715.1"",""GCF_037290055.1"",""GCF_037891785.1"",""GCF_037892375.1"",""GCF_038049945.1"",""GCF_039645515.1"",""GCF_039645575.1"",""GCF_039783225.1"",""GCF_039783785.1"",""GCF_039955095.1"",""GCF_041225485.1"",""GCF_041225605.1"",""GCF_041281755.1"",""GCF_041509385.1"",""GCF_041514285.1"",""GCF_041514295.1"",""GCF_041893975.1"",""GCF_042847315.1"",""GCF_042997415.1"",""GCF_045760565.1"",""GCF_045801155.1"",""GCF_045862825.1"",""GCF_046109915.1"",""GCF_047344935.1"",""GCF_050407965.1"",""GCF_050847345.1"",""GCF_051098045.1"",""GCF_052569745.1"",""GCF_052570115.1"",""GCF_052571685.1"",""GCF_054073565.1"",""GCF_054331775.1"",""GCF_054452875.2"",""GCF_054784775.1"",""GCF_054785075.1"",""GCF_055180435.1"",""GCF_055502585.1"",""GCF_055755075.1"",""GCF_056269605.1"",""GCF_056676095.1"",""GCF_057786735.1"",""GCF_058111805.1"",""GCF_059089415.1"",""GCF_060305805.1"",""GCF_060307215.1"",""GCF_900016205.1"",""GCF_900094835.1"",""GCF_900240275.1"",""GCF_900519455.1"",""GCF_900519475.1"",""GCF_900636965.1"",""GCF_903885985.1"",""GCF_903886345.1"",""GCF_903886475.1"",""GCF_903891025.1"",""GCF_903891205.1"",""GCF_947539375.1"",""GCF_963243495.1"",""GCF_963281025.1"",""GCF_964063315.1"",""GCF_965136965.1"",""GCF_965286035.1"",""GCF_965286295.1"",""GCF_965286585.1"",""GCF_982267005.1""]"	root/1/1/1/1/1/1/1/0/1/1/0/1/1/1/1/1	"[""root/1/1/1/1/1/1/1/0/1/1/0/1/1/1/1/1""]"	"[{""node"":""root/1/1/1/1/1/1/1/0/1/1/0/1/1/1/1/1"",""length_coalescent_units"":0.6931471805599453}]"	0.8	0.2	0.0	4.0	1.0	0.0	0.9322916666666666	0.0416666666666667	0.026041666666666696	760	5.0
951cb746cd4cada0e94040caefcd9a6fc610a21f06a6dae024fbb67f99c39674	"[""GCF_000016825.1"",""GCF_014145615.1"",""GCF_020784695.1"",""GCF_033570435.1""]"	"[""GCF_000009425.1"",""GCF_000010145.1"",""GCF_000011045.1"",""GCF_000014385.1"",""GCF_000014425.1"",""GCF_000014445.1"",""GCF_000014505.1"",""GCF_000014545.1"",""GCF_000015385.1"",""GCF_000023085.1"",""GCF_000025045.1"",""GCF_000026405.1"",""GCF_000092505.1"",""GCF_000148815.2"",""GCF_000155515.2"",""GCF_000160835.1"",""GCF_000203855.3"",""GCF_000237995.1"",""GCF_000241055.1"",""GCF_000269925.1"",""GCF_000269945.1"",""GCF_000298875.1"",""GCF_000468955.1"",""GCF_000691805.2"",""GCF_001434365.1"",""GCF_001434705.1"",""GCF_001435245.1"",""GCF_001436135.1"",""GCF_001436905.1"",""GCF_001437055.1"",""GCF_001437425.1"",""GCF_001438705.1"",""GCF_001536305.1"",""GCF_001618285.1"",""GCF_001702215.1"",""GCF_001702235.1"",""GCF_001752505.1"",""GCF_001752515.1"",""GCF_001752545.1"",""GCF_001761545.1"",""GCF_001767275.1"",""GCF_001888925.1"",""GCF_001891125.1"",""GCF_001932615.1"",""GCF_001998805.1"",""GCF_002174215.1"",""GCF_002950695.1"",""GCF_002970915.1"",""GCF_002970935.1"",""GCF_003150935.1"",""GCF_003151025.1"",""GCF_003173695.1"",""GCF_003176835.1"",""GCF_003264795.1"",""GCF_003584685.1"",""GCF_003641185.1"",""GCF_003722275.1"",""GCF_003999355.1"",""GCF_004354645.1"",""GCF_004377635.1"",""GCF_005405405.1"",""GCF_005405465.1"",""GCF_007954605.1"",""GCF_007954785.1"",""GCF_008107645.1"",""GCF_008831485.1"",""GCF_009184845.1"",""GCF_009856565.1"",""GCF_009913655.1"",""GCF_009913995.1"",""GCF_009914015.1"",""GCF_009914035.1"",""GCF_010092385.1"",""GCF_011058775.1"",""GCF_011304355.1"",""GCF_013113695.1"",""GCF_013407595.1"",""GCF_014131735.1"",""GCF_014145545.1"",""GCF_014145555.1"",""GCF_014397255.1"",""GCF_014656585.1"",""GCF_014789145.1"",""GCF_016127255.1"",""GCF_016127815.1"",""GCF_016647595.1"",""GCF_016919665.1"",""GCF_017068355.1"",""GCF_017894345.1"",""GCF_018394055.1"",""GCF_018502505.1"",""GCF_019448175.1"",""GCF_019469265.1"",""GCF_019576155.1"",""GCF_019797825.1"",""GCF_020510245.1"",""GCF_020844005.1"",""GCF_021378055.1"",""GCF_023169905.1"",""GCF_023499275.1"",""GCF_023920145.1"",""GCF_024334065.1"",""GCF_024397795.1"",""GCF_024718545.1"",""GCF_025311495.1"",""GCF_025490915.1"",""GCF_025739325.1"",""GCF_025948295.1"",""GCF_026222675.1"",""GCF_028607025.1"",""GCF_028621815.1"",""GCF_028736235.1"",""GCF_029025825.1"",""GCF_029726355.1"",""GCF_029854335.1"",""GCF_029866985.1"",""GCF_030480545.1"",""GCF_030770265.1"",""GCF_030770295.1"",""GCF_030770335.1"",""GCF_032762665.1"",""GCF_033142085.1"",""GCF_034703025.1"",""GCF_035985965.1"",""GCF_036246165.1"",""GCF_036246185.1"",""GCF_036246225.1"",""GCF_036327715.1"",""GCF_037290055.1"",""GCF_037891785.1"",""GCF_037892375.1"",""GCF_038049945.1"",""GCF_039645515.1"",""GCF_039645575.1"",""GCF_039783225.1"",""GCF_039783785.1"",""GCF_039955095.1"",""GCF_041225485.1"",""GCF_041225605.1"",""GCF_041281755.1"",""GCF_041509385.1"",""GCF_041514285.1"",""GCF_041514295.1"",""GCF_041893975.1"",""GCF_042847315.1"",""GCF_042997415.1"",""GCF_045760565.1"",""GCF_045801155.1"",""GCF_045862825.1"",""GCF_046109915.1"",""GCF_047344935.1"",""GCF_050407965.1"",""GCF_050847345.1"",""GCF_051098045.1"",""GCF_052569745.1"",""GCF_052570115.1"",""GCF_052571685.1"",""GCF_054073565.1"",""GCF_054331775.1"",""GCF_054452875.2"",""GCF_054784775.1"",""GCF_054785075.1"",""GCF_055180435.1"",""GCF_055502585.1"",""GCF_055755075.1"",""GCF_056269605.1"",""GCF_056676095.1"",""GCF_057786735.1"",""GCF_058111805.1"",""GCF_059089415.1"",""GCF_060305805.1"",""GCF_060307215.1"",""GCF_900016205.1"",""GCF_900094835.1"",""GCF_900240275.1"",""GCF_900519455.1"",""GCF_900519475.1"",""GCF_900636965.1"",""GCF_903885985.1"",""GCF_903886345.1"",""GCF_903886475.1"",""GCF_903891025.1"",""GCF_903891205.1"",""GCF_947539375.1"",""GCF_963243495.1"",""GCF_963281025.1"",""GCF_964063315.1"",""GCF_965136965.1"",""GCF_965286035.1"",""GCF_965286295.1"",""GCF_965286585.1"",""GCF_982267005.1""]"	root/1/1/1/1/1/1/1/0/1/1/0/1/1/1/1/1/1	"[""root/1/1/1/1/1/1/1/0/1/1/0/1/1/1/1/1/1""]"	"[{""node"":""root/1/1/1/1/1/1/1/0/1/1/0/1/1/1/1/1/1"",""length_coalescent_units"":0.0}]"	0.4	0.2	0.4	2.0	1.0	2.0	0.39743589743589736	0.20512820512820532	0.39743589743589736	573	5.0
63da61ba7d7280a872dcc071d281861a923f0258124fbae95717b3869d1a1d4b	"[""GCF_000016825.1"",""GCF_020784695.1"",""GCF_033570435.1""]"	"[""GCF_000009425.1"",""GCF_000010145.1"",""GCF_000011045.1"",""GCF_000014385.1"",""GCF_000014425.1"",""GCF_000014445.1"",""GCF_000014505.1"",""GCF_000014545.1"",""GCF_000015385.1"",""GCF_000023085.1"",""GCF_000025045.1"",""GCF_000026405.1"",""GCF_000092505.1"",""GCF_000148815.2"",""GCF_000155515.2"",""GCF_000160835.1"",""GCF_000203855.3"",""GCF_000237995.1"",""GCF_000241055.1"",""GCF_000269925.1"",""GCF_000269945.1"",""GCF_000298875.1"",""GCF_000468955.1"",""GCF_000691805.2"",""GCF_001434365.1"",""GCF_001434705.1"",""GCF_001435245.1"",""GCF_001436135.1"",""GCF_001436905.1"",""GCF_001437055.1"",""GCF_001437425.1"",""GCF_001438705.1"",""GCF_001536305.1"",""GCF_001618285.1"",""GCF_001702215.1"",""GCF_001702235.1"",""GCF_001752505.1"",""GCF_001752515.1"",""GCF_001752545.1"",""GCF_001761545.1"",""GCF_001767275.1"",""GCF_001888925.1"",""GCF_001891125.1"",""GCF_001932615.1"",""GCF_001998805.1"",""GCF_002174215.1"",""GCF_002950695.1"",""GCF_002970915.1"",""GCF_002970935.1"",""GCF_003150935.1"",""GCF_003151025.1"",""GCF_003173695.1"",""GCF_003176835.1"",""GCF_003264795.1"",""GCF_003584685.1"",""GCF_003641185.1"",""GCF_003722275.1"",""GCF_003999355.1"",""GCF_004354645.1"",""GCF_004377635.1"",""GCF_005405405.1"",""GCF_005405465.1"",""GCF_007954605.1"",""GCF_007954785.1"",""GCF_008107645.1"",""GCF_008831485.1"",""GCF_009184845.1"",""GCF_009856565.1"",""GCF_009913655.1"",""GCF_009913995.1"",""GCF_009914015.1"",""GCF_009914035.1"",""GCF_010092385.1"",""GCF_011058775.1"",""GCF_011304355.1"",""GCF_013113695.1"",""GCF_013407595.1"",""GCF_014131735.1"",""GCF_014145545.1"",""GCF_014145555.1"",""GCF_014145615.1"",""GCF_014397255.1"",""GCF_014656585.1"",""GCF_014789145.1"",""GCF_016127255.1"",""GCF_016127815.1"",""GCF_016647595.1"",""GCF_016919665.1"",""GCF_017068355.1"",""GCF_017894345.1"",""GCF_018394055.1"",""GCF_018502505.1"",""GCF_019448175.1"",""GCF_019469265.1"",""GCF_019576155.1"",""GCF_019797825.1"",""GCF_020510245.1"",""GCF_020844005.1"",""GCF_021378055.1"",""GCF_023169905.1"",""GCF_023499275.1"",""GCF_023920145.1"",""GCF_024334065.1"",""GCF_024397795.1"",""GCF_024718545.1"",""GCF_025311495.1"",""GCF_025490915.1"",""GCF_025739325.1"",""GCF_025948295.1"",""GCF_026222675.1"",""GCF_028607025.1"",""GCF_028621815.1"",""GCF_028736235.1"",""GCF_029025825.1"",""GCF_029726355.1"",""GCF_029854335.1"",""GCF_029866985.1"",""GCF_030480545.1"",""GCF_030770265.1"",""GCF_030770295.1"",""GCF_030770335.1"",""GCF_032762665.1"",""GCF_033142085.1"",""GCF_034703025.1"",""GCF_035985965.1"",""GCF_036246165.1"",""GCF_036246185.1"",""GCF_036246225.1"",""GCF_036327715.1"",""GCF_037290055.1"",""GCF_037891785.1"",""GCF_037892375.1"",""GCF_038049945.1"",""GCF_039645515.1"",""GCF_039645575.1"",""GCF_039783225.1"",""GCF_039783785.1"",""GCF_039955095.1"",""GCF_041225485.1"",""GCF_041225605.1"",""GCF_041281755.1"",""GCF_041509385.1"",""GCF_041514285.1"",""GCF_041514295.1"",""GCF_041893975.1"",""GCF_042847315.1"",""GCF_042997415.1"",""GCF_045760565.1"",""GCF_045801155.1"",""GCF_045862825.1"",""GCF_046109915.1"",""GCF_047344935.1"",""GCF_050407965.1"",""GCF_050847345.1"",""GCF_051098045.1"",""GCF_052569745.1"",""GCF_052570115.1"",""GCF_052571685.1"",""GCF_054073565.1"",""GCF_054331775.1"",""GCF_054452875.2"",""GCF_054784775.1"",""GCF_054785075.1"",""GCF_055180435.1"",""GCF_055502585.1"",""GCF_055755075.1"",""GCF_056269605.1"",""GCF_056676095.1"",""GCF_057786735.1"",""GCF_058111805.1"",""GCF_059089415.1"",""GCF_060305805.1"",""GCF_060307215.1"",""GCF_900016205.1"",""GCF_900094835.1"",""GCF_900240275.1"",""GCF_900519455.1"",""GCF_900519475.1"",""GCF_900636965.1"",""GCF_903885985.1"",""GCF_903886345.1"",""GCF_903886475.1"",""GCF_903891025.1"",""GCF_903891205.1"",""GCF_947539375.1"",""GCF_963243495.1"",""GCF_963281025.1"",""GCF_964063315.1"",""GCF_965136965.1"",""GCF_965286035.1"",""GCF_965286295.1"",""GCF_965286585.1"",""GCF_982267005.1""]"	root/1/1/1/1/1/1/1/0/1/1/0/1/1/1/1/1/1/1	"[""root/1/1/1/1/1/1/1/0/1/1/0/1/1/1/1/1/1/1""]"	"[{""node"":""root/1/1/1/1/1/1/1/0/1/1/0/1/1/1/1/1/1/1"",""length_coalescent_units"":0.6905463988598877}]"	0.7989583333333333	0.2	0.0010416666666666667	3.9947916666666665	1.0	0.005208333333333333	0.9316422373062996	0.04203245836812354	0.026325304325576882	384	5.0
d81e24fe3b6e7ac09aa6039671bf6de066068d8a36dcc2f8d229a594c79bbd37	"[""GCF_000016825.1"",""GCF_033570435.1""]"	"[""GCF_000009425.1"",""GCF_000010145.1"",""GCF_000011045.1"",""GCF_000014385.1"",""GCF_000014425.1"",""GCF_000014445.1"",""GCF_000014505.1"",""GCF_000014545.1"",""GCF_000015385.1"",""GCF_000023085.1"",""GCF_000025045.1"",""GCF_000026405.1"",""GCF_000092505.1"",""GCF_000148815.2"",""GCF_000155515.2"",""GCF_000160835.1"",""GCF_000203855.3"",""GCF_000237995.1"",""GCF_000241055.1"",""GCF_000269925.1"",""GCF_000269945.1"",""GCF_000298875.1"",""GCF_000468955.1"",""GCF_000691805.2"",""GCF_001434365.1"",""GCF_001434705.1"",""GCF_001435245.1"",""GCF_001436135.1"",""GCF_001436905.1"",""GCF_001437055.1"",""GCF_001437425.1"",""GCF_001438705.1"",""GCF_001536305.1"",""GCF_001618285.1"",""GCF_001702215.1"",""GCF_001702235.1"",""GCF_001752505.1"",""GCF_001752515.1"",""GCF_001752545.1"",""GCF_001761545.1"",""GCF_001767275.1"",""GCF_001888925.1"",""GCF_001891125.1"",""GCF_001932615.1"",""GCF_001998805.1"",""GCF_002174215.1"",""GCF_002950695.1"",""GCF_002970915.1"",""GCF_002970935.1"",""GCF_003150935.1"",""GCF_003151025.1"",""GCF_003173695.1"",""GCF_003176835.1"",""GCF_003264795.1"",""GCF_003584685.1"",""GCF_003641185.1"",""GCF_003722275.1"",""GCF_003999355.1"",""GCF_004354645.1"",""GCF_004377635.1"",""GCF_005405405.1"",""GCF_005405465.1"",""GCF_007954605.1"",""GCF_007954785.1"",""GCF_008107645.1"",""GCF_008831485.1"",""GCF_009184845.1"",""GCF_009856565.1"",""GCF_009913655.1"",""GCF_009913995.1"",""GCF_009914015.1"",""GCF_009914035.1"",""GCF_010092385.1"",""GCF_011058775.1"",""GCF_011304355.1"",""GCF_013113695.1"",""GCF_013407595.1"",""GCF_014131735.1"",""GCF_014145545.1"",""GCF_014145555.1"",""GCF_014145615.1"",""GCF_014397255.1"",""GCF_014656585.1"",""GCF_014789145.1"",""GCF_016127255.1"",""GCF_016127815.1"",""GCF_016647595.1"",""GCF_016919665.1"",""GCF_017068355.1"",""GCF_017894345.1"",""GCF_018394055.1"",""GCF_018502505.1"",""GCF_019448175.1"",""GCF_019469265.1"",""GCF_019576155.1"",""GCF_019797825.1"",""GCF_020510245.1"",""GCF_020784695.1"",""GCF_020844005.1"",""GCF_021378055.1"",""GCF_023169905.1"",""GCF_023499275.1"",""GCF_023920145.1"",""GCF_024334065.1"",""GCF_024397795.1"",""GCF_024718545.1"",""GCF_025311495.1"",""GCF_025490915.1"",""GCF_025739325.1"",""GCF_025948295.1"",""GCF_026222675.1"",""GCF_028607025.1"",""GCF_028621815.1"",""GCF_028736235.1"",""GCF_029025825.1"",""GCF_029726355.1"",""GCF_029854335.1"",""GCF_029866985.1"",""GCF_030480545.1"",""GCF_030770265.1"",""GCF_030770295.1"",""GCF_030770335.1"",""GCF_032762665.1"",""GCF_033142085.1"",""GCF_034703025.1"",""GCF_035985965.1"",""GCF_036246165.1"",""GCF_036246185.1"",""GCF_036246225.1"",""GCF_036327715.1"",""GCF_037290055.1"",""GCF_037891785.1"",""GCF_037892375.1"",""GCF_038049945.1"",""GCF_039645515.1"",""GCF_039645575.1"",""GCF_039783225.1"",""GCF_039783785.1"",""GCF_039955095.1"",""GCF_041225485.1"",""GCF_041225605.1"",""GCF_041281755.1"",""GCF_041509385.1"",""GCF_041514285.1"",""GCF_041514295.1"",""GCF_041893975.1"",""GCF_042847315.1"",""GCF_042997415.1"",""GCF_045760565.1"",""GCF_045801155.1"",""GCF_045862825.1"",""GCF_046109915.1"",""GCF_047344935.1"",""GCF_050407965.1"",""GCF_050847345.1"",""GCF_051098045.1"",""GCF_052569745.1"",""GCF_052570115.1"",""GCF_052571685.1"",""GCF_054073565.1"",""GCF_054331775.1"",""GCF_054452875.2"",""GCF_054784775.1"",""GCF_054785075.1"",""GCF_055180435.1"",""GCF_055502585.1"",""GCF_055755075.1"",""GCF_056269605.1"",""GCF_056676095.1"",""GCF_057786735.1"",""GCF_058111805.1"",""GCF_059089415.1"",""GCF_060305805.1"",""GCF_060307215.1"",""GCF_900016205.1"",""GCF_900094835.1"",""GCF_900240275.1"",""GCF_900519455.1"",""GCF_900519475.1"",""GCF_900636965.1"",""GCF_903885985.1"",""GCF_903886345.1"",""GCF_903886475.1"",""GCF_903891025.1"",""GCF_903891205.1"",""GCF_947539375.1"",""GCF_963243495.1"",""GCF_963281025.1"",""GCF_964063315.1"",""GCF_965136965.1"",""GCF_965286035.1"",""GCF_965286295.1"",""GCF_965286585.1"",""GCF_982267005.1""]"	root/1/1/1/1/1/1/1/0/1/1/0/1/1/1/1/1/1/1/1	"[""root/1/1/1/1/1/1/1/0/1/1/0/1/1/1/1/1/1/1/1""]"	"[{""node"":""root/1/1/1/1/1/1/1/0/1/1/0/1/1/1/1/1/1/1/1"",""length_coalescent_units"":0.6879792104015027}]"	0.7979274611398963	0.0010362694300518134	0.20103626943005182	3.989637305699482	0.0051813471502590676	1.005181347150259	0.9309338601769807	0.02655126831538461	0.042514871507634826	193	5.0
0e2cce64adaadd54f7c90e19b44c2b2b95147c2f2ff02fa46462f24aa965b0e7	"[""GCF_000023085.1"",""GCF_000148815.2"",""GCF_000203855.3"",""GCF_002970915.1"",""GCF_002970935.1"",""GCF_003641185.1"",""GCF_005405405.1"",""GCF_009913655.1"",""GCF_014131735.1"",""GCF_026222675.1"",""GCF_029025825.1"",""GCF_029854335.1"",""GCF_036246165.1"",""GCF_036246185.1"",""GCF_037290055.1"",""GCF_045862825.1"",""GCF_050407965.1"",""GCF_050847345.1"",""GCF_051098045.1"",""GCF_963243495.1"",""GCF_965136965.1"",""GCF_965286295.1""]"	"[""GCF_000009425.1"",""GCF_000010145.1"",""GCF_000011045.1"",""GCF_000014385.1"",""GCF_000014425.1"",""GCF_000014445.1"",""GCF_000014505.1"",""GCF_000014545.1"",""GCF_000015385.1"",""GCF_000016825.1"",""GCF_000025045.1"",""GCF_000026405.1"",""GCF_000092505.1"",""GCF_000155515.2"",""GCF_000160835.1"",""GCF_000237995.1"",""GCF_000241055.1"",""GCF_000269925.1"",""GCF_000269945.1"",""GCF_000298875.1"",""GCF_000468955.1"",""GCF_000691805.2"",""GCF_001434365.1"",""GCF_001434705.1"",""GCF_001435245.1"",""GCF_001436135.1"",""GCF_001436905.1"",""GCF_001437055.1"",""GCF_001437425.1"",""GCF_001438705.1"",""GCF_001536305.1"",""GCF_001618285.1"",""GCF_001702215.1"",""GCF_001702235.1"",""GCF_001752505.1"",""GCF_001752515.1"",""GCF_001752545.1"",""GCF_001761545.1"",""GCF_001767275.1"",""GCF_001888925.1"",""GCF_001891125.1"",""GCF_001932615.1"",""GCF_001998805.1"",""GCF_002174215.1"",""GCF_002950695.1"",""GCF_003150935.1"",""GCF_003151025.1"",""GCF_003173695.1"",""GCF_003176835.1"",""GCF_003264795.1"",""GCF_003584685.1"",""GCF_003722275.1"",""GCF_003999355.1"",""GCF_004354645.1"",""GCF_004377635.1"",""GCF_005405465.1"",""GCF_007954605.1"",""GCF_007954785.1"",""GCF_008107645.1"",""GCF_008831485.1"",""GCF_009184845.1"",""GCF_009856565.1"",""GCF_009913995.1"",""GCF_009914015.1"",""GCF_009914035.1"",""GCF_010092385.1"",""GCF_011058775.1"",""GCF_011304355.1"",""GCF_013113695.1"",""GCF_013407595.1"",""GCF_014145545.1"",""GCF_014145555.1"",""GCF_014145615.1"",""GCF_014397255.1"",""GCF_014656585.1"",""GCF_014789145.1"",""GCF_016127255.1"",""GCF_016127815.1"",""GCF_016647595.1"",""GCF_016919665.1"",""GCF_017068355.1"",""GCF_017894345.1"",""GCF_018394055.1"",""GCF_018502505.1"",""GCF_019448175.1"",""GCF_019469265.1"",""GCF_019576155.1"",""GCF_019797825.1"",""GCF_020510245.1"",""GCF_020784695.1"",""GCF_020844005.1"",""GCF_021378055.1"",""GCF_023169905.1"",""GCF_023499275.1"",""GCF_023920145.1"",""GCF_024334065.1"",""GCF_024397795.1"",""GCF_024718545.1"",""GCF_025311495.1"",""GCF_025490915.1"",""GCF_025739325.1"",""GCF_025948295.1"",""GCF_028607025.1"",""GCF_028621815.1"",""GCF_028736235.1"",""GCF_029726355.1"",""GCF_029866985.1"",""GCF_030480545.1"",""GCF_030770265.1"",""GCF_030770295.1"",""GCF_030770335.1"",""GCF_032762665.1"",""GCF_033142085.1"",""GCF_033570435.1"",""GCF_034703025.1"",""GCF_035985965.1"",""GCF_036246225.1"",""GCF_036327715.1"",""GCF_037891785.1"",""GCF_037892375.1"",""GCF_038049945.1"",""GCF_039645515.1"",""GCF_039645575.1"",""GCF_039783225.1"",""GCF_039783785.1"",""GCF_039955095.1"",""GCF_041225485.1"",""GCF_041225605.1"",""GCF_041281755.1"",""GCF_041509385.1"",""GCF_041514285.1"",""GCF_041514295.1"",""GCF_041893975.1"",""GCF_042847315.1"",""GCF_042997415.1"",""GCF_045760565.1"",""GCF_045801155.1"",""GCF_046109915.1"",""GCF_047344935.1"",""GCF_052569745.1"",""GCF_052570115.1"",""GCF_052571685.1"",""GCF_054073565.1"",""GCF_054331775.1"",""GCF_054452875.2"",""GCF_054784775.1"",""GCF_054785075.1"",""GCF_055180435.1"",""GCF_055502585.1"",""GCF_055755075.1"",""GCF_056269605.1"",""GCF_056676095.1"",""GCF_057786735.1"",""GCF_058111805.1"",""GCF_059089415.1"",""GCF_060305805.1"",""GCF_060307215.1"",""GCF_900016205.1"",""GCF_900094835.1"",""GCF_900240275.1"",""GCF_900519455.1"",""GCF_900519475.1"",""GCF_900636965.1"",""GCF_903885985.1"",""GCF_903886345.1"",""GCF_903886475.1"",""GCF_903891025.1"",""GCF_903891205.1"",""GCF_947539375.1"",""GCF_963281025.1"",""GCF_964063315.1"",""GCF_965286035.1"",""GCF_965286585.1"",""GCF_982267005.1""]"	root/1/1/1/1/1/1/1/0/1/1/1/1	"[""root/1/1/1/1/1/1/1/0/1/1/1/1""]"	"[{""node"":""root/1/1/1/1/1/1/1/0/1/1/1/1"",""length_coalescent_units"":1.3862943611198908}]"	1.0	0.0	0.0	5.0	0.0	0.0	0.9945355191256833	0.002732240437158474	0.002732240437158474	112320	5.0
6c9d41b60761f1048a6e43d4f80374b4d273872d92d22852aea3ac8fa66be18b	"[""GCF_000023085.1"",""GCF_000148815.2"",""GCF_000203855.3"",""GCF_003641185.1"",""GCF_005405405.1"",""GCF_009913655.1"",""GCF_014131735.1"",""GCF_026222675.1"",""GCF_029025825.1"",""GCF_029854335.1"",""GCF_036246165.1"",""GCF_036246185.1"",""GCF_037290055.1"",""GCF_045862825.1"",""GCF_050407965.1"",""GCF_050847345.1"",""GCF_051098045.1"",""GCF_963243495.1"",""GCF_965136965.1"",""GCF_965286295.1""]"	"[""GCF_000009425.1"",""GCF_000010145.1"",""GCF_000011045.1"",""GCF_000014385.1"",""GCF_000014425.1"",""GCF_000014445.1"",""GCF_000014505.1"",""GCF_000014545.1"",""GCF_000015385.1"",""GCF_000016825.1"",""GCF_000025045.1"",""GCF_000026405.1"",""GCF_000092505.1"",""GCF_000155515.2"",""GCF_000160835.1"",""GCF_000237995.1"",""GCF_000241055.1"",""GCF_000269925.1"",""GCF_000269945.1"",""GCF_000298875.1"",""GCF_000468955.1"",""GCF_000691805.2"",""GCF_001434365.1"",""GCF_001434705.1"",""GCF_001435245.1"",""GCF_001436135.1"",""GCF_001436905.1"",""GCF_001437055.1"",""GCF_001437425.1"",""GCF_001438705.1"",""GCF_001536305.1"",""GCF_001618285.1"",""GCF_001702215.1"",""GCF_001702235.1"",""GCF_001752505.1"",""GCF_001752515.1"",""GCF_001752545.1"",""GCF_001761545.1"",""GCF_001767275.1"",""GCF_001888925.1"",""GCF_001891125.1"",""GCF_001932615.1"",""GCF_001998805.1"",""GCF_002174215.1"",""GCF_002950695.1"",""GCF_002970915.1"",""GCF_002970935.1"",""GCF_003150935.1"",""GCF_003151025.1"",""GCF_003173695.1"",""GCF_003176835.1"",""GCF_003264795.1"",""GCF_003584685.1"",""GCF_003722275.1"",""GCF_003999355.1"",""GCF_004354645.1"",""GCF_004377635.1"",""GCF_005405465.1"",""GCF_007954605.1"",""GCF_007954785.1"",""GCF_008107645.1"",""GCF_008831485.1"",""GCF_009184845.1"",""GCF_009856565.1"",""GCF_009913995.1"",""GCF_009914015.1"",""GCF_009914035.1"",""GCF_010092385.1"",""GCF_011058775.1"",""GCF_011304355.1"",""GCF_013113695.1"",""GCF_013407595.1"",""GCF_014145545.1"",""GCF_014145555.1"",""GCF_014145615.1"",""GCF_014397255.1"",""GCF_014656585.1"",""GCF_014789145.1"",""GCF_016127255.1"",""GCF_016127815.1"",""GCF_016647595.1"",""GCF_016919665.1"",""GCF_017068355.1"",""GCF_017894345.1"",""GCF_018394055.1"",""GCF_018502505.1"",""GCF_019448175.1"",""GCF_019469265.1"",""GCF_019576155.1"",""GCF_019797825.1"",""GCF_020510245.1"",""GCF_020784695.1"",""GCF_020844005.1"",""GCF_021378055.1"",""GCF_023169905.1"",""GCF_023499275.1"",""GCF_023920145.1"",""GCF_024334065.1"",""GCF_024397795.1"",""GCF_024718545.1"",""GCF_025311495.1"",""GCF_025490915.1"",""GCF_025739325.1"",""GCF_025948295.1"",""GCF_028607025.1"",""GCF_028621815.1"",""GCF_028736235.1"",""GCF_029726355.1"",""GCF_029866985.1"",""GCF_030480545.1"",""GCF_030770265.1"",""GCF_030770295.1"",""GCF_030770335.1"",""GCF_032762665.1"",""GCF_033142085.1"",""GCF_033570435.1"",""GCF_034703025.1"",""GCF_035985965.1"",""GCF_036246225.1"",""GCF_036327715.1"",""GCF_037891785.1"",""GCF_037892375.1"",""GCF_038049945.1"",""GCF_039645515.1"",""GCF_039645575.1"",""GCF_039783225.1"",""GCF_039783785.1"",""GCF_039955095.1"",""GCF_041225485.1"",""GCF_041225605.1"",""GCF_041281755.1"",""GCF_041509385.1"",""GCF_041514285.1"",""GCF_041514295.1"",""GCF_041893975.1"",""GCF_042847315.1"",""GCF_042997415.1"",""GCF_045760565.1"",""GCF_045801155.1"",""GCF_046109915.1"",""GCF_047344935.1"",""GCF_052569745.1"",""GCF_052570115.1"",""GCF_052571685.1"",""GCF_054073565.1"",""GCF_054331775.1"",""GCF_054452875.2"",""GCF_054784775.1"",""GCF_054785075.1"",""GCF_055180435.1"",""GCF_055502585.1"",""GCF_055755075.1"",""GCF_056269605.1"",""GCF_056676095.1"",""GCF_057786735.1"",""GCF_058111805.1"",""GCF_059089415.1"",""GCF_060305805.1"",""GCF_060307215.1"",""GCF_900016205.1"",""GCF_900094835.1"",""GCF_900240275.1"",""GCF_900519455.1"",""GCF_900519475.1"",""GCF_900636965.1"",""GCF_903885985.1"",""GCF_903886345.1"",""GCF_903886475.1"",""GCF_903891025.1"",""GCF_903891205.1"",""GCF_947539375.1"",""GCF_963281025.1"",""GCF_964063315.1"",""GCF_965286035.1"",""GCF_965286585.1"",""GCF_982267005.1""]"	root/1/1/1/1/1/1/1/0/1/1/1/1/1	"[""root/1/1/1/1/1/1/1/0/1/1/1/1/1""]"	"[{""node"":""root/1/1/1/1/1/1/1/0/1/1/1/1/1"",""length_coalescent_units"":0.13353139262452274}]"	0.5	0.24761904761904763	0.2523809523809524	2.5	1.2380952380952381	1.2619047619047619	0.5651457683859745	0.21587362864497225	0.21898060296905322	29232	5.0
492a6f6c3177c8b42d08a2aba9372beea200d3707b44c2d00df41ecb4e96eb19	"[""GCF_000023085.1"",""GCF_000148815.2"",""GCF_000203855.3"",""GCF_003641185.1"",""GCF_009913655.1"",""GCF_014131735.1"",""GCF_026222675.1"",""GCF_029025825.1"",""GCF_029854335.1"",""GCF_037290055.1"",""GCF_050407965.1"",""GCF_050847345.1"",""GCF_051098045.1"",""GCF_965286295.1""]"	"[""GCF_000009425.1"",""GCF_000010145.1"",""GCF_000011045.1"",""GCF_000014385.1"",""GCF_000014425.1"",""GCF_000014445.1"",""GCF_000014505.1"",""GCF_000014545.1"",""GCF_000015385.1"",""GCF_000016825.1"",""GCF_000025045.1"",""GCF_000026405.1"",""GCF_000092505.1"",""GCF_000155515.2"",""GCF_000160835.1"",""GCF_000237995.1"",""GCF_000241055.1"",""GCF_000269925.1"",""GCF_000269945.1"",""GCF_000298875.1"",""GCF_000468955.1"",""GCF_000691805.2"",""GCF_001434365.1"",""GCF_001434705.1"",""GCF_001435245.1"",""GCF_001436135.1"",""GCF_001436905.1"",""GCF_001437055.1"",""GCF_001437425.1"",""GCF_001438705.1"",""GCF_001536305.1"",""GCF_001618285.1"",""GCF_001702215.1"",""GCF_001702235.1"",""GCF_001752505.1"",""GCF_001752515.1"",""GCF_001752545.1"",""GCF_001761545.1"",""GCF_001767275.1"",""GCF_001888925.1"",""GCF_001891125.1"",""GCF_001932615.1"",""GCF_001998805.1"",""GCF_002174215.1"",""GCF_002950695.1"",""GCF_002970915.1"",""GCF_002970935.1"",""GCF_003150935.1"",""GCF_003151025.1"",""GCF_003173695.1"",""GCF_003176835.1"",""GCF_003264795.1"",""GCF_003584685.1"",""GCF_003722275.1"",""GCF_003999355.1"",""GCF_004354645.1"",""GCF_004377635.1"",""GCF_005405405.1"",""GCF_005405465.1"",""GCF_007954605.1"",""GCF_007954785.1"",""GCF_008107645.1"",""GCF_008831485.1"",""GCF_009184845.1"",""GCF_009856565.1"",""GCF_009913995.1"",""GCF_009914015.1"",""GCF_009914035.1"",""GCF_010092385.1"",""GCF_011058775.1"",""GCF_011304355.1"",""GCF_013113695.1"",""GCF_013407595.1"",""GCF_014145545.1"",""GCF_014145555.1"",""GCF_014145615.1"",""GCF_014397255.1"",""GCF_014656585.1"",""GCF_014789145.1"",""GCF_016127255.1"",""GCF_016127815.1"",""GCF_016647595.1"",""GCF_016919665.1"",""GCF_017068355.1"",""GCF_017894345.1"",""GCF_018394055.1"",""GCF_018502505.1"",""GCF_019448175.1"",""GCF_019469265.1"",""GCF_019576155.1"",""GCF_019797825.1"",""GCF_020510245.1"",""GCF_020784695.1"",""GCF_020844005.1"",""GCF_021378055.1"",""GCF_023169905.1"",""GCF_023499275.1"",""GCF_023920145.1"",""GCF_024334065.1"",""GCF_024397795.1"",""GCF_024718545.1"",""GCF_025311495.1"",""GCF_025490915.1"",""GCF_025739325.1"",""GCF_025948295.1"",""GCF_028607025.1"",""GCF_028621815.1"",""GCF_028736235.1"",""GCF_029726355.1"",""GCF_029866985.1"",""GCF_030480545.1"",""GCF_030770265.1"",""GCF_030770295.1"",""GCF_030770335.1"",""GCF_032762665.1"",""GCF_033142085.1"",""GCF_033570435.1"",""GCF_034703025.1"",""GCF_035985965.1"",""GCF_036246165.1"",""GCF_036246185.1"",""GCF_036246225.1"",""GCF_036327715.1"",""GCF_037891785.1"",""GCF_037892375.1"",""GCF_038049945.1"",""GCF_039645515.1"",""GCF_039645575.1"",""GCF_039783225.1"",""GCF_039783785.1"",""GCF_039955095.1"",""GCF_041225485.1"",""GCF_041225605.1"",""GCF_041281755.1"",""GCF_041509385.1"",""GCF_041514285.1"",""GCF_041514295.1"",""GCF_041893975.1"",""GCF_042847315.1"",""GCF_042997415.1"",""GCF_045760565.1"",""GCF_045801155.1"",""GCF_045862825.1"",""GCF_046109915.1"",""GCF_047344935.1"",""GCF_052569745.1"",""GCF_052570115.1"",""GCF_052571685.1"",""GCF_054073565.1"",""GCF_054331775.1"",""GCF_054452875.2"",""GCF_054784775.1"",""GCF_054785075.1"",""GCF_055180435.1"",""GCF_055502585.1"",""GCF_055755075.1"",""GCF_056269605.1"",""GCF_056676095.1"",""GCF_057786735.1"",""GCF_058111805.1"",""GCF_059089415.1"",""GCF_060305805.1"",""GCF_060307215.1"",""GCF_900016205.1"",""GCF_900094835.1"",""GCF_900240275.1"",""GCF_900519455.1"",""GCF_900519475.1"",""GCF_900636965.1"",""GCF_903885985.1"",""GCF_903886345.1"",""GCF_903886475.1"",""GCF_903891025.1"",""GCF_903891205.1"",""GCF_947539375.1"",""GCF_963243495.1"",""GCF_963281025.1"",""GCF_964063315.1"",""GCF_965136965.1"",""GCF_965286035.1"",""GCF_965286585.1"",""GCF_982267005.1""]"	root/1/1/1/1/1/1/1/0/1/1/1/1/1/1	"[""root/1/1/1/1/1/1/1/0/1/1/1/1/1/1""]"	"[{""node"":""root/1/1/1/1/1/1/1/0/1/1/1/1/1/1"",""length_coalescent_units"":0.7405694790314737}]"	0.8185261707988982	0.001721763085399449	0.17975206611570246	4.092630853994491	0.008608815426997245	0.8987603305785123	0.9440619455200268	0.02229060356319231	0.0336474509167811	34848	5.0
11a85de16d35b0de017480247a3ada8732eb8b132b58c83902ee5fec3b1909e6	"[""GCF_000023085.1"",""GCF_000148815.2"",""GCF_000203855.3"",""GCF_009913655.1"",""GCF_014131735.1""]"	"[""GCF_000009425.1"",""GCF_000010145.1"",""GCF_000011045.1"",""GCF_000014385.1"",""GCF_000014425.1"",""GCF_000014445.1"",""GCF_000014505.1"",""GCF_000014545.1"",""GCF_000015385.1"",""GCF_000016825.1"",""GCF_000025045.1"",""GCF_000026405.1"",""GCF_000092505.1"",""GCF_000155515.2"",""GCF_000160835.1"",""GCF_000237995.1"",""GCF_000241055.1"",""GCF_000269925.1"",""GCF_000269945.1"",""GCF_000298875.1"",""GCF_000468955.1"",""GCF_000691805.2"",""GCF_001434365.1"",""GCF_001434705.1"",""GCF_001435245.1"",""GCF_001436135.1"",""GCF_001436905.1"",""GCF_001437055.1"",""GCF_001437425.1"",""GCF_001438705.1"",""GCF_001536305.1"",""GCF_001618285.1"",""GCF_001702215.1"",""GCF_001702235.1"",""GCF_001752505.1"",""GCF_001752515.1"",""GCF_001752545.1"",""GCF_001761545.1"",""GCF_001767275.1"",""GCF_001888925.1"",""GCF_001891125.1"",""GCF_001932615.1"",""GCF_001998805.1"",""GCF_002174215.1"",""GCF_002950695.1"",""GCF_002970915.1"",""GCF_002970935.1"",""GCF_003150935.1"",""GCF_003151025.1"",""GCF_003173695.1"",""GCF_003176835.1"",""GCF_003264795.1"",""GCF_003584685.1"",""GCF_003641185.1"",""GCF_003722275.1"",""GCF_003999355.1"",""GCF_004354645.1"",""GCF_004377635.1"",""GCF_005405405.1"",""GCF_005405465.1"",""GCF_007954605.1"",""GCF_007954785.1"",""GCF_008107645.1"",""GCF_008831485.1"",""GCF_009184845.1"",""GCF_009856565.1"",""GCF_009913995.1"",""GCF_009914015.1"",""GCF_009914035.1"",""GCF_010092385.1"",""GCF_011058775.1"",""GCF_011304355.1"",""GCF_013113695.1"",""GCF_013407595.1"",""GCF_014145545.1"",""GCF_014145555.1"",""GCF_014145615.1"",""GCF_014397255.1"",""GCF_014656585.1"",""GCF_014789145.1"",""GCF_016127255.1"",""GCF_016127815.1"",""GCF_016647595.1"",""GCF_016919665.1"",""GCF_017068355.1"",""GCF_017894345.1"",""GCF_018394055.1"",""GCF_018502505.1"",""GCF_019448175.1"",""GCF_019469265.1"",""GCF_019576155.1"",""GCF_019797825.1"",""GCF_020510245.1"",""GCF_020784695.1"",""GCF_020844005.1"",""GCF_021378055.1"",""GCF_023169905.1"",""GCF_023499275.1"",""GCF_023920145.1"",""GCF_024334065.1"",""GCF_024397795.1"",""GCF_024718545.1"",""GCF_025311495.1"",""GCF_025490915.1"",""GCF_025739325.1"",""GCF_025948295.1"",""GCF_026222675.1"",""GCF_028607025.1"",""GCF_028621815.1"",""GCF_028736235.1"",""GCF_029025825.1"",""GCF_029726355.1"",""GCF_029854335.1"",""GCF_029866985.1"",""GCF_030480545.1"",""GCF_030770265.1"",""GCF_030770295.1"",""GCF_030770335.1"",""GCF_032762665.1"",""GCF_033142085.1"",""GCF_033570435.1"",""GCF_034703025.1"",""GCF_035985965.1"",""GCF_036246165.1"",""GCF_036246185.1"",""GCF_036246225.1"",""GCF_036327715.1"",""GCF_037290055.1"",""GCF_037891785.1"",""GCF_037892375.1"",""GCF_038049945.1"",""GCF_039645515.1"",""GCF_039645575.1"",""GCF_039783225.1"",""GCF_039783785.1"",""GCF_039955095.1"",""GCF_041225485.1"",""GCF_041225605.1"",""GCF_041281755.1"",""GCF_041509385.1"",""GCF_041514285.1"",""GCF_041514295.1"",""GCF_041893975.1"",""GCF_042847315.1"",""GCF_042997415.1"",""GCF_045760565.1"",""GCF_045801155.1"",""GCF_045862825.1"",""GCF_046109915.1"",""GCF_047344935.1"",""GCF_050407965.1"",""GCF_050847345.1"",""GCF_051098045.1"",""GCF_052569745.1"",""GCF_052570115.1"",""GCF_052571685.1"",""GCF_054073565.1"",""GCF_054331775.1"",""GCF_054452875.2"",""GCF_054784775.1"",""GCF_054785075.1"",""GCF_055180435.1"",""GCF_055502585.1"",""GCF_055755075.1"",""GCF_056269605.1"",""GCF_056676095.1"",""GCF_057786735.1"",""GCF_058111805.1"",""GCF_059089415.1"",""GCF_060305805.1"",""GCF_060307215.1"",""GCF_900016205.1"",""GCF_900094835.1"",""GCF_900240275.1"",""GCF_900519455.1"",""GCF_900519475.1"",""GCF_900636965.1"",""GCF_903885985.1"",""GCF_903886345.1"",""GCF_903886475.1"",""GCF_903891025.1"",""GCF_903891205.1"",""GCF_947539375.1"",""GCF_963243495.1"",""GCF_963281025.1"",""GCF_964063315.1"",""GCF_965136965.1"",""GCF_965286035.1"",""GCF_965286295.1"",""GCF_965286585.1"",""GCF_982267005.1""]"	root/1/1/1/1/1/1/1/0/1/1/1/1/1/1/1/1/1/1	"[""root/1/1/1/1/1/1/1/0/1/1/1/1/1/1/1/1/1/1""]"	"[{""node"":""root/1/1/1/1/1/1/1/0/1/1/1/1/1/1/1/1/1/1"",""length_coalescent_units"":0.0}]"	0.39789473684210525	0.35	0.2521052631578947	1.9894736842105263	1.75	1.2605263157894737	0.4099191408666851	0.3422118282059062	0.24786903092740878	760	5.0
a462518b1eb353db0ab2a544568663fed0acfdc7e1b3048a6e512ab4f18f8225	"[""GCF_000023085.1"",""GCF_000148815.2"",""GCF_000203855.3"",""GCF_009913655.1"",""GCF_014131735.1"",""GCF_029025825.1"",""GCF_029854335.1"",""GCF_037290055.1"",""GCF_050847345.1"",""GCF_051098045.1"",""GCF_965286295.1""]"	"[""GCF_000009425.1"",""GCF_000010145.1"",""GCF_000011045.1"",""GCF_000014385.1"",""GCF_000014425.1"",""GCF_000014445.1"",""GCF_000014505.1"",""GCF_000014545.1"",""GCF_000015385.1"",""GCF_000016825.1"",""GCF_000025045.1"",""GCF_000026405.1"",""GCF_000092505.1"",""GCF_000155515.2"",""GCF_000160835.1"",""GCF_000237995.1"",""GCF_000241055.1"",""GCF_000269925.1"",""GCF_000269945.1"",""GCF_000298875.1"",""GCF_000468955.1"",""GCF_000691805.2"",""GCF_001434365.1"",""GCF_001434705.1"",""GCF_001435245.1"",""GCF_001436135.1"",""GCF_001436905.1"",""GCF_001437055.1"",""GCF_001437425.1"",""GCF_001438705.1"",""GCF_001536305.1"",""GCF_001618285.1"",""GCF_001702215.1"",""GCF_001702235.1"",""GCF_001752505.1"",""GCF_001752515.1"",""GCF_001752545.1"",""GCF_001761545.1"",""GCF_001767275.1"",""GCF_001888925.1"",""GCF_001891125.1"",""GCF_001932615.1"",""GCF_001998805.1"",""GCF_002174215.1"",""GCF_002950695.1"",""GCF_002970915.1"",""GCF_002970935.1"",""GCF_003150935.1"",""GCF_003151025.1"",""GCF_003173695.1"",""GCF_003176835.1"",""GCF_003264795.1"",""GCF_003584685.1"",""GCF_003641185.1"",""GCF_003722275.1"",""GCF_003999355.1"",""GCF_004354645.1"",""GCF_004377635.1"",""GCF_005405405.1"",""GCF_005405465.1"",""GCF_007954605.1"",""GCF_007954785.1"",""GCF_008107645.1"",""GCF_008831485.1"",""GCF_009184845.1"",""GCF_009856565.1"",""GCF_009913995.1"",""GCF_009914015.1"",""GCF_009914035.1"",""GCF_010092385.1"",""GCF_011058775.1"",""GCF_011304355.1"",""GCF_013113695.1"",""GCF_013407595.1"",""GCF_014145545.1"",""GCF_014145555.1"",""GCF_014145615.1"",""GCF_014397255.1"",""GCF_014656585.1"",""GCF_014789145.1"",""GCF_016127255.1"",""GCF_016127815.1"",""GCF_016647595.1"",""GCF_016919665.1"",""GCF_017068355.1"",""GCF_017894345.1"",""GCF_018394055.1"",""GCF_018502505.1"",""GCF_019448175.1"",""GCF_019469265.1"",""GCF_019576155.1"",""GCF_019797825.1"",""GCF_020510245.1"",""GCF_020784695.1"",""GCF_020844005.1"",""GCF_021378055.1"",""GCF_023169905.1"",""GCF_023499275.1"",""GCF_023920145.1"",""GCF_024334065.1"",""GCF_024397795.1"",""GCF_024718545.1"",""GCF_025311495.1"",""GCF_025490915.1"",""GCF_025739325.1"",""GCF_025948295.1"",""GCF_026222675.1"",""GCF_028607025.1"",""GCF_028621815.1"",""GCF_028736235.1"",""GCF_029726355.1"",""GCF_029866985.1"",""GCF_030480545.1"",""GCF_030770265.1"",""GCF_030770295.1"",""GCF_030770335.1"",""GCF_032762665.1"",""GCF_033142085.1"",""GCF_033570435.1"",""GCF_034703025.1"",""GCF_035985965.1"",""GCF_036246165.1"",""GCF_036246185.1"",""GCF_036246225.1"",""GCF_036327715.1"",""GCF_037891785.1"",""GCF_037892375.1"",""GCF_038049945.1"",""GCF_039645515.1"",""GCF_039645575.1"",""GCF_039783225.1"",""GCF_039783785.1"",""GCF_039955095.1"",""GCF_041225485.1"",""GCF_041225605.1"",""GCF_041281755.1"",""GCF_041509385.1"",""GCF_041514285.1"",""GCF_041514295.1"",""GCF_041893975.1"",""GCF_042847315.1"",""GCF_042997415.1"",""GCF_045760565.1"",""GCF_045801155.1"",""GCF_045862825.1"",""GCF_046109915.1"",""GCF_047344935.1"",""GCF_050407965.1"",""GCF_052569745.1"",""GCF_052570115.1"",""GCF_052571685.1"",""GCF_054073565.1"",""GCF_054331775.1"",""GCF_054452875.2"",""GCF_054784775.1"",""GCF_054785075.1"",""GCF_055180435.1"",""GCF_055502585.1"",""GCF_055755075.1"",""GCF_056269605.1"",""GCF_056676095.1"",""GCF_057786735.1"",""GCF_058111805.1"",""GCF_059089415.1"",""GCF_060305805.1"",""GCF_060307215.1"",""GCF_900016205.1"",""GCF_900094835.1"",""GCF_900240275.1"",""GCF_900519455.1"",""GCF_900519475.1"",""GCF_900636965.1"",""GCF_903885985.1"",""GCF_903886345.1"",""GCF_903886475.1"",""GCF_903891025.1"",""GCF_903891205.1"",""GCF_947539375.1"",""GCF_963243495.1"",""GCF_963281025.1"",""GCF_964063315.1"",""GCF_965136965.1"",""GCF_965286035.1"",""GCF_965286585.1"",""GCF_982267005.1""]"	root/1/1/1/1/1/1/1/0/1/1/1/1/1/1/1	"[""root/1/1/1/1/1/1/1/0/1/1/1/1/1/1/1""]"	"[{""node"":""root/1/1/1/1/1/1/1/0/1/1/1/1/1/1/1"",""length_coalescent_units"":0.30079164160137645}]"	0.6078144078144078	0.32551892551892553	0.06666666666666667	3.039072039072039	1.6275946275946276	0.3333333333333333	0.7102118544633538	0.19464278705468044	0.09514535848196577	9828	5.0
17845d166eea978122749a6640353c79ff9f303ab212e06aa49ea6f9f86d5639	"[""GCF_000023085.1"",""GCF_000148815.2"",""GCF_000203855.3"",""GCF_009913655.1"",""GCF_014131735.1"",""GCF_029854335.1""]"	"[""GCF_000009425.1"",""GCF_000010145.1"",""GCF_000011045.1"",""GCF_000014385.1"",""GCF_000014425.1"",""GCF_000014445.1"",""GCF_000014505.1"",""GCF_000014545.1"",""GCF_000015385.1"",""GCF_000016825.1"",""GCF_000025045.1"",""GCF_000026405.1"",""GCF_000092505.1"",""GCF_000155515.2"",""GCF_000160835.1"",""GCF_000237995.1"",""GCF_000241055.1"",""GCF_000269925.1"",""GCF_000269945.1"",""GCF_000298875.1"",""GCF_000468955.1"",""GCF_000691805.2"",""GCF_001434365.1"",""GCF_001434705.1"",""GCF_001435245.1"",""GCF_001436135.1"",""GCF_001436905.1"",""GCF_001437055.1"",""GCF_001437425.1"",""GCF_001438705.1"",""GCF_001536305.1"",""GCF_001618285.1"",""GCF_001702215.1"",""GCF_001702235.1"",""GCF_001752505.1"",""GCF_001752515.1"",""GCF_001752545.1"",""GCF_001761545.1"",""GCF_001767275.1"",""GCF_001888925.1"",""GCF_001891125.1"",""GCF_001932615.1"",""GCF_001998805.1"",""GCF_002174215.1"",""GCF_002950695.1"",""GCF_002970915.1"",""GCF_002970935.1"",""GCF_003150935.1"",""GCF_003151025.1"",""GCF_003173695.1"",""GCF_003176835.1"",""GCF_003264795.1"",""GCF_003584685.1"",""GCF_003641185.1"",""GCF_003722275.1"",""GCF_003999355.1"",""GCF_004354645.1"",""GCF_004377635.1"",""GCF_005405405.1"",""GCF_005405465.1"",""GCF_007954605.1"",""GCF_007954785.1"",""GCF_008107645.1"",""GCF_008831485.1"",""GCF_009184845.1"",""GCF_009856565.1"",""GCF_009913995.1"",""GCF_009914015.1"",""GCF_009914035.1"",""GCF_010092385.1"",""GCF_011058775.1"",""GCF_011304355.1"",""GCF_013113695.1"",""GCF_013407595.1"",""GCF_014145545.1"",""GCF_014145555.1"",""GCF_014145615.1"",""GCF_014397255.1"",""GCF_014656585.1"",""GCF_014789145.1"",""GCF_016127255.1"",""GCF_016127815.1"",""GCF_016647595.1"",""GCF_016919665.1"",""GCF_017068355.1"",""GCF_017894345.1"",""GCF_018394055.1"",""GCF_018502505.1"",""GCF_019448175.1"",""GCF_019469265.1"",""GCF_019576155.1"",""GCF_019797825.1"",""GCF_020510245.1"",""GCF_020784695.1"",""GCF_020844005.1"",""GCF_021378055.1"",""GCF_023169905.1"",""GCF_023499275.1"",""GCF_023920145.1"",""GCF_024334065.1"",""GCF_024397795.1"",""GCF_024718545.1"",""GCF_025311495.1"",""GCF_025490915.1"",""GCF_025739325.1"",""GCF_025948295.1"",""GCF_026222675.1"",""GCF_028607025.1"",""GCF_028621815.1"",""GCF_028736235.1"",""GCF_029025825.1"",""GCF_029726355.1"",""GCF_029866985.1"",""GCF_030480545.1"",""GCF_030770265.1"",""GCF_030770295.1"",""GCF_030770335.1"",""GCF_032762665.1"",""GCF_033142085.1"",""GCF_033570435.1"",""GCF_034703025.1"",""GCF_035985965.1"",""GCF_036246165.1"",""GCF_036246185.1"",""GCF_036246225.1"",""GCF_036327715.1"",""GCF_037290055.1"",""GCF_037891785.1"",""GCF_037892375.1"",""GCF_038049945.1"",""GCF_039645515.1"",""GCF_039645575.1"",""GCF_039783225.1"",""GCF_039783785.1"",""GCF_039955095.1"",""GCF_041225485.1"",""GCF_041225605.1"",""GCF_041281755.1"",""GCF_041509385.1"",""GCF_041514285.1"",""GCF_041514295.1"",""GCF_041893975.1"",""GCF_042847315.1"",""GCF_042997415.1"",""GCF_045760565.1"",""GCF_045801155.1"",""GCF_045862825.1"",""GCF_046109915.1"",""GCF_047344935.1"",""GCF_050407965.1"",""GCF_050847345.1"",""GCF_051098045.1"",""GCF_052569745.1"",""GCF_052570115.1"",""GCF_052571685.1"",""GCF_054073565.1"",""GCF_054331775.1"",""GCF_054452875.2"",""GCF_054784775.1"",""GCF_054785075.1"",""GCF_055180435.1"",""GCF_055502585.1"",""GCF_055755075.1"",""GCF_056269605.1"",""GCF_056676095.1"",""GCF_057786735.1"",""GCF_058111805.1"",""GCF_059089415.1"",""GCF_060305805.1"",""GCF_060307215.1"",""GCF_900016205.1"",""GCF_900094835.1"",""GCF_900240275.1"",""GCF_900519455.1"",""GCF_900519475.1"",""GCF_900636965.1"",""GCF_903885985.1"",""GCF_903886345.1"",""GCF_903886475.1"",""GCF_903891025.1"",""GCF_903891205.1"",""GCF_947539375.1"",""GCF_963243495.1"",""GCF_963281025.1"",""GCF_964063315.1"",""GCF_965136965.1"",""GCF_965286035.1"",""GCF_965286295.1"",""GCF_965286585.1"",""GCF_982267005.1""]"	root/1/1/1/1/1/1/1/0/1/1/1/1/1/1/1/1/1	"[""root/1/1/1/1/1/1/1/0/1/1/1/1/1/1/1/1/1""]"	"[{""node"":""root/1/1/1/1/1/1/1/0/1/1/1/1/1/1/1/1/1"",""length_coalescent_units"":0.4838603322735061}]"	0.7068805704099821	0.17371202218261042	0.1194074074074074	3.5344028520499107	0.8685601109130521	0.597037037037037	0.8565717982269163	0.07660966745829001	0.06681853431479373	2805	5.0
17a9b015de1cbef7ef956c63adb6348bb14c73442ade5a6dc65b16882bcc909e	"[""GCF_000023085.1"",""GCF_000148815.2"",""GCF_000203855.3"",""GCF_009913655.1"",""GCF_014131735.1"",""GCF_029854335.1"",""GCF_037290055.1"",""GCF_050847345.1"",""GCF_965286295.1""]"	"[""GCF_000009425.1"",""GCF_000010145.1"",""GCF_000011045.1"",""GCF_000014385.1"",""GCF_000014425.1"",""GCF_000014445.1"",""GCF_000014505.1"",""GCF_000014545.1"",""GCF_000015385.1"",""GCF_000016825.1"",""GCF_000025045.1"",""GCF_000026405.1"",""GCF_000092505.1"",""GCF_000155515.2"",""GCF_000160835.1"",""GCF_000237995.1"",""GCF_000241055.1"",""GCF_000269925.1"",""GCF_000269945.1"",""GCF_000298875.1"",""GCF_000468955.1"",""GCF_000691805.2"",""GCF_001434365.1"",""GCF_001434705.1"",""GCF_001435245.1"",""GCF_001436135.1"",""GCF_001436905.1"",""GCF_001437055.1"",""GCF_001437425.1"",""GCF_001438705.1"",""GCF_001536305.1"",""GCF_001618285.1"",""GCF_001702215.1"",""GCF_001702235.1"",""GCF_001752505.1"",""GCF_001752515.1"",""GCF_001752545.1"",""GCF_001761545.1"",""GCF_001767275.1"",""GCF_001888925.1"",""GCF_001891125.1"",""GCF_001932615.1"",""GCF_001998805.1"",""GCF_002174215.1"",""GCF_002950695.1"",""GCF_002970915.1"",""GCF_002970935.1"",""GCF_003150935.1"",""GCF_003151025.1"",""GCF_003173695.1"",""GCF_003176835.1"",""GCF_003264795.1"",""GCF_003584685.1"",""GCF_003641185.1"",""GCF_003722275.1"",""GCF_003999355.1"",""GCF_004354645.1"",""GCF_004377635.1"",""GCF_005405405.1"",""GCF_005405465.1"",""GCF_007954605.1"",""GCF_007954785.1"",""GCF_008107645.1"",""GCF_008831485.1"",""GCF_009184845.1"",""GCF_009856565.1"",""GCF_009913995.1"",""GCF_009914015.1"",""GCF_009914035.1"",""GCF_010092385.1"",""GCF_011058775.1"",""GCF_011304355.1"",""GCF_013113695.1"",""GCF_013407595.1"",""GCF_014145545.1"",""GCF_014145555.1"",""GCF_014145615.1"",""GCF_014397255.1"",""GCF_014656585.1"",""GCF_014789145.1"",""GCF_016127255.1"",""GCF_016127815.1"",""GCF_016647595.1"",""GCF_016919665.1"",""GCF_017068355.1"",""GCF_017894345.1"",""GCF_018394055.1"",""GCF_018502505.1"",""GCF_019448175.1"",""GCF_019469265.1"",""GCF_019576155.1"",""GCF_019797825.1"",""GCF_020510245.1"",""GCF_020784695.1"",""GCF_020844005.1"",""GCF_021378055.1"",""GCF_023169905.1"",""GCF_023499275.1"",""GCF_023920145.1"",""GCF_024334065.1"",""GCF_024397795.1"",""GCF_024718545.1"",""GCF_025311495.1"",""GCF_025490915.1"",""GCF_025739325.1"",""GCF_025948295.1"",""GCF_026222675.1"",""GCF_028607025.1"",""GCF_028621815.1"",""GCF_028736235.1"",""GCF_029025825.1"",""GCF_029726355.1"",""GCF_029866985.1"",""GCF_030480545.1"",""GCF_030770265.1"",""GCF_030770295.1"",""GCF_030770335.1"",""GCF_032762665.1"",""GCF_033142085.1"",""GCF_033570435.1"",""GCF_034703025.1"",""GCF_035985965.1"",""GCF_036246165.1"",""GCF_036246185.1"",""GCF_036246225.1"",""GCF_036327715.1"",""GCF_037891785.1"",""GCF_037892375.1"",""GCF_038049945.1"",""GCF_039645515.1"",""GCF_039645575.1"",""GCF_039783225.1"",""GCF_039783785.1"",""GCF_039955095.1"",""GCF_041225485.1"",""GCF_041225605.1"",""GCF_041281755.1"",""GCF_041509385.1"",""GCF_041514285.1"",""GCF_041514295.1"",""GCF_041893975.1"",""GCF_042847315.1"",""GCF_042997415.1"",""GCF_045760565.1"",""GCF_045801155.1"",""GCF_045862825.1"",""GCF_046109915.1"",""GCF_047344935.1"",""GCF_050407965.1"",""GCF_051098045.1"",""GCF_052569745.1"",""GCF_052570115.1"",""GCF_052571685.1"",""GCF_054073565.1"",""GCF_054331775.1"",""GCF_054452875.2"",""GCF_054784775.1"",""GCF_054785075.1"",""GCF_055180435.1"",""GCF_055502585.1"",""GCF_055755075.1"",""GCF_056269605.1"",""GCF_056676095.1"",""GCF_057786735.1"",""GCF_058111805.1"",""GCF_059089415.1"",""GCF_060305805.1"",""GCF_060307215.1"",""GCF_900016205.1"",""GCF_900094835.1"",""GCF_900240275.1"",""GCF_900519455.1"",""GCF_900519475.1"",""GCF_900636965.1"",""GCF_903885985.1"",""GCF_903886345.1"",""GCF_903886475.1"",""GCF_903891025.1"",""GCF_903891205.1"",""GCF_947539375.1"",""GCF_963243495.1"",""GCF_963281025.1"",""GCF_964063315.1"",""GCF_965136965.1"",""GCF_965286035.1"",""GCF_965286585.1"",""GCF_982267005.1""]"	root/1/1/1/1/1/1/1/0/1/1/1/1/1/1/1/1	"[""root/1/1/1/1/1/1/1/0/1/1/1/1/1/1/1/1""]"	"[{""node"":""root/1/1/1/1/1/1/1/0/1/1/1/1/1/1/1/1"",""length_coalescent_units"":0.2680561079950327}]"	0.5881081081081081	0.323003003003003	0.08888888888888888	2.9405405405405407	1.615015015015015	0.4444444444444444	0.6833403713807596	0.20854737477856924	0.10811225384067105	6660	5.0
1881d6c1d0dc6d5c6fb792654fb9c291e4c6901efd6e441cd71ac35af805a6bd	"[""GCF_000023085.1"",""GCF_000203855.3""]"	"[""GCF_000009425.1"",""GCF_000010145.1"",""GCF_000011045.1"",""GCF_000014385.1"",""GCF_000014425.1"",""GCF_000014445.1"",""GCF_000014505.1"",""GCF_000014545.1"",""GCF_000015385.1"",""GCF_000016825.1"",""GCF_000025045.1"",""GCF_000026405.1"",""GCF_000092505.1"",""GCF_000148815.2"",""GCF_000155515.2"",""GCF_000160835.1"",""GCF_000237995.1"",""GCF_000241055.1"",""GCF_000269925.1"",""GCF_000269945.1"",""GCF_000298875.1"",""GCF_000468955.1"",""GCF_000691805.2"",""GCF_001434365.1"",""GCF_001434705.1"",""GCF_001435245.1"",""GCF_001436135.1"",""GCF_001436905.1"",""GCF_001437055.1"",""GCF_001437425.1"",""GCF_001438705.1"",""GCF_001536305.1"",""GCF_001618285.1"",""GCF_001702215.1"",""GCF_001702235.1"",""GCF_001752505.1"",""GCF_001752515.1"",""GCF_001752545.1"",""GCF_001761545.1"",""GCF_001767275.1"",""GCF_001888925.1"",""GCF_001891125.1"",""GCF_001932615.1"",""GCF_001998805.1"",""GCF_002174215.1"",""GCF_002950695.1"",""GCF_002970915.1"",""GCF_002970935.1"",""GCF_003150935.1"",""GCF_003151025.1"",""GCF_003173695.1"",""GCF_003176835.1"",""GCF_003264795.1"",""GCF_003584685.1"",""GCF_003641185.1"",""GCF_003722275.1"",""GCF_003999355.1"",""GCF_004354645.1"",""GCF_004377635.1"",""GCF_005405405.1"",""GCF_005405465.1"",""GCF_007954605.1"",""GCF_007954785.1"",""GCF_008107645.1"",""GCF_008831485.1"",""GCF_009184845.1"",""GCF_009856565.1"",""GCF_009913655.1"",""GCF_009913995.1"",""GCF_009914015.1"",""GCF_009914035.1"",""GCF_010092385.1"",""GCF_011058775.1"",""GCF_011304355.1"",""GCF_013113695.1"",""GCF_013407595.1"",""GCF_014131735.1"",""GCF_014145545.1"",""GCF_014145555.1"",""GCF_014145615.1"",""GCF_014397255.1"",""GCF_014656585.1"",""GCF_014789145.1"",""GCF_016127255.1"",""GCF_016127815.1"",""GCF_016647595.1"",""GCF_016919665.1"",""GCF_017068355.1"",""GCF_017894345.1"",""GCF_018394055.1"",""GCF_018502505.1"",""GCF_019448175.1"",""GCF_019469265.1"",""GCF_019576155.1"",""GCF_019797825.1"",""GCF_020510245.1"",""GCF_020784695.1"",""GCF_020844005.1"",""GCF_021378055.1"",""GCF_023169905.1"",""GCF_023499275.1"",""GCF_023920145.1"",""GCF_024334065.1"",""GCF_024397795.1"",""GCF_024718545.1"",""GCF_025311495.1"",""GCF_025490915.1"",""GCF_025739325.1"",""GCF_025948295.1"",""GCF_026222675.1"",""GCF_028607025.1"",""GCF_028621815.1"",""GCF_028736235.1"",""GCF_029025825.1"",""GCF_029726355.1"",""GCF_029854335.1"",""GCF_029866985.1"",""GCF_030480545.1"",""GCF_030770265.1"",""GCF_030770295.1"",""GCF_030770335.1"",""GCF_032762665.1"",""GCF_033142085.1"",""GCF_033570435.1"",""GCF_034703025.1"",""GCF_035985965.1"",""GCF_036246165.1"",""GCF_036246185.1"",""GCF_036246225.1"",""GCF_036327715.1"",""GCF_037290055.1"",""GCF_037891785.1"",""GCF_037892375.1"",""GCF_038049945.1"",""GCF_039645515.1"",""GCF_039645575.1"",""GCF_039783225.1"",""GCF_039783785.1"",""GCF_039955095.1"",""GCF_041225485.1"",""GCF_041225605.1"",""GCF_041281755.1"",""GCF_041509385.1"",""GCF_041514285.1"",""GCF_041514295.1"",""GCF_041893975.1"",""GCF_042847315.1"",""GCF_042997415.1"",""GCF_045760565.1"",""GCF_045801155.1"",""GCF_045862825.1"",""GCF_046109915.1"",""GCF_047344935.1"",""GCF_050407965.1"",""GCF_050847345.1"",""GCF_051098045.1"",""GCF_052569745.1"",""GCF_052570115.1"",""GCF_052571685.1"",""GCF_054073565.1"",""GCF_054331775.1"",""GCF_054452875.2"",""GCF_054784775.1"",""GCF_054785075.1"",""GCF_055180435.1"",""GCF_055502585.1"",""GCF_055755075.1"",""GCF_056269605.1"",""GCF_056676095.1"",""GCF_057786735.1"",""GCF_058111805.1"",""GCF_059089415.1"",""GCF_060305805.1"",""GCF_060307215.1"",""GCF_900016205.1"",""GCF_900094835.1"",""GCF_900240275.1"",""GCF_900519455.1"",""GCF_900519475.1"",""GCF_900636965.1"",""GCF_903885985.1"",""GCF_903886345.1"",""GCF_903886475.1"",""GCF_903891025.1"",""GCF_903891205.1"",""GCF_947539375.1"",""GCF_963243495.1"",""GCF_963281025.1"",""GCF_964063315.1"",""GCF_965136965.1"",""GCF_965286035.1"",""GCF_965286295.1"",""GCF_965286585.1"",""GCF_982267005.1""]"	root/1/1/1/1/1/1/1/0/1/1/1/1/1/1/1/1/1/1/1/1/1	"[""root/1/1/1/1/1/1/1/0/1/1/1/1/1/1/1/1/1/1/1/1/1""]"	"[{""node"":""root/1/1/1/1/1/1/1/0/1/1/1/1/1/1/1/1/1/1/1/1/1"",""length_coalescent_units"":0.2842337931728648}]"	0.5979274611398964	0.20207253886010362	0.2	2.989637305699482	1.0103626943005182	1.0	0.7162380128565352	0.14228628537724208	0.14147570176622276	193	5.0
dfa86ad6553334a2996bb56f89947eeac473ca28f045888fe5fb7a3502674ce2	"[""GCF_000023085.1"",""GCF_000203855.3"",""GCF_009913655.1"",""GCF_014131735.1""]"	"[""GCF_000009425.1"",""GCF_000010145.1"",""GCF_000011045.1"",""GCF_000014385.1"",""GCF_000014425.1"",""GCF_000014445.1"",""GCF_000014505.1"",""GCF_000014545.1"",""GCF_000015385.1"",""GCF_000016825.1"",""GCF_000025045.1"",""GCF_000026405.1"",""GCF_000092505.1"",""GCF_000148815.2"",""GCF_000155515.2"",""GCF_000160835.1"",""GCF_000237995.1"",""GCF_000241055.1"",""GCF_000269925.1"",""GCF_000269945.1"",""GCF_000298875.1"",""GCF_000468955.1"",""GCF_000691805.2"",""GCF_001434365.1"",""GCF_001434705.1"",""GCF_001435245.1"",""GCF_001436135.1"",""GCF_001436905.1"",""GCF_001437055.1"",""GCF_001437425.1"",""GCF_001438705.1"",""GCF_001536305.1"",""GCF_001618285.1"",""GCF_001702215.1"",""GCF_001702235.1"",""GCF_001752505.1"",""GCF_001752515.1"",""GCF_001752545.1"",""GCF_001761545.1"",""GCF_001767275.1"",""GCF_001888925.1"",""GCF_001891125.1"",""GCF_001932615.1"",""GCF_001998805.1"",""GCF_002174215.1"",""GCF_002950695.1"",""GCF_002970915.1"",""GCF_002970935.1"",""GCF_003150935.1"",""GCF_003151025.1"",""GCF_003173695.1"",""GCF_003176835.1"",""GCF_003264795.1"",""GCF_003584685.1"",""GCF_003641185.1"",""GCF_003722275.1"",""GCF_003999355.1"",""GCF_004354645.1"",""GCF_004377635.1"",""GCF_005405405.1"",""GCF_005405465.1"",""GCF_007954605.1"",""GCF_007954785.1"",""GCF_008107645.1"",""GCF_008831485.1"",""GCF_009184845.1"",""GCF_009856565.1"",""GCF_009913995.1"",""GCF_009914015.1"",""GCF_009914035.1"",""GCF_010092385.1"",""GCF_011058775.1"",""GCF_011304355.1"",""GCF_013113695.1"",""GCF_013407595.1"",""GCF_014145545.1"",""GCF_014145555.1"",""GCF_014145615.1"",""GCF_014397255.1"",""GCF_014656585.1"",""GCF_014789145.1"",""GCF_016127255.1"",""GCF_016127815.1"",""GCF_016647595.1"",""GCF_016919665.1"",""GCF_017068355.1"",""GCF_017894345.1"",""GCF_018394055.1"",""GCF_018502505.1"",""GCF_019448175.1"",""GCF_019469265.1"",""GCF_019576155.1"",""GCF_019797825.1"",""GCF_020510245.1"",""GCF_020784695.1"",""GCF_020844005.1"",""GCF_021378055.1"",""GCF_023169905.1"",""GCF_023499275.1"",""GCF_023920145.1"",""GCF_024334065.1"",""GCF_024397795.1"",""GCF_024718545.1"",""GCF_025311495.1"",""GCF_025490915.1"",""GCF_025739325.1"",""GCF_025948295.1"",""GCF_026222675.1"",""GCF_028607025.1"",""GCF_028621815.1"",""GCF_028736235.1"",""GCF_029025825.1"",""GCF_029726355.1"",""GCF_029854335.1"",""GCF_029866985.1"",""GCF_030480545.1"",""GCF_030770265.1"",""GCF_030770295.1"",""GCF_030770335.1"",""GCF_032762665.1"",""GCF_033142085.1"",""GCF_033570435.1"",""GCF_034703025.1"",""GCF_035985965.1"",""GCF_036246165.1"",""GCF_036246185.1"",""GCF_036246225.1"",""GCF_036327715.1"",""GCF_037290055.1"",""GCF_037891785.1"",""GCF_037892375.1"",""GCF_038049945.1"",""GCF_039645515.1"",""GCF_039645575.1"",""GCF_039783225.1"",""GCF_039783785.1"",""GCF_039955095.1"",""GCF_041225485.1"",""GCF_041225605.1"",""GCF_041281755.1"",""GCF_041509385.1"",""GCF_041514285.1"",""GCF_041514295.1"",""GCF_041893975.1"",""GCF_042847315.1"",""GCF_042997415.1"",""GCF_045760565.1"",""GCF_045801155.1"",""GCF_045862825.1"",""GCF_046109915.1"",""GCF_047344935.1"",""GCF_050407965.1"",""GCF_050847345.1"",""GCF_051098045.1"",""GCF_052569745.1"",""GCF_052570115.1"",""GCF_052571685.1"",""GCF_054073565.1"",""GCF_054331775.1"",""GCF_054452875.2"",""GCF_054784775.1"",""GCF_054785075.1"",""GCF_055180435.1"",""GCF_055502585.1"",""GCF_055755075.1"",""GCF_056269605.1"",""GCF_056676095.1"",""GCF_057786735.1"",""GCF_058111805.1"",""GCF_059089415.1"",""GCF_060305805.1"",""GCF_060307215.1"",""GCF_900016205.1"",""GCF_900094835.1"",""GCF_900240275.1"",""GCF_900519455.1"",""GCF_900519475.1"",""GCF_900636965.1"",""GCF_903885985.1"",""GCF_903886345.1"",""GCF_903886475.1"",""GCF_903891025.1"",""GCF_903891205.1"",""GCF_947539375.1"",""GCF_963243495.1"",""GCF_963281025.1"",""GCF_964063315.1"",""GCF_965136965.1"",""GCF_965286035.1"",""GCF_965286295.1"",""GCF_965286585.1"",""GCF_982267005.1""]"	root/1/1/1/1/1/1/1/0/1/1/1/1/1/1/1/1/1/1/1	"[""root/1/1/1/1/1/1/1/0/1/1/1/1/1/1/1/1/1/1/1""]"	"[{""node"":""root/1/1/1/1/1/1/1/0/1/1/1/1/1/1/1/1/1/1/1"",""length_coalescent_units"":0.6897290212370623}]"	0.798630396843463	0.0010471204188481676	0.20032248273768874	3.9931519842173153	0.005235602094240838	1.0016124136884437	0.9314179342040527	0.026397449993855324	0.04218461580209197	573	5.0
3de38c2b77adc1866d391eede26f21ccbba562ae19af30bffcb8927e1088be7d	"[""GCF_000023085.1"",""GCF_000203855.3"",""GCF_014131735.1""]"	"[""GCF_000009425.1"",""GCF_000010145.1"",""GCF_000011045.1"",""GCF_000014385.1"",""GCF_000014425.1"",""GCF_000014445.1"",""GCF_000014505.1"",""GCF_000014545.1"",""GCF_000015385.1"",""GCF_000016825.1"",""GCF_000025045.1"",""GCF_000026405.1"",""GCF_000092505.1"",""GCF_000148815.2"",""GCF_000155515.2"",""GCF_000160835.1"",""GCF_000237995.1"",""GCF_000241055.1"",""GCF_000269925.1"",""GCF_000269945.1"",""GCF_000298875.1"",""GCF_000468955.1"",""GCF_000691805.2"",""GCF_001434365.1"",""GCF_001434705.1"",""GCF_001435245.1"",""GCF_001436135.1"",""GCF_001436905.1"",""GCF_001437055.1"",""GCF_001437425.1"",""GCF_001438705.1"",""GCF_001536305.1"",""GCF_001618285.1"",""GCF_001702215.1"",""GCF_001702235.1"",""GCF_001752505.1"",""GCF_001752515.1"",""GCF_001752545.1"",""GCF_001761545.1"",""GCF_001767275.1"",""GCF_001888925.1"",""GCF_001891125.1"",""GCF_001932615.1"",""GCF_001998805.1"",""GCF_002174215.1"",""GCF_002950695.1"",""GCF_002970915.1"",""GCF_002970935.1"",""GCF_003150935.1"",""GCF_003151025.1"",""GCF_003173695.1"",""GCF_003176835.1"",""GCF_003264795.1"",""GCF_003584685.1"",""GCF_003641185.1"",""GCF_003722275.1"",""GCF_003999355.1"",""GCF_004354645.1"",""GCF_004377635.1"",""GCF_005405405.1"",""GCF_005405465.1"",""GCF_007954605.1"",""GCF_007954785.1"",""GCF_008107645.1"",""GCF_008831485.1"",""GCF_009184845.1"",""GCF_009856565.1"",""GCF_009913655.1"",""GCF_009913995.1"",""GCF_009914015.1"",""GCF_009914035.1"",""GCF_010092385.1"",""GCF_011058775.1"",""GCF_011304355.1"",""GCF_013113695.1"",""GCF_013407595.1"",""GCF_014145545.1"",""GCF_014145555.1"",""GCF_014145615.1"",""GCF_014397255.1"",""GCF_014656585.1"",""GCF_014789145.1"",""GCF_016127255.1"",""GCF_016127815.1"",""GCF_016647595.1"",""GCF_016919665.1"",""GCF_017068355.1"",""GCF_017894345.1"",""GCF_018394055.1"",""GCF_018502505.1"",""GCF_019448175.1"",""GCF_019469265.1"",""GCF_019576155.1"",""GCF_019797825.1"",""GCF_020510245.1"",""GCF_020784695.1"",""GCF_020844005.1"",""GCF_021378055.1"",""GCF_023169905.1"",""GCF_023499275.1"",""GCF_023920145.1"",""GCF_024334065.1"",""GCF_024397795.1"",""GCF_024718545.1"",""GCF_025311495.1"",""GCF_025490915.1"",""GCF_025739325.1"",""GCF_025948295.1"",""GCF_026222675.1"",""GCF_028607025.1"",""GCF_028621815.1"",""GCF_028736235.1"",""GCF_029025825.1"",""GCF_029726355.1"",""GCF_029854335.1"",""GCF_029866985.1"",""GCF_030480545.1"",""GCF_030770265.1"",""GCF_030770295.1"",""GCF_030770335.1"",""GCF_032762665.1"",""GCF_033142085.1"",""GCF_033570435.1"",""GCF_034703025.1"",""GCF_035985965.1"",""GCF_036246165.1"",""GCF_036246185.1"",""GCF_036246225.1"",""GCF_036327715.1"",""GCF_037290055.1"",""GCF_037891785.1"",""GCF_037892375.1"",""GCF_038049945.1"",""GCF_039645515.1"",""GCF_039645575.1"",""GCF_039783225.1"",""GCF_039783785.1"",""GCF_039955095.1"",""GCF_041225485.1"",""GCF_041225605.1"",""GCF_041281755.1"",""GCF_041509385.1"",""GCF_041514285.1"",""GCF_041514295.1"",""GCF_041893975.1"",""GCF_042847315.1"",""GCF_042997415.1"",""GCF_045760565.1"",""GCF_045801155.1"",""GCF_045862825.1"",""GCF_046109915.1"",""GCF_047344935.1"",""GCF_050407965.1"",""GCF_050847345.1"",""GCF_051098045.1"",""GCF_052569745.1"",""GCF_052570115.1"",""GCF_052571685.1"",""GCF_054073565.1"",""GCF_054331775.1"",""GCF_054452875.2"",""GCF_054784775.1"",""GCF_054785075.1"",""GCF_055180435.1"",""GCF_055502585.1"",""GCF_055755075.1"",""GCF_056269605.1"",""GCF_056676095.1"",""GCF_057786735.1"",""GCF_058111805.1"",""GCF_059089415.1"",""GCF_060305805.1"",""GCF_060307215.1"",""GCF_900016205.1"",""GCF_900094835.1"",""GCF_900240275.1"",""GCF_900519455.1"",""GCF_900519475.1"",""GCF_900636965.1"",""GCF_903885985.1"",""GCF_903886345.1"",""GCF_903886475.1"",""GCF_903891025.1"",""GCF_903891205.1"",""GCF_947539375.1"",""GCF_963243495.1"",""GCF_963281025.1"",""GCF_964063315.1"",""GCF_965136965.1"",""GCF_965286035.1"",""GCF_965286295.1"",""GCF_965286585.1"",""GCF_982267005.1""]"	root/1/1/1/1/1/1/1/0/1/1/1/1/1/1/1/1/1/1/1/1	"[""root/1/1/1/1/1/1/1/0/1/1/1/1/1/1/1/1/1/1/1/1""]"	"[{""node"":""root/1/1/1/1/1/1/1/0/1/1/1/1/1/1/1/1/1/1/1/1"",""length_coalescent_units"":0.13353139262452274}]"	0.5	0.4979166666666667	0.0020833333333333333	2.5	2.4895833333333335	0.010416666666666666	0.45471989046389344	0.45018131433547826	0.09509879520062836	384	5.0
69633fac143866d12b7da2571bbc632c9a56082a755aca1840bc586a3544e0fd	"[""GCF_000025045.1"",""GCF_003176835.1"",""GCF_003722275.1"",""GCF_035985965.1"",""GCF_060305805.1"",""GCF_060307215.1""]"	"[""GCF_000009425.1"",""GCF_000010145.1"",""GCF_000011045.1"",""GCF_000014385.1"",""GCF_000014425.1"",""GCF_000014445.1"",""GCF_000014505.1"",""GCF_000014545.1"",""GCF_000015385.1"",""GCF_000016825.1"",""GCF_000023085.1"",""GCF_000026405.1"",""GCF_000092505.1"",""GCF_000148815.2"",""GCF_000155515.2"",""GCF_000160835.1"",""GCF_000203855.3"",""GCF_000237995.1"",""GCF_000241055.1"",""GCF_000269925.1"",""GCF_000269945.1"",""GCF_000298875.1"",""GCF_000468955.1"",""GCF_000691805.2"",""GCF_001434365.1"",""GCF_001434705.1"",""GCF_001435245.1"",""GCF_001436135.1"",""GCF_001436905.1"",""GCF_001437055.1"",""GCF_001437425.1"",""GCF_001438705.1"",""GCF_001536305.1"",""GCF_001618285.1"",""GCF_001702215.1"",""GCF_001702235.1"",""GCF_001752505.1"",""GCF_001752515.1"",""GCF_001752545.1"",""GCF_001761545.1"",""GCF_001767275.1"",""GCF_001888925.1"",""GCF_001891125.1"",""GCF_001932615.1"",""GCF_001998805.1"",""GCF_002174215.1"",""GCF_002950695.1"",""GCF_002970915.1"",""GCF_002970935.1"",""GCF_003150935.1"",""GCF_003151025.1"",""GCF_003173695.1"",""GCF_003264795.1"",""GCF_003584685.1"",""GCF_003641185.1"",""GCF_003999355.1"",""GCF_004354645.1"",""GCF_004377635.1"",""GCF_005405405.1"",""GCF_005405465.1"",""GCF_007954605.1"",""GCF_007954785.1"",""GCF_008107645.1"",""GCF_008831485.1"",""GCF_009184845.1"",""GCF_009856565.1"",""GCF_009913655.1"",""GCF_009913995.1"",""GCF_009914015.1"",""GCF_009914035.1"",""GCF_010092385.1"",""GCF_011058775.1"",""GCF_011304355.1"",""GCF_013113695.1"",""GCF_013407595.1"",""GCF_014131735.1"",""GCF_014145545.1"",""GCF_014145555.1"",""GCF_014145615.1"",""GCF_014397255.1"",""GCF_014656585.1"",""GCF_014789145.1"",""GCF_016127255.1"",""GCF_016127815.1"",""GCF_016647595.1"",""GCF_016919665.1"",""GCF_017068355.1"",""GCF_017894345.1"",""GCF_018394055.1"",""GCF_018502505.1"",""GCF_019448175.1"",""GCF_019469265.1"",""GCF_019576155.1"",""GCF_019797825.1"",""GCF_020510245.1"",""GCF_020784695.1"",""GCF_020844005.1"",""GCF_021378055.1"",""GCF_023169905.1"",""GCF_023499275.1"",""GCF_023920145.1"",""GCF_024334065.1"",""GCF_024397795.1"",""GCF_024718545.1"",""GCF_025311495.1"",""GCF_025490915.1"",""GCF_025739325.1"",""GCF_025948295.1"",""GCF_026222675.1"",""GCF_028607025.1"",""GCF_028621815.1"",""GCF_028736235.1"",""GCF_029025825.1"",""GCF_029726355.1"",""GCF_029854335.1"",""GCF_029866985.1"",""GCF_030480545.1"",""GCF_030770265.1"",""GCF_030770295.1"",""GCF_030770335.1"",""GCF_032762665.1"",""GCF_033142085.1"",""GCF_033570435.1"",""GCF_034703025.1"",""GCF_036246165.1"",""GCF_036246185.1"",""GCF_036246225.1"",""GCF_036327715.1"",""GCF_037290055.1"",""GCF_037891785.1"",""GCF_037892375.1"",""GCF_038049945.1"",""GCF_039645515.1"",""GCF_039645575.1"",""GCF_039783225.1"",""GCF_039783785.1"",""GCF_039955095.1"",""GCF_041225485.1"",""GCF_041225605.1"",""GCF_041281755.1"",""GCF_041509385.1"",""GCF_041514285.1"",""GCF_041514295.1"",""GCF_041893975.1"",""GCF_042847315.1"",""GCF_042997415.1"",""GCF_045760565.1"",""GCF_045801155.1"",""GCF_045862825.1"",""GCF_046109915.1"",""GCF_047344935.1"",""GCF_050407965.1"",""GCF_050847345.1"",""GCF_051098045.1"",""GCF_052569745.1"",""GCF_052570115.1"",""GCF_052571685.1"",""GCF_054073565.1"",""GCF_054331775.1"",""GCF_054452875.2"",""GCF_054784775.1"",""GCF_054785075.1"",""GCF_055180435.1"",""GCF_055502585.1"",""GCF_055755075.1"",""GCF_056269605.1"",""GCF_056676095.1"",""GCF_057786735.1"",""GCF_058111805.1"",""GCF_059089415.1"",""GCF_900016205.1"",""GCF_900094835.1"",""GCF_900240275.1"",""GCF_900519455.1"",""GCF_900519475.1"",""GCF_900636965.1"",""GCF_903885985.1"",""GCF_903886345.1"",""GCF_903886475.1"",""GCF_903891025.1"",""GCF_903891205.1"",""GCF_947539375.1"",""GCF_963243495.1"",""GCF_963281025.1"",""GCF_964063315.1"",""GCF_965136965.1"",""GCF_965286035.1"",""GCF_965286295.1"",""GCF_965286585.1"",""GCF_982267005.1""]"	root/1/1/1/1/0	"[""root/1/1/1/1/0""]"	"[{""node"":""root/1/1/1/1/0"",""length_coalescent_units"":0.27266033075594337}]"	0.5909189189189189	0.176	0.23308108108108105	2.9545945945945946	0.88	1.1654054054054053	0.7047682753045581	0.13595039250828989	0.15928133218715199	4625	5.0
bf68a528ca92c3c8d73e6a1dc94362e5b8185c9a5b2d4e2e9487e8c4e8b6169f	"[""GCF_000025045.1"",""GCF_003176835.1"",""GCF_003722275.1"",""GCF_060305805.1"",""GCF_060307215.1""]"	"[""GCF_000009425.1"",""GCF_000010145.1"",""GCF_000011045.1"",""GCF_000014385.1"",""GCF_000014425.1"",""GCF_000014445.1"",""GCF_000014505.1"",""GCF_000014545.1"",""GCF_000015385.1"",""GCF_000016825.1"",""GCF_000023085.1"",""GCF_000026405.1"",""GCF_000092505.1"",""GCF_000148815.2"",""GCF_000155515.2"",""GCF_000160835.1"",""GCF_000203855.3"",""GCF_000237995.1"",""GCF_000241055.1"",""GCF_000269925.1"",""GCF_000269945.1"",""GCF_000298875.1"",""GCF_000468955.1"",""GCF_000691805.2"",""GCF_001434365.1"",""GCF_001434705.1"",""GCF_001435245.1"",""GCF_001436135.1"",""GCF_001436905.1"",""GCF_001437055.1"",""GCF_001437425.1"",""GCF_001438705.1"",""GCF_001536305.1"",""GCF_001618285.1"",""GCF_001702215.1"",""GCF_001702235.1"",""GCF_001752505.1"",""GCF_001752515.1"",""GCF_001752545.1"",""GCF_001761545.1"",""GCF_001767275.1"",""GCF_001888925.1"",""GCF_001891125.1"",""GCF_001932615.1"",""GCF_001998805.1"",""GCF_002174215.1"",""GCF_002950695.1"",""GCF_002970915.1"",""GCF_002970935.1"",""GCF_003150935.1"",""GCF_003151025.1"",""GCF_003173695.1"",""GCF_003264795.1"",""GCF_003584685.1"",""GCF_003641185.1"",""GCF_003999355.1"",""GCF_004354645.1"",""GCF_004377635.1"",""GCF_005405405.1"",""GCF_005405465.1"",""GCF_007954605.1"",""GCF_007954785.1"",""GCF_008107645.1"",""GCF_008831485.1"",""GCF_009184845.1"",""GCF_009856565.1"",""GCF_009913655.1"",""GCF_009913995.1"",""GCF_009914015.1"",""GCF_009914035.1"",""GCF_010092385.1"",""GCF_011058775.1"",""GCF_011304355.1"",""GCF_013113695.1"",""GCF_013407595.1"",""GCF_014131735.1"",""GCF_014145545.1"",""GCF_014145555.1"",""GCF_014145615.1"",""GCF_014397255.1"",""GCF_014656585.1"",""GCF_014789145.1"",""GCF_016127255.1"",""GCF_016127815.1"",""GCF_016647595.1"",""GCF_016919665.1"",""GCF_017068355.1"",""GCF_017894345.1"",""GCF_018394055.1"",""GCF_018502505.1"",""GCF_019448175.1"",""GCF_019469265.1"",""GCF_019576155.1"",""GCF_019797825.1"",""GCF_020510245.1"",""GCF_020784695.1"",""GCF_020844005.1"",""GCF_021378055.1"",""GCF_023169905.1"",""GCF_023499275.1"",""GCF_023920145.1"",""GCF_024334065.1"",""GCF_024397795.1"",""GCF_024718545.1"",""GCF_025311495.1"",""GCF_025490915.1"",""GCF_025739325.1"",""GCF_025948295.1"",""GCF_026222675.1"",""GCF_028607025.1"",""GCF_028621815.1"",""GCF_028736235.1"",""GCF_029025825.1"",""GCF_029726355.1"",""GCF_029854335.1"",""GCF_029866985.1"",""GCF_030480545.1"",""GCF_030770265.1"",""GCF_030770295.1"",""GCF_030770335.1"",""GCF_032762665.1"",""GCF_033142085.1"",""GCF_033570435.1"",""GCF_034703025.1"",""GCF_035985965.1"",""GCF_036246165.1"",""GCF_036246185.1"",""GCF_036246225.1"",""GCF_036327715.1"",""GCF_037290055.1"",""GCF_037891785.1"",""GCF_037892375.1"",""GCF_038049945.1"",""GCF_039645515.1"",""GCF_039645575.1"",""GCF_039783225.1"",""GCF_039783785.1"",""GCF_039955095.1"",""GCF_041225485.1"",""GCF_041225605.1"",""GCF_041281755.1"",""GCF_041509385.1"",""GCF_041514285.1"",""GCF_041514295.1"",""GCF_041893975.1"",""GCF_042847315.1"",""GCF_042997415.1"",""GCF_045760565.1"",""GCF_045801155.1"",""GCF_045862825.1"",""GCF_046109915.1"",""GCF_047344935.1"",""GCF_050407965.1"",""GCF_050847345.1"",""GCF_051098045.1"",""GCF_052569745.1"",""GCF_052570115.1"",""GCF_052571685.1"",""GCF_054073565.1"",""GCF_054331775.1"",""GCF_054452875.2"",""GCF_054784775.1"",""GCF_054785075.1"",""GCF_055180435.1"",""GCF_055502585.1"",""GCF_055755075.1"",""GCF_056269605.1"",""GCF_056676095.1"",""GCF_057786735.1"",""GCF_058111805.1"",""GCF_059089415.1"",""GCF_900016205.1"",""GCF_900094835.1"",""GCF_900240275.1"",""GCF_900519455.1"",""GCF_900519475.1"",""GCF_900636965.1"",""GCF_903885985.1"",""GCF_903886345.1"",""GCF_903886475.1"",""GCF_903891025.1"",""GCF_903891205.1"",""GCF_947539375.1"",""GCF_963243495.1"",""GCF_963281025.1"",""GCF_964063315.1"",""GCF_965136965.1"",""GCF_965286035.1"",""GCF_965286295.1"",""GCF_965286585.1"",""GCF_982267005.1""]"	root/1/1/1/1/0/1	"[""root/1/1/1/1/0/1""]"	"[{""node"":""root/1/1/1/1/0/1"",""length_coalescent_units"":0.290182559693591}]"	0.601498418176589	0.29850158182341097	0.1	3.0074920908829452	1.4925079091170548	0.5	0.7092058352157584	0.18435169929163375	0.10644246549260789	760	5.0
4931313665e46bd8dafc750553835c81eb534e55636bf57e89d1d8d9ad020ae2	"[""GCF_000025045.1"",""GCF_003722275.1"",""GCF_060305805.1"",""GCF_060307215.1""]"	"[""GCF_000009425.1"",""GCF_000010145.1"",""GCF_000011045.1"",""GCF_000014385.1"",""GCF_000014425.1"",""GCF_000014445.1"",""GCF_000014505.1"",""GCF_000014545.1"",""GCF_000015385.1"",""GCF_000016825.1"",""GCF_000023085.1"",""GCF_000026405.1"",""GCF_000092505.1"",""GCF_000148815.2"",""GCF_000155515.2"",""GCF_000160835.1"",""GCF_000203855.3"",""GCF_000237995.1"",""GCF_000241055.1"",""GCF_000269925.1"",""GCF_000269945.1"",""GCF_000298875.1"",""GCF_000468955.1"",""GCF_000691805.2"",""GCF_001434365.1"",""GCF_001434705.1"",""GCF_001435245.1"",""GCF_001436135.1"",""GCF_001436905.1"",""GCF_001437055.1"",""GCF_001437425.1"",""GCF_001438705.1"",""GCF_001536305.1"",""GCF_001618285.1"",""GCF_001702215.1"",""GCF_001702235.1"",""GCF_001752505.1"",""GCF_001752515.1"",""GCF_001752545.1"",""GCF_001761545.1"",""GCF_001767275.1"",""GCF_001888925.1"",""GCF_001891125.1"",""GCF_001932615.1"",""GCF_001998805.1"",""GCF_002174215.1"",""GCF_002950695.1"",""GCF_002970915.1"",""GCF_002970935.1"",""GCF_003150935.1"",""GCF_003151025.1"",""GCF_003173695.1"",""GCF_003176835.1"",""GCF_003264795.1"",""GCF_003584685.1"",""GCF_003641185.1"",""GCF_003999355.1"",""GCF_004354645.1"",""GCF_004377635.1"",""GCF_005405405.1"",""GCF_005405465.1"",""GCF_007954605.1"",""GCF_007954785.1"",""GCF_008107645.1"",""GCF_008831485.1"",""GCF_009184845.1"",""GCF_009856565.1"",""GCF_009913655.1"",""GCF_009913995.1"",""GCF_009914015.1"",""GCF_009914035.1"",""GCF_010092385.1"",""GCF_011058775.1"",""GCF_011304355.1"",""GCF_013113695.1"",""GCF_013407595.1"",""GCF_014131735.1"",""GCF_014145545.1"",""GCF_014145555.1"",""GCF_014145615.1"",""GCF_014397255.1"",""GCF_014656585.1"",""GCF_014789145.1"",""GCF_016127255.1"",""GCF_016127815.1"",""GCF_016647595.1"",""GCF_016919665.1"",""GCF_017068355.1"",""GCF_017894345.1"",""GCF_018394055.1"",""GCF_018502505.1"",""GCF_019448175.1"",""GCF_019469265.1"",""GCF_019576155.1"",""GCF_019797825.1"",""GCF_020510245.1"",""GCF_020784695.1"",""GCF_020844005.1"",""GCF_021378055.1"",""GCF_023169905.1"",""GCF_023499275.1"",""GCF_023920145.1"",""GCF_024334065.1"",""GCF_024397795.1"",""GCF_024718545.1"",""GCF_025311495.1"",""GCF_025490915.1"",""GCF_025739325.1"",""GCF_025948295.1"",""GCF_026222675.1"",""GCF_028607025.1"",""GCF_028621815.1"",""GCF_028736235.1"",""GCF_029025825.1"",""GCF_029726355.1"",""GCF_029854335.1"",""GCF_029866985.1"",""GCF_030480545.1"",""GCF_030770265.1"",""GCF_030770295.1"",""GCF_030770335.1"",""GCF_032762665.1"",""GCF_033142085.1"",""GCF_033570435.1"",""GCF_034703025.1"",""GCF_035985965.1"",""GCF_036246165.1"",""GCF_036246185.1"",""GCF_036246225.1"",""GCF_036327715.1"",""GCF_037290055.1"",""GCF_037891785.1"",""GCF_037892375.1"",""GCF_038049945.1"",""GCF_039645515.1"",""GCF_039645575.1"",""GCF_039783225.1"",""GCF_039783785.1"",""GCF_039955095.1"",""GCF_041225485.1"",""GCF_041225605.1"",""GCF_041281755.1"",""GCF_041509385.1"",""GCF_041514285.1"",""GCF_041514295.1"",""GCF_041893975.1"",""GCF_042847315.1"",""GCF_042997415.1"",""GCF_045760565.1"",""GCF_045801155.1"",""GCF_045862825.1"",""GCF_046109915.1"",""GCF_047344935.1"",""GCF_050407965.1"",""GCF_050847345.1"",""GCF_051098045.1"",""GCF_052569745.1"",""GCF_052570115.1"",""GCF_052571685.1"",""GCF_054073565.1"",""GCF_054331775.1"",""GCF_054452875.2"",""GCF_054784775.1"",""GCF_054785075.1"",""GCF_055180435.1"",""GCF_055502585.1"",""GCF_055755075.1"",""GCF_056269605.1"",""GCF_056676095.1"",""GCF_057786735.1"",""GCF_058111805.1"",""GCF_059089415.1"",""GCF_900016205.1"",""GCF_900094835.1"",""GCF_900240275.1"",""GCF_900519455.1"",""GCF_900519475.1"",""GCF_900636965.1"",""GCF_903885985.1"",""GCF_903886345.1"",""GCF_903886475.1"",""GCF_903891025.1"",""GCF_903891205.1"",""GCF_947539375.1"",""GCF_963243495.1"",""GCF_963281025.1"",""GCF_964063315.1"",""GCF_965136965.1"",""GCF_965286035.1"",""GCF_965286295.1"",""GCF_965286585.1"",""GCF_982267005.1""]"	root/1/1/1/1/0/1/1	"[""root/1/1/1/1/0/1/1""]"	"[{""node"":""root/1/1/1/1/0/1/1"",""length_coalescent_units"":0.3970919974964311}]"	0.6621822596555126	0.20134304575460962	0.13647469458987782	3.310911298277563	1.006715228773048	0.6823734729493891	0.8040217530145076	0.10627469348424369	0.0897035535012486	573	5.0
3cd8bc2b5a5ef32e322b77cefff713ea0402edd4e8ccfa948972578e55e8acc6	"[""GCF_000025045.1"",""GCF_060305805.1"",""GCF_060307215.1""]"	"[""GCF_000009425.1"",""GCF_000010145.1"",""GCF_000011045.1"",""GCF_000014385.1"",""GCF_000014425.1"",""GCF_000014445.1"",""GCF_000014505.1"",""GCF_000014545.1"",""GCF_000015385.1"",""GCF_000016825.1"",""GCF_000023085.1"",""GCF_000026405.1"",""GCF_000092505.1"",""GCF_000148815.2"",""GCF_000155515.2"",""GCF_000160835.1"",""GCF_000203855.3"",""GCF_000237995.1"",""GCF_000241055.1"",""GCF_000269925.1"",""GCF_000269945.1"",""GCF_000298875.1"",""GCF_000468955.1"",""GCF_000691805.2"",""GCF_001434365.1"",""GCF_001434705.1"",""GCF_001435245.1"",""GCF_001436135.1"",""GCF_001436905.1"",""GCF_001437055.1"",""GCF_001437425.1"",""GCF_001438705.1"",""GCF_001536305.1"",""GCF_001618285.1"",""GCF_001702215.1"",""GCF_001702235.1"",""GCF_001752505.1"",""GCF_001752515.1"",""GCF_001752545.1"",""GCF_001761545.1"",""GCF_001767275.1"",""GCF_001888925.1"",""GCF_001891125.1"",""GCF_001932615.1"",""GCF_001998805.1"",""GCF_002174215.1"",""GCF_002950695.1"",""GCF_002970915.1"",""GCF_002970935.1"",""GCF_003150935.1"",""GCF_003151025.1"",""GCF_003173695.1"",""GCF_003176835.1"",""GCF_003264795.1"",""GCF_003584685.1"",""GCF_003641185.1"",""GCF_003722275.1"",""GCF_003999355.1"",""GCF_004354645.1"",""GCF_004377635.1"",""GCF_005405405.1"",""GCF_005405465.1"",""GCF_007954605.1"",""GCF_007954785.1"",""GCF_008107645.1"",""GCF_008831485.1"",""GCF_009184845.1"",""GCF_009856565.1"",""GCF_009913655.1"",""GCF_009913995.1"",""GCF_009914015.1"",""GCF_009914035.1"",""GCF_010092385.1"",""GCF_011058775.1"",""GCF_011304355.1"",""GCF_013113695.1"",""GCF_013407595.1"",""GCF_014131735.1"",""GCF_014145545.1"",""GCF_014145555.1"",""GCF_014145615.1"",""GCF_014397255.1"",""GCF_014656585.1"",""GCF_014789145.1"",""GCF_016127255.1"",""GCF_016127815.1"",""GCF_016647595.1"",""GCF_016919665.1"",""GCF_017068355.1"",""GCF_017894345.1"",""GCF_018394055.1"",""GCF_018502505.1"",""GCF_019448175.1"",""GCF_019469265.1"",""GCF_019576155.1"",""GCF_019797825.1"",""GCF_020510245.1"",""GCF_020784695.1"",""GCF_020844005.1"",""GCF_021378055.1"",""GCF_023169905.1"",""GCF_023499275.1"",""GCF_023920145.1"",""GCF_024334065.1"",""GCF_024397795.1"",""GCF_024718545.1"",""GCF_025311495.1"",""GCF_025490915.1"",""GCF_025739325.1"",""GCF_025948295.1"",""GCF_026222675.1"",""GCF_028607025.1"",""GCF_028621815.1"",""GCF_028736235.1"",""GCF_029025825.1"",""GCF_029726355.1"",""GCF_029854335.1"",""GCF_029866985.1"",""GCF_030480545.1"",""GCF_030770265.1"",""GCF_030770295.1"",""GCF_030770335.1"",""GCF_032762665.1"",""GCF_033142085.1"",""GCF_033570435.1"",""GCF_034703025.1"",""GCF_035985965.1"",""GCF_036246165.1"",""GCF_036246185.1"",""GCF_036246225.1"",""GCF_036327715.1"",""GCF_037290055.1"",""GCF_037891785.1"",""GCF_037892375.1"",""GCF_038049945.1"",""GCF_039645515.1"",""GCF_039645575.1"",""GCF_039783225.1"",""GCF_039783785.1"",""GCF_039955095.1"",""GCF_041225485.1"",""GCF_041225605.1"",""GCF_041281755.1"",""GCF_041509385.1"",""GCF_041514285.1"",""GCF_041514295.1"",""GCF_041893975.1"",""GCF_042847315.1"",""GCF_042997415.1"",""GCF_045760565.1"",""GCF_045801155.1"",""GCF_045862825.1"",""GCF_046109915.1"",""GCF_047344935.1"",""GCF_050407965.1"",""GCF_050847345.1"",""GCF_051098045.1"",""GCF_052569745.1"",""GCF_052570115.1"",""GCF_052571685.1"",""GCF_054073565.1"",""GCF_054331775.1"",""GCF_054452875.2"",""GCF_054784775.1"",""GCF_054785075.1"",""GCF_055180435.1"",""GCF_055502585.1"",""GCF_055755075.1"",""GCF_056269605.1"",""GCF_056676095.1"",""GCF_057786735.1"",""GCF_058111805.1"",""GCF_059089415.1"",""GCF_900016205.1"",""GCF_900094835.1"",""GCF_900240275.1"",""GCF_900519455.1"",""GCF_900519475.1"",""GCF_900636965.1"",""GCF_903885985.1"",""GCF_903886345.1"",""GCF_903886475.1"",""GCF_903891025.1"",""GCF_903891205.1"",""GCF_947539375.1"",""GCF_963243495.1"",""GCF_963281025.1"",""GCF_964063315.1"",""GCF_965136965.1"",""GCF_965286035.1"",""GCF_965286295.1"",""GCF_965286585.1"",""GCF_982267005.1""]"	root/1/1/1/1/0/1/1/1	"[""root/1/1/1/1/0/1/1/1""]"	"[{""node"":""root/1/1/1/1/0/1/1/1"",""length_coalescent_units"":0.6745984303658233}]"	0.7925112612612613	0.196875	0.01061373873873874	3.9625563063063063	0.984375	0.0530686936936937	0.9277065833898508	0.04397244748374233	0.028320969126406716	384	5.0
6247f8a94851e4c4c0e16ce1ed566f349a72c127de4713285b5fe757dbafc888	"[""GCF_000026405.1"",""GCF_000092505.1"",""GCF_000298875.1"",""GCF_001536305.1"",""GCF_001998805.1"",""GCF_007954605.1"",""GCF_007954785.1"",""GCF_016127255.1"",""GCF_045801155.1"",""GCF_900016205.1"",""GCF_964063315.1"",""GCF_965286035.1"",""GCF_982267005.1""]"	"[""GCF_000009425.1"",""GCF_000010145.1"",""GCF_000011045.1"",""GCF_000014385.1"",""GCF_000014425.1"",""GCF_000014445.1"",""GCF_000014505.1"",""GCF_000014545.1"",""GCF_000015385.1"",""GCF_000016825.1"",""GCF_000023085.1"",""GCF_000025045.1"",""GCF_000148815.2"",""GCF_000155515.2"",""GCF_000160835.1"",""GCF_000203855.3"",""GCF_000237995.1"",""GCF_000241055.1"",""GCF_000269925.1"",""GCF_000269945.1"",""GCF_000468955.1"",""GCF_000691805.2"",""GCF_001434365.1"",""GCF_001434705.1"",""GCF_001435245.1"",""GCF_001436135.1"",""GCF_001436905.1"",""GCF_001437055.1"",""GCF_001437425.1"",""GCF_001438705.1"",""GCF_001618285.1"",""GCF_001702215.1"",""GCF_001702235.1"",""GCF_001752505.1"",""GCF_001752515.1"",""GCF_001752545.1"",""GCF_001761545.1"",""GCF_001767275.1"",""GCF_001888925.1"",""GCF_001891125.1"",""GCF_001932615.1"",""GCF_002174215.1"",""GCF_002950695.1"",""GCF_002970915.1"",""GCF_002970935.1"",""GCF_003150935.1"",""GCF_003151025.1"",""GCF_003173695.1"",""GCF_003176835.1"",""GCF_003264795.1"",""GCF_003584685.1"",""GCF_003641185.1"",""GCF_003722275.1"",""GCF_003999355.1"",""GCF_004354645.1"",""GCF_004377635.1"",""GCF_005405405.1"",""GCF_005405465.1"",""GCF_008107645.1"",""GCF_008831485.1"",""GCF_009184845.1"",""GCF_009856565.1"",""GCF_009913655.1"",""GCF_009913995.1"",""GCF_009914015.1"",""GCF_009914035.1"",""GCF_010092385.1"",""GCF_011058775.1"",""GCF_011304355.1"",""GCF_013113695.1"",""GCF_013407595.1"",""GCF_014131735.1"",""GCF_014145545.1"",""GCF_014145555.1"",""GCF_014145615.1"",""GCF_014397255.1"",""GCF_014656585.1"",""GCF_014789145.1"",""GCF_016127815.1"",""GCF_016647595.1"",""GCF_016919665.1"",""GCF_017068355.1"",""GCF_017894345.1"",""GCF_018394055.1"",""GCF_018502505.1"",""GCF_019448175.1"",""GCF_019469265.1"",""GCF_019576155.1"",""GCF_019797825.1"",""GCF_020510245.1"",""GCF_020784695.1"",""GCF_020844005.1"",""GCF_021378055.1"",""GCF_023169905.1"",""GCF_023499275.1"",""GCF_023920145.1"",""GCF_024334065.1"",""GCF_024397795.1"",""GCF_024718545.1"",""GCF_025311495.1"",""GCF_025490915.1"",""GCF_025739325.1"",""GCF_025948295.1"",""GCF_026222675.1"",""GCF_028607025.1"",""GCF_028621815.1"",""GCF_028736235.1"",""GCF_029025825.1"",""GCF_029726355.1"",""GCF_029854335.1"",""GCF_029866985.1"",""GCF_030480545.1"",""GCF_030770265.1"",""GCF_030770295.1"",""GCF_030770335.1"",""GCF_032762665.1"",""GCF_033142085.1"",""GCF_033570435.1"",""GCF_034703025.1"",""GCF_035985965.1"",""GCF_036246165.1"",""GCF_036246185.1"",""GCF_036246225.1"",""GCF_036327715.1"",""GCF_037290055.1"",""GCF_037891785.1"",""GCF_037892375.1"",""GCF_038049945.1"",""GCF_039645515.1"",""GCF_039645575.1"",""GCF_039783225.1"",""GCF_039783785.1"",""GCF_039955095.1"",""GCF_041225485.1"",""GCF_041225605.1"",""GCF_041281755.1"",""GCF_041509385.1"",""GCF_041514285.1"",""GCF_041514295.1"",""GCF_041893975.1"",""GCF_042847315.1"",""GCF_042997415.1"",""GCF_045760565.1"",""GCF_045862825.1"",""GCF_046109915.1"",""GCF_047344935.1"",""GCF_050407965.1"",""GCF_050847345.1"",""GCF_051098045.1"",""GCF_052569745.1"",""GCF_052570115.1"",""GCF_052571685.1"",""GCF_054073565.1"",""GCF_054331775.1"",""GCF_054452875.2"",""GCF_054784775.1"",""GCF_054785075.1"",""GCF_055180435.1"",""GCF_055502585.1"",""GCF_055755075.1"",""GCF_056269605.1"",""GCF_056676095.1"",""GCF_057786735.1"",""GCF_058111805.1"",""GCF_059089415.1"",""GCF_060305805.1"",""GCF_060307215.1"",""GCF_900094835.1"",""GCF_900240275.1"",""GCF_900519455.1"",""GCF_900519475.1"",""GCF_900636965.1"",""GCF_903885985.1"",""GCF_903886345.1"",""GCF_903886475.1"",""GCF_903891025.1"",""GCF_903891205.1"",""GCF_947539375.1"",""GCF_963243495.1"",""GCF_963281025.1"",""GCF_965136965.1"",""GCF_965286295.1"",""GCF_965286585.1""]"	root/1/1/1/1/1/1/1/0/0/1/1/1/1	"[""root/1/1/1/1/1/1/1/0/0/1/1/1/1""]"	"[{""node"":""root/1/1/1/1/1/1/1/0/0/1/1/1/1"",""length_coalescent_units"":0.28581116451596933}]"	0.598876404494382	0.19887005649717515	0.20225353900844284	2.99438202247191	0.9943502824858758	1.0112676950422141	0.7176376521811035	0.14052332049232835	0.14183902732656806	26700	5.0
3bf71e013f12f1cf28b02b417cb5a277525bfccca7564c9747bed216c8de5b2d	"[""GCF_000026405.1"",""GCF_000092505.1"",""GCF_000298875.1"",""GCF_001536305.1"",""GCF_001998805.1"",""GCF_007954605.1"",""GCF_007954785.1"",""GCF_900016205.1"",""GCF_964063315.1"",""GCF_982267005.1""]"	"[""GCF_000009425.1"",""GCF_000010145.1"",""GCF_000011045.1"",""GCF_000014385.1"",""GCF_000014425.1"",""GCF_000014445.1"",""GCF_000014505.1"",""GCF_000014545.1"",""GCF_000015385.1"",""GCF_000016825.1"",""GCF_000023085.1"",""GCF_000025045.1"",""GCF_000148815.2"",""GCF_000155515.2"",""GCF_000160835.1"",""GCF_000203855.3"",""GCF_000237995.1"",""GCF_000241055.1"",""GCF_000269925.1"",""GCF_000269945.1"",""GCF_000468955.1"",""GCF_000691805.2"",""GCF_001434365.1"",""GCF_001434705.1"",""GCF_001435245.1"",""GCF_001436135.1"",""GCF_001436905.1"",""GCF_001437055.1"",""GCF_001437425.1"",""GCF_001438705.1"",""GCF_001618285.1"",""GCF_001702215.1"",""GCF_001702235.1"",""GCF_001752505.1"",""GCF_001752515.1"",""GCF_001752545.1"",""GCF_001761545.1"",""GCF_001767275.1"",""GCF_001888925.1"",""GCF_001891125.1"",""GCF_001932615.1"",""GCF_002174215.1"",""GCF_002950695.1"",""GCF_002970915.1"",""GCF_002970935.1"",""GCF_003150935.1"",""GCF_003151025.1"",""GCF_003173695.1"",""GCF_003176835.1"",""GCF_003264795.1"",""GCF_003584685.1"",""GCF_003641185.1"",""GCF_003722275.1"",""GCF_003999355.1"",""GCF_004354645.1"",""GCF_004377635.1"",""GCF_005405405.1"",""GCF_005405465.1"",""GCF_008107645.1"",""GCF_008831485.1"",""GCF_009184845.1"",""GCF_009856565.1"",""GCF_009913655.1"",""GCF_009913995.1"",""GCF_009914015.1"",""GCF_009914035.1"",""GCF_010092385.1"",""GCF_011058775.1"",""GCF_011304355.1"",""GCF_013113695.1"",""GCF_013407595.1"",""GCF_014131735.1"",""GCF_014145545.1"",""GCF_014145555.1"",""GCF_014145615.1"",""GCF_014397255.1"",""GCF_014656585.1"",""GCF_014789145.1"",""GCF_016127255.1"",""GCF_016127815.1"",""GCF_016647595.1"",""GCF_016919665.1"",""GCF_017068355.1"",""GCF_017894345.1"",""GCF_018394055.1"",""GCF_018502505.1"",""GCF_019448175.1"",""GCF_019469265.1"",""GCF_019576155.1"",""GCF_019797825.1"",""GCF_020510245.1"",""GCF_020784695.1"",""GCF_020844005.1"",""GCF_021378055.1"",""GCF_023169905.1"",""GCF_023499275.1"",""GCF_023920145.1"",""GCF_024334065.1"",""GCF_024397795.1"",""GCF_024718545.1"",""GCF_025311495.1"",""GCF_025490915.1"",""GCF_025739325.1"",""GCF_025948295.1"",""GCF_026222675.1"",""GCF_028607025.1"",""GCF_028621815.1"",""GCF_028736235.1"",""GCF_029025825.1"",""GCF_029726355.1"",""GCF_029854335.1"",""GCF_029866985.1"",""GCF_030480545.1"",""GCF_030770265.1"",""GCF_030770295.1"",""GCF_030770335.1"",""GCF_032762665.1"",""GCF_033142085.1"",""GCF_033570435.1"",""GCF_034703025.1"",""GCF_035985965.1"",""GCF_036246165.1"",""GCF_036246185.1"",""GCF_036246225.1"",""GCF_036327715.1"",""GCF_037290055.1"",""GCF_037891785.1"",""GCF_037892375.1"",""GCF_038049945.1"",""GCF_039645515.1"",""GCF_039645575.1"",""GCF_039783225.1"",""GCF_039783785.1"",""GCF_039955095.1"",""GCF_041225485.1"",""GCF_041225605.1"",""GCF_041281755.1"",""GCF_041509385.1"",""GCF_041514285.1"",""GCF_041514295.1"",""GCF_041893975.1"",""GCF_042847315.1"",""GCF_042997415.1"",""GCF_045760565.1"",""GCF_045801155.1"",""GCF_045862825.1"",""GCF_046109915.1"",""GCF_047344935.1"",""GCF_050407965.1"",""GCF_050847345.1"",""GCF_051098045.1"",""GCF_052569745.1"",""GCF_052570115.1"",""GCF_052571685.1"",""GCF_054073565.1"",""GCF_054331775.1"",""GCF_054452875.2"",""GCF_054784775.1"",""GCF_054785075.1"",""GCF_055180435.1"",""GCF_055502585.1"",""GCF_055755075.1"",""GCF_056269605.1"",""GCF_056676095.1"",""GCF_057786735.1"",""GCF_058111805.1"",""GCF_059089415.1"",""GCF_060305805.1"",""GCF_060307215.1"",""GCF_900094835.1"",""GCF_900240275.1"",""GCF_900519455.1"",""GCF_900519475.1"",""GCF_900636965.1"",""GCF_903885985.1"",""GCF_903886345.1"",""GCF_903886475.1"",""GCF_903891025.1"",""GCF_903891205.1"",""GCF_947539375.1"",""GCF_963243495.1"",""GCF_963281025.1"",""GCF_965136965.1"",""GCF_965286035.1"",""GCF_965286295.1"",""GCF_965286585.1""]"	root/1/1/1/1/1/1/1/0/0/1/1/1/1/1	"[""root/1/1/1/1/1/1/1/0/0/1/1/1/1/1""]"	"[{""node"":""root/1/1/1/1/1/1/1/0/0/1/1/1/1/1"",""length_coalescent_units"":0.5245809988344763}]"	0.7568306010928962	0.1621129326047359	0.08105646630236794	3.027322404371585	0.6484517304189436	0.3242258652094718	0.8546634357807016	0.07916506381567504	0.06617150040362337	4941	4.0
65b871104a2875f8b6047ab1b86c12f0f38f885672169615f83b1ef4762bce93	"[""GCF_000026405.1"",""GCF_000092505.1"",""GCF_000298875.1"",""GCF_001536305.1"",""GCF_001998805.1"",""GCF_007954605.1"",""GCF_007954785.1"",""GCF_900016205.1"",""GCF_982267005.1""]"	"[""GCF_000009425.1"",""GCF_000010145.1"",""GCF_000011045.1"",""GCF_000014385.1"",""GCF_000014425.1"",""GCF_000014445.1"",""GCF_000014505.1"",""GCF_000014545.1"",""GCF_000015385.1"",""GCF_000016825.1"",""GCF_000023085.1"",""GCF_000025045.1"",""GCF_000148815.2"",""GCF_000155515.2"",""GCF_000160835.1"",""GCF_000203855.3"",""GCF_000237995.1"",""GCF_000241055.1"",""GCF_000269925.1"",""GCF_000269945.1"",""GCF_000468955.1"",""GCF_000691805.2"",""GCF_001434365.1"",""GCF_001434705.1"",""GCF_001435245.1"",""GCF_001436135.1"",""GCF_001436905.1"",""GCF_001437055.1"",""GCF_001437425.1"",""GCF_001438705.1"",""GCF_001618285.1"",""GCF_001702215.1"",""GCF_001702235.1"",""GCF_001752505.1"",""GCF_001752515.1"",""GCF_001752545.1"",""GCF_001761545.1"",""GCF_001767275.1"",""GCF_001888925.1"",""GCF_001891125.1"",""GCF_001932615.1"",""GCF_002174215.1"",""GCF_002950695.1"",""GCF_002970915.1"",""GCF_002970935.1"",""GCF_003150935.1"",""GCF_003151025.1"",""GCF_003173695.1"",""GCF_003176835.1"",""GCF_003264795.1"",""GCF_003584685.1"",""GCF_003641185.1"",""GCF_003722275.1"",""GCF_003999355.1"",""GCF_004354645.1"",""GCF_004377635.1"",""GCF_005405405.1"",""GCF_005405465.1"",""GCF_008107645.1"",""GCF_008831485.1"",""GCF_009184845.1"",""GCF_009856565.1"",""GCF_009913655.1"",""GCF_009913995.1"",""GCF_009914015.1"",""GCF_009914035.1"",""GCF_010092385.1"",""GCF_011058775.1"",""GCF_011304355.1"",""GCF_013113695.1"",""GCF_013407595.1"",""GCF_014131735.1"",""GCF_014145545.1"",""GCF_014145555.1"",""GCF_014145615.1"",""GCF_014397255.1"",""GCF_014656585.1"",""GCF_014789145.1"",""GCF_016127255.1"",""GCF_016127815.1"",""GCF_016647595.1"",""GCF_016919665.1"",""GCF_017068355.1"",""GCF_017894345.1"",""GCF_018394055.1"",""GCF_018502505.1"",""GCF_019448175.1"",""GCF_019469265.1"",""GCF_019576155.1"",""GCF_019797825.1"",""GCF_020510245.1"",""GCF_020784695.1"",""GCF_020844005.1"",""GCF_021378055.1"",""GCF_023169905.1"",""GCF_023499275.1"",""GCF_023920145.1"",""GCF_024334065.1"",""GCF_024397795.1"",""GCF_024718545.1"",""GCF_025311495.1"",""GCF_025490915.1"",""GCF_025739325.1"",""GCF_025948295.1"",""GCF_026222675.1"",""GCF_028607025.1"",""GCF_028621815.1"",""GCF_028736235.1"",""GCF_029025825.1"",""GCF_029726355.1"",""GCF_029854335.1"",""GCF_029866985.1"",""GCF_030480545.1"",""GCF_030770265.1"",""GCF_030770295.1"",""GCF_030770335.1"",""GCF_032762665.1"",""GCF_033142085.1"",""GCF_033570435.1"",""GCF_034703025.1"",""GCF_035985965.1"",""GCF_036246165.1"",""GCF_036246185.1"",""GCF_036246225.1"",""GCF_036327715.1"",""GCF_037290055.1"",""GCF_037891785.1"",""GCF_037892375.1"",""GCF_038049945.1"",""GCF_039645515.1"",""GCF_039645575.1"",""GCF_039783225.1"",""GCF_039783785.1"",""GCF_039955095.1"",""GCF_041225485.1"",""GCF_041225605.1"",""GCF_041281755.1"",""GCF_041509385.1"",""GCF_041514285.1"",""GCF_041514295.1"",""GCF_041893975.1"",""GCF_042847315.1"",""GCF_042997415.1"",""GCF_045760565.1"",""GCF_045801155.1"",""GCF_045862825.1"",""GCF_046109915.1"",""GCF_047344935.1"",""GCF_050407965.1"",""GCF_050847345.1"",""GCF_051098045.1"",""GCF_052569745.1"",""GCF_052570115.1"",""GCF_052571685.1"",""GCF_054073565.1"",""GCF_054331775.1"",""GCF_054452875.2"",""GCF_054784775.1"",""GCF_054785075.1"",""GCF_055180435.1"",""GCF_055502585.1"",""GCF_055755075.1"",""GCF_056269605.1"",""GCF_056676095.1"",""GCF_057786735.1"",""GCF_058111805.1"",""GCF_059089415.1"",""GCF_060305805.1"",""GCF_060307215.1"",""GCF_900094835.1"",""GCF_900240275.1"",""GCF_900519455.1"",""GCF_900519475.1"",""GCF_900636965.1"",""GCF_903885985.1"",""GCF_903886345.1"",""GCF_903886475.1"",""GCF_903891025.1"",""GCF_903891205.1"",""GCF_947539375.1"",""GCF_963243495.1"",""GCF_963281025.1"",""GCF_964063315.1"",""GCF_965136965.1"",""GCF_965286035.1"",""GCF_965286295.1"",""GCF_965286585.1""]"	root/1/1/1/1/1/1/1/0/0/1/1/1/1/1/1	"[""root/1/1/1/1/1/1/1/0/0/1/1/1/1/1/1""]"	"[{""node"":""root/1/1/1/1/1/1/1/0/0/1/1/1/1/1/1"",""length_coalescent_units"":0.0}]"	0.41666666666666663	0.2809139784946237	0.30241935483870963	1.6666666666666665	1.1236559139784947	1.2096774193548385	0.42618241202000556	0.27809138389241844	0.295726204087576	3348	4.0
fa87f4ffd36195948184f028de151d60677df97fc075f19a36944947afd84cf0	"[""GCF_000026405.1"",""GCF_000092505.1"",""GCF_000298875.1"",""GCF_001536305.1"",""GCF_007954785.1"",""GCF_900016205.1""]"	"[""GCF_000009425.1"",""GCF_000010145.1"",""GCF_000011045.1"",""GCF_000014385.1"",""GCF_000014425.1"",""GCF_000014445.1"",""GCF_000014505.1"",""GCF_000014545.1"",""GCF_000015385.1"",""GCF_000016825.1"",""GCF_000023085.1"",""GCF_000025045.1"",""GCF_000148815.2"",""GCF_000155515.2"",""GCF_000160835.1"",""GCF_000203855.3"",""GCF_000237995.1"",""GCF_000241055.1"",""GCF_000269925.1"",""GCF_000269945.1"",""GCF_000468955.1"",""GCF_000691805.2"",""GCF_001434365.1"",""GCF_001434705.1"",""GCF_001435245.1"",""GCF_001436135.1"",""GCF_001436905.1"",""GCF_001437055.1"",""GCF_001437425.1"",""GCF_001438705.1"",""GCF_001618285.1"",""GCF_001702215.1"",""GCF_001702235.1"",""GCF_001752505.1"",""GCF_001752515.1"",""GCF_001752545.1"",""GCF_001761545.1"",""GCF_001767275.1"",""GCF_001888925.1"",""GCF_001891125.1"",""GCF_001932615.1"",""GCF_001998805.1"",""GCF_002174215.1"",""GCF_002950695.1"",""GCF_002970915.1"",""GCF_002970935.1"",""GCF_003150935.1"",""GCF_003151025.1"",""GCF_003173695.1"",""GCF_003176835.1"",""GCF_003264795.1"",""GCF_003584685.1"",""GCF_003641185.1"",""GCF_003722275.1"",""GCF_003999355.1"",""GCF_004354645.1"",""GCF_004377635.1"",""GCF_005405405.1"",""GCF_005405465.1"",""GCF_007954605.1"",""GCF_008107645.1"",""GCF_008831485.1"",""GCF_009184845.1"",""GCF_009856565.1"",""GCF_009913655.1"",""GCF_009913995.1"",""GCF_009914015.1"",""GCF_009914035.1"",""GCF_010092385.1"",""GCF_011058775.1"",""GCF_011304355.1"",""GCF_013113695.1"",""GCF_013407595.1"",""GCF_014131735.1"",""GCF_014145545.1"",""GCF_014145555.1"",""GCF_014145615.1"",""GCF_014397255.1"",""GCF_014656585.1"",""GCF_014789145.1"",""GCF_016127255.1"",""GCF_016127815.1"",""GCF_016647595.1"",""GCF_016919665.1"",""GCF_017068355.1"",""GCF_017894345.1"",""GCF_018394055.1"",""GCF_018502505.1"",""GCF_019448175.1"",""GCF_019469265.1"",""GCF_019576155.1"",""GCF_019797825.1"",""GCF_020510245.1"",""GCF_020784695.1"",""GCF_020844005.1"",""GCF_021378055.1"",""GCF_023169905.1"",""GCF_023499275.1"",""GCF_023920145.1"",""GCF_024334065.1"",""GCF_024397795.1"",""GCF_024718545.1"",""GCF_025311495.1"",""GCF_025490915.1"",""GCF_025739325.1"",""GCF_025948295.1"",""GCF_026222675.1"",""GCF_028607025.1"",""GCF_028621815.1"",""GCF_028736235.1"",""GCF_029025825.1"",""GCF_029726355.1"",""GCF_029854335.1"",""GCF_029866985.1"",""GCF_030480545.1"",""GCF_030770265.1"",""GCF_030770295.1"",""GCF_030770335.1"",""GCF_032762665.1"",""GCF_033142085.1"",""GCF_033570435.1"",""GCF_034703025.1"",""GCF_035985965.1"",""GCF_036246165.1"",""GCF_036246185.1"",""GCF_036246225.1"",""GCF_036327715.1"",""GCF_037290055.1"",""GCF_037891785.1"",""GCF_037892375.1"",""GCF_038049945.1"",""GCF_039645515.1"",""GCF_039645575.1"",""GCF_039783225.1"",""GCF_039783785.1"",""GCF_039955095.1"",""GCF_041225485.1"",""GCF_041225605.1"",""GCF_041281755.1"",""GCF_041509385.1"",""GCF_041514285.1"",""GCF_041514295.1"",""GCF_041893975.1"",""GCF_042847315.1"",""GCF_042997415.1"",""GCF_045760565.1"",""GCF_045801155.1"",""GCF_045862825.1"",""GCF_046109915.1"",""GCF_047344935.1"",""GCF_050407965.1"",""GCF_050847345.1"",""GCF_051098045.1"",""GCF_052569745.1"",""GCF_052570115.1"",""GCF_052571685.1"",""GCF_054073565.1"",""GCF_054331775.1"",""GCF_054452875.2"",""GCF_054784775.1"",""GCF_054785075.1"",""GCF_055180435.1"",""GCF_055502585.1"",""GCF_055755075.1"",""GCF_056269605.1"",""GCF_056676095.1"",""GCF_057786735.1"",""GCF_058111805.1"",""GCF_059089415.1"",""GCF_060305805.1"",""GCF_060307215.1"",""GCF_900094835.1"",""GCF_900240275.1"",""GCF_900519455.1"",""GCF_900519475.1"",""GCF_900636965.1"",""GCF_903885985.1"",""GCF_903886345.1"",""GCF_903886475.1"",""GCF_903891025.1"",""GCF_903891205.1"",""GCF_947539375.1"",""GCF_963243495.1"",""GCF_963281025.1"",""GCF_964063315.1"",""GCF_965136965.1"",""GCF_965286035.1"",""GCF_965286295.1"",""GCF_965286585.1"",""GCF_982267005.1""]"	root/1/1/1/1/1/1/1/0/0/1/1/1/1/1/1/1	"[""root/1/1/1/1/1/1/1/0/0/1/1/1/1/1/1/1""]"	"[{""node"":""root/1/1/1/1/1/1/1/0/0/1/1/1/1/1/1/1"",""length_coalescent_units"":0.20763936477824438}]"	0.55	0.05	0.4	2.75	0.25	2.0	0.5951867384838444	0.10671484495787055	0.29809841655828506	4488	5.0
cceb7c66d8bb27518ddb4aee9dadbc98003f2e1f952d1b4c35d4c8d6a845f6cc	"[""GCF_000026405.1"",""GCF_007954785.1""]"	"[""GCF_000009425.1"",""GCF_000010145.1"",""GCF_000011045.1"",""GCF_000014385.1"",""GCF_000014425.1"",""GCF_000014445.1"",""GCF_000014505.1"",""GCF_000014545.1"",""GCF_000015385.1"",""GCF_000016825.1"",""GCF_000023085.1"",""GCF_000025045.1"",""GCF_000092505.1"",""GCF_000148815.2"",""GCF_000155515.2"",""GCF_000160835.1"",""GCF_000203855.3"",""GCF_000237995.1"",""GCF_000241055.1"",""GCF_000269925.1"",""GCF_000269945.1"",""GCF_000298875.1"",""GCF_000468955.1"",""GCF_000691805.2"",""GCF_001434365.1"",""GCF_001434705.1"",""GCF_001435245.1"",""GCF_001436135.1"",""GCF_001436905.1"",""GCF_001437055.1"",""GCF_001437425.1"",""GCF_001438705.1"",""GCF_001536305.1"",""GCF_001618285.1"",""GCF_001702215.1"",""GCF_001702235.1"",""GCF_001752505.1"",""GCF_001752515.1"",""GCF_001752545.1"",""GCF_001761545.1"",""GCF_001767275.1"",""GCF_001888925.1"",""GCF_001891125.1"",""GCF_001932615.1"",""GCF_001998805.1"",""GCF_002174215.1"",""GCF_002950695.1"",""GCF_002970915.1"",""GCF_002970935.1"",""GCF_003150935.1"",""GCF_003151025.1"",""GCF_003173695.1"",""GCF_003176835.1"",""GCF_003264795.1"",""GCF_003584685.1"",""GCF_003641185.1"",""GCF_003722275.1"",""GCF_003999355.1"",""GCF_004354645.1"",""GCF_004377635.1"",""GCF_005405405.1"",""GCF_005405465.1"",""GCF_007954605.1"",""GCF_008107645.1"",""GCF_008831485.1"",""GCF_009184845.1"",""GCF_009856565.1"",""GCF_009913655.1"",""GCF_009913995.1"",""GCF_009914015.1"",""GCF_009914035.1"",""GCF_010092385.1"",""GCF_011058775.1"",""GCF_011304355.1"",""GCF_013113695.1"",""GCF_013407595.1"",""GCF_014131735.1"",""GCF_014145545.1"",""GCF_014145555.1"",""GCF_014145615.1"",""GCF_014397255.1"",""GCF_014656585.1"",""GCF_014789145.1"",""GCF_016127255.1"",""GCF_016127815.1"",""GCF_016647595.1"",""GCF_016919665.1"",""GCF_017068355.1"",""GCF_017894345.1"",""GCF_018394055.1"",""GCF_018502505.1"",""GCF_019448175.1"",""GCF_019469265.1"",""GCF_019576155.1"",""GCF_019797825.1"",""GCF_020510245.1"",""GCF_020784695.1"",""GCF_020844005.1"",""GCF_021378055.1"",""GCF_023169905.1"",""GCF_023499275.1"",""GCF_023920145.1"",""GCF_024334065.1"",""GCF_024397795.1"",""GCF_024718545.1"",""GCF_025311495.1"",""GCF_025490915.1"",""GCF_025739325.1"",""GCF_025948295.1"",""GCF_026222675.1"",""GCF_028607025.1"",""GCF_028621815.1"",""GCF_028736235.1"",""GCF_029025825.1"",""GCF_029726355.1"",""GCF_029854335.1"",""GCF_029866985.1"",""GCF_030480545.1"",""GCF_030770265.1"",""GCF_030770295.1"",""GCF_030770335.1"",""GCF_032762665.1"",""GCF_033142085.1"",""GCF_033570435.1"",""GCF_034703025.1"",""GCF_035985965.1"",""GCF_036246165.1"",""GCF_036246185.1"",""GCF_036246225.1"",""GCF_036327715.1"",""GCF_037290055.1"",""GCF_037891785.1"",""GCF_037892375.1"",""GCF_038049945.1"",""GCF_039645515.1"",""GCF_039645575.1"",""GCF_039783225.1"",""GCF_039783785.1"",""GCF_039955095.1"",""GCF_041225485.1"",""GCF_041225605.1"",""GCF_041281755.1"",""GCF_041509385.1"",""GCF_041514285.1"",""GCF_041514295.1"",""GCF_041893975.1"",""GCF_042847315.1"",""GCF_042997415.1"",""GCF_045760565.1"",""GCF_045801155.1"",""GCF_045862825.1"",""GCF_046109915.1"",""GCF_047344935.1"",""GCF_050407965.1"",""GCF_050847345.1"",""GCF_051098045.1"",""GCF_052569745.1"",""GCF_052570115.1"",""GCF_052571685.1"",""GCF_054073565.1"",""GCF_054331775.1"",""GCF_054452875.2"",""GCF_054784775.1"",""GCF_054785075.1"",""GCF_055180435.1"",""GCF_055502585.1"",""GCF_055755075.1"",""GCF_056269605.1"",""GCF_056676095.1"",""GCF_057786735.1"",""GCF_058111805.1"",""GCF_059089415.1"",""GCF_060305805.1"",""GCF_060307215.1"",""GCF_900016205.1"",""GCF_900094835.1"",""GCF_900240275.1"",""GCF_900519455.1"",""GCF_900519475.1"",""GCF_900636965.1"",""GCF_903885985.1"",""GCF_903886345.1"",""GCF_903886475.1"",""GCF_903891025.1"",""GCF_903891205.1"",""GCF_947539375.1"",""GCF_963243495.1"",""GCF_963281025.1"",""GCF_964063315.1"",""GCF_965136965.1"",""GCF_965286035.1"",""GCF_965286295.1"",""GCF_965286585.1"",""GCF_982267005.1""]"	root/1/1/1/1/1/1/1/0/0/1/1/1/1/1/1/1/0	"[""root/1/1/1/1/1/1/1/0/0/1/1/1/1/1/1/1/0""]"	"[{""node"":""root/1/1/1/1/1/1/1/0/0/1/1/1/1/1/1/1/0"",""length_coalescent_units"":1.3862943611198908}]"	1.0	0.0	0.0	5.0	0.0	0.0	0.9945355191256833	0.002732240437158474	0.002732240437158474	760	5.0
6935edfae5c9fad59ec72b103bc21127b2c38d85ddc7a71a62cd20d0b10b4088	"[""GCF_000092505.1"",""GCF_000298875.1"",""GCF_001536305.1"",""GCF_900016205.1""]"	"[""GCF_000009425.1"",""GCF_000010145.1"",""GCF_000011045.1"",""GCF_000014385.1"",""GCF_000014425.1"",""GCF_000014445.1"",""GCF_000014505.1"",""GCF_000014545.1"",""GCF_000015385.1"",""GCF_000016825.1"",""GCF_000023085.1"",""GCF_000025045.1"",""GCF_000026405.1"",""GCF_000148815.2"",""GCF_000155515.2"",""GCF_000160835.1"",""GCF_000203855.3"",""GCF_000237995.1"",""GCF_000241055.1"",""GCF_000269925.1"",""GCF_000269945.1"",""GCF_000468955.1"",""GCF_000691805.2"",""GCF_001434365.1"",""GCF_001434705.1"",""GCF_001435245.1"",""GCF_001436135.1"",""GCF_001436905.1"",""GCF_001437055.1"",""GCF_001437425.1"",""GCF_001438705.1"",""GCF_001618285.1"",""GCF_001702215.1"",""GCF_001702235.1"",""GCF_001752505.1"",""GCF_001752515.1"",""GCF_001752545.1"",""GCF_001761545.1"",""GCF_001767275.1"",""GCF_001888925.1"",""GCF_001891125.1"",""GCF_001932615.1"",""GCF_001998805.1"",""GCF_002174215.1"",""GCF_002950695.1"",""GCF_002970915.1"",""GCF_002970935.1"",""GCF_003150935.1"",""GCF_003151025.1"",""GCF_003173695.1"",""GCF_003176835.1"",""GCF_003264795.1"",""GCF_003584685.1"",""GCF_003641185.1"",""GCF_003722275.1"",""GCF_003999355.1"",""GCF_004354645.1"",""GCF_004377635.1"",""GCF_005405405.1"",""GCF_005405465.1"",""GCF_007954605.1"",""GCF_007954785.1"",""GCF_008107645.1"",""GCF_008831485.1"",""GCF_009184845.1"",""GCF_009856565.1"",""GCF_009913655.1"",""GCF_009913995.1"",""GCF_009914015.1"",""GCF_009914035.1"",""GCF_010092385.1"",""GCF_011058775.1"",""GCF_011304355.1"",""GCF_013113695.1"",""GCF_013407595.1"",""GCF_014131735.1"",""GCF_014145545.1"",""GCF_014145555.1"",""GCF_014145615.1"",""GCF_014397255.1"",""GCF_014656585.1"",""GCF_014789145.1"",""GCF_016127255.1"",""GCF_016127815.1"",""GCF_016647595.1"",""GCF_016919665.1"",""GCF_017068355.1"",""GCF_017894345.1"",""GCF_018394055.1"",""GCF_018502505.1"",""GCF_019448175.1"",""GCF_019469265.1"",""GCF_019576155.1"",""GCF_019797825.1"",""GCF_020510245.1"",""GCF_020784695.1"",""GCF_020844005.1"",""GCF_021378055.1"",""GCF_023169905.1"",""GCF_023499275.1"",""GCF_023920145.1"",""GCF_024334065.1"",""GCF_024397795.1"",""GCF_024718545.1"",""GCF_025311495.1"",""GCF_025490915.1"",""GCF_025739325.1"",""GCF_025948295.1"",""GCF_026222675.1"",""GCF_028607025.1"",""GCF_028621815.1"",""GCF_028736235.1"",""GCF_029025825.1"",""GCF_029726355.1"",""GCF_029854335.1"",""GCF_029866985.1"",""GCF_030480545.1"",""GCF_030770265.1"",""GCF_030770295.1"",""GCF_030770335.1"",""GCF_032762665.1"",""GCF_033142085.1"",""GCF_033570435.1"",""GCF_034703025.1"",""GCF_035985965.1"",""GCF_036246165.1"",""GCF_036246185.1"",""GCF_036246225.1"",""GCF_036327715.1"",""GCF_037290055.1"",""GCF_037891785.1"",""GCF_037892375.1"",""GCF_038049945.1"",""GCF_039645515.1"",""GCF_039645575.1"",""GCF_039783225.1"",""GCF_039783785.1"",""GCF_039955095.1"",""GCF_041225485.1"",""GCF_041225605.1"",""GCF_041281755.1"",""GCF_041509385.1"",""GCF_041514285.1"",""GCF_041514295.1"",""GCF_041893975.1"",""GCF_042847315.1"",""GCF_042997415.1"",""GCF_045760565.1"",""GCF_045801155.1"",""GCF_045862825.1"",""GCF_046109915.1"",""GCF_047344935.1"",""GCF_050407965.1"",""GCF_050847345.1"",""GCF_051098045.1"",""GCF_052569745.1"",""GCF_052570115.1"",""GCF_052571685.1"",""GCF_054073565.1"",""GCF_054331775.1"",""GCF_054452875.2"",""GCF_054784775.1"",""GCF_054785075.1"",""GCF_055180435.1"",""GCF_055502585.1"",""GCF_055755075.1"",""GCF_056269605.1"",""GCF_056676095.1"",""GCF_057786735.1"",""GCF_058111805.1"",""GCF_059089415.1"",""GCF_060305805.1"",""GCF_060307215.1"",""GCF_900094835.1"",""GCF_900240275.1"",""GCF_900519455.1"",""GCF_900519475.1"",""GCF_900636965.1"",""GCF_903885985.1"",""GCF_903886345.1"",""GCF_903886475.1"",""GCF_903891025.1"",""GCF_903891205.1"",""GCF_947539375.1"",""GCF_963243495.1"",""GCF_963281025.1"",""GCF_964063315.1"",""GCF_965136965.1"",""GCF_965286035.1"",""GCF_965286295.1"",""GCF_965286585.1"",""GCF_982267005.1""]"	root/1/1/1/1/1/1/1/0/0/1/1/1/1/1/1/1/1	"[""root/1/1/1/1/1/1/1/0/0/1/1/1/1/1/1/1/1""]"	"[{""node"":""root/1/1/1/1/1/1/1/0/0/1/1/1/1/1/1/1/1"",""length_coalescent_units"":0.11063757275866991}]"	0.5039473684210526	0.2513157894736842	0.24473684210526317	2.0157894736842104	1.0052631578947369	0.9789473684210527	0.5386317651967216	0.23270942476026388	0.22865881004301442	1140	4.0
704a33c77d9dfcf7365cf7d3c6e4adfa801e7702cd6e2de01aabfd151c01d86b	"[""GCF_000160835.1"",""GCF_019797825.1"",""GCF_025311495.1""]"	"[""GCF_000009425.1"",""GCF_000010145.1"",""GCF_000011045.1"",""GCF_000014385.1"",""GCF_000014425.1"",""GCF_000014445.1"",""GCF_000014505.1"",""GCF_000014545.1"",""GCF_000015385.1"",""GCF_000016825.1"",""GCF_000023085.1"",""GCF_000025045.1"",""GCF_000026405.1"",""GCF_000092505.1"",""GCF_000148815.2"",""GCF_000155515.2"",""GCF_000203855.3"",""GCF_000237995.1"",""GCF_000241055.1"",""GCF_000269925.1"",""GCF_000269945.1"",""GCF_000298875.1"",""GCF_000468955.1"",""GCF_000691805.2"",""GCF_001434365.1"",""GCF_001434705.1"",""GCF_001435245.1"",""GCF_001436135.1"",""GCF_001436905.1"",""GCF_001437055.1"",""GCF_001437425.1"",""GCF_001438705.1"",""GCF_001536305.1"",""GCF_001618285.1"",""GCF_001702215.1"",""GCF_001702235.1"",""GCF_001752505.1"",""GCF_001752515.1"",""GCF_001752545.1"",""GCF_001761545.1"",""GCF_001767275.1"",""GCF_001888925.1"",""GCF_001891125.1"",""GCF_001932615.1"",""GCF_001998805.1"",""GCF_002174215.1"",""GCF_002950695.1"",""GCF_002970915.1"",""GCF_002970935.1"",""GCF_003150935.1"",""GCF_003151025.1"",""GCF_003173695.1"",""GCF_003176835.1"",""GCF_003264795.1"",""GCF_003584685.1"",""GCF_003641185.1"",""GCF_003722275.1"",""GCF_003999355.1"",""GCF_004354645.1"",""GCF_004377635.1"",""GCF_005405405.1"",""GCF_005405465.1"",""GCF_007954605.1"",""GCF_007954785.1"",""GCF_008107645.1"",""GCF_008831485.1"",""GCF_009184845.1"",""GCF_009856565.1"",""GCF_009913655.1"",""GCF_009913995.1"",""GCF_009914015.1"",""GCF_009914035.1"",""GCF_010092385.1"",""GCF_011058775.1"",""GCF_011304355.1"",""GCF_013113695.1"",""GCF_013407595.1"",""GCF_014131735.1"",""GCF_014145545.1"",""GCF_014145555.1"",""GCF_014145615.1"",""GCF_014397255.1"",""GCF_014656585.1"",""GCF_014789145.1"",""GCF_016127255.1"",""GCF_016127815.1"",""GCF_016647595.1"",""GCF_016919665.1"",""GCF_017068355.1"",""GCF_017894345.1"",""GCF_018394055.1"",""GCF_018502505.1"",""GCF_019448175.1"",""GCF_019469265.1"",""GCF_019576155.1"",""GCF_020510245.1"",""GCF_020784695.1"",""GCF_020844005.1"",""GCF_021378055.1"",""GCF_023169905.1"",""GCF_023499275.1"",""GCF_023920145.1"",""GCF_024334065.1"",""GCF_024397795.1"",""GCF_024718545.1"",""GCF_025490915.1"",""GCF_025739325.1"",""GCF_025948295.1"",""GCF_026222675.1"",""GCF_028607025.1"",""GCF_028621815.1"",""GCF_028736235.1"",""GCF_029025825.1"",""GCF_029726355.1"",""GCF_029854335.1"",""GCF_029866985.1"",""GCF_030480545.1"",""GCF_030770265.1"",""GCF_030770295.1"",""GCF_030770335.1"",""GCF_032762665.1"",""GCF_033142085.1"",""GCF_033570435.1"",""GCF_034703025.1"",""GCF_035985965.1"",""GCF_036246165.1"",""GCF_036246185.1"",""GCF_036246225.1"",""GCF_036327715.1"",""GCF_037290055.1"",""GCF_037891785.1"",""GCF_037892375.1"",""GCF_038049945.1"",""GCF_039645515.1"",""GCF_039645575.1"",""GCF_039783225.1"",""GCF_039783785.1"",""GCF_039955095.1"",""GCF_041225485.1"",""GCF_041225605.1"",""GCF_041281755.1"",""GCF_041509385.1"",""GCF_041514285.1"",""GCF_041514295.1"",""GCF_041893975.1"",""GCF_042847315.1"",""GCF_042997415.1"",""GCF_045760565.1"",""GCF_045801155.1"",""GCF_045862825.1"",""GCF_046109915.1"",""GCF_047344935.1"",""GCF_050407965.1"",""GCF_050847345.1"",""GCF_051098045.1"",""GCF_052569745.1"",""GCF_052570115.1"",""GCF_052571685.1"",""GCF_054073565.1"",""GCF_054331775.1"",""GCF_054452875.2"",""GCF_054784775.1"",""GCF_054785075.1"",""GCF_055180435.1"",""GCF_055502585.1"",""GCF_055755075.1"",""GCF_056269605.1"",""GCF_056676095.1"",""GCF_057786735.1"",""GCF_058111805.1"",""GCF_059089415.1"",""GCF_060305805.1"",""GCF_060307215.1"",""GCF_900016205.1"",""GCF_900094835.1"",""GCF_900240275.1"",""GCF_900519455.1"",""GCF_900519475.1"",""GCF_900636965.1"",""GCF_903885985.1"",""GCF_903886345.1"",""GCF_903886475.1"",""GCF_903891025.1"",""GCF_903891205.1"",""GCF_947539375.1"",""GCF_963243495.1"",""GCF_963281025.1"",""GCF_964063315.1"",""GCF_965136965.1"",""GCF_965286035.1"",""GCF_965286295.1"",""GCF_965286585.1"",""GCF_982267005.1""]"	root/1/1/1/1/1/1/1/0/1/1/0/1/1/1/0	"[""root/1/1/1/1/1/1/1/0/1/1/0/1/1/1/0""]"	"[{""node"":""root/1/1/1/1/1/1/1/0/1/1/0/1/1/1/0"",""length_coalescent_units"":0.6878138345845827}]"	0.7978609625668449	0.2	0.0021390374331550803	3.9893048128342246	1.0	0.0106951871657754	0.9309531891174739	0.042420045549620256	0.02662676533290565	2244	5.0
917b444d2a6f3e8a8fbdf8a167829f7f3bb9c1f6fcbaa1917605f978f469d8bf	"[""GCF_000160835.1"",""GCF_025311495.1""]"	"[""GCF_000009425.1"",""GCF_000010145.1"",""GCF_000011045.1"",""GCF_000014385.1"",""GCF_000014425.1"",""GCF_000014445.1"",""GCF_000014505.1"",""GCF_000014545.1"",""GCF_000015385.1"",""GCF_000016825.1"",""GCF_000023085.1"",""GCF_000025045.1"",""GCF_000026405.1"",""GCF_000092505.1"",""GCF_000148815.2"",""GCF_000155515.2"",""GCF_000203855.3"",""GCF_000237995.1"",""GCF_000241055.1"",""GCF_000269925.1"",""GCF_000269945.1"",""GCF_000298875.1"",""GCF_000468955.1"",""GCF_000691805.2"",""GCF_001434365.1"",""GCF_001434705.1"",""GCF_001435245.1"",""GCF_001436135.1"",""GCF_001436905.1"",""GCF_001437055.1"",""GCF_001437425.1"",""GCF_001438705.1"",""GCF_001536305.1"",""GCF_001618285.1"",""GCF_001702215.1"",""GCF_001702235.1"",""GCF_001752505.1"",""GCF_001752515.1"",""GCF_001752545.1"",""GCF_001761545.1"",""GCF_001767275.1"",""GCF_001888925.1"",""GCF_001891125.1"",""GCF_001932615.1"",""GCF_001998805.1"",""GCF_002174215.1"",""GCF_002950695.1"",""GCF_002970915.1"",""GCF_002970935.1"",""GCF_003150935.1"",""GCF_003151025.1"",""GCF_003173695.1"",""GCF_003176835.1"",""GCF_003264795.1"",""GCF_003584685.1"",""GCF_003641185.1"",""GCF_003722275.1"",""GCF_003999355.1"",""GCF_004354645.1"",""GCF_004377635.1"",""GCF_005405405.1"",""GCF_005405465.1"",""GCF_007954605.1"",""GCF_007954785.1"",""GCF_008107645.1"",""GCF_008831485.1"",""GCF_009184845.1"",""GCF_009856565.1"",""GCF_009913655.1"",""GCF_009913995.1"",""GCF_009914015.1"",""GCF_009914035.1"",""GCF_010092385.1"",""GCF_011058775.1"",""GCF_011304355.1"",""GCF_013113695.1"",""GCF_013407595.1"",""GCF_014131735.1"",""GCF_014145545.1"",""GCF_014145555.1"",""GCF_014145615.1"",""GCF_014397255.1"",""GCF_014656585.1"",""GCF_014789145.1"",""GCF_016127255.1"",""GCF_016127815.1"",""GCF_016647595.1"",""GCF_016919665.1"",""GCF_017068355.1"",""GCF_017894345.1"",""GCF_018394055.1"",""GCF_018502505.1"",""GCF_019448175.1"",""GCF_019469265.1"",""GCF_019576155.1"",""GCF_019797825.1"",""GCF_020510245.1"",""GCF_020784695.1"",""GCF_020844005.1"",""GCF_021378055.1"",""GCF_023169905.1"",""GCF_023499275.1"",""GCF_023920145.1"",""GCF_024334065.1"",""GCF_024397795.1"",""GCF_024718545.1"",""GCF_025490915.1"",""GCF_025739325.1"",""GCF_025948295.1"",""GCF_026222675.1"",""GCF_028607025.1"",""GCF_028621815.1"",""GCF_028736235.1"",""GCF_029025825.1"",""GCF_029726355.1"",""GCF_029854335.1"",""GCF_029866985.1"",""GCF_030480545.1"",""GCF_030770265.1"",""GCF_030770295.1"",""GCF_030770335.1"",""GCF_032762665.1"",""GCF_033142085.1"",""GCF_033570435.1"",""GCF_034703025.1"",""GCF_035985965.1"",""GCF_036246165.1"",""GCF_036246185.1"",""GCF_036246225.1"",""GCF_036327715.1"",""GCF_037290055.1"",""GCF_037891785.1"",""GCF_037892375.1"",""GCF_038049945.1"",""GCF_039645515.1"",""GCF_039645575.1"",""GCF_039783225.1"",""GCF_039783785.1"",""GCF_039955095.1"",""GCF_041225485.1"",""GCF_041225605.1"",""GCF_041281755.1"",""GCF_041509385.1"",""GCF_041514285.1"",""GCF_041514295.1"",""GCF_041893975.1"",""GCF_042847315.1"",""GCF_042997415.1"",""GCF_045760565.1"",""GCF_045801155.1"",""GCF_045862825.1"",""GCF_046109915.1"",""GCF_047344935.1"",""GCF_050407965.1"",""GCF_050847345.1"",""GCF_051098045.1"",""GCF_052569745.1"",""GCF_052570115.1"",""GCF_052571685.1"",""GCF_054073565.1"",""GCF_054331775.1"",""GCF_054452875.2"",""GCF_054784775.1"",""GCF_054785075.1"",""GCF_055180435.1"",""GCF_055502585.1"",""GCF_055755075.1"",""GCF_056269605.1"",""GCF_056676095.1"",""GCF_057786735.1"",""GCF_058111805.1"",""GCF_059089415.1"",""GCF_060305805.1"",""GCF_060307215.1"",""GCF_900016205.1"",""GCF_900094835.1"",""GCF_900240275.1"",""GCF_900519455.1"",""GCF_900519475.1"",""GCF_900636965.1"",""GCF_903885985.1"",""GCF_903886345.1"",""GCF_903886475.1"",""GCF_903891025.1"",""GCF_903891205.1"",""GCF_947539375.1"",""GCF_963243495.1"",""GCF_963281025.1"",""GCF_964063315.1"",""GCF_965136965.1"",""GCF_965286035.1"",""GCF_965286295.1"",""GCF_965286585.1"",""GCF_982267005.1""]"	root/1/1/1/1/1/1/1/0/1/1/0/1/1/1/0/1	"[""root/1/1/1/1/1/1/1/0/1/1/0/1/1/1/0/1""]"	"[{""node"":""root/1/1/1/1/1/1/1/0/1/1/0/1/1/1/0/1"",""length_coalescent_units"":0.6931471805599453}]"	0.8	0.2	0.0	4.0	1.0	0.0	0.9322916666666666	0.0416666666666667	0.026041666666666696	193	5.0
19d839bbfcc6817debf786631891863f5d55f72dfd9905648b921453841e8693	"[""GCF_000237995.1"",""GCF_001436905.1"",""GCF_001702215.1"",""GCF_001702235.1""]"	"[""GCF_000009425.1"",""GCF_000010145.1"",""GCF_000011045.1"",""GCF_000014385.1"",""GCF_000014425.1"",""GCF_000014445.1"",""GCF_000014505.1"",""GCF_000014545.1"",""GCF_000015385.1"",""GCF_000016825.1"",""GCF_000023085.1"",""GCF_000025045.1"",""GCF_000026405.1"",""GCF_000092505.1"",""GCF_000148815.2"",""GCF_000155515.2"",""GCF_000160835.1"",""GCF_000203855.3"",""GCF_000241055.1"",""GCF_000269925.1"",""GCF_000269945.1"",""GCF_000298875.1"",""GCF_000468955.1"",""GCF_000691805.2"",""GCF_001434365.1"",""GCF_001434705.1"",""GCF_001435245.1"",""GCF_001436135.1"",""GCF_001437055.1"",""GCF_001437425.1"",""GCF_001438705.1"",""GCF_001536305.1"",""GCF_001618285.1"",""GCF_001752505.1"",""GCF_001752515.1"",""GCF_001752545.1"",""GCF_001761545.1"",""GCF_001767275.1"",""GCF_001888925.1"",""GCF_001891125.1"",""GCF_001932615.1"",""GCF_001998805.1"",""GCF_002174215.1"",""GCF_002950695.1"",""GCF_002970915.1"",""GCF_002970935.1"",""GCF_003150935.1"",""GCF_003151025.1"",""GCF_003173695.1"",""GCF_003176835.1"",""GCF_003264795.1"",""GCF_003584685.1"",""GCF_003641185.1"",""GCF_003722275.1"",""GCF_003999355.1"",""GCF_004354645.1"",""GCF_004377635.1"",""GCF_005405405.1"",""GCF_005405465.1"",""GCF_007954605.1"",""GCF_007954785.1"",""GCF_008107645.1"",""GCF_008831485.1"",""GCF_009184845.1"",""GCF_009856565.1"",""GCF_009913655.1"",""GCF_009913995.1"",""GCF_009914015.1"",""GCF_009914035.1"",""GCF_010092385.1"",""GCF_011058775.1"",""GCF_011304355.1"",""GCF_013113695.1"",""GCF_013407595.1"",""GCF_014131735.1"",""GCF_014145545.1"",""GCF_014145555.1"",""GCF_014145615.1"",""GCF_014397255.1"",""GCF_014656585.1"",""GCF_014789145.1"",""GCF_016127255.1"",""GCF_016127815.1"",""GCF_016647595.1"",""GCF_016919665.1"",""GCF_017068355.1"",""GCF_017894345.1"",""GCF_018394055.1"",""GCF_018502505.1"",""GCF_019448175.1"",""GCF_019469265.1"",""GCF_019576155.1"",""GCF_019797825.1"",""GCF_020510245.1"",""GCF_020784695.1"",""GCF_020844005.1"",""GCF_021378055.1"",""GCF_023169905.1"",""GCF_023499275.1"",""GCF_023920145.1"",""GCF_024334065.1"",""GCF_024397795.1"",""GCF_024718545.1"",""GCF_025311495.1"",""GCF_025490915.1"",""GCF_025739325.1"",""GCF_025948295.1"",""GCF_026222675.1"",""GCF_028607025.1"",""GCF_028621815.1"",""GCF_028736235.1"",""GCF_029025825.1"",""GCF_029726355.1"",""GCF_029854335.1"",""GCF_029866985.1"",""GCF_030480545.1"",""GCF_030770265.1"",""GCF_030770295.1"",""GCF_030770335.1"",""GCF_032762665.1"",""GCF_033142085.1"",""GCF_033570435.1"",""GCF_034703025.1"",""GCF_035985965.1"",""GCF_036246165.1"",""GCF_036246185.1"",""GCF_036246225.1"",""GCF_036327715.1"",""GCF_037290055.1"",""GCF_037891785.1"",""GCF_037892375.1"",""GCF_038049945.1"",""GCF_039645515.1"",""GCF_039645575.1"",""GCF_039783225.1"",""GCF_039783785.1"",""GCF_039955095.1"",""GCF_041225485.1"",""GCF_041225605.1"",""GCF_041281755.1"",""GCF_041509385.1"",""GCF_041514285.1"",""GCF_041514295.1"",""GCF_041893975.1"",""GCF_042847315.1"",""GCF_042997415.1"",""GCF_045760565.1"",""GCF_045801155.1"",""GCF_045862825.1"",""GCF_046109915.1"",""GCF_047344935.1"",""GCF_050407965.1"",""GCF_050847345.1"",""GCF_051098045.1"",""GCF_052569745.1"",""GCF_052570115.1"",""GCF_052571685.1"",""GCF_054073565.1"",""GCF_054331775.1"",""GCF_054452875.2"",""GCF_054784775.1"",""GCF_054785075.1"",""GCF_055180435.1"",""GCF_055502585.1"",""GCF_055755075.1"",""GCF_056269605.1"",""GCF_056676095.1"",""GCF_057786735.1"",""GCF_058111805.1"",""GCF_059089415.1"",""GCF_060305805.1"",""GCF_060307215.1"",""GCF_900016205.1"",""GCF_900094835.1"",""GCF_900240275.1"",""GCF_900519455.1"",""GCF_900519475.1"",""GCF_900636965.1"",""GCF_903885985.1"",""GCF_903886345.1"",""GCF_903886475.1"",""GCF_903891025.1"",""GCF_903891205.1"",""GCF_947539375.1"",""GCF_963243495.1"",""GCF_963281025.1"",""GCF_964063315.1"",""GCF_965136965.1"",""GCF_965286035.1"",""GCF_965286295.1"",""GCF_965286585.1"",""GCF_982267005.1""]"	root/1/1/1/1/1/1/1/0/1/1/1/0/0	"[""root/1/1/1/1/1/1/1/0/1/1/1/0/0""]"	"[{""node"":""root/1/1/1/1/1/1/1/0/1/1/1/0/0"",""length_coalescent_units"":1.3862943611198908}]"	1.0	0.0	0.0	5.0	0.0	0.0	0.9945355191256833	0.002732240437158474	0.002732240437158474	7476	5.0
1e4965952d4ba885f3c93f87fc4e880ea7a4824ec81bf40512cc290009d99f37	"[""GCF_000237995.1"",""GCF_001702215.1""]"	"[""GCF_000009425.1"",""GCF_000010145.1"",""GCF_000011045.1"",""GCF_000014385.1"",""GCF_000014425.1"",""GCF_000014445.1"",""GCF_000014505.1"",""GCF_000014545.1"",""GCF_000015385.1"",""GCF_000016825.1"",""GCF_000023085.1"",""GCF_000025045.1"",""GCF_000026405.1"",""GCF_000092505.1"",""GCF_000148815.2"",""GCF_000155515.2"",""GCF_000160835.1"",""GCF_000203855.3"",""GCF_000241055.1"",""GCF_000269925.1"",""GCF_000269945.1"",""GCF_000298875.1"",""GCF_000468955.1"",""GCF_000691805.2"",""GCF_001434365.1"",""GCF_001434705.1"",""GCF_001435245.1"",""GCF_001436135.1"",""GCF_001436905.1"",""GCF_001437055.1"",""GCF_001437425.1"",""GCF_001438705.1"",""GCF_001536305.1"",""GCF_001618285.1"",""GCF_001702235.1"",""GCF_001752505.1"",""GCF_001752515.1"",""GCF_001752545.1"",""GCF_001761545.1"",""GCF_001767275.1"",""GCF_001888925.1"",""GCF_001891125.1"",""GCF_001932615.1"",""GCF_001998805.1"",""GCF_002174215.1"",""GCF_002950695.1"",""GCF_002970915.1"",""GCF_002970935.1"",""GCF_003150935.1"",""GCF_003151025.1"",""GCF_003173695.1"",""GCF_003176835.1"",""GCF_003264795.1"",""GCF_003584685.1"",""GCF_003641185.1"",""GCF_003722275.1"",""GCF_003999355.1"",""GCF_004354645.1"",""GCF_004377635.1"",""GCF_005405405.1"",""GCF_005405465.1"",""GCF_007954605.1"",""GCF_007954785.1"",""GCF_008107645.1"",""GCF_008831485.1"",""GCF_009184845.1"",""GCF_009856565.1"",""GCF_009913655.1"",""GCF_009913995.1"",""GCF_009914015.1"",""GCF_009914035.1"",""GCF_010092385.1"",""GCF_011058775.1"",""GCF_011304355.1"",""GCF_013113695.1"",""GCF_013407595.1"",""GCF_014131735.1"",""GCF_014145545.1"",""GCF_014145555.1"",""GCF_014145615.1"",""GCF_014397255.1"",""GCF_014656585.1"",""GCF_014789145.1"",""GCF_016127255.1"",""GCF_016127815.1"",""GCF_016647595.1"",""GCF_016919665.1"",""GCF_017068355.1"",""GCF_017894345.1"",""GCF_018394055.1"",""GCF_018502505.1"",""GCF_019448175.1"",""GCF_019469265.1"",""GCF_019576155.1"",""GCF_019797825.1"",""GCF_020510245.1"",""GCF_020784695.1"",""GCF_020844005.1"",""GCF_021378055.1"",""GCF_023169905.1"",""GCF_023499275.1"",""GCF_023920145.1"",""GCF_024334065.1"",""GCF_024397795.1"",""GCF_024718545.1"",""GCF_025311495.1"",""GCF_025490915.1"",""GCF_025739325.1"",""GCF_025948295.1"",""GCF_026222675.1"",""GCF_028607025.1"",""GCF_028621815.1"",""GCF_028736235.1"",""GCF_029025825.1"",""GCF_029726355.1"",""GCF_029854335.1"",""GCF_029866985.1"",""GCF_030480545.1"",""GCF_030770265.1"",""GCF_030770295.1"",""GCF_030770335.1"",""GCF_032762665.1"",""GCF_033142085.1"",""GCF_033570435.1"",""GCF_034703025.1"",""GCF_035985965.1"",""GCF_036246165.1"",""GCF_036246185.1"",""GCF_036246225.1"",""GCF_036327715.1"",""GCF_037290055.1"",""GCF_037891785.1"",""GCF_037892375.1"",""GCF_038049945.1"",""GCF_039645515.1"",""GCF_039645575.1"",""GCF_039783225.1"",""GCF_039783785.1"",""GCF_039955095.1"",""GCF_041225485.1"",""GCF_041225605.1"",""GCF_041281755.1"",""GCF_041509385.1"",""GCF_041514285.1"",""GCF_041514295.1"",""GCF_041893975.1"",""GCF_042847315.1"",""GCF_042997415.1"",""GCF_045760565.1"",""GCF_045801155.1"",""GCF_045862825.1"",""GCF_046109915.1"",""GCF_047344935.1"",""GCF_050407965.1"",""GCF_050847345.1"",""GCF_051098045.1"",""GCF_052569745.1"",""GCF_052570115.1"",""GCF_052571685.1"",""GCF_054073565.1"",""GCF_054331775.1"",""GCF_054452875.2"",""GCF_054784775.1"",""GCF_054785075.1"",""GCF_055180435.1"",""GCF_055502585.1"",""GCF_055755075.1"",""GCF_056269605.1"",""GCF_056676095.1"",""GCF_057786735.1"",""GCF_058111805.1"",""GCF_059089415.1"",""GCF_060305805.1"",""GCF_060307215.1"",""GCF_900016205.1"",""GCF_900094835.1"",""GCF_900240275.1"",""GCF_900519455.1"",""GCF_900519475.1"",""GCF_900636965.1"",""GCF_903885985.1"",""GCF_903886345.1"",""GCF_903886475.1"",""GCF_903891025.1"",""GCF_903891205.1"",""GCF_947539375.1"",""GCF_963243495.1"",""GCF_963281025.1"",""GCF_964063315.1"",""GCF_965136965.1"",""GCF_965286035.1"",""GCF_965286295.1"",""GCF_965286585.1"",""GCF_982267005.1""]"	root/1/1/1/1/1/1/1/0/1/1/1/0/0/1/1	"[""root/1/1/1/1/1/1/1/0/1/1/1/0/0/1/1""]"	"[{""node"":""root/1/1/1/1/1/1/1/0/1/1/1/0/0/1/1"",""length_coalescent_units"":0.2876820724517809}]"	0.6	0.2	0.2	3.0	1.0	1.0	0.7192982456140349	0.14035087719298256	0.14035087719298256	193	5.0
df5f1990b512890ff127f55a260581ed60e595807ea22789b5f49aed6e213eaf	"[""GCF_000237995.1"",""GCF_001702215.1"",""GCF_001702235.1""]"	"[""GCF_000009425.1"",""GCF_000010145.1"",""GCF_000011045.1"",""GCF_000014385.1"",""GCF_000014425.1"",""GCF_000014445.1"",""GCF_000014505.1"",""GCF_000014545.1"",""GCF_000015385.1"",""GCF_000016825.1"",""GCF_000023085.1"",""GCF_000025045.1"",""GCF_000026405.1"",""GCF_000092505.1"",""GCF_000148815.2"",""GCF_000155515.2"",""GCF_000160835.1"",""GCF_000203855.3"",""GCF_000241055.1"",""GCF_000269925.1"",""GCF_000269945.1"",""GCF_000298875.1"",""GCF_000468955.1"",""GCF_000691805.2"",""GCF_001434365.1"",""GCF_001434705.1"",""GCF_001435245.1"",""GCF_001436135.1"",""GCF_001436905.1"",""GCF_001437055.1"",""GCF_001437425.1"",""GCF_001438705.1"",""GCF_001536305.1"",""GCF_001618285.1"",""GCF_001752505.1"",""GCF_001752515.1"",""GCF_001752545.1"",""GCF_001761545.1"",""GCF_001767275.1"",""GCF_001888925.1"",""GCF_001891125.1"",""GCF_001932615.1"",""GCF_001998805.1"",""GCF_002174215.1"",""GCF_002950695.1"",""GCF_002970915.1"",""GCF_002970935.1"",""GCF_003150935.1"",""GCF_003151025.1"",""GCF_003173695.1"",""GCF_003176835.1"",""GCF_003264795.1"",""GCF_003584685.1"",""GCF_003641185.1"",""GCF_003722275.1"",""GCF_003999355.1"",""GCF_004354645.1"",""GCF_004377635.1"",""GCF_005405405.1"",""GCF_005405465.1"",""GCF_007954605.1"",""GCF_007954785.1"",""GCF_008107645.1"",""GCF_008831485.1"",""GCF_009184845.1"",""GCF_009856565.1"",""GCF_009913655.1"",""GCF_009913995.1"",""GCF_009914015.1"",""GCF_009914035.1"",""GCF_010092385.1"",""GCF_011058775.1"",""GCF_011304355.1"",""GCF_013113695.1"",""GCF_013407595.1"",""GCF_014131735.1"",""GCF_014145545.1"",""GCF_014145555.1"",""GCF_014145615.1"",""GCF_014397255.1"",""GCF_014656585.1"",""GCF_014789145.1"",""GCF_016127255.1"",""GCF_016127815.1"",""GCF_016647595.1"",""GCF_016919665.1"",""GCF_017068355.1"",""GCF_017894345.1"",""GCF_018394055.1"",""GCF_018502505.1"",""GCF_019448175.1"",""GCF_019469265.1"",""GCF_019576155.1"",""GCF_019797825.1"",""GCF_020510245.1"",""GCF_020784695.1"",""GCF_020844005.1"",""GCF_021378055.1"",""GCF_023169905.1"",""GCF_023499275.1"",""GCF_023920145.1"",""GCF_024334065.1"",""GCF_024397795.1"",""GCF_024718545.1"",""GCF_025311495.1"",""GCF_025490915.1"",""GCF_025739325.1"",""GCF_025948295.1"",""GCF_026222675.1"",""GCF_028607025.1"",""GCF_028621815.1"",""GCF_028736235.1"",""GCF_029025825.1"",""GCF_029726355.1"",""GCF_029854335.1"",""GCF_029866985.1"",""GCF_030480545.1"",""GCF_030770265.1"",""GCF_030770295.1"",""GCF_030770335.1"",""GCF_032762665.1"",""GCF_033142085.1"",""GCF_033570435.1"",""GCF_034703025.1"",""GCF_035985965.1"",""GCF_036246165.1"",""GCF_036246185.1"",""GCF_036246225.1"",""GCF_036327715.1"",""GCF_037290055.1"",""GCF_037891785.1"",""GCF_037892375.1"",""GCF_038049945.1"",""GCF_039645515.1"",""GCF_039645575.1"",""GCF_039783225.1"",""GCF_039783785.1"",""GCF_039955095.1"",""GCF_041225485.1"",""GCF_041225605.1"",""GCF_041281755.1"",""GCF_041509385.1"",""GCF_041514285.1"",""GCF_041514295.1"",""GCF_041893975.1"",""GCF_042847315.1"",""GCF_042997415.1"",""GCF_045760565.1"",""GCF_045801155.1"",""GCF_045862825.1"",""GCF_046109915.1"",""GCF_047344935.1"",""GCF_050407965.1"",""GCF_050847345.1"",""GCF_051098045.1"",""GCF_052569745.1"",""GCF_052570115.1"",""GCF_052571685.1"",""GCF_054073565.1"",""GCF_054331775.1"",""GCF_054452875.2"",""GCF_054784775.1"",""GCF_054785075.1"",""GCF_055180435.1"",""GCF_055502585.1"",""GCF_055755075.1"",""GCF_056269605.1"",""GCF_056676095.1"",""GCF_057786735.1"",""GCF_058111805.1"",""GCF_059089415.1"",""GCF_060305805.1"",""GCF_060307215.1"",""GCF_900016205.1"",""GCF_900094835.1"",""GCF_900240275.1"",""GCF_900519455.1"",""GCF_900519475.1"",""GCF_900636965.1"",""GCF_903885985.1"",""GCF_903886345.1"",""GCF_903886475.1"",""GCF_903891025.1"",""GCF_903891205.1"",""GCF_947539375.1"",""GCF_963243495.1"",""GCF_963281025.1"",""GCF_964063315.1"",""GCF_965136965.1"",""GCF_965286035.1"",""GCF_965286295.1"",""GCF_965286585.1"",""GCF_982267005.1""]"	root/1/1/1/1/1/1/1/0/1/1/1/0/0/1	"[""root/1/1/1/1/1/1/1/0/1/1/1/0/0/1""]"	"[{""node"":""root/1/1/1/1/1/1/1/0/1/1/1/0/0/1"",""length_coalescent_units"":0.6931471805599453}]"	0.8	0.0	0.2	4.0	0.0	1.0	0.9322916666666666	0.026041666666666696	0.0416666666666667	384	5.0
b37ec1a9c3b34f1649b914076a8c5e114d3125e04d7621b9ccbd46da8d99ccea	"[""GCF_000241055.1"",""GCF_001752505.1"",""GCF_001752515.1"",""GCF_001752545.1""]"	"[""GCF_000009425.1"",""GCF_000010145.1"",""GCF_000011045.1"",""GCF_000014385.1"",""GCF_000014425.1"",""GCF_000014445.1"",""GCF_000014505.1"",""GCF_000014545.1"",""GCF_000015385.1"",""GCF_000016825.1"",""GCF_000023085.1"",""GCF_000025045.1"",""GCF_000026405.1"",""GCF_000092505.1"",""GCF_000148815.2"",""GCF_000155515.2"",""GCF_000160835.1"",""GCF_000203855.3"",""GCF_000237995.1"",""GCF_000269925.1"",""GCF_000269945.1"",""GCF_000298875.1"",""GCF_000468955.1"",""GCF_000691805.2"",""GCF_001434365.1"",""GCF_001434705.1"",""GCF_001435245.1"",""GCF_001436135.1"",""GCF_001436905.1"",""GCF_001437055.1"",""GCF_001437425.1"",""GCF_001438705.1"",""GCF_001536305.1"",""GCF_001618285.1"",""GCF_001702215.1"",""GCF_001702235.1"",""GCF_001761545.1"",""GCF_001767275.1"",""GCF_001888925.1"",""GCF_001891125.1"",""GCF_001932615.1"",""GCF_001998805.1"",""GCF_002174215.1"",""GCF_002950695.1"",""GCF_002970915.1"",""GCF_002970935.1"",""GCF_003150935.1"",""GCF_003151025.1"",""GCF_003173695.1"",""GCF_003176835.1"",""GCF_003264795.1"",""GCF_003584685.1"",""GCF_003641185.1"",""GCF_003722275.1"",""GCF_003999355.1"",""GCF_004354645.1"",""GCF_004377635.1"",""GCF_005405405.1"",""GCF_005405465.1"",""GCF_007954605.1"",""GCF_007954785.1"",""GCF_008107645.1"",""GCF_008831485.1"",""GCF_009184845.1"",""GCF_009856565.1"",""GCF_009913655.1"",""GCF_009913995.1"",""GCF_009914015.1"",""GCF_009914035.1"",""GCF_010092385.1"",""GCF_011058775.1"",""GCF_011304355.1"",""GCF_013113695.1"",""GCF_013407595.1"",""GCF_014131735.1"",""GCF_014145545.1"",""GCF_014145555.1"",""GCF_014145615.1"",""GCF_014397255.1"",""GCF_014656585.1"",""GCF_014789145.1"",""GCF_016127255.1"",""GCF_016127815.1"",""GCF_016647595.1"",""GCF_016919665.1"",""GCF_017068355.1"",""GCF_017894345.1"",""GCF_018394055.1"",""GCF_018502505.1"",""GCF_019448175.1"",""GCF_019469265.1"",""GCF_019576155.1"",""GCF_019797825.1"",""GCF_020510245.1"",""GCF_020784695.1"",""GCF_020844005.1"",""GCF_021378055.1"",""GCF_023169905.1"",""GCF_023499275.1"",""GCF_023920145.1"",""GCF_024334065.1"",""GCF_024397795.1"",""GCF_024718545.1"",""GCF_025311495.1"",""GCF_025490915.1"",""GCF_025739325.1"",""GCF_025948295.1"",""GCF_026222675.1"",""GCF_028607025.1"",""GCF_028621815.1"",""GCF_028736235.1"",""GCF_029025825.1"",""GCF_029726355.1"",""GCF_029854335.1"",""GCF_029866985.1"",""GCF_030480545.1"",""GCF_030770265.1"",""GCF_030770295.1"",""GCF_030770335.1"",""GCF_032762665.1"",""GCF_033142085.1"",""GCF_033570435.1"",""GCF_034703025.1"",""GCF_035985965.1"",""GCF_036246165.1"",""GCF_036246185.1"",""GCF_036246225.1"",""GCF_036327715.1"",""GCF_037290055.1"",""GCF_037891785.1"",""GCF_037892375.1"",""GCF_038049945.1"",""GCF_039645515.1"",""GCF_039645575.1"",""GCF_039783225.1"",""GCF_039783785.1"",""GCF_039955095.1"",""GCF_041225485.1"",""GCF_041225605.1"",""GCF_041281755.1"",""GCF_041509385.1"",""GCF_041514285.1"",""GCF_041514295.1"",""GCF_041893975.1"",""GCF_042847315.1"",""GCF_042997415.1"",""GCF_045760565.1"",""GCF_045801155.1"",""GCF_045862825.1"",""GCF_046109915.1"",""GCF_047344935.1"",""GCF_050407965.1"",""GCF_050847345.1"",""GCF_051098045.1"",""GCF_052569745.1"",""GCF_052570115.1"",""GCF_052571685.1"",""GCF_054073565.1"",""GCF_054331775.1"",""GCF_054452875.2"",""GCF_054784775.1"",""GCF_054785075.1"",""GCF_055180435.1"",""GCF_055502585.1"",""GCF_055755075.1"",""GCF_056269605.1"",""GCF_056676095.1"",""GCF_057786735.1"",""GCF_058111805.1"",""GCF_059089415.1"",""GCF_060305805.1"",""GCF_060307215.1"",""GCF_900016205.1"",""GCF_900094835.1"",""GCF_900240275.1"",""GCF_900519455.1"",""GCF_900519475.1"",""GCF_900636965.1"",""GCF_903885985.1"",""GCF_903886345.1"",""GCF_903886475.1"",""GCF_903891025.1"",""GCF_903891205.1"",""GCF_947539375.1"",""GCF_963243495.1"",""GCF_963281025.1"",""GCF_964063315.1"",""GCF_965136965.1"",""GCF_965286035.1"",""GCF_965286295.1"",""GCF_965286585.1"",""GCF_982267005.1""]"	root/1/1/1/1/1/1/1/0/0/1/0/0	"[""root/1/1/1/1/1/1/1/0/0/1/0/0""]"	"[{""node"":""root/1/1/1/1/1/1/1/0/0/1/0/0"",""length_coalescent_units"":1.3862943611198908}]"	1.0	0.0	0.0	5.0	0.0	0.0	0.9945355191256833	0.002732240437158474	0.002732240437158474	5973	5.0
955dc8bf94018244b66725401b6fe99cecdd46e9189014f90ab208ecb4348085	"[""GCF_000241055.1"",""GCF_001752515.1"",""GCF_001752545.1""]"	"[""GCF_000009425.1"",""GCF_000010145.1"",""GCF_000011045.1"",""GCF_000014385.1"",""GCF_000014425.1"",""GCF_000014445.1"",""GCF_000014505.1"",""GCF_000014545.1"",""GCF_000015385.1"",""GCF_000016825.1"",""GCF_000023085.1"",""GCF_000025045.1"",""GCF_000026405.1"",""GCF_000092505.1"",""GCF_000148815.2"",""GCF_000155515.2"",""GCF_000160835.1"",""GCF_000203855.3"",""GCF_000237995.1"",""GCF_000269925.1"",""GCF_000269945.1"",""GCF_000298875.1"",""GCF_000468955.1"",""GCF_000691805.2"",""GCF_001434365.1"",""GCF_001434705.1"",""GCF_001435245.1"",""GCF_001436135.1"",""GCF_001436905.1"",""GCF_001437055.1"",""GCF_001437425.1"",""GCF_001438705.1"",""GCF_001536305.1"",""GCF_001618285.1"",""GCF_001702215.1"",""GCF_001702235.1"",""GCF_001752505.1"",""GCF_001761545.1"",""GCF_001767275.1"",""GCF_001888925.1"",""GCF_001891125.1"",""GCF_001932615.1"",""GCF_001998805.1"",""GCF_002174215.1"",""GCF_002950695.1"",""GCF_002970915.1"",""GCF_002970935.1"",""GCF_003150935.1"",""GCF_003151025.1"",""GCF_003173695.1"",""GCF_003176835.1"",""GCF_003264795.1"",""GCF_003584685.1"",""GCF_003641185.1"",""GCF_003722275.1"",""GCF_003999355.1"",""GCF_004354645.1"",""GCF_004377635.1"",""GCF_005405405.1"",""GCF_005405465.1"",""GCF_007954605.1"",""GCF_007954785.1"",""GCF_008107645.1"",""GCF_008831485.1"",""GCF_009184845.1"",""GCF_009856565.1"",""GCF_009913655.1"",""GCF_009913995.1"",""GCF_009914015.1"",""GCF_009914035.1"",""GCF_010092385.1"",""GCF_011058775.1"",""GCF_011304355.1"",""GCF_013113695.1"",""GCF_013407595.1"",""GCF_014131735.1"",""GCF_014145545.1"",""GCF_014145555.1"",""GCF_014145615.1"",""GCF_014397255.1"",""GCF_014656585.1"",""GCF_014789145.1"",""GCF_016127255.1"",""GCF_016127815.1"",""GCF_016647595.1"",""GCF_016919665.1"",""GCF_017068355.1"",""GCF_017894345.1"",""GCF_018394055.1"",""GCF_018502505.1"",""GCF_019448175.1"",""GCF_019469265.1"",""GCF_019576155.1"",""GCF_019797825.1"",""GCF_020510245.1"",""GCF_020784695.1"",""GCF_020844005.1"",""GCF_021378055.1"",""GCF_023169905.1"",""GCF_023499275.1"",""GCF_023920145.1"",""GCF_024334065.1"",""GCF_024397795.1"",""GCF_024718545.1"",""GCF_025311495.1"",""GCF_025490915.1"",""GCF_025739325.1"",""GCF_025948295.1"",""GCF_026222675.1"",""GCF_028607025.1"",""GCF_028621815.1"",""GCF_028736235.1"",""GCF_029025825.1"",""GCF_029726355.1"",""GCF_029854335.1"",""GCF_029866985.1"",""GCF_030480545.1"",""GCF_030770265.1"",""GCF_030770295.1"",""GCF_030770335.1"",""GCF_032762665.1"",""GCF_033142085.1"",""GCF_033570435.1"",""GCF_034703025.1"",""GCF_035985965.1"",""GCF_036246165.1"",""GCF_036246185.1"",""GCF_036246225.1"",""GCF_036327715.1"",""GCF_037290055.1"",""GCF_037891785.1"",""GCF_037892375.1"",""GCF_038049945.1"",""GCF_039645515.1"",""GCF_039645575.1"",""GCF_039783225.1"",""GCF_039783785.1"",""GCF_039955095.1"",""GCF_041225485.1"",""GCF_041225605.1"",""GCF_041281755.1"",""GCF_041509385.1"",""GCF_041514285.1"",""GCF_041514295.1"",""GCF_041893975.1"",""GCF_042847315.1"",""GCF_042997415.1"",""GCF_045760565.1"",""GCF_045801155.1"",""GCF_045862825.1"",""GCF_046109915.1"",""GCF_047344935.1"",""GCF_050407965.1"",""GCF_050847345.1"",""GCF_051098045.1"",""GCF_052569745.1"",""GCF_052570115.1"",""GCF_052571685.1"",""GCF_054073565.1"",""GCF_054331775.1"",""GCF_054452875.2"",""GCF_054784775.1"",""GCF_054785075.1"",""GCF_055180435.1"",""GCF_055502585.1"",""GCF_055755075.1"",""GCF_056269605.1"",""GCF_056676095.1"",""GCF_057786735.1"",""GCF_058111805.1"",""GCF_059089415.1"",""GCF_060305805.1"",""GCF_060307215.1"",""GCF_900016205.1"",""GCF_900094835.1"",""GCF_900240275.1"",""GCF_900519455.1"",""GCF_900519475.1"",""GCF_900636965.1"",""GCF_903885985.1"",""GCF_903886345.1"",""GCF_903886475.1"",""GCF_903891025.1"",""GCF_903891205.1"",""GCF_947539375.1"",""GCF_963243495.1"",""GCF_963281025.1"",""GCF_964063315.1"",""GCF_965136965.1"",""GCF_965286035.1"",""GCF_965286295.1"",""GCF_965286585.1"",""GCF_982267005.1""]"	root/1/1/1/1/1/1/1/0/0/1/0/0/1	"[""root/1/1/1/1/1/1/1/0/0/1/0/0/1""]"	"[{""node"":""root/1/1/1/1/1/1/1/0/0/1/0/0/1"",""length_coalescent_units"":1.3862943611198908}]"	1.0	0.0	0.0	5.0	0.0	0.0	0.9945355191256833	0.002732240437158474	0.002732240437158474	384	5.0
1ceb2b1f9bc5285e031a800f1c12bb66e0d01442e59280c9abdc3a4d881a70f0	"[""GCF_000241055.1"",""GCF_001752545.1""]"	"[""GCF_000009425.1"",""GCF_000010145.1"",""GCF_000011045.1"",""GCF_000014385.1"",""GCF_000014425.1"",""GCF_000014445.1"",""GCF_000014505.1"",""GCF_000014545.1"",""GCF_000015385.1"",""GCF_000016825.1"",""GCF_000023085.1"",""GCF_000025045.1"",""GCF_000026405.1"",""GCF_000092505.1"",""GCF_000148815.2"",""GCF_000155515.2"",""GCF_000160835.1"",""GCF_000203855.3"",""GCF_000237995.1"",""GCF_000269925.1"",""GCF_000269945.1"",""GCF_000298875.1"",""GCF_000468955.1"",""GCF_000691805.2"",""GCF_001434365.1"",""GCF_001434705.1"",""GCF_001435245.1"",""GCF_001436135.1"",""GCF_001436905.1"",""GCF_001437055.1"",""GCF_001437425.1"",""GCF_001438705.1"",""GCF_001536305.1"",""GCF_001618285.1"",""GCF_001702215.1"",""GCF_001702235.1"",""GCF_001752505.1"",""GCF_001752515.1"",""GCF_001761545.1"",""GCF_001767275.1"",""GCF_001888925.1"",""GCF_001891125.1"",""GCF_001932615.1"",""GCF_001998805.1"",""GCF_002174215.1"",""GCF_002950695.1"",""GCF_002970915.1"",""GCF_002970935.1"",""GCF_003150935.1"",""GCF_003151025.1"",""GCF_003173695.1"",""GCF_003176835.1"",""GCF_003264795.1"",""GCF_003584685.1"",""GCF_003641185.1"",""GCF_003722275.1"",""GCF_003999355.1"",""GCF_004354645.1"",""GCF_004377635.1"",""GCF_005405405.1"",""GCF_005405465.1"",""GCF_007954605.1"",""GCF_007954785.1"",""GCF_008107645.1"",""GCF_008831485.1"",""GCF_009184845.1"",""GCF_009856565.1"",""GCF_009913655.1"",""GCF_009913995.1"",""GCF_009914015.1"",""GCF_009914035.1"",""GCF_010092385.1"",""GCF_011058775.1"",""GCF_011304355.1"",""GCF_013113695.1"",""GCF_013407595.1"",""GCF_014131735.1"",""GCF_014145545.1"",""GCF_014145555.1"",""GCF_014145615.1"",""GCF_014397255.1"",""GCF_014656585.1"",""GCF_014789145.1"",""GCF_016127255.1"",""GCF_016127815.1"",""GCF_016647595.1"",""GCF_016919665.1"",""GCF_017068355.1"",""GCF_017894345.1"",""GCF_018394055.1"",""GCF_018502505.1"",""GCF_019448175.1"",""GCF_019469265.1"",""GCF_019576155.1"",""GCF_019797825.1"",""GCF_020510245.1"",""GCF_020784695.1"",""GCF_020844005.1"",""GCF_021378055.1"",""GCF_023169905.1"",""GCF_023499275.1"",""GCF_023920145.1"",""GCF_024334065.1"",""GCF_024397795.1"",""GCF_024718545.1"",""GCF_025311495.1"",""GCF_025490915.1"",""GCF_025739325.1"",""GCF_025948295.1"",""GCF_026222675.1"",""GCF_028607025.1"",""GCF_028621815.1"",""GCF_028736235.1"",""GCF_029025825.1"",""GCF_029726355.1"",""GCF_029854335.1"",""GCF_029866985.1"",""GCF_030480545.1"",""GCF_030770265.1"",""GCF_030770295.1"",""GCF_030770335.1"",""GCF_032762665.1"",""GCF_033142085.1"",""GCF_033570435.1"",""GCF_034703025.1"",""GCF_035985965.1"",""GCF_036246165.1"",""GCF_036246185.1"",""GCF_036246225.1"",""GCF_036327715.1"",""GCF_037290055.1"",""GCF_037891785.1"",""GCF_037892375.1"",""GCF_038049945.1"",""GCF_039645515.1"",""GCF_039645575.1"",""GCF_039783225.1"",""GCF_039783785.1"",""GCF_039955095.1"",""GCF_041225485.1"",""GCF_041225605.1"",""GCF_041281755.1"",""GCF_041509385.1"",""GCF_041514285.1"",""GCF_041514295.1"",""GCF_041893975.1"",""GCF_042847315.1"",""GCF_042997415.1"",""GCF_045760565.1"",""GCF_045801155.1"",""GCF_045862825.1"",""GCF_046109915.1"",""GCF_047344935.1"",""GCF_050407965.1"",""GCF_050847345.1"",""GCF_051098045.1"",""GCF_052569745.1"",""GCF_052570115.1"",""GCF_052571685.1"",""GCF_054073565.1"",""GCF_054331775.1"",""GCF_054452875.2"",""GCF_054784775.1"",""GCF_054785075.1"",""GCF_055180435.1"",""GCF_055502585.1"",""GCF_055755075.1"",""GCF_056269605.1"",""GCF_056676095.1"",""GCF_057786735.1"",""GCF_058111805.1"",""GCF_059089415.1"",""GCF_060305805.1"",""GCF_060307215.1"",""GCF_900016205.1"",""GCF_900094835.1"",""GCF_900240275.1"",""GCF_900519455.1"",""GCF_900519475.1"",""GCF_900636965.1"",""GCF_903885985.1"",""GCF_903886345.1"",""GCF_903886475.1"",""GCF_903891025.1"",""GCF_903891205.1"",""GCF_947539375.1"",""GCF_963243495.1"",""GCF_963281025.1"",""GCF_964063315.1"",""GCF_965136965.1"",""GCF_965286035.1"",""GCF_965286295.1"",""GCF_965286585.1"",""GCF_982267005.1""]"	root/1/1/1/1/1/1/1/0/0/1/0/0/1/1	"[""root/1/1/1/1/1/1/1/0/0/1/0/0/1/1""]"	"[{""node"":""root/1/1/1/1/1/1/1/0/0/1/0/0/1/1"",""length_coalescent_units"":0.2876820724517809}]"	0.6	0.0	0.4	3.0	0.0	2.0	0.6666666666666666	0.08130081300813016	0.2520325203252032	193	5.0
10f673a0d1e5c667198629a6230563bd3f748d1a56a9c80194c456b6cdb2e98f	"[""GCF_000269925.1"",""GCF_000269945.1""]"	"[""GCF_000009425.1"",""GCF_000010145.1"",""GCF_000011045.1"",""GCF_000014385.1"",""GCF_000014425.1"",""GCF_000014445.1"",""GCF_000014505.1"",""GCF_000014545.1"",""GCF_000015385.1"",""GCF_000016825.1"",""GCF_000023085.1"",""GCF_000025045.1"",""GCF_000026405.1"",""GCF_000092505.1"",""GCF_000148815.2"",""GCF_000155515.2"",""GCF_000160835.1"",""GCF_000203855.3"",""GCF_000237995.1"",""GCF_000241055.1"",""GCF_000298875.1"",""GCF_000468955.1"",""GCF_000691805.2"",""GCF_001434365.1"",""GCF_001434705.1"",""GCF_001435245.1"",""GCF_001436135.1"",""GCF_001436905.1"",""GCF_001437055.1"",""GCF_001437425.1"",""GCF_001438705.1"",""GCF_001536305.1"",""GCF_001618285.1"",""GCF_001702215.1"",""GCF_001702235.1"",""GCF_001752505.1"",""GCF_001752515.1"",""GCF_001752545.1"",""GCF_001761545.1"",""GCF_001767275.1"",""GCF_001888925.1"",""GCF_001891125.1"",""GCF_001932615.1"",""GCF_001998805.1"",""GCF_002174215.1"",""GCF_002950695.1"",""GCF_002970915.1"",""GCF_002970935.1"",""GCF_003150935.1"",""GCF_003151025.1"",""GCF_003173695.1"",""GCF_003176835.1"",""GCF_003264795.1"",""GCF_003584685.1"",""GCF_003641185.1"",""GCF_003722275.1"",""GCF_003999355.1"",""GCF_004354645.1"",""GCF_004377635.1"",""GCF_005405405.1"",""GCF_005405465.1"",""GCF_007954605.1"",""GCF_007954785.1"",""GCF_008107645.1"",""GCF_008831485.1"",""GCF_009184845.1"",""GCF_009856565.1"",""GCF_009913655.1"",""GCF_009913995.1"",""GCF_009914015.1"",""GCF_009914035.1"",""GCF_010092385.1"",""GCF_011058775.1"",""GCF_011304355.1"",""GCF_013113695.1"",""GCF_013407595.1"",""GCF_014131735.1"",""GCF_014145545.1"",""GCF_014145555.1"",""GCF_014145615.1"",""GCF_014397255.1"",""GCF_014656585.1"",""GCF_014789145.1"",""GCF_016127255.1"",""GCF_016127815.1"",""GCF_016647595.1"",""GCF_016919665.1"",""GCF_017068355.1"",""GCF_017894345.1"",""GCF_018394055.1"",""GCF_018502505.1"",""GCF_019448175.1"",""GCF_019469265.1"",""GCF_019576155.1"",""GCF_019797825.1"",""GCF_020510245.1"",""GCF_020784695.1"",""GCF_020844005.1"",""GCF_021378055.1"",""GCF_023169905.1"",""GCF_023499275.1"",""GCF_023920145.1"",""GCF_024334065.1"",""GCF_024397795.1"",""GCF_024718545.1"",""GCF_025311495.1"",""GCF_025490915.1"",""GCF_025739325.1"",""GCF_025948295.1"",""GCF_026222675.1"",""GCF_028607025.1"",""GCF_028621815.1"",""GCF_028736235.1"",""GCF_029025825.1"",""GCF_029726355.1"",""GCF_029854335.1"",""GCF_029866985.1"",""GCF_030480545.1"",""GCF_030770265.1"",""GCF_030770295.1"",""GCF_030770335.1"",""GCF_032762665.1"",""GCF_033142085.1"",""GCF_033570435.1"",""GCF_034703025.1"",""GCF_035985965.1"",""GCF_036246165.1"",""GCF_036246185.1"",""GCF_036246225.1"",""GCF_036327715.1"",""GCF_037290055.1"",""GCF_037891785.1"",""GCF_037892375.1"",""GCF_038049945.1"",""GCF_039645515.1"",""GCF_039645575.1"",""GCF_039783225.1"",""GCF_039783785.1"",""GCF_039955095.1"",""GCF_041225485.1"",""GCF_041225605.1"",""GCF_041281755.1"",""GCF_041509385.1"",""GCF_041514285.1"",""GCF_041514295.1"",""GCF_041893975.1"",""GCF_042847315.1"",""GCF_042997415.1"",""GCF_045760565.1"",""GCF_045801155.1"",""GCF_045862825.1"",""GCF_046109915.1"",""GCF_047344935.1"",""GCF_050407965.1"",""GCF_050847345.1"",""GCF_051098045.1"",""GCF_052569745.1"",""GCF_052570115.1"",""GCF_052571685.1"",""GCF_054073565.1"",""GCF_054331775.1"",""GCF_054452875.2"",""GCF_054784775.1"",""GCF_054785075.1"",""GCF_055180435.1"",""GCF_055502585.1"",""GCF_055755075.1"",""GCF_056269605.1"",""GCF_056676095.1"",""GCF_057786735.1"",""GCF_058111805.1"",""GCF_059089415.1"",""GCF_060305805.1"",""GCF_060307215.1"",""GCF_900016205.1"",""GCF_900094835.1"",""GCF_900240275.1"",""GCF_900519455.1"",""GCF_900519475.1"",""GCF_900636965.1"",""GCF_903885985.1"",""GCF_903886345.1"",""GCF_903886475.1"",""GCF_903891025.1"",""GCF_903891205.1"",""GCF_947539375.1"",""GCF_963243495.1"",""GCF_963281025.1"",""GCF_964063315.1"",""GCF_965136965.1"",""GCF_965286035.1"",""GCF_965286295.1"",""GCF_965286585.1"",""GCF_982267005.1""]"	root/1/1/1/1/1/1/0/1/1/0	"[""root/1/1/1/1/1/1/0/1/1/0""]"	"[{""node"":""root/1/1/1/1/1/1/0/1/1/0"",""length_coalescent_units"":0.2876820724517809}]"	0.6	0.0	0.4	3.0	0.0	2.0	0.6666666666666666	0.08130081300813016	0.2520325203252032	573	5.0
4feb39c0bf8b43d16f29dfa306ff1d23663814ec0bfab7e9db4568cf54142967	"[""GCF_000269925.1"",""GCF_000269945.1"",""GCF_023499275.1"",""GCF_037891785.1"",""GCF_037892375.1"",""GCF_039645515.1"",""GCF_039645575.1""]"	"[""GCF_000009425.1"",""GCF_000010145.1"",""GCF_000011045.1"",""GCF_000014385.1"",""GCF_000014425.1"",""GCF_000014445.1"",""GCF_000014505.1"",""GCF_000014545.1"",""GCF_000015385.1"",""GCF_000016825.1"",""GCF_000023085.1"",""GCF_000025045.1"",""GCF_000026405.1"",""GCF_000092505.1"",""GCF_000148815.2"",""GCF_000155515.2"",""GCF_000160835.1"",""GCF_000203855.3"",""GCF_000237995.1"",""GCF_000241055.1"",""GCF_000298875.1"",""GCF_000468955.1"",""GCF_000691805.2"",""GCF_001434365.1"",""GCF_001434705.1"",""GCF_001435245.1"",""GCF_001436135.1"",""GCF_001436905.1"",""GCF_001437055.1"",""GCF_001437425.1"",""GCF_001438705.1"",""GCF_001536305.1"",""GCF_001618285.1"",""GCF_001702215.1"",""GCF_001702235.1"",""GCF_001752505.1"",""GCF_001752515.1"",""GCF_001752545.1"",""GCF_001761545.1"",""GCF_001767275.1"",""GCF_001888925.1"",""GCF_001891125.1"",""GCF_001932615.1"",""GCF_001998805.1"",""GCF_002174215.1"",""GCF_002950695.1"",""GCF_002970915.1"",""GCF_002970935.1"",""GCF_003150935.1"",""GCF_003151025.1"",""GCF_003173695.1"",""GCF_003176835.1"",""GCF_003264795.1"",""GCF_003584685.1"",""GCF_003641185.1"",""GCF_003722275.1"",""GCF_003999355.1"",""GCF_004354645.1"",""GCF_004377635.1"",""GCF_005405405.1"",""GCF_005405465.1"",""GCF_007954605.1"",""GCF_007954785.1"",""GCF_008107645.1"",""GCF_008831485.1"",""GCF_009184845.1"",""GCF_009856565.1"",""GCF_009913655.1"",""GCF_009913995.1"",""GCF_009914015.1"",""GCF_009914035.1"",""GCF_010092385.1"",""GCF_011058775.1"",""GCF_011304355.1"",""GCF_013113695.1"",""GCF_013407595.1"",""GCF_014131735.1"",""GCF_014145545.1"",""GCF_014145555.1"",""GCF_014145615.1"",""GCF_014397255.1"",""GCF_014656585.1"",""GCF_014789145.1"",""GCF_016127255.1"",""GCF_016127815.1"",""GCF_016647595.1"",""GCF_016919665.1"",""GCF_017068355.1"",""GCF_017894345.1"",""GCF_018394055.1"",""GCF_018502505.1"",""GCF_019448175.1"",""GCF_019469265.1"",""GCF_019576155.1"",""GCF_019797825.1"",""GCF_020510245.1"",""GCF_020784695.1"",""GCF_020844005.1"",""GCF_021378055.1"",""GCF_023169905.1"",""GCF_023920145.1"",""GCF_024334065.1"",""GCF_024397795.1"",""GCF_024718545.1"",""GCF_025311495.1"",""GCF_025490915.1"",""GCF_025739325.1"",""GCF_025948295.1"",""GCF_026222675.1"",""GCF_028607025.1"",""GCF_028621815.1"",""GCF_028736235.1"",""GCF_029025825.1"",""GCF_029726355.1"",""GCF_029854335.1"",""GCF_029866985.1"",""GCF_030480545.1"",""GCF_030770265.1"",""GCF_030770295.1"",""GCF_030770335.1"",""GCF_032762665.1"",""GCF_033142085.1"",""GCF_033570435.1"",""GCF_034703025.1"",""GCF_035985965.1"",""GCF_036246165.1"",""GCF_036246185.1"",""GCF_036246225.1"",""GCF_036327715.1"",""GCF_037290055.1"",""GCF_038049945.1"",""GCF_039783225.1"",""GCF_039783785.1"",""GCF_039955095.1"",""GCF_041225485.1"",""GCF_041225605.1"",""GCF_041281755.1"",""GCF_041509385.1"",""GCF_041514285.1"",""GCF_041514295.1"",""GCF_041893975.1"",""GCF_042847315.1"",""GCF_042997415.1"",""GCF_045760565.1"",""GCF_045801155.1"",""GCF_045862825.1"",""GCF_046109915.1"",""GCF_047344935.1"",""GCF_050407965.1"",""GCF_050847345.1"",""GCF_051098045.1"",""GCF_052569745.1"",""GCF_052570115.1"",""GCF_052571685.1"",""GCF_054073565.1"",""GCF_054331775.1"",""GCF_054452875.2"",""GCF_054784775.1"",""GCF_054785075.1"",""GCF_055180435.1"",""GCF_055502585.1"",""GCF_055755075.1"",""GCF_056269605.1"",""GCF_056676095.1"",""GCF_057786735.1"",""GCF_058111805.1"",""GCF_059089415.1"",""GCF_060305805.1"",""GCF_060307215.1"",""GCF_900016205.1"",""GCF_900094835.1"",""GCF_900240275.1"",""GCF_900519455.1"",""GCF_900519475.1"",""GCF_900636965.1"",""GCF_903885985.1"",""GCF_903886345.1"",""GCF_903886475.1"",""GCF_903891025.1"",""GCF_903891205.1"",""GCF_947539375.1"",""GCF_963243495.1"",""GCF_963281025.1"",""GCF_964063315.1"",""GCF_965136965.1"",""GCF_965286035.1"",""GCF_965286295.1"",""GCF_965286585.1"",""GCF_982267005.1""]"	root/1/1/1/1/1/1/0/1	"[""root/1/1/1/1/1/1/0/1""]"	"[{""node"":""root/1/1/1/1/1/1/0/1"",""length_coalescent_units"":0.6931471805599453}]"	0.8	0.2	0.0	4.0	1.0	0.0	0.9322916666666666	0.0416666666666667	0.026041666666666696	5580	5.0
6903d8be62aaed8b599d2f86c61d4d3383867392980e59177455fd6bbdc9db3d	"[""GCF_000269925.1"",""GCF_000269945.1"",""GCF_023499275.1"",""GCF_037891785.1"",""GCF_037892375.1"",""GCF_039645515.1"",""GCF_039645575.1"",""GCF_041225485.1"",""GCF_041225605.1"",""GCF_045760565.1""]"	"[""GCF_000009425.1"",""GCF_000010145.1"",""GCF_000011045.1"",""GCF_000014385.1"",""GCF_000014425.1"",""GCF_000014445.1"",""GCF_000014505.1"",""GCF_000014545.1"",""GCF_000015385.1"",""GCF_000016825.1"",""GCF_000023085.1"",""GCF_000025045.1"",""GCF_000026405.1"",""GCF_000092505.1"",""GCF_000148815.2"",""GCF_000155515.2"",""GCF_000160835.1"",""GCF_000203855.3"",""GCF_000237995.1"",""GCF_000241055.1"",""GCF_000298875.1"",""GCF_000468955.1"",""GCF_000691805.2"",""GCF_001434365.1"",""GCF_001434705.1"",""GCF_001435245.1"",""GCF_001436135.1"",""GCF_001436905.1"",""GCF_001437055.1"",""GCF_001437425.1"",""GCF_001438705.1"",""GCF_001536305.1"",""GCF_001618285.1"",""GCF_001702215.1"",""GCF_001702235.1"",""GCF_001752505.1"",""GCF_001752515.1"",""GCF_001752545.1"",""GCF_001761545.1"",""GCF_001767275.1"",""GCF_001888925.1"",""GCF_001891125.1"",""GCF_001932615.1"",""GCF_001998805.1"",""GCF_002174215.1"",""GCF_002950695.1"",""GCF_002970915.1"",""GCF_002970935.1"",""GCF_003150935.1"",""GCF_003151025.1"",""GCF_003173695.1"",""GCF_003176835.1"",""GCF_003264795.1"",""GCF_003584685.1"",""GCF_003641185.1"",""GCF_003722275.1"",""GCF_003999355.1"",""GCF_004354645.1"",""GCF_004377635.1"",""GCF_005405405.1"",""GCF_005405465.1"",""GCF_007954605.1"",""GCF_007954785.1"",""GCF_008107645.1"",""GCF_008831485.1"",""GCF_009184845.1"",""GCF_009856565.1"",""GCF_009913655.1"",""GCF_009913995.1"",""GCF_009914015.1"",""GCF_009914035.1"",""GCF_010092385.1"",""GCF_011058775.1"",""GCF_011304355.1"",""GCF_013113695.1"",""GCF_013407595.1"",""GCF_014131735.1"",""GCF_014145545.1"",""GCF_014145555.1"",""GCF_014145615.1"",""GCF_014397255.1"",""GCF_014656585.1"",""GCF_014789145.1"",""GCF_016127255.1"",""GCF_016127815.1"",""GCF_016647595.1"",""GCF_016919665.1"",""GCF_017068355.1"",""GCF_017894345.1"",""GCF_018394055.1"",""GCF_018502505.1"",""GCF_019448175.1"",""GCF_019469265.1"",""GCF_019576155.1"",""GCF_019797825.1"",""GCF_020510245.1"",""GCF_020784695.1"",""GCF_020844005.1"",""GCF_021378055.1"",""GCF_023169905.1"",""GCF_023920145.1"",""GCF_024334065.1"",""GCF_024397795.1"",""GCF_024718545.1"",""GCF_025311495.1"",""GCF_025490915.1"",""GCF_025739325.1"",""GCF_025948295.1"",""GCF_026222675.1"",""GCF_028607025.1"",""GCF_028621815.1"",""GCF_028736235.1"",""GCF_029025825.1"",""GCF_029726355.1"",""GCF_029854335.1"",""GCF_029866985.1"",""GCF_030480545.1"",""GCF_030770265.1"",""GCF_030770295.1"",""GCF_030770335.1"",""GCF_032762665.1"",""GCF_033142085.1"",""GCF_033570435.1"",""GCF_034703025.1"",""GCF_035985965.1"",""GCF_036246165.1"",""GCF_036246185.1"",""GCF_036246225.1"",""GCF_036327715.1"",""GCF_037290055.1"",""GCF_038049945.1"",""GCF_039783225.1"",""GCF_039783785.1"",""GCF_039955095.1"",""GCF_041281755.1"",""GCF_041509385.1"",""GCF_041514285.1"",""GCF_041514295.1"",""GCF_041893975.1"",""GCF_042847315.1"",""GCF_042997415.1"",""GCF_045801155.1"",""GCF_045862825.1"",""GCF_046109915.1"",""GCF_047344935.1"",""GCF_050407965.1"",""GCF_050847345.1"",""GCF_051098045.1"",""GCF_052569745.1"",""GCF_052570115.1"",""GCF_052571685.1"",""GCF_054073565.1"",""GCF_054331775.1"",""GCF_054452875.2"",""GCF_054784775.1"",""GCF_054785075.1"",""GCF_055180435.1"",""GCF_055502585.1"",""GCF_055755075.1"",""GCF_056269605.1"",""GCF_056676095.1"",""GCF_057786735.1"",""GCF_058111805.1"",""GCF_059089415.1"",""GCF_060305805.1"",""GCF_060307215.1"",""GCF_900016205.1"",""GCF_900094835.1"",""GCF_900240275.1"",""GCF_900519455.1"",""GCF_900519475.1"",""GCF_900636965.1"",""GCF_903885985.1"",""GCF_903886345.1"",""GCF_903886475.1"",""GCF_903891025.1"",""GCF_903891205.1"",""GCF_947539375.1"",""GCF_963243495.1"",""GCF_963281025.1"",""GCF_964063315.1"",""GCF_965136965.1"",""GCF_965286035.1"",""GCF_965286295.1"",""GCF_965286585.1"",""GCF_982267005.1""]"	root/1/1/1/1/1/1/0	"[""root/1/1/1/1/1/1/0""]"	"[{""node"":""root/1/1/1/1/1/1/0"",""length_coalescent_units"":1.3862943611198908}]"	1.0	0.0	0.0	5.0	0.0	0.0	0.9945355191256833	0.002732240437158474	0.002732240437158474	47229	5.0
ebb9d880eb3fc7e75e2655b0faad9d6f468c0c6bd33f2ce1660da59790c72744	"[""GCF_000269925.1"",""GCF_000269945.1"",""GCF_023499275.1"",""GCF_037891785.1"",""GCF_039645515.1""]"	"[""GCF_000009425.1"",""GCF_000010145.1"",""GCF_000011045.1"",""GCF_000014385.1"",""GCF_000014425.1"",""GCF_000014445.1"",""GCF_000014505.1"",""GCF_000014545.1"",""GCF_000015385.1"",""GCF_000016825.1"",""GCF_000023085.1"",""GCF_000025045.1"",""GCF_000026405.1"",""GCF_000092505.1"",""GCF_000148815.2"",""GCF_000155515.2"",""GCF_000160835.1"",""GCF_000203855.3"",""GCF_000237995.1"",""GCF_000241055.1"",""GCF_000298875.1"",""GCF_000468955.1"",""GCF_000691805.2"",""GCF_001434365.1"",""GCF_001434705.1"",""GCF_001435245.1"",""GCF_001436135.1"",""GCF_001436905.1"",""GCF_001437055.1"",""GCF_001437425.1"",""GCF_001438705.1"",""GCF_001536305.1"",""GCF_001618285.1"",""GCF_001702215.1"",""GCF_001702235.1"",""GCF_001752505.1"",""GCF_001752515.1"",""GCF_001752545.1"",""GCF_001761545.1"",""GCF_001767275.1"",""GCF_001888925.1"",""GCF_001891125.1"",""GCF_001932615.1"",""GCF_001998805.1"",""GCF_002174215.1"",""GCF_002950695.1"",""GCF_002970915.1"",""GCF_002970935.1"",""GCF_003150935.1"",""GCF_003151025.1"",""GCF_003173695.1"",""GCF_003176835.1"",""GCF_003264795.1"",""GCF_003584685.1"",""GCF_003641185.1"",""GCF_003722275.1"",""GCF_003999355.1"",""GCF_004354645.1"",""GCF_004377635.1"",""GCF_005405405.1"",""GCF_005405465.1"",""GCF_007954605.1"",""GCF_007954785.1"",""GCF_008107645.1"",""GCF_008831485.1"",""GCF_009184845.1"",""GCF_009856565.1"",""GCF_009913655.1"",""GCF_009913995.1"",""GCF_009914015.1"",""GCF_009914035.1"",""GCF_010092385.1"",""GCF_011058775.1"",""GCF_011304355.1"",""GCF_013113695.1"",""GCF_013407595.1"",""GCF_014131735.1"",""GCF_014145545.1"",""GCF_014145555.1"",""GCF_014145615.1"",""GCF_014397255.1"",""GCF_014656585.1"",""GCF_014789145.1"",""GCF_016127255.1"",""GCF_016127815.1"",""GCF_016647595.1"",""GCF_016919665.1"",""GCF_017068355.1"",""GCF_017894345.1"",""GCF_018394055.1"",""GCF_018502505.1"",""GCF_019448175.1"",""GCF_019469265.1"",""GCF_019576155.1"",""GCF_019797825.1"",""GCF_020510245.1"",""GCF_020784695.1"",""GCF_020844005.1"",""GCF_021378055.1"",""GCF_023169905.1"",""GCF_023920145.1"",""GCF_024334065.1"",""GCF_024397795.1"",""GCF_024718545.1"",""GCF_025311495.1"",""GCF_025490915.1"",""GCF_025739325.1"",""GCF_025948295.1"",""GCF_026222675.1"",""GCF_028607025.1"",""GCF_028621815.1"",""GCF_028736235.1"",""GCF_029025825.1"",""GCF_029726355.1"",""GCF_029854335.1"",""GCF_029866985.1"",""GCF_030480545.1"",""GCF_030770265.1"",""GCF_030770295.1"",""GCF_030770335.1"",""GCF_032762665.1"",""GCF_033142085.1"",""GCF_033570435.1"",""GCF_034703025.1"",""GCF_035985965.1"",""GCF_036246165.1"",""GCF_036246185.1"",""GCF_036246225.1"",""GCF_036327715.1"",""GCF_037290055.1"",""GCF_037892375.1"",""GCF_038049945.1"",""GCF_039645575.1"",""GCF_039783225.1"",""GCF_039783785.1"",""GCF_039955095.1"",""GCF_041225485.1"",""GCF_041225605.1"",""GCF_041281755.1"",""GCF_041509385.1"",""GCF_041514285.1"",""GCF_041514295.1"",""GCF_041893975.1"",""GCF_042847315.1"",""GCF_042997415.1"",""GCF_045760565.1"",""GCF_045801155.1"",""GCF_045862825.1"",""GCF_046109915.1"",""GCF_047344935.1"",""GCF_050407965.1"",""GCF_050847345.1"",""GCF_051098045.1"",""GCF_052569745.1"",""GCF_052570115.1"",""GCF_052571685.1"",""GCF_054073565.1"",""GCF_054331775.1"",""GCF_054452875.2"",""GCF_054784775.1"",""GCF_054785075.1"",""GCF_055180435.1"",""GCF_055502585.1"",""GCF_055755075.1"",""GCF_056269605.1"",""GCF_056676095.1"",""GCF_057786735.1"",""GCF_058111805.1"",""GCF_059089415.1"",""GCF_060305805.1"",""GCF_060307215.1"",""GCF_900016205.1"",""GCF_900094835.1"",""GCF_900240275.1"",""GCF_900519455.1"",""GCF_900519475.1"",""GCF_900636965.1"",""GCF_903885985.1"",""GCF_903886345.1"",""GCF_903886475.1"",""GCF_903891025.1"",""GCF_903891205.1"",""GCF_947539375.1"",""GCF_963243495.1"",""GCF_963281025.1"",""GCF_964063315.1"",""GCF_965136965.1"",""GCF_965286035.1"",""GCF_965286295.1"",""GCF_965286585.1"",""GCF_982267005.1""]"	root/1/1/1/1/1/1/0/1/1	"[""root/1/1/1/1/1/1/0/1/1""]"	"[{""node"":""root/1/1/1/1/1/1/0/1/1"",""length_coalescent_units"":0.6931471805599453}]"	0.8	0.2	0.0	4.0	1.0	0.0	0.9322916666666666	0.0416666666666667	0.026041666666666696	2268	5.0
45be019d8f2cc619ddfad7a16263e8b126a266a2c91fe6190d9d8e95783f5953	"[""GCF_000298875.1"",""GCF_001536305.1"",""GCF_900016205.1""]"	"[""GCF_000009425.1"",""GCF_000010145.1"",""GCF_000011045.1"",""GCF_000014385.1"",""GCF_000014425.1"",""GCF_000014445.1"",""GCF_000014505.1"",""GCF_000014545.1"",""GCF_000015385.1"",""GCF_000016825.1"",""GCF_000023085.1"",""GCF_000025045.1"",""GCF_000026405.1"",""GCF_000092505.1"",""GCF_000148815.2"",""GCF_000155515.2"",""GCF_000160835.1"",""GCF_000203855.3"",""GCF_000237995.1"",""GCF_000241055.1"",""GCF_000269925.1"",""GCF_000269945.1"",""GCF_000468955.1"",""GCF_000691805.2"",""GCF_001434365.1"",""GCF_001434705.1"",""GCF_001435245.1"",""GCF_001436135.1"",""GCF_001436905.1"",""GCF_001437055.1"",""GCF_001437425.1"",""GCF_001438705.1"",""GCF_001618285.1"",""GCF_001702215.1"",""GCF_001702235.1"",""GCF_001752505.1"",""GCF_001752515.1"",""GCF_001752545.1"",""GCF_001761545.1"",""GCF_001767275.1"",""GCF_001888925.1"",""GCF_001891125.1"",""GCF_001932615.1"",""GCF_001998805.1"",""GCF_002174215.1"",""GCF_002950695.1"",""GCF_002970915.1"",""GCF_002970935.1"",""GCF_003150935.1"",""GCF_003151025.1"",""GCF_003173695.1"",""GCF_003176835.1"",""GCF_003264795.1"",""GCF_003584685.1"",""GCF_003641185.1"",""GCF_003722275.1"",""GCF_003999355.1"",""GCF_004354645.1"",""GCF_004377635.1"",""GCF_005405405.1"",""GCF_005405465.1"",""GCF_007954605.1"",""GCF_007954785.1"",""GCF_008107645.1"",""GCF_008831485.1"",""GCF_009184845.1"",""GCF_009856565.1"",""GCF_009913655.1"",""GCF_009913995.1"",""GCF_009914015.1"",""GCF_009914035.1"",""GCF_010092385.1"",""GCF_011058775.1"",""GCF_011304355.1"",""GCF_013113695.1"",""GCF_013407595.1"",""GCF_014131735.1"",""GCF_014145545.1"",""GCF_014145555.1"",""GCF_014145615.1"",""GCF_014397255.1"",""GCF_014656585.1"",""GCF_014789145.1"",""GCF_016127255.1"",""GCF_016127815.1"",""GCF_016647595.1"",""GCF_016919665.1"",""GCF_017068355.1"",""GCF_017894345.1"",""GCF_018394055.1"",""GCF_018502505.1"",""GCF_019448175.1"",""GCF_019469265.1"",""GCF_019576155.1"",""GCF_019797825.1"",""GCF_020510245.1"",""GCF_020784695.1"",""GCF_020844005.1"",""GCF_021378055.1"",""GCF_023169905.1"",""GCF_023499275.1"",""GCF_023920145.1"",""GCF_024334065.1"",""GCF_024397795.1"",""GCF_024718545.1"",""GCF_025311495.1"",""GCF_025490915.1"",""GCF_025739325.1"",""GCF_025948295.1"",""GCF_026222675.1"",""GCF_028607025.1"",""GCF_028621815.1"",""GCF_028736235.1"",""GCF_029025825.1"",""GCF_029726355.1"",""GCF_029854335.1"",""GCF_029866985.1"",""GCF_030480545.1"",""GCF_030770265.1"",""GCF_030770295.1"",""GCF_030770335.1"",""GCF_032762665.1"",""GCF_033142085.1"",""GCF_033570435.1"",""GCF_034703025.1"",""GCF_035985965.1"",""GCF_036246165.1"",""GCF_036246185.1"",""GCF_036246225.1"",""GCF_036327715.1"",""GCF_037290055.1"",""GCF_037891785.1"",""GCF_037892375.1"",""GCF_038049945.1"",""GCF_039645515.1"",""GCF_039645575.1"",""GCF_039783225.1"",""GCF_039783785.1"",""GCF_039955095.1"",""GCF_041225485.1"",""GCF_041225605.1"",""GCF_041281755.1"",""GCF_041509385.1"",""GCF_041514285.1"",""GCF_041514295.1"",""GCF_041893975.1"",""GCF_042847315.1"",""GCF_042997415.1"",""GCF_045760565.1"",""GCF_045801155.1"",""GCF_045862825.1"",""GCF_046109915.1"",""GCF_047344935.1"",""GCF_050407965.1"",""GCF_050847345.1"",""GCF_051098045.1"",""GCF_052569745.1"",""GCF_052570115.1"",""GCF_052571685.1"",""GCF_054073565.1"",""GCF_054331775.1"",""GCF_054452875.2"",""GCF_054784775.1"",""GCF_054785075.1"",""GCF_055180435.1"",""GCF_055502585.1"",""GCF_055755075.1"",""GCF_056269605.1"",""GCF_056676095.1"",""GCF_057786735.1"",""GCF_058111805.1"",""GCF_059089415.1"",""GCF_060305805.1"",""GCF_060307215.1"",""GCF_900094835.1"",""GCF_900240275.1"",""GCF_900519455.1"",""GCF_900519475.1"",""GCF_900636965.1"",""GCF_903885985.1"",""GCF_903886345.1"",""GCF_903886475.1"",""GCF_903891025.1"",""GCF_903891205.1"",""GCF_947539375.1"",""GCF_963243495.1"",""GCF_963281025.1"",""GCF_964063315.1"",""GCF_965136965.1"",""GCF_965286035.1"",""GCF_965286295.1"",""GCF_965286585.1"",""GCF_982267005.1""]"	root/1/1/1/1/1/1/1/0/0/1/1/1/1/1/1/1/1/1	"[""root/1/1/1/1/1/1/1/0/0/1/1/1/1/1/1/1/1/1""]"	"[{""node"":""root/1/1/1/1/1/1/1/0/0/1/1/1/1/1/1/1/1/1"",""length_coalescent_units"":1.2039728043259361}]"	1.0	0.0	0.0	4.0	0.0	0.0	0.9837398373983739	0.008130081300813014	0.008130081300813014	384	4.0
6c285a3c1f4a0ece94a6efa80e67b7d6267af8c19439ca4d583972763111eec8	"[""GCF_000691805.2"",""GCF_001437425.1"",""GCF_001438705.1"",""GCF_001761545.1"",""GCF_001932615.1"",""GCF_002950695.1"",""GCF_005405465.1"",""GCF_011304355.1"",""GCF_014397255.1"",""GCF_014789145.1"",""GCF_018394055.1"",""GCF_018502505.1"",""GCF_019576155.1"",""GCF_024718545.1"",""GCF_036327715.1"",""GCF_041281755.1"",""GCF_054073565.1"",""GCF_900094835.1""]"	"[""GCF_000009425.1"",""GCF_000010145.1"",""GCF_000011045.1"",""GCF_000014385.1"",""GCF_000014425.1"",""GCF_000014445.1"",""GCF_000014505.1"",""GCF_000014545.1"",""GCF_000015385.1"",""GCF_000016825.1"",""GCF_000023085.1"",""GCF_000025045.1"",""GCF_000026405.1"",""GCF_000092505.1"",""GCF_000148815.2"",""GCF_000155515.2"",""GCF_000160835.1"",""GCF_000203855.3"",""GCF_000237995.1"",""GCF_000241055.1"",""GCF_000269925.1"",""GCF_000269945.1"",""GCF_000298875.1"",""GCF_000468955.1"",""GCF_001434365.1"",""GCF_001434705.1"",""GCF_001435245.1"",""GCF_001436135.1"",""GCF_001436905.1"",""GCF_001437055.1"",""GCF_001536305.1"",""GCF_001618285.1"",""GCF_001702215.1"",""GCF_001702235.1"",""GCF_001752505.1"",""GCF_001752515.1"",""GCF_001752545.1"",""GCF_001767275.1"",""GCF_001888925.1"",""GCF_001891125.1"",""GCF_001998805.1"",""GCF_002174215.1"",""GCF_002970915.1"",""GCF_002970935.1"",""GCF_003150935.1"",""GCF_003151025.1"",""GCF_003173695.1"",""GCF_003176835.1"",""GCF_003264795.1"",""GCF_003584685.1"",""GCF_003641185.1"",""GCF_003722275.1"",""GCF_003999355.1"",""GCF_004354645.1"",""GCF_004377635.1"",""GCF_005405405.1"",""GCF_007954605.1"",""GCF_007954785.1"",""GCF_008107645.1"",""GCF_008831485.1"",""GCF_009184845.1"",""GCF_009856565.1"",""GCF_009913655.1"",""GCF_009913995.1"",""GCF_009914015.1"",""GCF_009914035.1"",""GCF_010092385.1"",""GCF_011058775.1"",""GCF_013113695.1"",""GCF_013407595.1"",""GCF_014131735.1"",""GCF_014145545.1"",""GCF_014145555.1"",""GCF_014145615.1"",""GCF_014656585.1"",""GCF_016127255.1"",""GCF_016127815.1"",""GCF_016647595.1"",""GCF_016919665.1"",""GCF_017068355.1"",""GCF_017894345.1"",""GCF_019448175.1"",""GCF_019469265.1"",""GCF_019797825.1"",""GCF_020510245.1"",""GCF_020784695.1"",""GCF_020844005.1"",""GCF_021378055.1"",""GCF_023169905.1"",""GCF_023499275.1"",""GCF_023920145.1"",""GCF_024334065.1"",""GCF_024397795.1"",""GCF_025311495.1"",""GCF_025490915.1"",""GCF_025739325.1"",""GCF_025948295.1"",""GCF_026222675.1"",""GCF_028607025.1"",""GCF_028621815.1"",""GCF_028736235.1"",""GCF_029025825.1"",""GCF_029726355.1"",""GCF_029854335.1"",""GCF_029866985.1"",""GCF_030480545.1"",""GCF_030770265.1"",""GCF_030770295.1"",""GCF_030770335.1"",""GCF_032762665.1"",""GCF_033142085.1"",""GCF_033570435.1"",""GCF_034703025.1"",""GCF_035985965.1"",""GCF_036246165.1"",""GCF_036246185.1"",""GCF_036246225.1"",""GCF_037290055.1"",""GCF_037891785.1"",""GCF_037892375.1"",""GCF_038049945.1"",""GCF_039645515.1"",""GCF_039645575.1"",""GCF_039783225.1"",""GCF_039783785.1"",""GCF_039955095.1"",""GCF_041225485.1"",""GCF_041225605.1"",""GCF_041509385.1"",""GCF_041514285.1"",""GCF_041514295.1"",""GCF_041893975.1"",""GCF_042847315.1"",""GCF_042997415.1"",""GCF_045760565.1"",""GCF_045801155.1"",""GCF_045862825.1"",""GCF_046109915.1"",""GCF_047344935.1"",""GCF_050407965.1"",""GCF_050847345.1"",""GCF_051098045.1"",""GCF_052569745.1"",""GCF_052570115.1"",""GCF_052571685.1"",""GCF_054331775.1"",""GCF_054452875.2"",""GCF_054784775.1"",""GCF_054785075.1"",""GCF_055180435.1"",""GCF_055502585.1"",""GCF_055755075.1"",""GCF_056269605.1"",""GCF_056676095.1"",""GCF_057786735.1"",""GCF_058111805.1"",""GCF_059089415.1"",""GCF_060305805.1"",""GCF_060307215.1"",""GCF_900016205.1"",""GCF_900240275.1"",""GCF_900519455.1"",""GCF_900519475.1"",""GCF_900636965.1"",""GCF_903885985.1"",""GCF_903886345.1"",""GCF_903886475.1"",""GCF_903891025.1"",""GCF_903891205.1"",""GCF_947539375.1"",""GCF_963243495.1"",""GCF_963281025.1"",""GCF_964063315.1"",""GCF_965136965.1"",""GCF_965286035.1"",""GCF_965286295.1"",""GCF_965286585.1"",""GCF_982267005.1""]"	root/1/1/1/1/1/1/1/0/0/0	"[""root/1/1/1/1/1/1/1/0/0/0""]"	"[{""node"":""root/1/1/1/1/1/1/1/0/0/0"",""length_coalescent_units"":1.3862943611198908}]"	1.0	0.0	0.0	5.0	0.0	0.0	0.9945355191256833	0.002732240437158474	0.002732240437158474	318240	5.0
210747ef700ef44b3c2a416fc2bceedaaaaa6fa3263b84cbf30858ac31d2d8ff	"[""GCF_000691805.2"",""GCF_001437425.1"",""GCF_001932615.1"",""GCF_005405465.1"",""GCF_014789145.1"",""GCF_018394055.1"",""GCF_018502505.1"",""GCF_019576155.1"",""GCF_024718545.1"",""GCF_036327715.1"",""GCF_041281755.1"",""GCF_054073565.1"",""GCF_900094835.1""]"	"[""GCF_000009425.1"",""GCF_000010145.1"",""GCF_000011045.1"",""GCF_000014385.1"",""GCF_000014425.1"",""GCF_000014445.1"",""GCF_000014505.1"",""GCF_000014545.1"",""GCF_000015385.1"",""GCF_000016825.1"",""GCF_000023085.1"",""GCF_000025045.1"",""GCF_000026405.1"",""GCF_000092505.1"",""GCF_000148815.2"",""GCF_000155515.2"",""GCF_000160835.1"",""GCF_000203855.3"",""GCF_000237995.1"",""GCF_000241055.1"",""GCF_000269925.1"",""GCF_000269945.1"",""GCF_000298875.1"",""GCF_000468955.1"",""GCF_001434365.1"",""GCF_001434705.1"",""GCF_001435245.1"",""GCF_001436135.1"",""GCF_001436905.1"",""GCF_001437055.1"",""GCF_001438705.1"",""GCF_001536305.1"",""GCF_001618285.1"",""GCF_001702215.1"",""GCF_001702235.1"",""GCF_001752505.1"",""GCF_001752515.1"",""GCF_001752545.1"",""GCF_001761545.1"",""GCF_001767275.1"",""GCF_001888925.1"",""GCF_001891125.1"",""GCF_001998805.1"",""GCF_002174215.1"",""GCF_002950695.1"",""GCF_002970915.1"",""GCF_002970935.1"",""GCF_003150935.1"",""GCF_003151025.1"",""GCF_003173695.1"",""GCF_003176835.1"",""GCF_003264795.1"",""GCF_003584685.1"",""GCF_003641185.1"",""GCF_003722275.1"",""GCF_003999355.1"",""GCF_004354645.1"",""GCF_004377635.1"",""GCF_005405405.1"",""GCF_007954605.1"",""GCF_007954785.1"",""GCF_008107645.1"",""GCF_008831485.1"",""GCF_009184845.1"",""GCF_009856565.1"",""GCF_009913655.1"",""GCF_009913995.1"",""GCF_009914015.1"",""GCF_009914035.1"",""GCF_010092385.1"",""GCF_011058775.1"",""GCF_011304355.1"",""GCF_013113695.1"",""GCF_013407595.1"",""GCF_014131735.1"",""GCF_014145545.1"",""GCF_014145555.1"",""GCF_014145615.1"",""GCF_014397255.1"",""GCF_014656585.1"",""GCF_016127255.1"",""GCF_016127815.1"",""GCF_016647595.1"",""GCF_016919665.1"",""GCF_017068355.1"",""GCF_017894345.1"",""GCF_019448175.1"",""GCF_019469265.1"",""GCF_019797825.1"",""GCF_020510245.1"",""GCF_020784695.1"",""GCF_020844005.1"",""GCF_021378055.1"",""GCF_023169905.1"",""GCF_023499275.1"",""GCF_023920145.1"",""GCF_024334065.1"",""GCF_024397795.1"",""GCF_025311495.1"",""GCF_025490915.1"",""GCF_025739325.1"",""GCF_025948295.1"",""GCF_026222675.1"",""GCF_028607025.1"",""GCF_028621815.1"",""GCF_028736235.1"",""GCF_029025825.1"",""GCF_029726355.1"",""GCF_029854335.1"",""GCF_029866985.1"",""GCF_030480545.1"",""GCF_030770265.1"",""GCF_030770295.1"",""GCF_030770335.1"",""GCF_032762665.1"",""GCF_033142085.1"",""GCF_033570435.1"",""GCF_034703025.1"",""GCF_035985965.1"",""GCF_036246165.1"",""GCF_036246185.1"",""GCF_036246225.1"",""GCF_037290055.1"",""GCF_037891785.1"",""GCF_037892375.1"",""GCF_038049945.1"",""GCF_039645515.1"",""GCF_039645575.1"",""GCF_039783225.1"",""GCF_039783785.1"",""GCF_039955095.1"",""GCF_041225485.1"",""GCF_041225605.1"",""GCF_041509385.1"",""GCF_041514285.1"",""GCF_041514295.1"",""GCF_041893975.1"",""GCF_042847315.1"",""GCF_042997415.1"",""GCF_045760565.1"",""GCF_045801155.1"",""GCF_045862825.1"",""GCF_046109915.1"",""GCF_047344935.1"",""GCF_050407965.1"",""GCF_050847345.1"",""GCF_051098045.1"",""GCF_052569745.1"",""GCF_052570115.1"",""GCF_052571685.1"",""GCF_054331775.1"",""GCF_054452875.2"",""GCF_054784775.1"",""GCF_054785075.1"",""GCF_055180435.1"",""GCF_055502585.1"",""GCF_055755075.1"",""GCF_056269605.1"",""GCF_056676095.1"",""GCF_057786735.1"",""GCF_058111805.1"",""GCF_059089415.1"",""GCF_060305805.1"",""GCF_060307215.1"",""GCF_900016205.1"",""GCF_900240275.1"",""GCF_900519455.1"",""GCF_900519475.1"",""GCF_900636965.1"",""GCF_903885985.1"",""GCF_903886345.1"",""GCF_903886475.1"",""GCF_903891025.1"",""GCF_903891205.1"",""GCF_947539375.1"",""GCF_963243495.1"",""GCF_963281025.1"",""GCF_964063315.1"",""GCF_965136965.1"",""GCF_965286035.1"",""GCF_965286295.1"",""GCF_965286585.1"",""GCF_982267005.1""]"	root/1/1/1/1/1/1/1/0/0/0/1	"[""root/1/1/1/1/1/1/1/0/0/0/1""]"	"[{""node"":""root/1/1/1/1/1/1/1/0/0/0/1"",""length_coalescent_units"":0.2876820724517809}]"	0.6	0.4	0.0	3.0	2.0	0.0	0.6666666666666666	0.2520325203252032	0.08130081300813016	10680	5.0
8f317c03445d108c9239b4b0eaac8f84cdf087c36fe243164ef5c5dd48e12995	"[""GCF_001434365.1"",""GCF_001435245.1""]"	"[""GCF_000009425.1"",""GCF_000010145.1"",""GCF_000011045.1"",""GCF_000014385.1"",""GCF_000014425.1"",""GCF_000014445.1"",""GCF_000014505.1"",""GCF_000014545.1"",""GCF_000015385.1"",""GCF_000016825.1"",""GCF_000023085.1"",""GCF_000025045.1"",""GCF_000026405.1"",""GCF_000092505.1"",""GCF_000148815.2"",""GCF_000155515.2"",""GCF_000160835.1"",""GCF_000203855.3"",""GCF_000237995.1"",""GCF_000241055.1"",""GCF_000269925.1"",""GCF_000269945.1"",""GCF_000298875.1"",""GCF_000468955.1"",""GCF_000691805.2"",""GCF_001434705.1"",""GCF_001436135.1"",""GCF_001436905.1"",""GCF_001437055.1"",""GCF_001437425.1"",""GCF_001438705.1"",""GCF_001536305.1"",""GCF_001618285.1"",""GCF_001702215.1"",""GCF_001702235.1"",""GCF_001752505.1"",""GCF_001752515.1"",""GCF_001752545.1"",""GCF_001761545.1"",""GCF_001767275.1"",""GCF_001888925.1"",""GCF_001891125.1"",""GCF_001932615.1"",""GCF_001998805.1"",""GCF_002174215.1"",""GCF_002950695.1"",""GCF_002970915.1"",""GCF_002970935.1"",""GCF_003150935.1"",""GCF_003151025.1"",""GCF_003173695.1"",""GCF_003176835.1"",""GCF_003264795.1"",""GCF_003584685.1"",""GCF_003641185.1"",""GCF_003722275.1"",""GCF_003999355.1"",""GCF_004354645.1"",""GCF_004377635.1"",""GCF_005405405.1"",""GCF_005405465.1"",""GCF_007954605.1"",""GCF_007954785.1"",""GCF_008107645.1"",""GCF_008831485.1"",""GCF_009184845.1"",""GCF_009856565.1"",""GCF_009913655.1"",""GCF_009913995.1"",""GCF_009914015.1"",""GCF_009914035.1"",""GCF_010092385.1"",""GCF_011058775.1"",""GCF_011304355.1"",""GCF_013113695.1"",""GCF_013407595.1"",""GCF_014131735.1"",""GCF_014145545.1"",""GCF_014145555.1"",""GCF_014145615.1"",""GCF_014397255.1"",""GCF_014656585.1"",""GCF_014789145.1"",""GCF_016127255.1"",""GCF_016127815.1"",""GCF_016647595.1"",""GCF_016919665.1"",""GCF_017068355.1"",""GCF_017894345.1"",""GCF_018394055.1"",""GCF_018502505.1"",""GCF_019448175.1"",""GCF_019469265.1"",""GCF_019576155.1"",""GCF_019797825.1"",""GCF_020510245.1"",""GCF_020784695.1"",""GCF_020844005.1"",""GCF_021378055.1"",""GCF_023169905.1"",""GCF_023499275.1"",""GCF_023920145.1"",""GCF_024334065.1"",""GCF_024397795.1"",""GCF_024718545.1"",""GCF_025311495.1"",""GCF_025490915.1"",""GCF_025739325.1"",""GCF_025948295.1"",""GCF_026222675.1"",""GCF_028607025.1"",""GCF_028621815.1"",""GCF_028736235.1"",""GCF_029025825.1"",""GCF_029726355.1"",""GCF_029854335.1"",""GCF_029866985.1"",""GCF_030480545.1"",""GCF_030770265.1"",""GCF_030770295.1"",""GCF_030770335.1"",""GCF_032762665.1"",""GCF_033142085.1"",""GCF_033570435.1"",""GCF_034703025.1"",""GCF_035985965.1"",""GCF_036246165.1"",""GCF_036246185.1"",""GCF_036246225.1"",""GCF_036327715.1"",""GCF_037290055.1"",""GCF_037891785.1"",""GCF_037892375.1"",""GCF_038049945.1"",""GCF_039645515.1"",""GCF_039645575.1"",""GCF_039783225.1"",""GCF_039783785.1"",""GCF_039955095.1"",""GCF_041225485.1"",""GCF_041225605.1"",""GCF_041281755.1"",""GCF_041509385.1"",""GCF_041514285.1"",""GCF_041514295.1"",""GCF_041893975.1"",""GCF_042847315.1"",""GCF_042997415.1"",""GCF_045760565.1"",""GCF_045801155.1"",""GCF_045862825.1"",""GCF_046109915.1"",""GCF_047344935.1"",""GCF_050407965.1"",""GCF_050847345.1"",""GCF_051098045.1"",""GCF_052569745.1"",""GCF_052570115.1"",""GCF_052571685.1"",""GCF_054073565.1"",""GCF_054331775.1"",""GCF_054452875.2"",""GCF_054784775.1"",""GCF_054785075.1"",""GCF_055180435.1"",""GCF_055502585.1"",""GCF_055755075.1"",""GCF_056269605.1"",""GCF_056676095.1"",""GCF_057786735.1"",""GCF_058111805.1"",""GCF_059089415.1"",""GCF_060305805.1"",""GCF_060307215.1"",""GCF_900016205.1"",""GCF_900094835.1"",""GCF_900240275.1"",""GCF_900519455.1"",""GCF_900519475.1"",""GCF_900636965.1"",""GCF_903885985.1"",""GCF_903886345.1"",""GCF_903886475.1"",""GCF_903891025.1"",""GCF_903891205.1"",""GCF_947539375.1"",""GCF_963243495.1"",""GCF_963281025.1"",""GCF_964063315.1"",""GCF_965136965.1"",""GCF_965286035.1"",""GCF_965286295.1"",""GCF_965286585.1"",""GCF_982267005.1""]"	root/1/1/1/1/1/1/1/0/1/1/0/0/0	"[""root/1/1/1/1/1/1/1/0/1/1/0/0/0""]"	"[{""node"":""root/1/1/1/1/1/1/1/0/1/1/0/0/0"",""length_coalescent_units"":1.3862943611198908}]"	1.0	0.0	0.0	5.0	0.0	0.0	0.9945355191256833	0.002732240437158474	0.002732240437158474	945	5.0
7c322c4bcdf47252e279f05c11f3470900f113a1cf25f2c232bef4f6734bda8a	"[""GCF_001434705.1"",""GCF_009184845.1"",""GCF_013407595.1"",""GCF_025490915.1"",""GCF_036246225.1"",""GCF_042847315.1"",""GCF_054452875.2"",""GCF_054784775.1"",""GCF_054785075.1""]"	"[""GCF_000009425.1"",""GCF_000010145.1"",""GCF_000011045.1"",""GCF_000014385.1"",""GCF_000014425.1"",""GCF_000014445.1"",""GCF_000014505.1"",""GCF_000014545.1"",""GCF_000015385.1"",""GCF_000016825.1"",""GCF_000023085.1"",""GCF_000025045.1"",""GCF_000026405.1"",""GCF_000092505.1"",""GCF_000148815.2"",""GCF_000155515.2"",""GCF_000160835.1"",""GCF_000203855.3"",""GCF_000237995.1"",""GCF_000241055.1"",""GCF_000269925.1"",""GCF_000269945.1"",""GCF_000298875.1"",""GCF_000468955.1"",""GCF_000691805.2"",""GCF_001434365.1"",""GCF_001435245.1"",""GCF_001436135.1"",""GCF_001436905.1"",""GCF_001437055.1"",""GCF_001437425.1"",""GCF_001438705.1"",""GCF_001536305.1"",""GCF_001618285.1"",""GCF_001702215.1"",""GCF_001702235.1"",""GCF_001752505.1"",""GCF_001752515.1"",""GCF_001752545.1"",""GCF_001761545.1"",""GCF_001767275.1"",""GCF_001888925.1"",""GCF_001891125.1"",""GCF_001932615.1"",""GCF_001998805.1"",""GCF_002174215.1"",""GCF_002950695.1"",""GCF_002970915.1"",""GCF_002970935.1"",""GCF_003150935.1"",""GCF_003151025.1"",""GCF_003173695.1"",""GCF_003176835.1"",""GCF_003264795.1"",""GCF_003584685.1"",""GCF_003641185.1"",""GCF_003722275.1"",""GCF_003999355.1"",""GCF_004354645.1"",""GCF_004377635.1"",""GCF_005405405.1"",""GCF_005405465.1"",""GCF_007954605.1"",""GCF_007954785.1"",""GCF_008107645.1"",""GCF_008831485.1"",""GCF_009856565.1"",""GCF_009913655.1"",""GCF_009913995.1"",""GCF_009914015.1"",""GCF_009914035.1"",""GCF_010092385.1"",""GCF_011058775.1"",""GCF_011304355.1"",""GCF_013113695.1"",""GCF_014131735.1"",""GCF_014145545.1"",""GCF_014145555.1"",""GCF_014145615.1"",""GCF_014397255.1"",""GCF_014656585.1"",""GCF_014789145.1"",""GCF_016127255.1"",""GCF_016127815.1"",""GCF_016647595.1"",""GCF_016919665.1"",""GCF_017068355.1"",""GCF_017894345.1"",""GCF_018394055.1"",""GCF_018502505.1"",""GCF_019448175.1"",""GCF_019469265.1"",""GCF_019576155.1"",""GCF_019797825.1"",""GCF_020510245.1"",""GCF_020784695.1"",""GCF_020844005.1"",""GCF_021378055.1"",""GCF_023169905.1"",""GCF_023499275.1"",""GCF_023920145.1"",""GCF_024334065.1"",""GCF_024397795.1"",""GCF_024718545.1"",""GCF_025311495.1"",""GCF_025739325.1"",""GCF_025948295.1"",""GCF_026222675.1"",""GCF_028607025.1"",""GCF_028621815.1"",""GCF_028736235.1"",""GCF_029025825.1"",""GCF_029726355.1"",""GCF_029854335.1"",""GCF_029866985.1"",""GCF_030480545.1"",""GCF_030770265.1"",""GCF_030770295.1"",""GCF_030770335.1"",""GCF_032762665.1"",""GCF_033142085.1"",""GCF_033570435.1"",""GCF_034703025.1"",""GCF_035985965.1"",""GCF_036246165.1"",""GCF_036246185.1"",""GCF_036327715.1"",""GCF_037290055.1"",""GCF_037891785.1"",""GCF_037892375.1"",""GCF_038049945.1"",""GCF_039645515.1"",""GCF_039645575.1"",""GCF_039783225.1"",""GCF_039783785.1"",""GCF_039955095.1"",""GCF_041225485.1"",""GCF_041225605.1"",""GCF_041281755.1"",""GCF_041509385.1"",""GCF_041514285.1"",""GCF_041514295.1"",""GCF_041893975.1"",""GCF_042997415.1"",""GCF_045760565.1"",""GCF_045801155.1"",""GCF_045862825.1"",""GCF_046109915.1"",""GCF_047344935.1"",""GCF_050407965.1"",""GCF_050847345.1"",""GCF_051098045.1"",""GCF_052569745.1"",""GCF_052570115.1"",""GCF_052571685.1"",""GCF_054073565.1"",""GCF_054331775.1"",""GCF_055180435.1"",""GCF_055502585.1"",""GCF_055755075.1"",""GCF_056269605.1"",""GCF_056676095.1"",""GCF_057786735.1"",""GCF_058111805.1"",""GCF_059089415.1"",""GCF_060305805.1"",""GCF_060307215.1"",""GCF_900016205.1"",""GCF_900094835.1"",""GCF_900240275.1"",""GCF_900519455.1"",""GCF_900519475.1"",""GCF_900636965.1"",""GCF_903885985.1"",""GCF_903886345.1"",""GCF_903886475.1"",""GCF_903891025.1"",""GCF_903891205.1"",""GCF_947539375.1"",""GCF_963243495.1"",""GCF_963281025.1"",""GCF_964063315.1"",""GCF_965136965.1"",""GCF_965286035.1"",""GCF_965286295.1"",""GCF_965286585.1"",""GCF_982267005.1""]"	root/1/1/1/1/1/1/1/0/1/0/1/1/1	"[""root/1/1/1/1/1/1/1/0/1/0/1/1/1""]"	"[{""node"":""root/1/1/1/1/1/1/1/0/1/0/1/1/1"",""length_coalescent_units"":0.2821418920761656}]"	0.5966666666666667	0.4	0.003333333333333333	2.9833333333333334	2.0	0.016666666666666666	0.6619144955876244	0.255206807555321	0.08287869685705462	22680	5.0
dbef60f1f1ed088c92756d8b34daa8fee29d04e9a2c0f1280d9007a7a7a8e8ea	"[""GCF_001434705.1"",""GCF_013407595.1"",""GCF_025490915.1"",""GCF_036246225.1"",""GCF_054452875.2"",""GCF_054785075.1""]"	"[""GCF_000009425.1"",""GCF_000010145.1"",""GCF_000011045.1"",""GCF_000014385.1"",""GCF_000014425.1"",""GCF_000014445.1"",""GCF_000014505.1"",""GCF_000014545.1"",""GCF_000015385.1"",""GCF_000016825.1"",""GCF_000023085.1"",""GCF_000025045.1"",""GCF_000026405.1"",""GCF_000092505.1"",""GCF_000148815.2"",""GCF_000155515.2"",""GCF_000160835.1"",""GCF_000203855.3"",""GCF_000237995.1"",""GCF_000241055.1"",""GCF_000269925.1"",""GCF_000269945.1"",""GCF_000298875.1"",""GCF_000468955.1"",""GCF_000691805.2"",""GCF_001434365.1"",""GCF_001435245.1"",""GCF_001436135.1"",""GCF_001436905.1"",""GCF_001437055.1"",""GCF_001437425.1"",""GCF_001438705.1"",""GCF_001536305.1"",""GCF_001618285.1"",""GCF_001702215.1"",""GCF_001702235.1"",""GCF_001752505.1"",""GCF_001752515.1"",""GCF_001752545.1"",""GCF_001761545.1"",""GCF_001767275.1"",""GCF_001888925.1"",""GCF_001891125.1"",""GCF_001932615.1"",""GCF_001998805.1"",""GCF_002174215.1"",""GCF_002950695.1"",""GCF_002970915.1"",""GCF_002970935.1"",""GCF_003150935.1"",""GCF_003151025.1"",""GCF_003173695.1"",""GCF_003176835.1"",""GCF_003264795.1"",""GCF_003584685.1"",""GCF_003641185.1"",""GCF_003722275.1"",""GCF_003999355.1"",""GCF_004354645.1"",""GCF_004377635.1"",""GCF_005405405.1"",""GCF_005405465.1"",""GCF_007954605.1"",""GCF_007954785.1"",""GCF_008107645.1"",""GCF_008831485.1"",""GCF_009184845.1"",""GCF_009856565.1"",""GCF_009913655.1"",""GCF_009913995.1"",""GCF_009914015.1"",""GCF_009914035.1"",""GCF_010092385.1"",""GCF_011058775.1"",""GCF_011304355.1"",""GCF_013113695.1"",""GCF_014131735.1"",""GCF_014145545.1"",""GCF_014145555.1"",""GCF_014145615.1"",""GCF_014397255.1"",""GCF_014656585.1"",""GCF_014789145.1"",""GCF_016127255.1"",""GCF_016127815.1"",""GCF_016647595.1"",""GCF_016919665.1"",""GCF_017068355.1"",""GCF_017894345.1"",""GCF_018394055.1"",""GCF_018502505.1"",""GCF_019448175.1"",""GCF_019469265.1"",""GCF_019576155.1"",""GCF_019797825.1"",""GCF_020510245.1"",""GCF_020784695.1"",""GCF_020844005.1"",""GCF_021378055.1"",""GCF_023169905.1"",""GCF_023499275.1"",""GCF_023920145.1"",""GCF_024334065.1"",""GCF_024397795.1"",""GCF_024718545.1"",""GCF_025311495.1"",""GCF_025739325.1"",""GCF_025948295.1"",""GCF_026222675.1"",""GCF_028607025.1"",""GCF_028621815.1"",""GCF_028736235.1"",""GCF_029025825.1"",""GCF_029726355.1"",""GCF_029854335.1"",""GCF_029866985.1"",""GCF_030480545.1"",""GCF_030770265.1"",""GCF_030770295.1"",""GCF_030770335.1"",""GCF_032762665.1"",""GCF_033142085.1"",""GCF_033570435.1"",""GCF_034703025.1"",""GCF_035985965.1"",""GCF_036246165.1"",""GCF_036246185.1"",""GCF_036327715.1"",""GCF_037290055.1"",""GCF_037891785.1"",""GCF_037892375.1"",""GCF_038049945.1"",""GCF_039645515.1"",""GCF_039645575.1"",""GCF_039783225.1"",""GCF_039783785.1"",""GCF_039955095.1"",""GCF_041225485.1"",""GCF_041225605.1"",""GCF_041281755.1"",""GCF_041509385.1"",""GCF_041514285.1"",""GCF_041514295.1"",""GCF_041893975.1"",""GCF_042847315.1"",""GCF_042997415.1"",""GCF_045760565.1"",""GCF_045801155.1"",""GCF_045862825.1"",""GCF_046109915.1"",""GCF_047344935.1"",""GCF_050407965.1"",""GCF_050847345.1"",""GCF_051098045.1"",""GCF_052569745.1"",""GCF_052570115.1"",""GCF_052571685.1"",""GCF_054073565.1"",""GCF_054331775.1"",""GCF_054784775.1"",""GCF_055180435.1"",""GCF_055502585.1"",""GCF_055755075.1"",""GCF_056269605.1"",""GCF_056676095.1"",""GCF_057786735.1"",""GCF_058111805.1"",""GCF_059089415.1"",""GCF_060305805.1"",""GCF_060307215.1"",""GCF_900016205.1"",""GCF_900094835.1"",""GCF_900240275.1"",""GCF_900519455.1"",""GCF_900519475.1"",""GCF_900636965.1"",""GCF_903885985.1"",""GCF_903886345.1"",""GCF_903886475.1"",""GCF_903891025.1"",""GCF_903891205.1"",""GCF_947539375.1"",""GCF_963243495.1"",""GCF_963281025.1"",""GCF_964063315.1"",""GCF_965136965.1"",""GCF_965286035.1"",""GCF_965286295.1"",""GCF_965286585.1"",""GCF_982267005.1""]"	root/1/1/1/1/1/1/1/0/1/0/1/1/1/1	"[""root/1/1/1/1/1/1/1/0/1/0/1/1/1/1""]"	"[{""node"":""root/1/1/1/1/1/1/1/0/1/0/1/1/1/1"",""length_coalescent_units"":0.6592137418901838}]"	0.7861937017231135	0.2106951871657754	0.003111111111111111	3.9309685086155675	1.053475935828877	0.015555555555555555	0.922609604854324	0.04805308622042835	0.029337308925247645	2805	5.0
e023c9c12e08c28cdf3f39febf141db8b4fd13b05bb80229ed360d1a1efeffa4	"[""GCF_001434705.1"",""GCF_013407595.1"",""GCF_025490915.1"",""GCF_036246225.1"",""GCF_054785075.1""]"	"[""GCF_000009425.1"",""GCF_000010145.1"",""GCF_000011045.1"",""GCF_000014385.1"",""GCF_000014425.1"",""GCF_000014445.1"",""GCF_000014505.1"",""GCF_000014545.1"",""GCF_000015385.1"",""GCF_000016825.1"",""GCF_000023085.1"",""GCF_000025045.1"",""GCF_000026405.1"",""GCF_000092505.1"",""GCF_000148815.2"",""GCF_000155515.2"",""GCF_000160835.1"",""GCF_000203855.3"",""GCF_000237995.1"",""GCF_000241055.1"",""GCF_000269925.1"",""GCF_000269945.1"",""GCF_000298875.1"",""GCF_000468955.1"",""GCF_000691805.2"",""GCF_001434365.1"",""GCF_001435245.1"",""GCF_001436135.1"",""GCF_001436905.1"",""GCF_001437055.1"",""GCF_001437425.1"",""GCF_001438705.1"",""GCF_001536305.1"",""GCF_001618285.1"",""GCF_001702215.1"",""GCF_001702235.1"",""GCF_001752505.1"",""GCF_001752515.1"",""GCF_001752545.1"",""GCF_001761545.1"",""GCF_001767275.1"",""GCF_001888925.1"",""GCF_001891125.1"",""GCF_001932615.1"",""GCF_001998805.1"",""GCF_002174215.1"",""GCF_002950695.1"",""GCF_002970915.1"",""GCF_002970935.1"",""GCF_003150935.1"",""GCF_003151025.1"",""GCF_003173695.1"",""GCF_003176835.1"",""GCF_003264795.1"",""GCF_003584685.1"",""GCF_003641185.1"",""GCF_003722275.1"",""GCF_003999355.1"",""GCF_004354645.1"",""GCF_004377635.1"",""GCF_005405405.1"",""GCF_005405465.1"",""GCF_007954605.1"",""GCF_007954785.1"",""GCF_008107645.1"",""GCF_008831485.1"",""GCF_009184845.1"",""GCF_009856565.1"",""GCF_009913655.1"",""GCF_009913995.1"",""GCF_009914015.1"",""GCF_009914035.1"",""GCF_010092385.1"",""GCF_011058775.1"",""GCF_011304355.1"",""GCF_013113695.1"",""GCF_014131735.1"",""GCF_014145545.1"",""GCF_014145555.1"",""GCF_014145615.1"",""GCF_014397255.1"",""GCF_014656585.1"",""GCF_014789145.1"",""GCF_016127255.1"",""GCF_016127815.1"",""GCF_016647595.1"",""GCF_016919665.1"",""GCF_017068355.1"",""GCF_017894345.1"",""GCF_018394055.1"",""GCF_018502505.1"",""GCF_019448175.1"",""GCF_019469265.1"",""GCF_019576155.1"",""GCF_019797825.1"",""GCF_020510245.1"",""GCF_020784695.1"",""GCF_020844005.1"",""GCF_021378055.1"",""GCF_023169905.1"",""GCF_023499275.1"",""GCF_023920145.1"",""GCF_024334065.1"",""GCF_024397795.1"",""GCF_024718545.1"",""GCF_025311495.1"",""GCF_025739325.1"",""GCF_025948295.1"",""GCF_026222675.1"",""GCF_028607025.1"",""GCF_028621815.1"",""GCF_028736235.1"",""GCF_029025825.1"",""GCF_029726355.1"",""GCF_029854335.1"",""GCF_029866985.1"",""GCF_030480545.1"",""GCF_030770265.1"",""GCF_030770295.1"",""GCF_030770335.1"",""GCF_032762665.1"",""GCF_033142085.1"",""GCF_033570435.1"",""GCF_034703025.1"",""GCF_035985965.1"",""GCF_036246165.1"",""GCF_036246185.1"",""GCF_036327715.1"",""GCF_037290055.1"",""GCF_037891785.1"",""GCF_037892375.1"",""GCF_038049945.1"",""GCF_039645515.1"",""GCF_039645575.1"",""GCF_039783225.1"",""GCF_039783785.1"",""GCF_039955095.1"",""GCF_041225485.1"",""GCF_041225605.1"",""GCF_041281755.1"",""GCF_041509385.1"",""GCF_041514285.1"",""GCF_041514295.1"",""GCF_041893975.1"",""GCF_042847315.1"",""GCF_042997415.1"",""GCF_045760565.1"",""GCF_045801155.1"",""GCF_045862825.1"",""GCF_046109915.1"",""GCF_047344935.1"",""GCF_050407965.1"",""GCF_050847345.1"",""GCF_051098045.1"",""GCF_052569745.1"",""GCF_052570115.1"",""GCF_052571685.1"",""GCF_054073565.1"",""GCF_054331775.1"",""GCF_054452875.2"",""GCF_054784775.1"",""GCF_055180435.1"",""GCF_055502585.1"",""GCF_055755075.1"",""GCF_056269605.1"",""GCF_056676095.1"",""GCF_057786735.1"",""GCF_058111805.1"",""GCF_059089415.1"",""GCF_060305805.1"",""GCF_060307215.1"",""GCF_900016205.1"",""GCF_900094835.1"",""GCF_900240275.1"",""GCF_900519455.1"",""GCF_900519475.1"",""GCF_900636965.1"",""GCF_903885985.1"",""GCF_903886345.1"",""GCF_903886475.1"",""GCF_903891025.1"",""GCF_903891205.1"",""GCF_947539375.1"",""GCF_963243495.1"",""GCF_963281025.1"",""GCF_964063315.1"",""GCF_965136965.1"",""GCF_965286035.1"",""GCF_965286295.1"",""GCF_965286585.1"",""GCF_982267005.1""]"	root/1/1/1/1/1/1/1/0/1/0/1/1/1/1/1	"[""root/1/1/1/1/1/1/1/0/1/0/1/1/1/1/1""]"	"[{""node"":""root/1/1/1/1/1/1/1/0/1/0/1/1/1/1/1"",""length_coalescent_units"":0.29151935543026813}]"	0.6022979580097785	0.34263157894736845	0.055070463042853034	3.0114897900488926	1.7131578947368422	0.2753523152142652	0.6965241226949672	0.2094594069711705	0.09401647033386218	760	5.0
3e6eac36cb2cf1d1a7c75714f68edff4488c7bbaa1e03f5bc1728b3feb53b5c8	"[""GCF_001436135.1"",""GCF_028736235.1"",""GCF_030480545.1""]"	"[""GCF_000009425.1"",""GCF_000010145.1"",""GCF_000011045.1"",""GCF_000014385.1"",""GCF_000014425.1"",""GCF_000014445.1"",""GCF_000014505.1"",""GCF_000014545.1"",""GCF_000015385.1"",""GCF_000016825.1"",""GCF_000023085.1"",""GCF_000025045.1"",""GCF_000026405.1"",""GCF_000092505.1"",""GCF_000148815.2"",""GCF_000155515.2"",""GCF_000160835.1"",""GCF_000203855.3"",""GCF_000237995.1"",""GCF_000241055.1"",""GCF_000269925.1"",""GCF_000269945.1"",""GCF_000298875.1"",""GCF_000468955.1"",""GCF_000691805.2"",""GCF_001434365.1"",""GCF_001434705.1"",""GCF_001435245.1"",""GCF_001436905.1"",""GCF_001437055.1"",""GCF_001437425.1"",""GCF_001438705.1"",""GCF_001536305.1"",""GCF_001618285.1"",""GCF_001702215.1"",""GCF_001702235.1"",""GCF_001752505.1"",""GCF_001752515.1"",""GCF_001752545.1"",""GCF_001761545.1"",""GCF_001767275.1"",""GCF_001888925.1"",""GCF_001891125.1"",""GCF_001932615.1"",""GCF_001998805.1"",""GCF_002174215.1"",""GCF_002950695.1"",""GCF_002970915.1"",""GCF_002970935.1"",""GCF_003150935.1"",""GCF_003151025.1"",""GCF_003173695.1"",""GCF_003176835.1"",""GCF_003264795.1"",""GCF_003584685.1"",""GCF_003641185.1"",""GCF_003722275.1"",""GCF_003999355.1"",""GCF_004354645.1"",""GCF_004377635.1"",""GCF_005405405.1"",""GCF_005405465.1"",""GCF_007954605.1"",""GCF_007954785.1"",""GCF_008107645.1"",""GCF_008831485.1"",""GCF_009184845.1"",""GCF_009856565.1"",""GCF_009913655.1"",""GCF_009913995.1"",""GCF_009914015.1"",""GCF_009914035.1"",""GCF_010092385.1"",""GCF_011058775.1"",""GCF_011304355.1"",""GCF_013113695.1"",""GCF_013407595.1"",""GCF_014131735.1"",""GCF_014145545.1"",""GCF_014145555.1"",""GCF_014145615.1"",""GCF_014397255.1"",""GCF_014656585.1"",""GCF_014789145.1"",""GCF_016127255.1"",""GCF_016127815.1"",""GCF_016647595.1"",""GCF_016919665.1"",""GCF_017068355.1"",""GCF_017894345.1"",""GCF_018394055.1"",""GCF_018502505.1"",""GCF_019448175.1"",""GCF_019469265.1"",""GCF_019576155.1"",""GCF_019797825.1"",""GCF_020510245.1"",""GCF_020784695.1"",""GCF_020844005.1"",""GCF_021378055.1"",""GCF_023169905.1"",""GCF_023499275.1"",""GCF_023920145.1"",""GCF_024334065.1"",""GCF_024397795.1"",""GCF_024718545.1"",""GCF_025311495.1"",""GCF_025490915.1"",""GCF_025739325.1"",""GCF_025948295.1"",""GCF_026222675.1"",""GCF_028607025.1"",""GCF_028621815.1"",""GCF_029025825.1"",""GCF_029726355.1"",""GCF_029854335.1"",""GCF_029866985.1"",""GCF_030770265.1"",""GCF_030770295.1"",""GCF_030770335.1"",""GCF_032762665.1"",""GCF_033142085.1"",""GCF_033570435.1"",""GCF_034703025.1"",""GCF_035985965.1"",""GCF_036246165.1"",""GCF_036246185.1"",""GCF_036246225.1"",""GCF_036327715.1"",""GCF_037290055.1"",""GCF_037891785.1"",""GCF_037892375.1"",""GCF_038049945.1"",""GCF_039645515.1"",""GCF_039645575.1"",""GCF_039783225.1"",""GCF_039783785.1"",""GCF_039955095.1"",""GCF_041225485.1"",""GCF_041225605.1"",""GCF_041281755.1"",""GCF_041509385.1"",""GCF_041514285.1"",""GCF_041514295.1"",""GCF_041893975.1"",""GCF_042847315.1"",""GCF_042997415.1"",""GCF_045760565.1"",""GCF_045801155.1"",""GCF_045862825.1"",""GCF_046109915.1"",""GCF_047344935.1"",""GCF_050407965.1"",""GCF_050847345.1"",""GCF_051098045.1"",""GCF_052569745.1"",""GCF_052570115.1"",""GCF_052571685.1"",""GCF_054073565.1"",""GCF_054331775.1"",""GCF_054452875.2"",""GCF_054784775.1"",""GCF_054785075.1"",""GCF_055180435.1"",""GCF_055502585.1"",""GCF_055755075.1"",""GCF_056269605.1"",""GCF_056676095.1"",""GCF_057786735.1"",""GCF_058111805.1"",""GCF_059089415.1"",""GCF_060305805.1"",""GCF_060307215.1"",""GCF_900016205.1"",""GCF_900094835.1"",""GCF_900240275.1"",""GCF_900519455.1"",""GCF_900519475.1"",""GCF_900636965.1"",""GCF_903885985.1"",""GCF_903886345.1"",""GCF_903886475.1"",""GCF_903891025.1"",""GCF_903891205.1"",""GCF_947539375.1"",""GCF_963243495.1"",""GCF_963281025.1"",""GCF_964063315.1"",""GCF_965136965.1"",""GCF_965286035.1"",""GCF_965286295.1"",""GCF_965286585.1"",""GCF_982267005.1""]"	root/1/1/1/1/1/1/1/0/1/0/1/0	"[""root/1/1/1/1/1/1/1/0/1/0/1/0""]"	"[{""node"":""root/1/1/1/1/1/1/1/0/1/0/1/0"",""length_coalescent_units"":1.3862943611198908}]"	1.0	0.0	0.0	5.0	0.0	0.0	0.9945355191256833	0.002732240437158474	0.002732240437158474	5664	5.0
a4091e35961a26cf84be558a7afd70f5c571296c90dcfcae0110453654ba0f4c	"[""GCF_001436135.1"",""GCF_030480545.1""]"	"[""GCF_000009425.1"",""GCF_000010145.1"",""GCF_000011045.1"",""GCF_000014385.1"",""GCF_000014425.1"",""GCF_000014445.1"",""GCF_000014505.1"",""GCF_000014545.1"",""GCF_000015385.1"",""GCF_000016825.1"",""GCF_000023085.1"",""GCF_000025045.1"",""GCF_000026405.1"",""GCF_000092505.1"",""GCF_000148815.2"",""GCF_000155515.2"",""GCF_000160835.1"",""GCF_000203855.3"",""GCF_000237995.1"",""GCF_000241055.1"",""GCF_000269925.1"",""GCF_000269945.1"",""GCF_000298875.1"",""GCF_000468955.1"",""GCF_000691805.2"",""GCF_001434365.1"",""GCF_001434705.1"",""GCF_001435245.1"",""GCF_001436905.1"",""GCF_001437055.1"",""GCF_001437425.1"",""GCF_001438705.1"",""GCF_001536305.1"",""GCF_001618285.1"",""GCF_001702215.1"",""GCF_001702235.1"",""GCF_001752505.1"",""GCF_001752515.1"",""GCF_001752545.1"",""GCF_001761545.1"",""GCF_001767275.1"",""GCF_001888925.1"",""GCF_001891125.1"",""GCF_001932615.1"",""GCF_001998805.1"",""GCF_002174215.1"",""GCF_002950695.1"",""GCF_002970915.1"",""GCF_002970935.1"",""GCF_003150935.1"",""GCF_003151025.1"",""GCF_003173695.1"",""GCF_003176835.1"",""GCF_003264795.1"",""GCF_003584685.1"",""GCF_003641185.1"",""GCF_003722275.1"",""GCF_003999355.1"",""GCF_004354645.1"",""GCF_004377635.1"",""GCF_005405405.1"",""GCF_005405465.1"",""GCF_007954605.1"",""GCF_007954785.1"",""GCF_008107645.1"",""GCF_008831485.1"",""GCF_009184845.1"",""GCF_009856565.1"",""GCF_009913655.1"",""GCF_009913995.1"",""GCF_009914015.1"",""GCF_009914035.1"",""GCF_010092385.1"",""GCF_011058775.1"",""GCF_011304355.1"",""GCF_013113695.1"",""GCF_013407595.1"",""GCF_014131735.1"",""GCF_014145545.1"",""GCF_014145555.1"",""GCF_014145615.1"",""GCF_014397255.1"",""GCF_014656585.1"",""GCF_014789145.1"",""GCF_016127255.1"",""GCF_016127815.1"",""GCF_016647595.1"",""GCF_016919665.1"",""GCF_017068355.1"",""GCF_017894345.1"",""GCF_018394055.1"",""GCF_018502505.1"",""GCF_019448175.1"",""GCF_019469265.1"",""GCF_019576155.1"",""GCF_019797825.1"",""GCF_020510245.1"",""GCF_020784695.1"",""GCF_020844005.1"",""GCF_021378055.1"",""GCF_023169905.1"",""GCF_023499275.1"",""GCF_023920145.1"",""GCF_024334065.1"",""GCF_024397795.1"",""GCF_024718545.1"",""GCF_025311495.1"",""GCF_025490915.1"",""GCF_025739325.1"",""GCF_025948295.1"",""GCF_026222675.1"",""GCF_028607025.1"",""GCF_028621815.1"",""GCF_028736235.1"",""GCF_029025825.1"",""GCF_029726355.1"",""GCF_029854335.1"",""GCF_029866985.1"",""GCF_030770265.1"",""GCF_030770295.1"",""GCF_030770335.1"",""GCF_032762665.1"",""GCF_033142085.1"",""GCF_033570435.1"",""GCF_034703025.1"",""GCF_035985965.1"",""GCF_036246165.1"",""GCF_036246185.1"",""GCF_036246225.1"",""GCF_036327715.1"",""GCF_037290055.1"",""GCF_037891785.1"",""GCF_037892375.1"",""GCF_038049945.1"",""GCF_039645515.1"",""GCF_039645575.1"",""GCF_039783225.1"",""GCF_039783785.1"",""GCF_039955095.1"",""GCF_041225485.1"",""GCF_041225605.1"",""GCF_041281755.1"",""GCF_041509385.1"",""GCF_041514285.1"",""GCF_041514295.1"",""GCF_041893975.1"",""GCF_042847315.1"",""GCF_042997415.1"",""GCF_045760565.1"",""GCF_045801155.1"",""GCF_045862825.1"",""GCF_046109915.1"",""GCF_047344935.1"",""GCF_050407965.1"",""GCF_050847345.1"",""GCF_051098045.1"",""GCF_052569745.1"",""GCF_052570115.1"",""GCF_052571685.1"",""GCF_054073565.1"",""GCF_054331775.1"",""GCF_054452875.2"",""GCF_054784775.1"",""GCF_054785075.1"",""GCF_055180435.1"",""GCF_055502585.1"",""GCF_055755075.1"",""GCF_056269605.1"",""GCF_056676095.1"",""GCF_057786735.1"",""GCF_058111805.1"",""GCF_059089415.1"",""GCF_060305805.1"",""GCF_060307215.1"",""GCF_900016205.1"",""GCF_900094835.1"",""GCF_900240275.1"",""GCF_900519455.1"",""GCF_900519475.1"",""GCF_900636965.1"",""GCF_903885985.1"",""GCF_903886345.1"",""GCF_903886475.1"",""GCF_903891025.1"",""GCF_903891205.1"",""GCF_947539375.1"",""GCF_963243495.1"",""GCF_963281025.1"",""GCF_964063315.1"",""GCF_965136965.1"",""GCF_965286035.1"",""GCF_965286295.1"",""GCF_965286585.1"",""GCF_982267005.1""]"	root/1/1/1/1/1/1/1/0/1/0/1/0/1	"[""root/1/1/1/1/1/1/1/0/1/0/1/0/1""]"	"[{""node"":""root/1/1/1/1/1/1/1/0/1/0/1/0/1"",""length_coalescent_units"":1.3862943611198908}]"	1.0	0.0	0.0	5.0	0.0	0.0	0.9945355191256833	0.002732240437158474	0.002732240437158474	193	5.0
d34078bd458420357204cca0748d294305b4d0bb1d7398ca3c7fe0791f262728	"[""GCF_001437055.1"",""GCF_054331775.1"",""GCF_900240275.1""]"	"[""GCF_000009425.1"",""GCF_000010145.1"",""GCF_000011045.1"",""GCF_000014385.1"",""GCF_000014425.1"",""GCF_000014445.1"",""GCF_000014505.1"",""GCF_000014545.1"",""GCF_000015385.1"",""GCF_000016825.1"",""GCF_000023085.1"",""GCF_000025045.1"",""GCF_000026405.1"",""GCF_000092505.1"",""GCF_000148815.2"",""GCF_000155515.2"",""GCF_000160835.1"",""GCF_000203855.3"",""GCF_000237995.1"",""GCF_000241055.1"",""GCF_000269925.1"",""GCF_000269945.1"",""GCF_000298875.1"",""GCF_000468955.1"",""GCF_000691805.2"",""GCF_001434365.1"",""GCF_001434705.1"",""GCF_001435245.1"",""GCF_001436135.1"",""GCF_001436905.1"",""GCF_001437425.1"",""GCF_001438705.1"",""GCF_001536305.1"",""GCF_001618285.1"",""GCF_001702215.1"",""GCF_001702235.1"",""GCF_001752505.1"",""GCF_001752515.1"",""GCF_001752545.1"",""GCF_001761545.1"",""GCF_001767275.1"",""GCF_001888925.1"",""GCF_001891125.1"",""GCF_001932615.1"",""GCF_001998805.1"",""GCF_002174215.1"",""GCF_002950695.1"",""GCF_002970915.1"",""GCF_002970935.1"",""GCF_003150935.1"",""GCF_003151025.1"",""GCF_003173695.1"",""GCF_003176835.1"",""GCF_003264795.1"",""GCF_003584685.1"",""GCF_003641185.1"",""GCF_003722275.1"",""GCF_003999355.1"",""GCF_004354645.1"",""GCF_004377635.1"",""GCF_005405405.1"",""GCF_005405465.1"",""GCF_007954605.1"",""GCF_007954785.1"",""GCF_008107645.1"",""GCF_008831485.1"",""GCF_009184845.1"",""GCF_009856565.1"",""GCF_009913655.1"",""GCF_009913995.1"",""GCF_009914015.1"",""GCF_009914035.1"",""GCF_010092385.1"",""GCF_011058775.1"",""GCF_011304355.1"",""GCF_013113695.1"",""GCF_013407595.1"",""GCF_014131735.1"",""GCF_014145545.1"",""GCF_014145555.1"",""GCF_014145615.1"",""GCF_014397255.1"",""GCF_014656585.1"",""GCF_014789145.1"",""GCF_016127255.1"",""GCF_016127815.1"",""GCF_016647595.1"",""GCF_016919665.1"",""GCF_017068355.1"",""GCF_017894345.1"",""GCF_018394055.1"",""GCF_018502505.1"",""GCF_019448175.1"",""GCF_019469265.1"",""GCF_019576155.1"",""GCF_019797825.1"",""GCF_020510245.1"",""GCF_020784695.1"",""GCF_020844005.1"",""GCF_021378055.1"",""GCF_023169905.1"",""GCF_023499275.1"",""GCF_023920145.1"",""GCF_024334065.1"",""GCF_024397795.1"",""GCF_024718545.1"",""GCF_025311495.1"",""GCF_025490915.1"",""GCF_025739325.1"",""GCF_025948295.1"",""GCF_026222675.1"",""GCF_028607025.1"",""GCF_028621815.1"",""GCF_028736235.1"",""GCF_029025825.1"",""GCF_029726355.1"",""GCF_029854335.1"",""GCF_029866985.1"",""GCF_030480545.1"",""GCF_030770265.1"",""GCF_030770295.1"",""GCF_030770335.1"",""GCF_032762665.1"",""GCF_033142085.1"",""GCF_033570435.1"",""GCF_034703025.1"",""GCF_035985965.1"",""GCF_036246165.1"",""GCF_036246185.1"",""GCF_036246225.1"",""GCF_036327715.1"",""GCF_037290055.1"",""GCF_037891785.1"",""GCF_037892375.1"",""GCF_038049945.1"",""GCF_039645515.1"",""GCF_039645575.1"",""GCF_039783225.1"",""GCF_039783785.1"",""GCF_039955095.1"",""GCF_041225485.1"",""GCF_041225605.1"",""GCF_041281755.1"",""GCF_041509385.1"",""GCF_041514285.1"",""GCF_041514295.1"",""GCF_041893975.1"",""GCF_042847315.1"",""GCF_042997415.1"",""GCF_045760565.1"",""GCF_045801155.1"",""GCF_045862825.1"",""GCF_046109915.1"",""GCF_047344935.1"",""GCF_050407965.1"",""GCF_050847345.1"",""GCF_051098045.1"",""GCF_052569745.1"",""GCF_052570115.1"",""GCF_052571685.1"",""GCF_054073565.1"",""GCF_054452875.2"",""GCF_054784775.1"",""GCF_054785075.1"",""GCF_055180435.1"",""GCF_055502585.1"",""GCF_055755075.1"",""GCF_056269605.1"",""GCF_056676095.1"",""GCF_057786735.1"",""GCF_058111805.1"",""GCF_059089415.1"",""GCF_060305805.1"",""GCF_060307215.1"",""GCF_900016205.1"",""GCF_900094835.1"",""GCF_900519455.1"",""GCF_900519475.1"",""GCF_900636965.1"",""GCF_903885985.1"",""GCF_903886345.1"",""GCF_903886475.1"",""GCF_903891025.1"",""GCF_903891205.1"",""GCF_947539375.1"",""GCF_963243495.1"",""GCF_963281025.1"",""GCF_964063315.1"",""GCF_965136965.1"",""GCF_965286035.1"",""GCF_965286295.1"",""GCF_965286585.1"",""GCF_982267005.1""]"	root/1/1/1/1/1/1/1/0/1/1/0/0/1/1	"[""root/1/1/1/1/1/1/1/0/1/1/0/0/1/1""]"	"[{""node"":""root/1/1/1/1/1/1/1/0/1/1/0/0/1/1"",""length_coalescent_units"":0.0026212334798740816}]"	0.4020942408376963	0.39402173913043476	0.20388402003186887	2.0104712041884816	1.9701086956521738	1.0194201001593444	0.40224859443652977	0.3896378545723643	0.2081135509911061	764	5.0
5c846f97ba7c3458f1e14dc5b9bf6b212e95d705458738710a0d8d43203eea44	"[""GCF_001437055.1"",""GCF_900240275.1""]"	"[""GCF_000009425.1"",""GCF_000010145.1"",""GCF_000011045.1"",""GCF_000014385.1"",""GCF_000014425.1"",""GCF_000014445.1"",""GCF_000014505.1"",""GCF_000014545.1"",""GCF_000015385.1"",""GCF_000016825.1"",""GCF_000023085.1"",""GCF_000025045.1"",""GCF_000026405.1"",""GCF_000092505.1"",""GCF_000148815.2"",""GCF_000155515.2"",""GCF_000160835.1"",""GCF_000203855.3"",""GCF_000237995.1"",""GCF_000241055.1"",""GCF_000269925.1"",""GCF_000269945.1"",""GCF_000298875.1"",""GCF_000468955.1"",""GCF_000691805.2"",""GCF_001434365.1"",""GCF_001434705.1"",""GCF_001435245.1"",""GCF_001436135.1"",""GCF_001436905.1"",""GCF_001437425.1"",""GCF_001438705.1"",""GCF_001536305.1"",""GCF_001618285.1"",""GCF_001702215.1"",""GCF_001702235.1"",""GCF_001752505.1"",""GCF_001752515.1"",""GCF_001752545.1"",""GCF_001761545.1"",""GCF_001767275.1"",""GCF_001888925.1"",""GCF_001891125.1"",""GCF_001932615.1"",""GCF_001998805.1"",""GCF_002174215.1"",""GCF_002950695.1"",""GCF_002970915.1"",""GCF_002970935.1"",""GCF_003150935.1"",""GCF_003151025.1"",""GCF_003173695.1"",""GCF_003176835.1"",""GCF_003264795.1"",""GCF_003584685.1"",""GCF_003641185.1"",""GCF_003722275.1"",""GCF_003999355.1"",""GCF_004354645.1"",""GCF_004377635.1"",""GCF_005405405.1"",""GCF_005405465.1"",""GCF_007954605.1"",""GCF_007954785.1"",""GCF_008107645.1"",""GCF_008831485.1"",""GCF_009184845.1"",""GCF_009856565.1"",""GCF_009913655.1"",""GCF_009913995.1"",""GCF_009914015.1"",""GCF_009914035.1"",""GCF_010092385.1"",""GCF_011058775.1"",""GCF_011304355.1"",""GCF_013113695.1"",""GCF_013407595.1"",""GCF_014131735.1"",""GCF_014145545.1"",""GCF_014145555.1"",""GCF_014145615.1"",""GCF_014397255.1"",""GCF_014656585.1"",""GCF_014789145.1"",""GCF_016127255.1"",""GCF_016127815.1"",""GCF_016647595.1"",""GCF_016919665.1"",""GCF_017068355.1"",""GCF_017894345.1"",""GCF_018394055.1"",""GCF_018502505.1"",""GCF_019448175.1"",""GCF_019469265.1"",""GCF_019576155.1"",""GCF_019797825.1"",""GCF_020510245.1"",""GCF_020784695.1"",""GCF_020844005.1"",""GCF_021378055.1"",""GCF_023169905.1"",""GCF_023499275.1"",""GCF_023920145.1"",""GCF_024334065.1"",""GCF_024397795.1"",""GCF_024718545.1"",""GCF_025311495.1"",""GCF_025490915.1"",""GCF_025739325.1"",""GCF_025948295.1"",""GCF_026222675.1"",""GCF_028607025.1"",""GCF_028621815.1"",""GCF_028736235.1"",""GCF_029025825.1"",""GCF_029726355.1"",""GCF_029854335.1"",""GCF_029866985.1"",""GCF_030480545.1"",""GCF_030770265.1"",""GCF_030770295.1"",""GCF_030770335.1"",""GCF_032762665.1"",""GCF_033142085.1"",""GCF_033570435.1"",""GCF_034703025.1"",""GCF_035985965.1"",""GCF_036246165.1"",""GCF_036246185.1"",""GCF_036246225.1"",""GCF_036327715.1"",""GCF_037290055.1"",""GCF_037891785.1"",""GCF_037892375.1"",""GCF_038049945.1"",""GCF_039645515.1"",""GCF_039645575.1"",""GCF_039783225.1"",""GCF_039783785.1"",""GCF_039955095.1"",""GCF_041225485.1"",""GCF_041225605.1"",""GCF_041281755.1"",""GCF_041509385.1"",""GCF_041514285.1"",""GCF_041514295.1"",""GCF_041893975.1"",""GCF_042847315.1"",""GCF_042997415.1"",""GCF_045760565.1"",""GCF_045801155.1"",""GCF_045862825.1"",""GCF_046109915.1"",""GCF_047344935.1"",""GCF_050407965.1"",""GCF_050847345.1"",""GCF_051098045.1"",""GCF_052569745.1"",""GCF_052570115.1"",""GCF_052571685.1"",""GCF_054073565.1"",""GCF_054331775.1"",""GCF_054452875.2"",""GCF_054784775.1"",""GCF_054785075.1"",""GCF_055180435.1"",""GCF_055502585.1"",""GCF_055755075.1"",""GCF_056269605.1"",""GCF_056676095.1"",""GCF_057786735.1"",""GCF_058111805.1"",""GCF_059089415.1"",""GCF_060305805.1"",""GCF_060307215.1"",""GCF_900016205.1"",""GCF_900094835.1"",""GCF_900519455.1"",""GCF_900519475.1"",""GCF_900636965.1"",""GCF_903885985.1"",""GCF_903886345.1"",""GCF_903886475.1"",""GCF_903891025.1"",""GCF_903891205.1"",""GCF_947539375.1"",""GCF_963243495.1"",""GCF_963281025.1"",""GCF_964063315.1"",""GCF_965136965.1"",""GCF_965286035.1"",""GCF_965286295.1"",""GCF_965286585.1"",""GCF_982267005.1""]"	root/1/1/1/1/1/1/1/0/1/1/0/0/1/1/1	"[""root/1/1/1/1/1/1/1/0/1/1/0/0/1/1/1""]"	"[{""node"":""root/1/1/1/1/1/1/1/0/1/1/0/0/1/1/1"",""length_coalescent_units"":1.0941304534140688}]"	0.9321354950136499	0.002150537634408602	0.06571396735194161	4.660677475068249	0.010752688172043012	0.3285698367597081	0.9853787108684778	0.006820860363781454	0.007800428767740834	193	5.0
58cd3d423bc117c2e27d837570471d4b5bf8b22c23939defdbc87c47e99ea3b7	"[""GCF_001437425.1"",""GCF_001932615.1"",""GCF_005405465.1"",""GCF_014789145.1"",""GCF_018394055.1"",""GCF_018502505.1"",""GCF_019576155.1"",""GCF_024718545.1"",""GCF_036327715.1"",""GCF_041281755.1"",""GCF_054073565.1"",""GCF_900094835.1""]"	"[""GCF_000009425.1"",""GCF_000010145.1"",""GCF_000011045.1"",""GCF_000014385.1"",""GCF_000014425.1"",""GCF_000014445.1"",""GCF_000014505.1"",""GCF_000014545.1"",""GCF_000015385.1"",""GCF_000016825.1"",""GCF_000023085.1"",""GCF_000025045.1"",""GCF_000026405.1"",""GCF_000092505.1"",""GCF_000148815.2"",""GCF_000155515.2"",""GCF_000160835.1"",""GCF_000203855.3"",""GCF_000237995.1"",""GCF_000241055.1"",""GCF_000269925.1"",""GCF_000269945.1"",""GCF_000298875.1"",""GCF_000468955.1"",""GCF_000691805.2"",""GCF_001434365.1"",""GCF_001434705.1"",""GCF_001435245.1"",""GCF_001436135.1"",""GCF_001436905.1"",""GCF_001437055.1"",""GCF_001438705.1"",""GCF_001536305.1"",""GCF_001618285.1"",""GCF_001702215.1"",""GCF_001702235.1"",""GCF_001752505.1"",""GCF_001752515.1"",""GCF_001752545.1"",""GCF_001761545.1"",""GCF_001767275.1"",""GCF_001888925.1"",""GCF_001891125.1"",""GCF_001998805.1"",""GCF_002174215.1"",""GCF_002950695.1"",""GCF_002970915.1"",""GCF_002970935.1"",""GCF_003150935.1"",""GCF_003151025.1"",""GCF_003173695.1"",""GCF_003176835.1"",""GCF_003264795.1"",""GCF_003584685.1"",""GCF_003641185.1"",""GCF_003722275.1"",""GCF_003999355.1"",""GCF_004354645.1"",""GCF_004377635.1"",""GCF_005405405.1"",""GCF_007954605.1"",""GCF_007954785.1"",""GCF_008107645.1"",""GCF_008831485.1"",""GCF_009184845.1"",""GCF_009856565.1"",""GCF_009913655.1"",""GCF_009913995.1"",""GCF_009914015.1"",""GCF_009914035.1"",""GCF_010092385.1"",""GCF_011058775.1"",""GCF_011304355.1"",""GCF_013113695.1"",""GCF_013407595.1"",""GCF_014131735.1"",""GCF_014145545.1"",""GCF_014145555.1"",""GCF_014145615.1"",""GCF_014397255.1"",""GCF_014656585.1"",""GCF_016127255.1"",""GCF_016127815.1"",""GCF_016647595.1"",""GCF_016919665.1"",""GCF_017068355.1"",""GCF_017894345.1"",""GCF_019448175.1"",""GCF_019469265.1"",""GCF_019797825.1"",""GCF_020510245.1"",""GCF_020784695.1"",""GCF_020844005.1"",""GCF_021378055.1"",""GCF_023169905.1"",""GCF_023499275.1"",""GCF_023920145.1"",""GCF_024334065.1"",""GCF_024397795.1"",""GCF_025311495.1"",""GCF_025490915.1"",""GCF_025739325.1"",""GCF_025948295.1"",""GCF_026222675.1"",""GCF_028607025.1"",""GCF_028621815.1"",""GCF_028736235.1"",""GCF_029025825.1"",""GCF_029726355.1"",""GCF_029854335.1"",""GCF_029866985.1"",""GCF_030480545.1"",""GCF_030770265.1"",""GCF_030770295.1"",""GCF_030770335.1"",""GCF_032762665.1"",""GCF_033142085.1"",""GCF_033570435.1"",""GCF_034703025.1"",""GCF_035985965.1"",""GCF_036246165.1"",""GCF_036246185.1"",""GCF_036246225.1"",""GCF_037290055.1"",""GCF_037891785.1"",""GCF_037892375.1"",""GCF_038049945.1"",""GCF_039645515.1"",""GCF_039645575.1"",""GCF_039783225.1"",""GCF_039783785.1"",""GCF_039955095.1"",""GCF_041225485.1"",""GCF_041225605.1"",""GCF_041509385.1"",""GCF_041514285.1"",""GCF_041514295.1"",""GCF_041893975.1"",""GCF_042847315.1"",""GCF_042997415.1"",""GCF_045760565.1"",""GCF_045801155.1"",""GCF_045862825.1"",""GCF_046109915.1"",""GCF_047344935.1"",""GCF_050407965.1"",""GCF_050847345.1"",""GCF_051098045.1"",""GCF_052569745.1"",""GCF_052570115.1"",""GCF_052571685.1"",""GCF_054331775.1"",""GCF_054452875.2"",""GCF_054784775.1"",""GCF_054785075.1"",""GCF_055180435.1"",""GCF_055502585.1"",""GCF_055755075.1"",""GCF_056269605.1"",""GCF_056676095.1"",""GCF_057786735.1"",""GCF_058111805.1"",""GCF_059089415.1"",""GCF_060305805.1"",""GCF_060307215.1"",""GCF_900016205.1"",""GCF_900240275.1"",""GCF_900519455.1"",""GCF_900519475.1"",""GCF_900636965.1"",""GCF_903885985.1"",""GCF_903886345.1"",""GCF_903886475.1"",""GCF_903891025.1"",""GCF_903891205.1"",""GCF_947539375.1"",""GCF_963243495.1"",""GCF_963281025.1"",""GCF_964063315.1"",""GCF_965136965.1"",""GCF_965286035.1"",""GCF_965286295.1"",""GCF_965286585.1"",""GCF_982267005.1""]"	root/1/1/1/1/1/1/1/0/0/0/1/1	"[""root/1/1/1/1/1/1/1/0/0/0/1/1""]"	"[{""node"":""root/1/1/1/1/1/1/1/0/0/0/1/1"",""length_coalescent_units"":0.3207831155263358}]"	0.619535519125683	0.3554644808743169	0.025	3.097677595628415	1.7773224043715847	0.125	0.715437917883421	0.20296419408955843	0.08159788802702063	5856	5.0
49d08b6d4ff39107a83cc986e191362582712146d3ab318b49a77d2e5683e134	"[""GCF_001437425.1"",""GCF_014789145.1""]"	"[""GCF_000009425.1"",""GCF_000010145.1"",""GCF_000011045.1"",""GCF_000014385.1"",""GCF_000014425.1"",""GCF_000014445.1"",""GCF_000014505.1"",""GCF_000014545.1"",""GCF_000015385.1"",""GCF_000016825.1"",""GCF_000023085.1"",""GCF_000025045.1"",""GCF_000026405.1"",""GCF_000092505.1"",""GCF_000148815.2"",""GCF_000155515.2"",""GCF_000160835.1"",""GCF_000203855.3"",""GCF_000237995.1"",""GCF_000241055.1"",""GCF_000269925.1"",""GCF_000269945.1"",""GCF_000298875.1"",""GCF_000468955.1"",""GCF_000691805.2"",""GCF_001434365.1"",""GCF_001434705.1"",""GCF_001435245.1"",""GCF_001436135.1"",""GCF_001436905.1"",""GCF_001437055.1"",""GCF_001438705.1"",""GCF_001536305.1"",""GCF_001618285.1"",""GCF_001702215.1"",""GCF_001702235.1"",""GCF_001752505.1"",""GCF_001752515.1"",""GCF_001752545.1"",""GCF_001761545.1"",""GCF_001767275.1"",""GCF_001888925.1"",""GCF_001891125.1"",""GCF_001932615.1"",""GCF_001998805.1"",""GCF_002174215.1"",""GCF_002950695.1"",""GCF_002970915.1"",""GCF_002970935.1"",""GCF_003150935.1"",""GCF_003151025.1"",""GCF_003173695.1"",""GCF_003176835.1"",""GCF_003264795.1"",""GCF_003584685.1"",""GCF_003641185.1"",""GCF_003722275.1"",""GCF_003999355.1"",""GCF_004354645.1"",""GCF_004377635.1"",""GCF_005405405.1"",""GCF_005405465.1"",""GCF_007954605.1"",""GCF_007954785.1"",""GCF_008107645.1"",""GCF_008831485.1"",""GCF_009184845.1"",""GCF_009856565.1"",""GCF_009913655.1"",""GCF_009913995.1"",""GCF_009914015.1"",""GCF_009914035.1"",""GCF_010092385.1"",""GCF_011058775.1"",""GCF_011304355.1"",""GCF_013113695.1"",""GCF_013407595.1"",""GCF_014131735.1"",""GCF_014145545.1"",""GCF_014145555.1"",""GCF_014145615.1"",""GCF_014397255.1"",""GCF_014656585.1"",""GCF_016127255.1"",""GCF_016127815.1"",""GCF_016647595.1"",""GCF_016919665.1"",""GCF_017068355.1"",""GCF_017894345.1"",""GCF_018394055.1"",""GCF_018502505.1"",""GCF_019448175.1"",""GCF_019469265.1"",""GCF_019576155.1"",""GCF_019797825.1"",""GCF_020510245.1"",""GCF_020784695.1"",""GCF_020844005.1"",""GCF_021378055.1"",""GCF_023169905.1"",""GCF_023499275.1"",""GCF_023920145.1"",""GCF_024334065.1"",""GCF_024397795.1"",""GCF_024718545.1"",""GCF_025311495.1"",""GCF_025490915.1"",""GCF_025739325.1"",""GCF_025948295.1"",""GCF_026222675.1"",""GCF_028607025.1"",""GCF_028621815.1"",""GCF_028736235.1"",""GCF_029025825.1"",""GCF_029726355.1"",""GCF_029854335.1"",""GCF_029866985.1"",""GCF_030480545.1"",""GCF_030770265.1"",""GCF_030770295.1"",""GCF_030770335.1"",""GCF_032762665.1"",""GCF_033142085.1"",""GCF_033570435.1"",""GCF_034703025.1"",""GCF_035985965.1"",""GCF_036246165.1"",""GCF_036246185.1"",""GCF_036246225.1"",""GCF_036327715.1"",""GCF_037290055.1"",""GCF_037891785.1"",""GCF_037892375.1"",""GCF_038049945.1"",""GCF_039645515.1"",""GCF_039645575.1"",""GCF_039783225.1"",""GCF_039783785.1"",""GCF_039955095.1"",""GCF_041225485.1"",""GCF_041225605.1"",""GCF_041281755.1"",""GCF_041509385.1"",""GCF_041514285.1"",""GCF_041514295.1"",""GCF_041893975.1"",""GCF_042847315.1"",""GCF_042997415.1"",""GCF_045760565.1"",""GCF_045801155.1"",""GCF_045862825.1"",""GCF_046109915.1"",""GCF_047344935.1"",""GCF_050407965.1"",""GCF_050847345.1"",""GCF_051098045.1"",""GCF_052569745.1"",""GCF_052570115.1"",""GCF_052571685.1"",""GCF_054073565.1"",""GCF_054331775.1"",""GCF_054452875.2"",""GCF_054784775.1"",""GCF_054785075.1"",""GCF_055180435.1"",""GCF_055502585.1"",""GCF_055755075.1"",""GCF_056269605.1"",""GCF_056676095.1"",""GCF_057786735.1"",""GCF_058111805.1"",""GCF_059089415.1"",""GCF_060305805.1"",""GCF_060307215.1"",""GCF_900016205.1"",""GCF_900094835.1"",""GCF_900240275.1"",""GCF_900519455.1"",""GCF_900519475.1"",""GCF_900636965.1"",""GCF_903885985.1"",""GCF_903886345.1"",""GCF_903886475.1"",""GCF_903891025.1"",""GCF_903891205.1"",""GCF_947539375.1"",""GCF_963243495.1"",""GCF_963281025.1"",""GCF_964063315.1"",""GCF_965136965.1"",""GCF_965286035.1"",""GCF_965286295.1"",""GCF_965286585.1"",""GCF_982267005.1""]"	root/1/1/1/1/1/1/1/0/0/0/1/1/0/0	"[""root/1/1/1/1/1/1/1/0/0/0/1/1/0/0""]"	"[{""node"":""root/1/1/1/1/1/1/1/0/0/0/1/1/0/0"",""length_coalescent_units"":0.6931471805599453}]"	0.8	0.0	0.2	4.0	0.0	1.0	0.9322916666666666	0.026041666666666696	0.0416666666666667	384	5.0
c7dd468641f7cb39dd2f62955cb98321c409a42b3666614f89faa8260fabd065	"[""GCF_001437425.1"",""GCF_014789145.1"",""GCF_018394055.1"",""GCF_018502505.1""]"	"[""GCF_000009425.1"",""GCF_000010145.1"",""GCF_000011045.1"",""GCF_000014385.1"",""GCF_000014425.1"",""GCF_000014445.1"",""GCF_000014505.1"",""GCF_000014545.1"",""GCF_000015385.1"",""GCF_000016825.1"",""GCF_000023085.1"",""GCF_000025045.1"",""GCF_000026405.1"",""GCF_000092505.1"",""GCF_000148815.2"",""GCF_000155515.2"",""GCF_000160835.1"",""GCF_000203855.3"",""GCF_000237995.1"",""GCF_000241055.1"",""GCF_000269925.1"",""GCF_000269945.1"",""GCF_000298875.1"",""GCF_000468955.1"",""GCF_000691805.2"",""GCF_001434365.1"",""GCF_001434705.1"",""GCF_001435245.1"",""GCF_001436135.1"",""GCF_001436905.1"",""GCF_001437055.1"",""GCF_001438705.1"",""GCF_001536305.1"",""GCF_001618285.1"",""GCF_001702215.1"",""GCF_001702235.1"",""GCF_001752505.1"",""GCF_001752515.1"",""GCF_001752545.1"",""GCF_001761545.1"",""GCF_001767275.1"",""GCF_001888925.1"",""GCF_001891125.1"",""GCF_001932615.1"",""GCF_001998805.1"",""GCF_002174215.1"",""GCF_002950695.1"",""GCF_002970915.1"",""GCF_002970935.1"",""GCF_003150935.1"",""GCF_003151025.1"",""GCF_003173695.1"",""GCF_003176835.1"",""GCF_003264795.1"",""GCF_003584685.1"",""GCF_003641185.1"",""GCF_003722275.1"",""GCF_003999355.1"",""GCF_004354645.1"",""GCF_004377635.1"",""GCF_005405405.1"",""GCF_005405465.1"",""GCF_007954605.1"",""GCF_007954785.1"",""GCF_008107645.1"",""GCF_008831485.1"",""GCF_009184845.1"",""GCF_009856565.1"",""GCF_009913655.1"",""GCF_009913995.1"",""GCF_009914015.1"",""GCF_009914035.1"",""GCF_010092385.1"",""GCF_011058775.1"",""GCF_011304355.1"",""GCF_013113695.1"",""GCF_013407595.1"",""GCF_014131735.1"",""GCF_014145545.1"",""GCF_014145555.1"",""GCF_014145615.1"",""GCF_014397255.1"",""GCF_014656585.1"",""GCF_016127255.1"",""GCF_016127815.1"",""GCF_016647595.1"",""GCF_016919665.1"",""GCF_017068355.1"",""GCF_017894345.1"",""GCF_019448175.1"",""GCF_019469265.1"",""GCF_019576155.1"",""GCF_019797825.1"",""GCF_020510245.1"",""GCF_020784695.1"",""GCF_020844005.1"",""GCF_021378055.1"",""GCF_023169905.1"",""GCF_023499275.1"",""GCF_023920145.1"",""GCF_024334065.1"",""GCF_024397795.1"",""GCF_024718545.1"",""GCF_025311495.1"",""GCF_025490915.1"",""GCF_025739325.1"",""GCF_025948295.1"",""GCF_026222675.1"",""GCF_028607025.1"",""GCF_028621815.1"",""GCF_028736235.1"",""GCF_029025825.1"",""GCF_029726355.1"",""GCF_029854335.1"",""GCF_029866985.1"",""GCF_030480545.1"",""GCF_030770265.1"",""GCF_030770295.1"",""GCF_030770335.1"",""GCF_032762665.1"",""GCF_033142085.1"",""GCF_033570435.1"",""GCF_034703025.1"",""GCF_035985965.1"",""GCF_036246165.1"",""GCF_036246185.1"",""GCF_036246225.1"",""GCF_036327715.1"",""GCF_037290055.1"",""GCF_037891785.1"",""GCF_037892375.1"",""GCF_038049945.1"",""GCF_039645515.1"",""GCF_039645575.1"",""GCF_039783225.1"",""GCF_039783785.1"",""GCF_039955095.1"",""GCF_041225485.1"",""GCF_041225605.1"",""GCF_041281755.1"",""GCF_041509385.1"",""GCF_041514285.1"",""GCF_041514295.1"",""GCF_041893975.1"",""GCF_042847315.1"",""GCF_042997415.1"",""GCF_045760565.1"",""GCF_045801155.1"",""GCF_045862825.1"",""GCF_046109915.1"",""GCF_047344935.1"",""GCF_050407965.1"",""GCF_050847345.1"",""GCF_051098045.1"",""GCF_052569745.1"",""GCF_052570115.1"",""GCF_052571685.1"",""GCF_054073565.1"",""GCF_054331775.1"",""GCF_054452875.2"",""GCF_054784775.1"",""GCF_054785075.1"",""GCF_055180435.1"",""GCF_055502585.1"",""GCF_055755075.1"",""GCF_056269605.1"",""GCF_056676095.1"",""GCF_057786735.1"",""GCF_058111805.1"",""GCF_059089415.1"",""GCF_060305805.1"",""GCF_060307215.1"",""GCF_900016205.1"",""GCF_900094835.1"",""GCF_900240275.1"",""GCF_900519455.1"",""GCF_900519475.1"",""GCF_900636965.1"",""GCF_903885985.1"",""GCF_903886345.1"",""GCF_903886475.1"",""GCF_903891025.1"",""GCF_903891205.1"",""GCF_947539375.1"",""GCF_963243495.1"",""GCF_963281025.1"",""GCF_964063315.1"",""GCF_965136965.1"",""GCF_965286035.1"",""GCF_965286295.1"",""GCF_965286585.1"",""GCF_982267005.1""]"	root/1/1/1/1/1/1/1/0/0/0/1/1/0	"[""root/1/1/1/1/1/1/1/0/0/0/1/1/0""]"	"[{""node"":""root/1/1/1/1/1/1/1/0/0/0/1/1/0"",""length_coalescent_units"":1.2685113254635072}]"	0.975	0.025	0.0	4.875	0.125	0.0	0.9919896113892837	0.004107510188858834	0.0039028784218574464	5888	5.0
6c5f40858aeb70a8942ae563b2ccf494bb690bf1914c75ae818643c1a8e3cbf9	"[""GCF_001438705.1"",""GCF_001761545.1"",""GCF_002950695.1"",""GCF_011304355.1"",""GCF_014397255.1""]"	"[""GCF_000009425.1"",""GCF_000010145.1"",""GCF_000011045.1"",""GCF_000014385.1"",""GCF_000014425.1"",""GCF_000014445.1"",""GCF_000014505.1"",""GCF_000014545.1"",""GCF_000015385.1"",""GCF_000016825.1"",""GCF_000023085.1"",""GCF_000025045.1"",""GCF_000026405.1"",""GCF_000092505.1"",""GCF_000148815.2"",""GCF_000155515.2"",""GCF_000160835.1"",""GCF_000203855.3"",""GCF_000237995.1"",""GCF_000241055.1"",""GCF_000269925.1"",""GCF_000269945.1"",""GCF_000298875.1"",""GCF_000468955.1"",""GCF_000691805.2"",""GCF_001434365.1"",""GCF_001434705.1"",""GCF_001435245.1"",""GCF_001436135.1"",""GCF_001436905.1"",""GCF_001437055.1"",""GCF_001437425.1"",""GCF_001536305.1"",""GCF_001618285.1"",""GCF_001702215.1"",""GCF_001702235.1"",""GCF_001752505.1"",""GCF_001752515.1"",""GCF_001752545.1"",""GCF_001767275.1"",""GCF_001888925.1"",""GCF_001891125.1"",""GCF_001932615.1"",""GCF_001998805.1"",""GCF_002174215.1"",""GCF_002970915.1"",""GCF_002970935.1"",""GCF_003150935.1"",""GCF_003151025.1"",""GCF_003173695.1"",""GCF_003176835.1"",""GCF_003264795.1"",""GCF_003584685.1"",""GCF_003641185.1"",""GCF_003722275.1"",""GCF_003999355.1"",""GCF_004354645.1"",""GCF_004377635.1"",""GCF_005405405.1"",""GCF_005405465.1"",""GCF_007954605.1"",""GCF_007954785.1"",""GCF_008107645.1"",""GCF_008831485.1"",""GCF_009184845.1"",""GCF_009856565.1"",""GCF_009913655.1"",""GCF_009913995.1"",""GCF_009914015.1"",""GCF_009914035.1"",""GCF_010092385.1"",""GCF_011058775.1"",""GCF_013113695.1"",""GCF_013407595.1"",""GCF_014131735.1"",""GCF_014145545.1"",""GCF_014145555.1"",""GCF_014145615.1"",""GCF_014656585.1"",""GCF_014789145.1"",""GCF_016127255.1"",""GCF_016127815.1"",""GCF_016647595.1"",""GCF_016919665.1"",""GCF_017068355.1"",""GCF_017894345.1"",""GCF_018394055.1"",""GCF_018502505.1"",""GCF_019448175.1"",""GCF_019469265.1"",""GCF_019576155.1"",""GCF_019797825.1"",""GCF_020510245.1"",""GCF_020784695.1"",""GCF_020844005.1"",""GCF_021378055.1"",""GCF_023169905.1"",""GCF_023499275.1"",""GCF_023920145.1"",""GCF_024334065.1"",""GCF_024397795.1"",""GCF_024718545.1"",""GCF_025311495.1"",""GCF_025490915.1"",""GCF_025739325.1"",""GCF_025948295.1"",""GCF_026222675.1"",""GCF_028607025.1"",""GCF_028621815.1"",""GCF_028736235.1"",""GCF_029025825.1"",""GCF_029726355.1"",""GCF_029854335.1"",""GCF_029866985.1"",""GCF_030480545.1"",""GCF_030770265.1"",""GCF_030770295.1"",""GCF_030770335.1"",""GCF_032762665.1"",""GCF_033142085.1"",""GCF_033570435.1"",""GCF_034703025.1"",""GCF_035985965.1"",""GCF_036246165.1"",""GCF_036246185.1"",""GCF_036246225.1"",""GCF_036327715.1"",""GCF_037290055.1"",""GCF_037891785.1"",""GCF_037892375.1"",""GCF_038049945.1"",""GCF_039645515.1"",""GCF_039645575.1"",""GCF_039783225.1"",""GCF_039783785.1"",""GCF_039955095.1"",""GCF_041225485.1"",""GCF_041225605.1"",""GCF_041281755.1"",""GCF_041509385.1"",""GCF_041514285.1"",""GCF_041514295.1"",""GCF_041893975.1"",""GCF_042847315.1"",""GCF_042997415.1"",""GCF_045760565.1"",""GCF_045801155.1"",""GCF_045862825.1"",""GCF_046109915.1"",""GCF_047344935.1"",""GCF_050407965.1"",""GCF_050847345.1"",""GCF_051098045.1"",""GCF_052569745.1"",""GCF_052570115.1"",""GCF_052571685.1"",""GCF_054073565.1"",""GCF_054331775.1"",""GCF_054452875.2"",""GCF_054784775.1"",""GCF_054785075.1"",""GCF_055180435.1"",""GCF_055502585.1"",""GCF_055755075.1"",""GCF_056269605.1"",""GCF_056676095.1"",""GCF_057786735.1"",""GCF_058111805.1"",""GCF_059089415.1"",""GCF_060305805.1"",""GCF_060307215.1"",""GCF_900016205.1"",""GCF_900094835.1"",""GCF_900240275.1"",""GCF_900519455.1"",""GCF_900519475.1"",""GCF_900636965.1"",""GCF_903885985.1"",""GCF_903886345.1"",""GCF_903886475.1"",""GCF_903891025.1"",""GCF_903891205.1"",""GCF_947539375.1"",""GCF_963243495.1"",""GCF_963281025.1"",""GCF_964063315.1"",""GCF_965136965.1"",""GCF_965286035.1"",""GCF_965286295.1"",""GCF_965286585.1"",""GCF_982267005.1""]"	root/1/1/1/1/1/1/1/0/0/0/0	"[""root/1/1/1/1/1/1/1/0/0/0/0""]"	"[{""node"":""root/1/1/1/1/1/1/1/0/0/0/0"",""length_coalescent_units"":0.2876820724517809}]"	0.6	0.0	0.4	3.0	0.0	2.0	0.6666666666666666	0.08130081300813016	0.2520325203252032	9256	5.0
b87a114e537f8831b6e858a6874235707b427117b932fe5f1fc84c27c8c44374	"[""GCF_001438705.1"",""GCF_002950695.1"",""GCF_011304355.1""]"	"[""GCF_000009425.1"",""GCF_000010145.1"",""GCF_000011045.1"",""GCF_000014385.1"",""GCF_000014425.1"",""GCF_000014445.1"",""GCF_000014505.1"",""GCF_000014545.1"",""GCF_000015385.1"",""GCF_000016825.1"",""GCF_000023085.1"",""GCF_000025045.1"",""GCF_000026405.1"",""GCF_000092505.1"",""GCF_000148815.2"",""GCF_000155515.2"",""GCF_000160835.1"",""GCF_000203855.3"",""GCF_000237995.1"",""GCF_000241055.1"",""GCF_000269925.1"",""GCF_000269945.1"",""GCF_000298875.1"",""GCF_000468955.1"",""GCF_000691805.2"",""GCF_001434365.1"",""GCF_001434705.1"",""GCF_001435245.1"",""GCF_001436135.1"",""GCF_001436905.1"",""GCF_001437055.1"",""GCF_001437425.1"",""GCF_001536305.1"",""GCF_001618285.1"",""GCF_001702215.1"",""GCF_001702235.1"",""GCF_001752505.1"",""GCF_001752515.1"",""GCF_001752545.1"",""GCF_001761545.1"",""GCF_001767275.1"",""GCF_001888925.1"",""GCF_001891125.1"",""GCF_001932615.1"",""GCF_001998805.1"",""GCF_002174215.1"",""GCF_002970915.1"",""GCF_002970935.1"",""GCF_003150935.1"",""GCF_003151025.1"",""GCF_003173695.1"",""GCF_003176835.1"",""GCF_003264795.1"",""GCF_003584685.1"",""GCF_003641185.1"",""GCF_003722275.1"",""GCF_003999355.1"",""GCF_004354645.1"",""GCF_004377635.1"",""GCF_005405405.1"",""GCF_005405465.1"",""GCF_007954605.1"",""GCF_007954785.1"",""GCF_008107645.1"",""GCF_008831485.1"",""GCF_009184845.1"",""GCF_009856565.1"",""GCF_009913655.1"",""GCF_009913995.1"",""GCF_009914015.1"",""GCF_009914035.1"",""GCF_010092385.1"",""GCF_011058775.1"",""GCF_013113695.1"",""GCF_013407595.1"",""GCF_014131735.1"",""GCF_014145545.1"",""GCF_014145555.1"",""GCF_014145615.1"",""GCF_014397255.1"",""GCF_014656585.1"",""GCF_014789145.1"",""GCF_016127255.1"",""GCF_016127815.1"",""GCF_016647595.1"",""GCF_016919665.1"",""GCF_017068355.1"",""GCF_017894345.1"",""GCF_018394055.1"",""GCF_018502505.1"",""GCF_019448175.1"",""GCF_019469265.1"",""GCF_019576155.1"",""GCF_019797825.1"",""GCF_020510245.1"",""GCF_020784695.1"",""GCF_020844005.1"",""GCF_021378055.1"",""GCF_023169905.1"",""GCF_023499275.1"",""GCF_023920145.1"",""GCF_024334065.1"",""GCF_024397795.1"",""GCF_024718545.1"",""GCF_025311495.1"",""GCF_025490915.1"",""GCF_025739325.1"",""GCF_025948295.1"",""GCF_026222675.1"",""GCF_028607025.1"",""GCF_028621815.1"",""GCF_028736235.1"",""GCF_029025825.1"",""GCF_029726355.1"",""GCF_029854335.1"",""GCF_029866985.1"",""GCF_030480545.1"",""GCF_030770265.1"",""GCF_030770295.1"",""GCF_030770335.1"",""GCF_032762665.1"",""GCF_033142085.1"",""GCF_033570435.1"",""GCF_034703025.1"",""GCF_035985965.1"",""GCF_036246165.1"",""GCF_036246185.1"",""GCF_036246225.1"",""GCF_036327715.1"",""GCF_037290055.1"",""GCF_037891785.1"",""GCF_037892375.1"",""GCF_038049945.1"",""GCF_039645515.1"",""GCF_039645575.1"",""GCF_039783225.1"",""GCF_039783785.1"",""GCF_039955095.1"",""GCF_041225485.1"",""GCF_041225605.1"",""GCF_041281755.1"",""GCF_041509385.1"",""GCF_041514285.1"",""GCF_041514295.1"",""GCF_041893975.1"",""GCF_042847315.1"",""GCF_042997415.1"",""GCF_045760565.1"",""GCF_045801155.1"",""GCF_045862825.1"",""GCF_046109915.1"",""GCF_047344935.1"",""GCF_050407965.1"",""GCF_050847345.1"",""GCF_051098045.1"",""GCF_052569745.1"",""GCF_052570115.1"",""GCF_052571685.1"",""GCF_054073565.1"",""GCF_054331775.1"",""GCF_054452875.2"",""GCF_054784775.1"",""GCF_054785075.1"",""GCF_055180435.1"",""GCF_055502585.1"",""GCF_055755075.1"",""GCF_056269605.1"",""GCF_056676095.1"",""GCF_057786735.1"",""GCF_058111805.1"",""GCF_059089415.1"",""GCF_060305805.1"",""GCF_060307215.1"",""GCF_900016205.1"",""GCF_900094835.1"",""GCF_900240275.1"",""GCF_900519455.1"",""GCF_900519475.1"",""GCF_900636965.1"",""GCF_903885985.1"",""GCF_903886345.1"",""GCF_903886475.1"",""GCF_903891025.1"",""GCF_903891205.1"",""GCF_947539375.1"",""GCF_963243495.1"",""GCF_963281025.1"",""GCF_964063315.1"",""GCF_965136965.1"",""GCF_965286035.1"",""GCF_965286295.1"",""GCF_965286585.1"",""GCF_982267005.1""]"	root/1/1/1/1/1/1/1/0/0/0/0/1/1	"[""root/1/1/1/1/1/1/1/0/0/0/0/1/1""]"	"[{""node"":""root/1/1/1/1/1/1/1/0/0/0/0/1/1"",""length_coalescent_units"":1.3862943611198908}]"	1.0	0.0	0.0	5.0	0.0	0.0	0.9945355191256833	0.002732240437158474	0.002732240437158474	384	5.0
b2747f144bba064b607e3b107da13f3e404ed6339be9658ad8e1f340d53d0b8e	"[""GCF_001438705.1"",""GCF_002950695.1"",""GCF_011304355.1"",""GCF_014397255.1""]"	"[""GCF_000009425.1"",""GCF_000010145.1"",""GCF_000011045.1"",""GCF_000014385.1"",""GCF_000014425.1"",""GCF_000014445.1"",""GCF_000014505.1"",""GCF_000014545.1"",""GCF_000015385.1"",""GCF_000016825.1"",""GCF_000023085.1"",""GCF_000025045.1"",""GCF_000026405.1"",""GCF_000092505.1"",""GCF_000148815.2"",""GCF_000155515.2"",""GCF_000160835.1"",""GCF_000203855.3"",""GCF_000237995.1"",""GCF_000241055.1"",""GCF_000269925.1"",""GCF_000269945.1"",""GCF_000298875.1"",""GCF_000468955.1"",""GCF_000691805.2"",""GCF_001434365.1"",""GCF_001434705.1"",""GCF_001435245.1"",""GCF_001436135.1"",""GCF_001436905.1"",""GCF_001437055.1"",""GCF_001437425.1"",""GCF_001536305.1"",""GCF_001618285.1"",""GCF_001702215.1"",""GCF_001702235.1"",""GCF_001752505.1"",""GCF_001752515.1"",""GCF_001752545.1"",""GCF_001761545.1"",""GCF_001767275.1"",""GCF_001888925.1"",""GCF_001891125.1"",""GCF_001932615.1"",""GCF_001998805.1"",""GCF_002174215.1"",""GCF_002970915.1"",""GCF_002970935.1"",""GCF_003150935.1"",""GCF_003151025.1"",""GCF_003173695.1"",""GCF_003176835.1"",""GCF_003264795.1"",""GCF_003584685.1"",""GCF_003641185.1"",""GCF_003722275.1"",""GCF_003999355.1"",""GCF_004354645.1"",""GCF_004377635.1"",""GCF_005405405.1"",""GCF_005405465.1"",""GCF_007954605.1"",""GCF_007954785.1"",""GCF_008107645.1"",""GCF_008831485.1"",""GCF_009184845.1"",""GCF_009856565.1"",""GCF_009913655.1"",""GCF_009913995.1"",""GCF_009914015.1"",""GCF_009914035.1"",""GCF_010092385.1"",""GCF_011058775.1"",""GCF_013113695.1"",""GCF_013407595.1"",""GCF_014131735.1"",""GCF_014145545.1"",""GCF_014145555.1"",""GCF_014145615.1"",""GCF_014656585.1"",""GCF_014789145.1"",""GCF_016127255.1"",""GCF_016127815.1"",""GCF_016647595.1"",""GCF_016919665.1"",""GCF_017068355.1"",""GCF_017894345.1"",""GCF_018394055.1"",""GCF_018502505.1"",""GCF_019448175.1"",""GCF_019469265.1"",""GCF_019576155.1"",""GCF_019797825.1"",""GCF_020510245.1"",""GCF_020784695.1"",""GCF_020844005.1"",""GCF_021378055.1"",""GCF_023169905.1"",""GCF_023499275.1"",""GCF_023920145.1"",""GCF_024334065.1"",""GCF_024397795.1"",""GCF_024718545.1"",""GCF_025311495.1"",""GCF_025490915.1"",""GCF_025739325.1"",""GCF_025948295.1"",""GCF_026222675.1"",""GCF_028607025.1"",""GCF_028621815.1"",""GCF_028736235.1"",""GCF_029025825.1"",""GCF_029726355.1"",""GCF_029854335.1"",""GCF_029866985.1"",""GCF_030480545.1"",""GCF_030770265.1"",""GCF_030770295.1"",""GCF_030770335.1"",""GCF_032762665.1"",""GCF_033142085.1"",""GCF_033570435.1"",""GCF_034703025.1"",""GCF_035985965.1"",""GCF_036246165.1"",""GCF_036246185.1"",""GCF_036246225.1"",""GCF_036327715.1"",""GCF_037290055.1"",""GCF_037891785.1"",""GCF_037892375.1"",""GCF_038049945.1"",""GCF_039645515.1"",""GCF_039645575.1"",""GCF_039783225.1"",""GCF_039783785.1"",""GCF_039955095.1"",""GCF_041225485.1"",""GCF_041225605.1"",""GCF_041281755.1"",""GCF_041509385.1"",""GCF_041514285.1"",""GCF_041514295.1"",""GCF_041893975.1"",""GCF_042847315.1"",""GCF_042997415.1"",""GCF_045760565.1"",""GCF_045801155.1"",""GCF_045862825.1"",""GCF_046109915.1"",""GCF_047344935.1"",""GCF_050407965.1"",""GCF_050847345.1"",""GCF_051098045.1"",""GCF_052569745.1"",""GCF_052570115.1"",""GCF_052571685.1"",""GCF_054073565.1"",""GCF_054331775.1"",""GCF_054452875.2"",""GCF_054784775.1"",""GCF_054785075.1"",""GCF_055180435.1"",""GCF_055502585.1"",""GCF_055755075.1"",""GCF_056269605.1"",""GCF_056676095.1"",""GCF_057786735.1"",""GCF_058111805.1"",""GCF_059089415.1"",""GCF_060305805.1"",""GCF_060307215.1"",""GCF_900016205.1"",""GCF_900094835.1"",""GCF_900240275.1"",""GCF_900519455.1"",""GCF_900519475.1"",""GCF_900636965.1"",""GCF_903885985.1"",""GCF_903886345.1"",""GCF_903886475.1"",""GCF_903891025.1"",""GCF_903891205.1"",""GCF_947539375.1"",""GCF_963243495.1"",""GCF_963281025.1"",""GCF_964063315.1"",""GCF_965136965.1"",""GCF_965286035.1"",""GCF_965286295.1"",""GCF_965286585.1"",""GCF_982267005.1""]"	root/1/1/1/1/1/1/1/0/0/0/0/1	"[""root/1/1/1/1/1/1/1/0/0/0/0/1""]"	"[{""node"":""root/1/1/1/1/1/1/1/0/0/0/0/1"",""length_coalescent_units"":1.3862943611198908}]"	1.0	0.0	0.0	5.0	0.0	0.0	0.9945355191256833	0.002732240437158474	0.002732240437158474	573	5.0
b8e943a368d73fe40e895b1268ab8f4f9f84030ca81e768b33654ab846abb0e5	"[""GCF_001536305.1"",""GCF_900016205.1""]"	"[""GCF_000009425.1"",""GCF_000010145.1"",""GCF_000011045.1"",""GCF_000014385.1"",""GCF_000014425.1"",""GCF_000014445.1"",""GCF_000014505.1"",""GCF_000014545.1"",""GCF_000015385.1"",""GCF_000016825.1"",""GCF_000023085.1"",""GCF_000025045.1"",""GCF_000026405.1"",""GCF_000092505.1"",""GCF_000148815.2"",""GCF_000155515.2"",""GCF_000160835.1"",""GCF_000203855.3"",""GCF_000237995.1"",""GCF_000241055.1"",""GCF_000269925.1"",""GCF_000269945.1"",""GCF_000298875.1"",""GCF_000468955.1"",""GCF_000691805.2"",""GCF_001434365.1"",""GCF_001434705.1"",""GCF_001435245.1"",""GCF_001436135.1"",""GCF_001436905.1"",""GCF_001437055.1"",""GCF_001437425.1"",""GCF_001438705.1"",""GCF_001618285.1"",""GCF_001702215.1"",""GCF_001702235.1"",""GCF_001752505.1"",""GCF_001752515.1"",""GCF_001752545.1"",""GCF_001761545.1"",""GCF_001767275.1"",""GCF_001888925.1"",""GCF_001891125.1"",""GCF_001932615.1"",""GCF_001998805.1"",""GCF_002174215.1"",""GCF_002950695.1"",""GCF_002970915.1"",""GCF_002970935.1"",""GCF_003150935.1"",""GCF_003151025.1"",""GCF_003173695.1"",""GCF_003176835.1"",""GCF_003264795.1"",""GCF_003584685.1"",""GCF_003641185.1"",""GCF_003722275.1"",""GCF_003999355.1"",""GCF_004354645.1"",""GCF_004377635.1"",""GCF_005405405.1"",""GCF_005405465.1"",""GCF_007954605.1"",""GCF_007954785.1"",""GCF_008107645.1"",""GCF_008831485.1"",""GCF_009184845.1"",""GCF_009856565.1"",""GCF_009913655.1"",""GCF_009913995.1"",""GCF_009914015.1"",""GCF_009914035.1"",""GCF_010092385.1"",""GCF_011058775.1"",""GCF_011304355.1"",""GCF_013113695.1"",""GCF_013407595.1"",""GCF_014131735.1"",""GCF_014145545.1"",""GCF_014145555.1"",""GCF_014145615.1"",""GCF_014397255.1"",""GCF_014656585.1"",""GCF_014789145.1"",""GCF_016127255.1"",""GCF_016127815.1"",""GCF_016647595.1"",""GCF_016919665.1"",""GCF_017068355.1"",""GCF_017894345.1"",""GCF_018394055.1"",""GCF_018502505.1"",""GCF_019448175.1"",""GCF_019469265.1"",""GCF_019576155.1"",""GCF_019797825.1"",""GCF_020510245.1"",""GCF_020784695.1"",""GCF_020844005.1"",""GCF_021378055.1"",""GCF_023169905.1"",""GCF_023499275.1"",""GCF_023920145.1"",""GCF_024334065.1"",""GCF_024397795.1"",""GCF_024718545.1"",""GCF_025311495.1"",""GCF_025490915.1"",""GCF_025739325.1"",""GCF_025948295.1"",""GCF_026222675.1"",""GCF_028607025.1"",""GCF_028621815.1"",""GCF_028736235.1"",""GCF_029025825.1"",""GCF_029726355.1"",""GCF_029854335.1"",""GCF_029866985.1"",""GCF_030480545.1"",""GCF_030770265.1"",""GCF_030770295.1"",""GCF_030770335.1"",""GCF_032762665.1"",""GCF_033142085.1"",""GCF_033570435.1"",""GCF_034703025.1"",""GCF_035985965.1"",""GCF_036246165.1"",""GCF_036246185.1"",""GCF_036246225.1"",""GCF_036327715.1"",""GCF_037290055.1"",""GCF_037891785.1"",""GCF_037892375.1"",""GCF_038049945.1"",""GCF_039645515.1"",""GCF_039645575.1"",""GCF_039783225.1"",""GCF_039783785.1"",""GCF_039955095.1"",""GCF_041225485.1"",""GCF_041225605.1"",""GCF_041281755.1"",""GCF_041509385.1"",""GCF_041514285.1"",""GCF_041514295.1"",""GCF_041893975.1"",""GCF_042847315.1"",""GCF_042997415.1"",""GCF_045760565.1"",""GCF_045801155.1"",""GCF_045862825.1"",""GCF_046109915.1"",""GCF_047344935.1"",""GCF_050407965.1"",""GCF_050847345.1"",""GCF_051098045.1"",""GCF_052569745.1"",""GCF_052570115.1"",""GCF_052571685.1"",""GCF_054073565.1"",""GCF_054331775.1"",""GCF_054452875.2"",""GCF_054784775.1"",""GCF_054785075.1"",""GCF_055180435.1"",""GCF_055502585.1"",""GCF_055755075.1"",""GCF_056269605.1"",""GCF_056676095.1"",""GCF_057786735.1"",""GCF_058111805.1"",""GCF_059089415.1"",""GCF_060305805.1"",""GCF_060307215.1"",""GCF_900094835.1"",""GCF_900240275.1"",""GCF_900519455.1"",""GCF_900519475.1"",""GCF_900636965.1"",""GCF_903885985.1"",""GCF_903886345.1"",""GCF_903886475.1"",""GCF_903891025.1"",""GCF_903891205.1"",""GCF_947539375.1"",""GCF_963243495.1"",""GCF_963281025.1"",""GCF_964063315.1"",""GCF_965136965.1"",""GCF_965286035.1"",""GCF_965286295.1"",""GCF_965286585.1"",""GCF_982267005.1""]"	root/1/1/1/1/1/1/1/0/0/1/1/1/1/1/1/1/1/1/1	"[""root/1/1/1/1/1/1/1/0/0/1/1/1/1/1/1/1/1/1/1""]"	"[{""node"":""root/1/1/1/1/1/1/1/0/0/1/1/1/1/1/1/1/1/1/1"",""length_coalescent_units"":1.3862943611198908}]"	1.0	0.0	0.0	5.0	0.0	0.0	0.9945355191256833	0.002732240437158474	0.002732240437158474	193	5.0
61dba038bd26248f25e3d87964e9f9169cbc2d9c8bb59eaa89ddd1a3bebc5b63	"[""GCF_001767275.1"",""GCF_002174215.1"",""GCF_010092385.1"",""GCF_016127815.1"",""GCF_019448175.1"",""GCF_028621815.1"",""GCF_034703025.1"",""GCF_059089415.1""]"	"[""GCF_000009425.1"",""GCF_000010145.1"",""GCF_000011045.1"",""GCF_000014385.1"",""GCF_000014425.1"",""GCF_000014445.1"",""GCF_000014505.1"",""GCF_000014545.1"",""GCF_000015385.1"",""GCF_000016825.1"",""GCF_000023085.1"",""GCF_000025045.1"",""GCF_000026405.1"",""GCF_000092505.1"",""GCF_000148815.2"",""GCF_000155515.2"",""GCF_000160835.1"",""GCF_000203855.3"",""GCF_000237995.1"",""GCF_000241055.1"",""GCF_000269925.1"",""GCF_000269945.1"",""GCF_000298875.1"",""GCF_000468955.1"",""GCF_000691805.2"",""GCF_001434365.1"",""GCF_001434705.1"",""GCF_001435245.1"",""GCF_001436135.1"",""GCF_001436905.1"",""GCF_001437055.1"",""GCF_001437425.1"",""GCF_001438705.1"",""GCF_001536305.1"",""GCF_001618285.1"",""GCF_001702215.1"",""GCF_001702235.1"",""GCF_001752505.1"",""GCF_001752515.1"",""GCF_001752545.1"",""GCF_001761545.1"",""GCF_001888925.1"",""GCF_001891125.1"",""GCF_001932615.1"",""GCF_001998805.1"",""GCF_002950695.1"",""GCF_002970915.1"",""GCF_002970935.1"",""GCF_003150935.1"",""GCF_003151025.1"",""GCF_003173695.1"",""GCF_003176835.1"",""GCF_003264795.1"",""GCF_003584685.1"",""GCF_003641185.1"",""GCF_003722275.1"",""GCF_003999355.1"",""GCF_004354645.1"",""GCF_004377635.1"",""GCF_005405405.1"",""GCF_005405465.1"",""GCF_007954605.1"",""GCF_007954785.1"",""GCF_008107645.1"",""GCF_008831485.1"",""GCF_009184845.1"",""GCF_009856565.1"",""GCF_009913655.1"",""GCF_009913995.1"",""GCF_009914015.1"",""GCF_009914035.1"",""GCF_011058775.1"",""GCF_011304355.1"",""GCF_013113695.1"",""GCF_013407595.1"",""GCF_014131735.1"",""GCF_014145545.1"",""GCF_014145555.1"",""GCF_014145615.1"",""GCF_014397255.1"",""GCF_014656585.1"",""GCF_014789145.1"",""GCF_016127255.1"",""GCF_016647595.1"",""GCF_016919665.1"",""GCF_017068355.1"",""GCF_017894345.1"",""GCF_018394055.1"",""GCF_018502505.1"",""GCF_019469265.1"",""GCF_019576155.1"",""GCF_019797825.1"",""GCF_020510245.1"",""GCF_020784695.1"",""GCF_020844005.1"",""GCF_021378055.1"",""GCF_023169905.1"",""GCF_023499275.1"",""GCF_023920145.1"",""GCF_024334065.1"",""GCF_024397795.1"",""GCF_024718545.1"",""GCF_025311495.1"",""GCF_025490915.1"",""GCF_025739325.1"",""GCF_025948295.1"",""GCF_026222675.1"",""GCF_028607025.1"",""GCF_028736235.1"",""GCF_029025825.1"",""GCF_029726355.1"",""GCF_029854335.1"",""GCF_029866985.1"",""GCF_030480545.1"",""GCF_030770265.1"",""GCF_030770295.1"",""GCF_030770335.1"",""GCF_032762665.1"",""GCF_033142085.1"",""GCF_033570435.1"",""GCF_035985965.1"",""GCF_036246165.1"",""GCF_036246185.1"",""GCF_036246225.1"",""GCF_036327715.1"",""GCF_037290055.1"",""GCF_037891785.1"",""GCF_037892375.1"",""GCF_038049945.1"",""GCF_039645515.1"",""GCF_039645575.1"",""GCF_039783225.1"",""GCF_039783785.1"",""GCF_039955095.1"",""GCF_041225485.1"",""GCF_041225605.1"",""GCF_041281755.1"",""GCF_041509385.1"",""GCF_041514285.1"",""GCF_041514295.1"",""GCF_041893975.1"",""GCF_042847315.1"",""GCF_042997415.1"",""GCF_045760565.1"",""GCF_045801155.1"",""GCF_045862825.1"",""GCF_046109915.1"",""GCF_047344935.1"",""GCF_050407965.1"",""GCF_050847345.1"",""GCF_051098045.1"",""GCF_052569745.1"",""GCF_052570115.1"",""GCF_052571685.1"",""GCF_054073565.1"",""GCF_054331775.1"",""GCF_054452875.2"",""GCF_054784775.1"",""GCF_054785075.1"",""GCF_055180435.1"",""GCF_055502585.1"",""GCF_055755075.1"",""GCF_056269605.1"",""GCF_056676095.1"",""GCF_057786735.1"",""GCF_058111805.1"",""GCF_060305805.1"",""GCF_060307215.1"",""GCF_900016205.1"",""GCF_900094835.1"",""GCF_900240275.1"",""GCF_900519455.1"",""GCF_900519475.1"",""GCF_900636965.1"",""GCF_903885985.1"",""GCF_903886345.1"",""GCF_903886475.1"",""GCF_903891025.1"",""GCF_903891205.1"",""GCF_947539375.1"",""GCF_963243495.1"",""GCF_963281025.1"",""GCF_964063315.1"",""GCF_965136965.1"",""GCF_965286035.1"",""GCF_965286295.1"",""GCF_965286585.1"",""GCF_982267005.1""]"	root/1/1/1/1/1/1/1/0/1/1/1/0/1/1	"[""root/1/1/1/1/1/1/1/0/1/1/1/0/1/1""]"	"[{""node"":""root/1/1/1/1/1/1/1/0/1/1/1/0/1/1"",""length_coalescent_units"":1.3862943611198908}]"	1.0	0.0	0.0	5.0	0.0	0.0	0.9945355191256833	0.002732240437158474	0.002732240437158474	7644	5.0
f863f6f20ed22e8c48c6dd23fa5b072322012539189fee17c5bb50a6221ec118	"[""GCF_001767275.1"",""GCF_010092385.1"",""GCF_016127815.1"",""GCF_019448175.1"",""GCF_028621815.1"",""GCF_034703025.1"",""GCF_059089415.1""]"	"[""GCF_000009425.1"",""GCF_000010145.1"",""GCF_000011045.1"",""GCF_000014385.1"",""GCF_000014425.1"",""GCF_000014445.1"",""GCF_000014505.1"",""GCF_000014545.1"",""GCF_000015385.1"",""GCF_000016825.1"",""GCF_000023085.1"",""GCF_000025045.1"",""GCF_000026405.1"",""GCF_000092505.1"",""GCF_000148815.2"",""GCF_000155515.2"",""GCF_000160835.1"",""GCF_000203855.3"",""GCF_000237995.1"",""GCF_000241055.1"",""GCF_000269925.1"",""GCF_000269945.1"",""GCF_000298875.1"",""GCF_000468955.1"",""GCF_000691805.2"",""GCF_001434365.1"",""GCF_001434705.1"",""GCF_001435245.1"",""GCF_001436135.1"",""GCF_001436905.1"",""GCF_001437055.1"",""GCF_001437425.1"",""GCF_001438705.1"",""GCF_001536305.1"",""GCF_001618285.1"",""GCF_001702215.1"",""GCF_001702235.1"",""GCF_001752505.1"",""GCF_001752515.1"",""GCF_001752545.1"",""GCF_001761545.1"",""GCF_001888925.1"",""GCF_001891125.1"",""GCF_001932615.1"",""GCF_001998805.1"",""GCF_002174215.1"",""GCF_002950695.1"",""GCF_002970915.1"",""GCF_002970935.1"",""GCF_003150935.1"",""GCF_003151025.1"",""GCF_003173695.1"",""GCF_003176835.1"",""GCF_003264795.1"",""GCF_003584685.1"",""GCF_003641185.1"",""GCF_003722275.1"",""GCF_003999355.1"",""GCF_004354645.1"",""GCF_004377635.1"",""GCF_005405405.1"",""GCF_005405465.1"",""GCF_007954605.1"",""GCF_007954785.1"",""GCF_008107645.1"",""GCF_008831485.1"",""GCF_009184845.1"",""GCF_009856565.1"",""GCF_009913655.1"",""GCF_009913995.1"",""GCF_009914015.1"",""GCF_009914035.1"",""GCF_011058775.1"",""GCF_011304355.1"",""GCF_013113695.1"",""GCF_013407595.1"",""GCF_014131735.1"",""GCF_014145545.1"",""GCF_014145555.1"",""GCF_014145615.1"",""GCF_014397255.1"",""GCF_014656585.1"",""GCF_014789145.1"",""GCF_016127255.1"",""GCF_016647595.1"",""GCF_016919665.1"",""GCF_017068355.1"",""GCF_017894345.1"",""GCF_018394055.1"",""GCF_018502505.1"",""GCF_019469265.1"",""GCF_019576155.1"",""GCF_019797825.1"",""GCF_020510245.1"",""GCF_020784695.1"",""GCF_020844005.1"",""GCF_021378055.1"",""GCF_023169905.1"",""GCF_023499275.1"",""GCF_023920145.1"",""GCF_024334065.1"",""GCF_024397795.1"",""GCF_024718545.1"",""GCF_025311495.1"",""GCF_025490915.1"",""GCF_025739325.1"",""GCF_025948295.1"",""GCF_026222675.1"",""GCF_028607025.1"",""GCF_028736235.1"",""GCF_029025825.1"",""GCF_029726355.1"",""GCF_029854335.1"",""GCF_029866985.1"",""GCF_030480545.1"",""GCF_030770265.1"",""GCF_030770295.1"",""GCF_030770335.1"",""GCF_032762665.1"",""GCF_033142085.1"",""GCF_033570435.1"",""GCF_035985965.1"",""GCF_036246165.1"",""GCF_036246185.1"",""GCF_036246225.1"",""GCF_036327715.1"",""GCF_037290055.1"",""GCF_037891785.1"",""GCF_037892375.1"",""GCF_038049945.1"",""GCF_039645515.1"",""GCF_039645575.1"",""GCF_039783225.1"",""GCF_039783785.1"",""GCF_039955095.1"",""GCF_041225485.1"",""GCF_041225605.1"",""GCF_041281755.1"",""GCF_041509385.1"",""GCF_041514285.1"",""GCF_041514295.1"",""GCF_041893975.1"",""GCF_042847315.1"",""GCF_042997415.1"",""GCF_045760565.1"",""GCF_045801155.1"",""GCF_045862825.1"",""GCF_046109915.1"",""GCF_047344935.1"",""GCF_050407965.1"",""GCF_050847345.1"",""GCF_051098045.1"",""GCF_052569745.1"",""GCF_052570115.1"",""GCF_052571685.1"",""GCF_054073565.1"",""GCF_054331775.1"",""GCF_054452875.2"",""GCF_054784775.1"",""GCF_054785075.1"",""GCF_055180435.1"",""GCF_055502585.1"",""GCF_055755075.1"",""GCF_056269605.1"",""GCF_056676095.1"",""GCF_057786735.1"",""GCF_058111805.1"",""GCF_060305805.1"",""GCF_060307215.1"",""GCF_900016205.1"",""GCF_900094835.1"",""GCF_900240275.1"",""GCF_900519455.1"",""GCF_900519475.1"",""GCF_900636965.1"",""GCF_903885985.1"",""GCF_903886345.1"",""GCF_903886475.1"",""GCF_903891025.1"",""GCF_903891205.1"",""GCF_947539375.1"",""GCF_963243495.1"",""GCF_963281025.1"",""GCF_964063315.1"",""GCF_965136965.1"",""GCF_965286035.1"",""GCF_965286295.1"",""GCF_965286585.1"",""GCF_982267005.1""]"	root/1/1/1/1/1/1/1/0/1/1/1/0/1/1/1	"[""root/1/1/1/1/1/1/1/0/1/1/1/0/1/1/1""]"	"[{""node"":""root/1/1/1/1/1/1/1/0/1/1/1/0/1/1/1"",""length_coalescent_units"":0.2876820724517809}]"	0.6	0.4	0.0	3.0	2.0	0.0	0.6666666666666666	0.2520325203252032	0.08130081300813016	1128	5.0
4e6d97399746a5065fb0496171afe8fc8e65a965236a135485a12ef7f0d82665	"[""GCF_001767275.1"",""GCF_016127815.1"",""GCF_019448175.1"",""GCF_028621815.1"",""GCF_034703025.1"",""GCF_059089415.1""]"	"[""GCF_000009425.1"",""GCF_000010145.1"",""GCF_000011045.1"",""GCF_000014385.1"",""GCF_000014425.1"",""GCF_000014445.1"",""GCF_000014505.1"",""GCF_000014545.1"",""GCF_000015385.1"",""GCF_000016825.1"",""GCF_000023085.1"",""GCF_000025045.1"",""GCF_000026405.1"",""GCF_000092505.1"",""GCF_000148815.2"",""GCF_000155515.2"",""GCF_000160835.1"",""GCF_000203855.3"",""GCF_000237995.1"",""GCF_000241055.1"",""GCF_000269925.1"",""GCF_000269945.1"",""GCF_000298875.1"",""GCF_000468955.1"",""GCF_000691805.2"",""GCF_001434365.1"",""GCF_001434705.1"",""GCF_001435245.1"",""GCF_001436135.1"",""GCF_001436905.1"",""GCF_001437055.1"",""GCF_001437425.1"",""GCF_001438705.1"",""GCF_001536305.1"",""GCF_001618285.1"",""GCF_001702215.1"",""GCF_001702235.1"",""GCF_001752505.1"",""GCF_001752515.1"",""GCF_001752545.1"",""GCF_001761545.1"",""GCF_001888925.1"",""GCF_001891125.1"",""GCF_001932615.1"",""GCF_001998805.1"",""GCF_002174215.1"",""GCF_002950695.1"",""GCF_002970915.1"",""GCF_002970935.1"",""GCF_003150935.1"",""GCF_003151025.1"",""GCF_003173695.1"",""GCF_003176835.1"",""GCF_003264795.1"",""GCF_003584685.1"",""GCF_003641185.1"",""GCF_003722275.1"",""GCF_003999355.1"",""GCF_004354645.1"",""GCF_004377635.1"",""GCF_005405405.1"",""GCF_005405465.1"",""GCF_007954605.1"",""GCF_007954785.1"",""GCF_008107645.1"",""GCF_008831485.1"",""GCF_009184845.1"",""GCF_009856565.1"",""GCF_009913655.1"",""GCF_009913995.1"",""GCF_009914015.1"",""GCF_009914035.1"",""GCF_010092385.1"",""GCF_011058775.1"",""GCF_011304355.1"",""GCF_013113695.1"",""GCF_013407595.1"",""GCF_014131735.1"",""GCF_014145545.1"",""GCF_014145555.1"",""GCF_014145615.1"",""GCF_014397255.1"",""GCF_014656585.1"",""GCF_014789145.1"",""GCF_016127255.1"",""GCF_016647595.1"",""GCF_016919665.1"",""GCF_017068355.1"",""GCF_017894345.1"",""GCF_018394055.1"",""GCF_018502505.1"",""GCF_019469265.1"",""GCF_019576155.1"",""GCF_019797825.1"",""GCF_020510245.1"",""GCF_020784695.1"",""GCF_020844005.1"",""GCF_021378055.1"",""GCF_023169905.1"",""GCF_023499275.1"",""GCF_023920145.1"",""GCF_024334065.1"",""GCF_024397795.1"",""GCF_024718545.1"",""GCF_025311495.1"",""GCF_025490915.1"",""GCF_025739325.1"",""GCF_025948295.1"",""GCF_026222675.1"",""GCF_028607025.1"",""GCF_028736235.1"",""GCF_029025825.1"",""GCF_029726355.1"",""GCF_029854335.1"",""GCF_029866985.1"",""GCF_030480545.1"",""GCF_030770265.1"",""GCF_030770295.1"",""GCF_030770335.1"",""GCF_032762665.1"",""GCF_033142085.1"",""GCF_033570435.1"",""GCF_035985965.1"",""GCF_036246165.1"",""GCF_036246185.1"",""GCF_036246225.1"",""GCF_036327715.1"",""GCF_037290055.1"",""GCF_037891785.1"",""GCF_037892375.1"",""GCF_038049945.1"",""GCF_039645515.1"",""GCF_039645575.1"",""GCF_039783225.1"",""GCF_039783785.1"",""GCF_039955095.1"",""GCF_041225485.1"",""GCF_041225605.1"",""GCF_041281755.1"",""GCF_041509385.1"",""GCF_041514285.1"",""GCF_041514295.1"",""GCF_041893975.1"",""GCF_042847315.1"",""GCF_042997415.1"",""GCF_045760565.1"",""GCF_045801155.1"",""GCF_045862825.1"",""GCF_046109915.1"",""GCF_047344935.1"",""GCF_050407965.1"",""GCF_050847345.1"",""GCF_051098045.1"",""GCF_052569745.1"",""GCF_052570115.1"",""GCF_052571685.1"",""GCF_054073565.1"",""GCF_054331775.1"",""GCF_054452875.2"",""GCF_054784775.1"",""GCF_054785075.1"",""GCF_055180435.1"",""GCF_055502585.1"",""GCF_055755075.1"",""GCF_056269605.1"",""GCF_056676095.1"",""GCF_057786735.1"",""GCF_058111805.1"",""GCF_060305805.1"",""GCF_060307215.1"",""GCF_900016205.1"",""GCF_900094835.1"",""GCF_900240275.1"",""GCF_900519455.1"",""GCF_900519475.1"",""GCF_900636965.1"",""GCF_903885985.1"",""GCF_903886345.1"",""GCF_903886475.1"",""GCF_903891025.1"",""GCF_903891205.1"",""GCF_947539375.1"",""GCF_963243495.1"",""GCF_963281025.1"",""GCF_964063315.1"",""GCF_965136965.1"",""GCF_965286035.1"",""GCF_965286295.1"",""GCF_965286585.1"",""GCF_982267005.1""]"	root/1/1/1/1/1/1/1/0/1/1/1/0/1/1/1/1	"[""root/1/1/1/1/1/1/1/0/1/1/1/0/1/1/1/1""]"	"[{""node"":""root/1/1/1/1/1/1/1/0/1/1/1/0/1/1/1/1"",""length_coalescent_units"":0.13196276485189623}]"	0.4989010989010989	0.375	0.1260989010989011	2.4945054945054945	1.875	0.6304945054945055	0.535933629895229	0.3157916550918197	0.14827471501295122	1512	5.0
76d17489193b615ad1b28d5c5fa74d3a2677d1efae14f67d94abf789311859f1	"[""GCF_001767275.1"",""GCF_028621815.1"",""GCF_034703025.1"",""GCF_059089415.1""]"	"[""GCF_000009425.1"",""GCF_000010145.1"",""GCF_000011045.1"",""GCF_000014385.1"",""GCF_000014425.1"",""GCF_000014445.1"",""GCF_000014505.1"",""GCF_000014545.1"",""GCF_000015385.1"",""GCF_000016825.1"",""GCF_000023085.1"",""GCF_000025045.1"",""GCF_000026405.1"",""GCF_000092505.1"",""GCF_000148815.2"",""GCF_000155515.2"",""GCF_000160835.1"",""GCF_000203855.3"",""GCF_000237995.1"",""GCF_000241055.1"",""GCF_000269925.1"",""GCF_000269945.1"",""GCF_000298875.1"",""GCF_000468955.1"",""GCF_000691805.2"",""GCF_001434365.1"",""GCF_001434705.1"",""GCF_001435245.1"",""GCF_001436135.1"",""GCF_001436905.1"",""GCF_001437055.1"",""GCF_001437425.1"",""GCF_001438705.1"",""GCF_001536305.1"",""GCF_001618285.1"",""GCF_001702215.1"",""GCF_001702235.1"",""GCF_001752505.1"",""GCF_001752515.1"",""GCF_001752545.1"",""GCF_001761545.1"",""GCF_001888925.1"",""GCF_001891125.1"",""GCF_001932615.1"",""GCF_001998805.1"",""GCF_002174215.1"",""GCF_002950695.1"",""GCF_002970915.1"",""GCF_002970935.1"",""GCF_003150935.1"",""GCF_003151025.1"",""GCF_003173695.1"",""GCF_003176835.1"",""GCF_003264795.1"",""GCF_003584685.1"",""GCF_003641185.1"",""GCF_003722275.1"",""GCF_003999355.1"",""GCF_004354645.1"",""GCF_004377635.1"",""GCF_005405405.1"",""GCF_005405465.1"",""GCF_007954605.1"",""GCF_007954785.1"",""GCF_008107645.1"",""GCF_008831485.1"",""GCF_009184845.1"",""GCF_009856565.1"",""GCF_009913655.1"",""GCF_009913995.1"",""GCF_009914015.1"",""GCF_009914035.1"",""GCF_010092385.1"",""GCF_011058775.1"",""GCF_011304355.1"",""GCF_013113695.1"",""GCF_013407595.1"",""GCF_014131735.1"",""GCF_014145545.1"",""GCF_014145555.1"",""GCF_014145615.1"",""GCF_014397255.1"",""GCF_014656585.1"",""GCF_014789145.1"",""GCF_016127255.1"",""GCF_016127815.1"",""GCF_016647595.1"",""GCF_016919665.1"",""GCF_017068355.1"",""GCF_017894345.1"",""GCF_018394055.1"",""GCF_018502505.1"",""GCF_019448175.1"",""GCF_019469265.1"",""GCF_019576155.1"",""GCF_019797825.1"",""GCF_020510245.1"",""GCF_020784695.1"",""GCF_020844005.1"",""GCF_021378055.1"",""GCF_023169905.1"",""GCF_023499275.1"",""GCF_023920145.1"",""GCF_024334065.1"",""GCF_024397795.1"",""GCF_024718545.1"",""GCF_025311495.1"",""GCF_025490915.1"",""GCF_025739325.1"",""GCF_025948295.1"",""GCF_026222675.1"",""GCF_028607025.1"",""GCF_028736235.1"",""GCF_029025825.1"",""GCF_029726355.1"",""GCF_029854335.1"",""GCF_029866985.1"",""GCF_030480545.1"",""GCF_030770265.1"",""GCF_030770295.1"",""GCF_030770335.1"",""GCF_032762665.1"",""GCF_033142085.1"",""GCF_033570435.1"",""GCF_035985965.1"",""GCF_036246165.1"",""GCF_036246185.1"",""GCF_036246225.1"",""GCF_036327715.1"",""GCF_037290055.1"",""GCF_037891785.1"",""GCF_037892375.1"",""GCF_038049945.1"",""GCF_039645515.1"",""GCF_039645575.1"",""GCF_039783225.1"",""GCF_039783785.1"",""GCF_039955095.1"",""GCF_041225485.1"",""GCF_041225605.1"",""GCF_041281755.1"",""GCF_041509385.1"",""GCF_041514285.1"",""GCF_041514295.1"",""GCF_041893975.1"",""GCF_042847315.1"",""GCF_042997415.1"",""GCF_045760565.1"",""GCF_045801155.1"",""GCF_045862825.1"",""GCF_046109915.1"",""GCF_047344935.1"",""GCF_050407965.1"",""GCF_050847345.1"",""GCF_051098045.1"",""GCF_052569745.1"",""GCF_052570115.1"",""GCF_052571685.1"",""GCF_054073565.1"",""GCF_054331775.1"",""GCF_054452875.2"",""GCF_054784775.1"",""GCF_054785075.1"",""GCF_055180435.1"",""GCF_055502585.1"",""GCF_055755075.1"",""GCF_056269605.1"",""GCF_056676095.1"",""GCF_057786735.1"",""GCF_058111805.1"",""GCF_060305805.1"",""GCF_060307215.1"",""GCF_900016205.1"",""GCF_900094835.1"",""GCF_900240275.1"",""GCF_900519455.1"",""GCF_900519475.1"",""GCF_900636965.1"",""GCF_903885985.1"",""GCF_903886345.1"",""GCF_903886475.1"",""GCF_903891025.1"",""GCF_903891205.1"",""GCF_947539375.1"",""GCF_963243495.1"",""GCF_963281025.1"",""GCF_964063315.1"",""GCF_965136965.1"",""GCF_965286035.1"",""GCF_965286295.1"",""GCF_965286585.1"",""GCF_982267005.1""]"	root/1/1/1/1/1/1/1/0/1/1/1/0/1/1/1/1/1	"[""root/1/1/1/1/1/1/1/0/1/1/1/0/1/1/1/1/1""]"	"[{""node"":""root/1/1/1/1/1/1/1/0/1/1/1/0/1/1/1/1/1"",""length_coalescent_units"":0.08629393106623316}]"	0.46614035087719297	0.4001754385964912	0.1336842105263158	2.3307017543859647	2.000877192982456	0.6684210526315789	0.47962798913956217	0.3628916394784869	0.15748037138195103	1140	5.0
b52e0fb0fb00994fe44951e6e4021b561bcb9dd9780610a957ff26c73f855e68	"[""GCF_001767275.1"",""GCF_028621815.1"",""GCF_059089415.1""]"	"[""GCF_000009425.1"",""GCF_000010145.1"",""GCF_000011045.1"",""GCF_000014385.1"",""GCF_000014425.1"",""GCF_000014445.1"",""GCF_000014505.1"",""GCF_000014545.1"",""GCF_000015385.1"",""GCF_000016825.1"",""GCF_000023085.1"",""GCF_000025045.1"",""GCF_000026405.1"",""GCF_000092505.1"",""GCF_000148815.2"",""GCF_000155515.2"",""GCF_000160835.1"",""GCF_000203855.3"",""GCF_000237995.1"",""GCF_000241055.1"",""GCF_000269925.1"",""GCF_000269945.1"",""GCF_000298875.1"",""GCF_000468955.1"",""GCF_000691805.2"",""GCF_001434365.1"",""GCF_001434705.1"",""GCF_001435245.1"",""GCF_001436135.1"",""GCF_001436905.1"",""GCF_001437055.1"",""GCF_001437425.1"",""GCF_001438705.1"",""GCF_001536305.1"",""GCF_001618285.1"",""GCF_001702215.1"",""GCF_001702235.1"",""GCF_001752505.1"",""GCF_001752515.1"",""GCF_001752545.1"",""GCF_001761545.1"",""GCF_001888925.1"",""GCF_001891125.1"",""GCF_001932615.1"",""GCF_001998805.1"",""GCF_002174215.1"",""GCF_002950695.1"",""GCF_002970915.1"",""GCF_002970935.1"",""GCF_003150935.1"",""GCF_003151025.1"",""GCF_003173695.1"",""GCF_003176835.1"",""GCF_003264795.1"",""GCF_003584685.1"",""GCF_003641185.1"",""GCF_003722275.1"",""GCF_003999355.1"",""GCF_004354645.1"",""GCF_004377635.1"",""GCF_005405405.1"",""GCF_005405465.1"",""GCF_007954605.1"",""GCF_007954785.1"",""GCF_008107645.1"",""GCF_008831485.1"",""GCF_009184845.1"",""GCF_009856565.1"",""GCF_009913655.1"",""GCF_009913995.1"",""GCF_009914015.1"",""GCF_009914035.1"",""GCF_010092385.1"",""GCF_011058775.1"",""GCF_011304355.1"",""GCF_013113695.1"",""GCF_013407595.1"",""GCF_014131735.1"",""GCF_014145545.1"",""GCF_014145555.1"",""GCF_014145615.1"",""GCF_014397255.1"",""GCF_014656585.1"",""GCF_014789145.1"",""GCF_016127255.1"",""GCF_016127815.1"",""GCF_016647595.1"",""GCF_016919665.1"",""GCF_017068355.1"",""GCF_017894345.1"",""GCF_018394055.1"",""GCF_018502505.1"",""GCF_019448175.1"",""GCF_019469265.1"",""GCF_019576155.1"",""GCF_019797825.1"",""GCF_020510245.1"",""GCF_020784695.1"",""GCF_020844005.1"",""GCF_021378055.1"",""GCF_023169905.1"",""GCF_023499275.1"",""GCF_023920145.1"",""GCF_024334065.1"",""GCF_024397795.1"",""GCF_024718545.1"",""GCF_025311495.1"",""GCF_025490915.1"",""GCF_025739325.1"",""GCF_025948295.1"",""GCF_026222675.1"",""GCF_028607025.1"",""GCF_028736235.1"",""GCF_029025825.1"",""GCF_029726355.1"",""GCF_029854335.1"",""GCF_029866985.1"",""GCF_030480545.1"",""GCF_030770265.1"",""GCF_030770295.1"",""GCF_030770335.1"",""GCF_032762665.1"",""GCF_033142085.1"",""GCF_033570435.1"",""GCF_034703025.1"",""GCF_035985965.1"",""GCF_036246165.1"",""GCF_036246185.1"",""GCF_036246225.1"",""GCF_036327715.1"",""GCF_037290055.1"",""GCF_037891785.1"",""GCF_037892375.1"",""GCF_038049945.1"",""GCF_039645515.1"",""GCF_039645575.1"",""GCF_039783225.1"",""GCF_039783785.1"",""GCF_039955095.1"",""GCF_041225485.1"",""GCF_041225605.1"",""GCF_041281755.1"",""GCF_041509385.1"",""GCF_041514285.1"",""GCF_041514295.1"",""GCF_041893975.1"",""GCF_042847315.1"",""GCF_042997415.1"",""GCF_045760565.1"",""GCF_045801155.1"",""GCF_045862825.1"",""GCF_046109915.1"",""GCF_047344935.1"",""GCF_050407965.1"",""GCF_050847345.1"",""GCF_051098045.1"",""GCF_052569745.1"",""GCF_052570115.1"",""GCF_052571685.1"",""GCF_054073565.1"",""GCF_054331775.1"",""GCF_054452875.2"",""GCF_054784775.1"",""GCF_054785075.1"",""GCF_055180435.1"",""GCF_055502585.1"",""GCF_055755075.1"",""GCF_056269605.1"",""GCF_056676095.1"",""GCF_057786735.1"",""GCF_058111805.1"",""GCF_060305805.1"",""GCF_060307215.1"",""GCF_900016205.1"",""GCF_900094835.1"",""GCF_900240275.1"",""GCF_900519455.1"",""GCF_900519475.1"",""GCF_900636965.1"",""GCF_903885985.1"",""GCF_903886345.1"",""GCF_903886475.1"",""GCF_903891025.1"",""GCF_903891205.1"",""GCF_947539375.1"",""GCF_963243495.1"",""GCF_963281025.1"",""GCF_964063315.1"",""GCF_965136965.1"",""GCF_965286035.1"",""GCF_965286295.1"",""GCF_965286585.1"",""GCF_982267005.1""]"	root/1/1/1/1/1/1/1/0/1/1/1/0/1/1/1/1/1/1	"[""root/1/1/1/1/1/1/1/0/1/1/1/0/1/1/1/1/1/1""]"	"[{""node"":""root/1/1/1/1/1/1/1/0/1/1/1/0/1/1/1/1/1/1"",""length_coalescent_units"":0.13204440350294444}]"	0.4989583333333333	0.3994791666666667	0.1015625	2.4947916666666665	1.9973958333333335	0.5078125	0.5240041018426316	0.3393079215866545	0.13668797657071402	384	5.0
d4e6fa5c576434e41768e00d64e74af60dd62cdfc7994cffa5ab400b789559a3	"[""GCF_001767275.1"",""GCF_059089415.1""]"	"[""GCF_000009425.1"",""GCF_000010145.1"",""GCF_000011045.1"",""GCF_000014385.1"",""GCF_000014425.1"",""GCF_000014445.1"",""GCF_000014505.1"",""GCF_000014545.1"",""GCF_000015385.1"",""GCF_000016825.1"",""GCF_000023085.1"",""GCF_000025045.1"",""GCF_000026405.1"",""GCF_000092505.1"",""GCF_000148815.2"",""GCF_000155515.2"",""GCF_000160835.1"",""GCF_000203855.3"",""GCF_000237995.1"",""GCF_000241055.1"",""GCF_000269925.1"",""GCF_000269945.1"",""GCF_000298875.1"",""GCF_000468955.1"",""GCF_000691805.2"",""GCF_001434365.1"",""GCF_001434705.1"",""GCF_001435245.1"",""GCF_001436135.1"",""GCF_001436905.1"",""GCF_001437055.1"",""GCF_001437425.1"",""GCF_001438705.1"",""GCF_001536305.1"",""GCF_001618285.1"",""GCF_001702215.1"",""GCF_001702235.1"",""GCF_001752505.1"",""GCF_001752515.1"",""GCF_001752545.1"",""GCF_001761545.1"",""GCF_001888925.1"",""GCF_001891125.1"",""GCF_001932615.1"",""GCF_001998805.1"",""GCF_002174215.1"",""GCF_002950695.1"",""GCF_002970915.1"",""GCF_002970935.1"",""GCF_003150935.1"",""GCF_003151025.1"",""GCF_003173695.1"",""GCF_003176835.1"",""GCF_003264795.1"",""GCF_003584685.1"",""GCF_003641185.1"",""GCF_003722275.1"",""GCF_003999355.1"",""GCF_004354645.1"",""GCF_004377635.1"",""GCF_005405405.1"",""GCF_005405465.1"",""GCF_007954605.1"",""GCF_007954785.1"",""GCF_008107645.1"",""GCF_008831485.1"",""GCF_009184845.1"",""GCF_009856565.1"",""GCF_009913655.1"",""GCF_009913995.1"",""GCF_009914015.1"",""GCF_009914035.1"",""GCF_010092385.1"",""GCF_011058775.1"",""GCF_011304355.1"",""GCF_013113695.1"",""GCF_013407595.1"",""GCF_014131735.1"",""GCF_014145545.1"",""GCF_014145555.1"",""GCF_014145615.1"",""GCF_014397255.1"",""GCF_014656585.1"",""GCF_014789145.1"",""GCF_016127255.1"",""GCF_016127815.1"",""GCF_016647595.1"",""GCF_016919665.1"",""GCF_017068355.1"",""GCF_017894345.1"",""GCF_018394055.1"",""GCF_018502505.1"",""GCF_019448175.1"",""GCF_019469265.1"",""GCF_019576155.1"",""GCF_019797825.1"",""GCF_020510245.1"",""GCF_020784695.1"",""GCF_020844005.1"",""GCF_021378055.1"",""GCF_023169905.1"",""GCF_023499275.1"",""GCF_023920145.1"",""GCF_024334065.1"",""GCF_024397795.1"",""GCF_024718545.1"",""GCF_025311495.1"",""GCF_025490915.1"",""GCF_025739325.1"",""GCF_025948295.1"",""GCF_026222675.1"",""GCF_028607025.1"",""GCF_028621815.1"",""GCF_028736235.1"",""GCF_029025825.1"",""GCF_029726355.1"",""GCF_029854335.1"",""GCF_029866985.1"",""GCF_030480545.1"",""GCF_030770265.1"",""GCF_030770295.1"",""GCF_030770335.1"",""GCF_032762665.1"",""GCF_033142085.1"",""GCF_033570435.1"",""GCF_034703025.1"",""GCF_035985965.1"",""GCF_036246165.1"",""GCF_036246185.1"",""GCF_036246225.1"",""GCF_036327715.1"",""GCF_037290055.1"",""GCF_037891785.1"",""GCF_037892375.1"",""GCF_038049945.1"",""GCF_039645515.1"",""GCF_039645575.1"",""GCF_039783225.1"",""GCF_039783785.1"",""GCF_039955095.1"",""GCF_041225485.1"",""GCF_041225605.1"",""GCF_041281755.1"",""GCF_041509385.1"",""GCF_041514285.1"",""GCF_041514295.1"",""GCF_041893975.1"",""GCF_042847315.1"",""GCF_042997415.1"",""GCF_045760565.1"",""GCF_045801155.1"",""GCF_045862825.1"",""GCF_046109915.1"",""GCF_047344935.1"",""GCF_050407965.1"",""GCF_050847345.1"",""GCF_051098045.1"",""GCF_052569745.1"",""GCF_052570115.1"",""GCF_052571685.1"",""GCF_054073565.1"",""GCF_054331775.1"",""GCF_054452875.2"",""GCF_054784775.1"",""GCF_054785075.1"",""GCF_055180435.1"",""GCF_055502585.1"",""GCF_055755075.1"",""GCF_056269605.1"",""GCF_056676095.1"",""GCF_057786735.1"",""GCF_058111805.1"",""GCF_060305805.1"",""GCF_060307215.1"",""GCF_900016205.1"",""GCF_900094835.1"",""GCF_900240275.1"",""GCF_900519455.1"",""GCF_900519475.1"",""GCF_900636965.1"",""GCF_903885985.1"",""GCF_903886345.1"",""GCF_903886475.1"",""GCF_903891025.1"",""GCF_903891205.1"",""GCF_947539375.1"",""GCF_963243495.1"",""GCF_963281025.1"",""GCF_964063315.1"",""GCF_965136965.1"",""GCF_965286035.1"",""GCF_965286295.1"",""GCF_965286585.1"",""GCF_982267005.1""]"	root/1/1/1/1/1/1/1/0/1/1/1/0/1/1/1/1/1/1/1	"[""root/1/1/1/1/1/1/1/0/1/1/1/0/1/1/1/1/1/1/1""]"	"[{""node"":""root/1/1/1/1/1/1/1/0/1/1/1/0/1/1/1/1/1/1/1"",""length_coalescent_units"":0.2859564464843113}]"	0.5989637305699482	0.002072538860103627	0.39896373056994816	2.994818652849741	0.010362694300518135	1.994818652849741	0.6657656567876165	0.08203113150788523	0.2522032117044983	193	5.0
af6584577a629624813d2e3b8c2c7d667b0393b9a16c6731af03e9783c15aa8b	"[""GCF_001891125.1"",""GCF_058111805.1""]"	"[""GCF_000009425.1"",""GCF_000010145.1"",""GCF_000011045.1"",""GCF_000014385.1"",""GCF_000014425.1"",""GCF_000014445.1"",""GCF_000014505.1"",""GCF_000014545.1"",""GCF_000015385.1"",""GCF_000016825.1"",""GCF_000023085.1"",""GCF_000025045.1"",""GCF_000026405.1"",""GCF_000092505.1"",""GCF_000148815.2"",""GCF_000155515.2"",""GCF_000160835.1"",""GCF_000203855.3"",""GCF_000237995.1"",""GCF_000241055.1"",""GCF_000269925.1"",""GCF_000269945.1"",""GCF_000298875.1"",""GCF_000468955.1"",""GCF_000691805.2"",""GCF_001434365.1"",""GCF_001434705.1"",""GCF_001435245.1"",""GCF_001436135.1"",""GCF_001436905.1"",""GCF_001437055.1"",""GCF_001437425.1"",""GCF_001438705.1"",""GCF_001536305.1"",""GCF_001618285.1"",""GCF_001702215.1"",""GCF_001702235.1"",""GCF_001752505.1"",""GCF_001752515.1"",""GCF_001752545.1"",""GCF_001761545.1"",""GCF_001767275.1"",""GCF_001888925.1"",""GCF_001932615.1"",""GCF_001998805.1"",""GCF_002174215.1"",""GCF_002950695.1"",""GCF_002970915.1"",""GCF_002970935.1"",""GCF_003150935.1"",""GCF_003151025.1"",""GCF_003173695.1"",""GCF_003176835.1"",""GCF_003264795.1"",""GCF_003584685.1"",""GCF_003641185.1"",""GCF_003722275.1"",""GCF_003999355.1"",""GCF_004354645.1"",""GCF_004377635.1"",""GCF_005405405.1"",""GCF_005405465.1"",""GCF_007954605.1"",""GCF_007954785.1"",""GCF_008107645.1"",""GCF_008831485.1"",""GCF_009184845.1"",""GCF_009856565.1"",""GCF_009913655.1"",""GCF_009913995.1"",""GCF_009914015.1"",""GCF_009914035.1"",""GCF_010092385.1"",""GCF_011058775.1"",""GCF_011304355.1"",""GCF_013113695.1"",""GCF_013407595.1"",""GCF_014131735.1"",""GCF_014145545.1"",""GCF_014145555.1"",""GCF_014145615.1"",""GCF_014397255.1"",""GCF_014656585.1"",""GCF_014789145.1"",""GCF_016127255.1"",""GCF_016127815.1"",""GCF_016647595.1"",""GCF_016919665.1"",""GCF_017068355.1"",""GCF_017894345.1"",""GCF_018394055.1"",""GCF_018502505.1"",""GCF_019448175.1"",""GCF_019469265.1"",""GCF_019576155.1"",""GCF_019797825.1"",""GCF_020510245.1"",""GCF_020784695.1"",""GCF_020844005.1"",""GCF_021378055.1"",""GCF_023169905.1"",""GCF_023499275.1"",""GCF_023920145.1"",""GCF_024334065.1"",""GCF_024397795.1"",""GCF_024718545.1"",""GCF_025311495.1"",""GCF_025490915.1"",""GCF_025739325.1"",""GCF_025948295.1"",""GCF_026222675.1"",""GCF_028607025.1"",""GCF_028621815.1"",""GCF_028736235.1"",""GCF_029025825.1"",""GCF_029726355.1"",""GCF_029854335.1"",""GCF_029866985.1"",""GCF_030480545.1"",""GCF_030770265.1"",""GCF_030770295.1"",""GCF_030770335.1"",""GCF_032762665.1"",""GCF_033142085.1"",""GCF_033570435.1"",""GCF_034703025.1"",""GCF_035985965.1"",""GCF_036246165.1"",""GCF_036246185.1"",""GCF_036246225.1"",""GCF_036327715.1"",""GCF_037290055.1"",""GCF_037891785.1"",""GCF_037892375.1"",""GCF_038049945.1"",""GCF_039645515.1"",""GCF_039645575.1"",""GCF_039783225.1"",""GCF_039783785.1"",""GCF_039955095.1"",""GCF_041225485.1"",""GCF_041225605.1"",""GCF_041281755.1"",""GCF_041509385.1"",""GCF_041514285.1"",""GCF_041514295.1"",""GCF_041893975.1"",""GCF_042847315.1"",""GCF_042997415.1"",""GCF_045760565.1"",""GCF_045801155.1"",""GCF_045862825.1"",""GCF_046109915.1"",""GCF_047344935.1"",""GCF_050407965.1"",""GCF_050847345.1"",""GCF_051098045.1"",""GCF_052569745.1"",""GCF_052570115.1"",""GCF_052571685.1"",""GCF_054073565.1"",""GCF_054331775.1"",""GCF_054452875.2"",""GCF_054784775.1"",""GCF_054785075.1"",""GCF_055180435.1"",""GCF_055502585.1"",""GCF_055755075.1"",""GCF_056269605.1"",""GCF_056676095.1"",""GCF_057786735.1"",""GCF_059089415.1"",""GCF_060305805.1"",""GCF_060307215.1"",""GCF_900016205.1"",""GCF_900094835.1"",""GCF_900240275.1"",""GCF_900519455.1"",""GCF_900519475.1"",""GCF_900636965.1"",""GCF_903885985.1"",""GCF_903886345.1"",""GCF_903886475.1"",""GCF_903891025.1"",""GCF_903891205.1"",""GCF_947539375.1"",""GCF_963243495.1"",""GCF_963281025.1"",""GCF_964063315.1"",""GCF_965136965.1"",""GCF_965286035.1"",""GCF_965286295.1"",""GCF_965286585.1"",""GCF_982267005.1""]"	root/1/1/1/1/1/1/1/0/0/1/1/1/0/1/1	"[""root/1/1/1/1/1/1/1/0/0/1/1/1/0/1/1""]"	"[{""node"":""root/1/1/1/1/1/1/1/0/0/1/1/1/0/1/1"",""length_coalescent_units"":1.2039728043259361}]"	1.0	0.0	0.0	4.0	0.0	0.0	0.9837398373983739	0.008130081300813014	0.008130081300813014	384	4.0
844a46328ee560e756e02fd9bfa62905ab17e919dd1b7407378a33082340ed8e	"[""GCF_001932615.1"",""GCF_005405465.1""]"	"[""GCF_000009425.1"",""GCF_000010145.1"",""GCF_000011045.1"",""GCF_000014385.1"",""GCF_000014425.1"",""GCF_000014445.1"",""GCF_000014505.1"",""GCF_000014545.1"",""GCF_000015385.1"",""GCF_000016825.1"",""GCF_000023085.1"",""GCF_000025045.1"",""GCF_000026405.1"",""GCF_000092505.1"",""GCF_000148815.2"",""GCF_000155515.2"",""GCF_000160835.1"",""GCF_000203855.3"",""GCF_000237995.1"",""GCF_000241055.1"",""GCF_000269925.1"",""GCF_000269945.1"",""GCF_000298875.1"",""GCF_000468955.1"",""GCF_000691805.2"",""GCF_001434365.1"",""GCF_001434705.1"",""GCF_001435245.1"",""GCF_001436135.1"",""GCF_001436905.1"",""GCF_001437055.1"",""GCF_001437425.1"",""GCF_001438705.1"",""GCF_001536305.1"",""GCF_001618285.1"",""GCF_001702215.1"",""GCF_001702235.1"",""GCF_001752505.1"",""GCF_001752515.1"",""GCF_001752545.1"",""GCF_001761545.1"",""GCF_001767275.1"",""GCF_001888925.1"",""GCF_001891125.1"",""GCF_001998805.1"",""GCF_002174215.1"",""GCF_002950695.1"",""GCF_002970915.1"",""GCF_002970935.1"",""GCF_003150935.1"",""GCF_003151025.1"",""GCF_003173695.1"",""GCF_003176835.1"",""GCF_003264795.1"",""GCF_003584685.1"",""GCF_003641185.1"",""GCF_003722275.1"",""GCF_003999355.1"",""GCF_004354645.1"",""GCF_004377635.1"",""GCF_005405405.1"",""GCF_007954605.1"",""GCF_007954785.1"",""GCF_008107645.1"",""GCF_008831485.1"",""GCF_009184845.1"",""GCF_009856565.1"",""GCF_009913655.1"",""GCF_009913995.1"",""GCF_009914015.1"",""GCF_009914035.1"",""GCF_010092385.1"",""GCF_011058775.1"",""GCF_011304355.1"",""GCF_013113695.1"",""GCF_013407595.1"",""GCF_014131735.1"",""GCF_014145545.1"",""GCF_014145555.1"",""GCF_014145615.1"",""GCF_014397255.1"",""GCF_014656585.1"",""GCF_014789145.1"",""GCF_016127255.1"",""GCF_016127815.1"",""GCF_016647595.1"",""GCF_016919665.1"",""GCF_017068355.1"",""GCF_017894345.1"",""GCF_018394055.1"",""GCF_018502505.1"",""GCF_019448175.1"",""GCF_019469265.1"",""GCF_019576155.1"",""GCF_019797825.1"",""GCF_020510245.1"",""GCF_020784695.1"",""GCF_020844005.1"",""GCF_021378055.1"",""GCF_023169905.1"",""GCF_023499275.1"",""GCF_023920145.1"",""GCF_024334065.1"",""GCF_024397795.1"",""GCF_024718545.1"",""GCF_025311495.1"",""GCF_025490915.1"",""GCF_025739325.1"",""GCF_025948295.1"",""GCF_026222675.1"",""GCF_028607025.1"",""GCF_028621815.1"",""GCF_028736235.1"",""GCF_029025825.1"",""GCF_029726355.1"",""GCF_029854335.1"",""GCF_029866985.1"",""GCF_030480545.1"",""GCF_030770265.1"",""GCF_030770295.1"",""GCF_030770335.1"",""GCF_032762665.1"",""GCF_033142085.1"",""GCF_033570435.1"",""GCF_034703025.1"",""GCF_035985965.1"",""GCF_036246165.1"",""GCF_036246185.1"",""GCF_036246225.1"",""GCF_036327715.1"",""GCF_037290055.1"",""GCF_037891785.1"",""GCF_037892375.1"",""GCF_038049945.1"",""GCF_039645515.1"",""GCF_039645575.1"",""GCF_039783225.1"",""GCF_039783785.1"",""GCF_039955095.1"",""GCF_041225485.1"",""GCF_041225605.1"",""GCF_041281755.1"",""GCF_041509385.1"",""GCF_041514285.1"",""GCF_041514295.1"",""GCF_041893975.1"",""GCF_042847315.1"",""GCF_042997415.1"",""GCF_045760565.1"",""GCF_045801155.1"",""GCF_045862825.1"",""GCF_046109915.1"",""GCF_047344935.1"",""GCF_050407965.1"",""GCF_050847345.1"",""GCF_051098045.1"",""GCF_052569745.1"",""GCF_052570115.1"",""GCF_052571685.1"",""GCF_054073565.1"",""GCF_054331775.1"",""GCF_054452875.2"",""GCF_054784775.1"",""GCF_054785075.1"",""GCF_055180435.1"",""GCF_055502585.1"",""GCF_055755075.1"",""GCF_056269605.1"",""GCF_056676095.1"",""GCF_057786735.1"",""GCF_058111805.1"",""GCF_059089415.1"",""GCF_060305805.1"",""GCF_060307215.1"",""GCF_900016205.1"",""GCF_900094835.1"",""GCF_900240275.1"",""GCF_900519455.1"",""GCF_900519475.1"",""GCF_900636965.1"",""GCF_903885985.1"",""GCF_903886345.1"",""GCF_903886475.1"",""GCF_903891025.1"",""GCF_903891205.1"",""GCF_947539375.1"",""GCF_963243495.1"",""GCF_963281025.1"",""GCF_964063315.1"",""GCF_965136965.1"",""GCF_965286035.1"",""GCF_965286295.1"",""GCF_965286585.1"",""GCF_982267005.1""]"	root/1/1/1/1/1/1/1/0/0/0/1/1/1/1/1/1/1	"[""root/1/1/1/1/1/1/1/0/0/0/1/1/1/1/1/1/1""]"	"[{""node"":""root/1/1/1/1/1/1/1/0/0/0/1/1/1/1/1/1/1"",""length_coalescent_units"":0.6931471805599453}]"	0.8	0.2	0.0	4.0	1.0	0.0	0.9322916666666666	0.0416666666666667	0.026041666666666696	193	5.0
2fc636f201d869da1fc147256cc546302c3efaa87eceff5ad03d03f9289e45cb	"[""GCF_001932615.1"",""GCF_005405465.1"",""GCF_019576155.1"",""GCF_024718545.1"",""GCF_036327715.1"",""GCF_041281755.1"",""GCF_054073565.1"",""GCF_900094835.1""]"	"[""GCF_000009425.1"",""GCF_000010145.1"",""GCF_000011045.1"",""GCF_000014385.1"",""GCF_000014425.1"",""GCF_000014445.1"",""GCF_000014505.1"",""GCF_000014545.1"",""GCF_000015385.1"",""GCF_000016825.1"",""GCF_000023085.1"",""GCF_000025045.1"",""GCF_000026405.1"",""GCF_000092505.1"",""GCF_000148815.2"",""GCF_000155515.2"",""GCF_000160835.1"",""GCF_000203855.3"",""GCF_000237995.1"",""GCF_000241055.1"",""GCF_000269925.1"",""GCF_000269945.1"",""GCF_000298875.1"",""GCF_000468955.1"",""GCF_000691805.2"",""GCF_001434365.1"",""GCF_001434705.1"",""GCF_001435245.1"",""GCF_001436135.1"",""GCF_001436905.1"",""GCF_001437055.1"",""GCF_001437425.1"",""GCF_001438705.1"",""GCF_001536305.1"",""GCF_001618285.1"",""GCF_001702215.1"",""GCF_001702235.1"",""GCF_001752505.1"",""GCF_001752515.1"",""GCF_001752545.1"",""GCF_001761545.1"",""GCF_001767275.1"",""GCF_001888925.1"",""GCF_001891125.1"",""GCF_001998805.1"",""GCF_002174215.1"",""GCF_002950695.1"",""GCF_002970915.1"",""GCF_002970935.1"",""GCF_003150935.1"",""GCF_003151025.1"",""GCF_003173695.1"",""GCF_003176835.1"",""GCF_003264795.1"",""GCF_003584685.1"",""GCF_003641185.1"",""GCF_003722275.1"",""GCF_003999355.1"",""GCF_004354645.1"",""GCF_004377635.1"",""GCF_005405405.1"",""GCF_007954605.1"",""GCF_007954785.1"",""GCF_008107645.1"",""GCF_008831485.1"",""GCF_009184845.1"",""GCF_009856565.1"",""GCF_009913655.1"",""GCF_009913995.1"",""GCF_009914015.1"",""GCF_009914035.1"",""GCF_010092385.1"",""GCF_011058775.1"",""GCF_011304355.1"",""GCF_013113695.1"",""GCF_013407595.1"",""GCF_014131735.1"",""GCF_014145545.1"",""GCF_014145555.1"",""GCF_014145615.1"",""GCF_014397255.1"",""GCF_014656585.1"",""GCF_014789145.1"",""GCF_016127255.1"",""GCF_016127815.1"",""GCF_016647595.1"",""GCF_016919665.1"",""GCF_017068355.1"",""GCF_017894345.1"",""GCF_018394055.1"",""GCF_018502505.1"",""GCF_019448175.1"",""GCF_019469265.1"",""GCF_019797825.1"",""GCF_020510245.1"",""GCF_020784695.1"",""GCF_020844005.1"",""GCF_021378055.1"",""GCF_023169905.1"",""GCF_023499275.1"",""GCF_023920145.1"",""GCF_024334065.1"",""GCF_024397795.1"",""GCF_025311495.1"",""GCF_025490915.1"",""GCF_025739325.1"",""GCF_025948295.1"",""GCF_026222675.1"",""GCF_028607025.1"",""GCF_028621815.1"",""GCF_028736235.1"",""GCF_029025825.1"",""GCF_029726355.1"",""GCF_029854335.1"",""GCF_029866985.1"",""GCF_030480545.1"",""GCF_030770265.1"",""GCF_030770295.1"",""GCF_030770335.1"",""GCF_032762665.1"",""GCF_033142085.1"",""GCF_033570435.1"",""GCF_034703025.1"",""GCF_035985965.1"",""GCF_036246165.1"",""GCF_036246185.1"",""GCF_036246225.1"",""GCF_037290055.1"",""GCF_037891785.1"",""GCF_037892375.1"",""GCF_038049945.1"",""GCF_039645515.1"",""GCF_039645575.1"",""GCF_039783225.1"",""GCF_039783785.1"",""GCF_039955095.1"",""GCF_041225485.1"",""GCF_041225605.1"",""GCF_041509385.1"",""GCF_041514285.1"",""GCF_041514295.1"",""GCF_041893975.1"",""GCF_042847315.1"",""GCF_042997415.1"",""GCF_045760565.1"",""GCF_045801155.1"",""GCF_045862825.1"",""GCF_046109915.1"",""GCF_047344935.1"",""GCF_050407965.1"",""GCF_050847345.1"",""GCF_051098045.1"",""GCF_052569745.1"",""GCF_052570115.1"",""GCF_052571685.1"",""GCF_054331775.1"",""GCF_054452875.2"",""GCF_054784775.1"",""GCF_054785075.1"",""GCF_055180435.1"",""GCF_055502585.1"",""GCF_055755075.1"",""GCF_056269605.1"",""GCF_056676095.1"",""GCF_057786735.1"",""GCF_058111805.1"",""GCF_059089415.1"",""GCF_060305805.1"",""GCF_060307215.1"",""GCF_900016205.1"",""GCF_900240275.1"",""GCF_900519455.1"",""GCF_900519475.1"",""GCF_900636965.1"",""GCF_903885985.1"",""GCF_903886345.1"",""GCF_903886475.1"",""GCF_903891025.1"",""GCF_903891205.1"",""GCF_947539375.1"",""GCF_963243495.1"",""GCF_963281025.1"",""GCF_964063315.1"",""GCF_965136965.1"",""GCF_965286035.1"",""GCF_965286295.1"",""GCF_965286585.1"",""GCF_982267005.1""]"	root/1/1/1/1/1/1/1/0/0/0/1/1/1	"[""root/1/1/1/1/1/1/1/0/0/0/1/1/1""]"	"[{""node"":""root/1/1/1/1/1/1/1/0/0/0/1/1/1"",""length_coalescent_units"":0.6931471805599453}]"	0.8	0.09943502824858758	0.10056497175141244	4.0	0.4971751412429379	0.5028248587570622	0.9351311793851175	0.032391614875315465	0.032477205739567104	8832	5.0
12b03310d6585257c07674a3e0781ea3248b277fdbe82008296fd0e5a49a75ce	"[""GCF_001932615.1"",""GCF_005405465.1"",""GCF_024718545.1""]"	"[""GCF_000009425.1"",""GCF_000010145.1"",""GCF_000011045.1"",""GCF_000014385.1"",""GCF_000014425.1"",""GCF_000014445.1"",""GCF_000014505.1"",""GCF_000014545.1"",""GCF_000015385.1"",""GCF_000016825.1"",""GCF_000023085.1"",""GCF_000025045.1"",""GCF_000026405.1"",""GCF_000092505.1"",""GCF_000148815.2"",""GCF_000155515.2"",""GCF_000160835.1"",""GCF_000203855.3"",""GCF_000237995.1"",""GCF_000241055.1"",""GCF_000269925.1"",""GCF_000269945.1"",""GCF_000298875.1"",""GCF_000468955.1"",""GCF_000691805.2"",""GCF_001434365.1"",""GCF_001434705.1"",""GCF_001435245.1"",""GCF_001436135.1"",""GCF_001436905.1"",""GCF_001437055.1"",""GCF_001437425.1"",""GCF_001438705.1"",""GCF_001536305.1"",""GCF_001618285.1"",""GCF_001702215.1"",""GCF_001702235.1"",""GCF_001752505.1"",""GCF_001752515.1"",""GCF_001752545.1"",""GCF_001761545.1"",""GCF_001767275.1"",""GCF_001888925.1"",""GCF_001891125.1"",""GCF_001998805.1"",""GCF_002174215.1"",""GCF_002950695.1"",""GCF_002970915.1"",""GCF_002970935.1"",""GCF_003150935.1"",""GCF_003151025.1"",""GCF_003173695.1"",""GCF_003176835.1"",""GCF_003264795.1"",""GCF_003584685.1"",""GCF_003641185.1"",""GCF_003722275.1"",""GCF_003999355.1"",""GCF_004354645.1"",""GCF_004377635.1"",""GCF_005405405.1"",""GCF_007954605.1"",""GCF_007954785.1"",""GCF_008107645.1"",""GCF_008831485.1"",""GCF_009184845.1"",""GCF_009856565.1"",""GCF_009913655.1"",""GCF_009913995.1"",""GCF_009914015.1"",""GCF_009914035.1"",""GCF_010092385.1"",""GCF_011058775.1"",""GCF_011304355.1"",""GCF_013113695.1"",""GCF_013407595.1"",""GCF_014131735.1"",""GCF_014145545.1"",""GCF_014145555.1"",""GCF_014145615.1"",""GCF_014397255.1"",""GCF_014656585.1"",""GCF_014789145.1"",""GCF_016127255.1"",""GCF_016127815.1"",""GCF_016647595.1"",""GCF_016919665.1"",""GCF_017068355.1"",""GCF_017894345.1"",""GCF_018394055.1"",""GCF_018502505.1"",""GCF_019448175.1"",""GCF_019469265.1"",""GCF_019576155.1"",""GCF_019797825.1"",""GCF_020510245.1"",""GCF_020784695.1"",""GCF_020844005.1"",""GCF_021378055.1"",""GCF_023169905.1"",""GCF_023499275.1"",""GCF_023920145.1"",""GCF_024334065.1"",""GCF_024397795.1"",""GCF_025311495.1"",""GCF_025490915.1"",""GCF_025739325.1"",""GCF_025948295.1"",""GCF_026222675.1"",""GCF_028607025.1"",""GCF_028621815.1"",""GCF_028736235.1"",""GCF_029025825.1"",""GCF_029726355.1"",""GCF_029854335.1"",""GCF_029866985.1"",""GCF_030480545.1"",""GCF_030770265.1"",""GCF_030770295.1"",""GCF_030770335.1"",""GCF_032762665.1"",""GCF_033142085.1"",""GCF_033570435.1"",""GCF_034703025.1"",""GCF_035985965.1"",""GCF_036246165.1"",""GCF_036246185.1"",""GCF_036246225.1"",""GCF_036327715.1"",""GCF_037290055.1"",""GCF_037891785.1"",""GCF_037892375.1"",""GCF_038049945.1"",""GCF_039645515.1"",""GCF_039645575.1"",""GCF_039783225.1"",""GCF_039783785.1"",""GCF_039955095.1"",""GCF_041225485.1"",""GCF_041225605.1"",""GCF_041281755.1"",""GCF_041509385.1"",""GCF_041514285.1"",""GCF_041514295.1"",""GCF_041893975.1"",""GCF_042847315.1"",""GCF_042997415.1"",""GCF_045760565.1"",""GCF_045801155.1"",""GCF_045862825.1"",""GCF_046109915.1"",""GCF_047344935.1"",""GCF_050407965.1"",""GCF_050847345.1"",""GCF_051098045.1"",""GCF_052569745.1"",""GCF_052570115.1"",""GCF_052571685.1"",""GCF_054073565.1"",""GCF_054331775.1"",""GCF_054452875.2"",""GCF_054784775.1"",""GCF_054785075.1"",""GCF_055180435.1"",""GCF_055502585.1"",""GCF_055755075.1"",""GCF_056269605.1"",""GCF_056676095.1"",""GCF_057786735.1"",""GCF_058111805.1"",""GCF_059089415.1"",""GCF_060305805.1"",""GCF_060307215.1"",""GCF_900016205.1"",""GCF_900094835.1"",""GCF_900240275.1"",""GCF_900519455.1"",""GCF_900519475.1"",""GCF_900636965.1"",""GCF_903885985.1"",""GCF_903886345.1"",""GCF_903886475.1"",""GCF_903891025.1"",""GCF_903891205.1"",""GCF_947539375.1"",""GCF_963243495.1"",""GCF_963281025.1"",""GCF_964063315.1"",""GCF_965136965.1"",""GCF_965286035.1"",""GCF_965286295.1"",""GCF_965286585.1"",""GCF_982267005.1""]"	root/1/1/1/1/1/1/1/0/0/0/1/1/1/1/1/1	"[""root/1/1/1/1/1/1/1/0/0/0/1/1/1/1/1/1""]"	"[{""node"":""root/1/1/1/1/1/1/1/0/0/0/1/1/1/1/1/1"",""length_coalescent_units"":0.29116033682810555}]"	0.6020833333333333	0.0	0.3979166666666667	3.0104166666666665	0.0	1.9895833333333335	0.6707833330927283	0.08079774373013555	0.24841892317713607	384	5.0
92d65e26bcc7e001eb800c08fdf2b55a0dab94c556839912e45ea94086f346eb	"[""GCF_001932615.1"",""GCF_005405465.1"",""GCF_024718545.1"",""GCF_036327715.1""]"	"[""GCF_000009425.1"",""GCF_000010145.1"",""GCF_000011045.1"",""GCF_000014385.1"",""GCF_000014425.1"",""GCF_000014445.1"",""GCF_000014505.1"",""GCF_000014545.1"",""GCF_000015385.1"",""GCF_000016825.1"",""GCF_000023085.1"",""GCF_000025045.1"",""GCF_000026405.1"",""GCF_000092505.1"",""GCF_000148815.2"",""GCF_000155515.2"",""GCF_000160835.1"",""GCF_000203855.3"",""GCF_000237995.1"",""GCF_000241055.1"",""GCF_000269925.1"",""GCF_000269945.1"",""GCF_000298875.1"",""GCF_000468955.1"",""GCF_000691805.2"",""GCF_001434365.1"",""GCF_001434705.1"",""GCF_001435245.1"",""GCF_001436135.1"",""GCF_001436905.1"",""GCF_001437055.1"",""GCF_001437425.1"",""GCF_001438705.1"",""GCF_001536305.1"",""GCF_001618285.1"",""GCF_001702215.1"",""GCF_001702235.1"",""GCF_001752505.1"",""GCF_001752515.1"",""GCF_001752545.1"",""GCF_001761545.1"",""GCF_001767275.1"",""GCF_001888925.1"",""GCF_001891125.1"",""GCF_001998805.1"",""GCF_002174215.1"",""GCF_002950695.1"",""GCF_002970915.1"",""GCF_002970935.1"",""GCF_003150935.1"",""GCF_003151025.1"",""GCF_003173695.1"",""GCF_003176835.1"",""GCF_003264795.1"",""GCF_003584685.1"",""GCF_003641185.1"",""GCF_003722275.1"",""GCF_003999355.1"",""GCF_004354645.1"",""GCF_004377635.1"",""GCF_005405405.1"",""GCF_007954605.1"",""GCF_007954785.1"",""GCF_008107645.1"",""GCF_008831485.1"",""GCF_009184845.1"",""GCF_009856565.1"",""GCF_009913655.1"",""GCF_009913995.1"",""GCF_009914015.1"",""GCF_009914035.1"",""GCF_010092385.1"",""GCF_011058775.1"",""GCF_011304355.1"",""GCF_013113695.1"",""GCF_013407595.1"",""GCF_014131735.1"",""GCF_014145545.1"",""GCF_014145555.1"",""GCF_014145615.1"",""GCF_014397255.1"",""GCF_014656585.1"",""GCF_014789145.1"",""GCF_016127255.1"",""GCF_016127815.1"",""GCF_016647595.1"",""GCF_016919665.1"",""GCF_017068355.1"",""GCF_017894345.1"",""GCF_018394055.1"",""GCF_018502505.1"",""GCF_019448175.1"",""GCF_019469265.1"",""GCF_019576155.1"",""GCF_019797825.1"",""GCF_020510245.1"",""GCF_020784695.1"",""GCF_020844005.1"",""GCF_021378055.1"",""GCF_023169905.1"",""GCF_023499275.1"",""GCF_023920145.1"",""GCF_024334065.1"",""GCF_024397795.1"",""GCF_025311495.1"",""GCF_025490915.1"",""GCF_025739325.1"",""GCF_025948295.1"",""GCF_026222675.1"",""GCF_028607025.1"",""GCF_028621815.1"",""GCF_028736235.1"",""GCF_029025825.1"",""GCF_029726355.1"",""GCF_029854335.1"",""GCF_029866985.1"",""GCF_030480545.1"",""GCF_030770265.1"",""GCF_030770295.1"",""GCF_030770335.1"",""GCF_032762665.1"",""GCF_033142085.1"",""GCF_033570435.1"",""GCF_034703025.1"",""GCF_035985965.1"",""GCF_036246165.1"",""GCF_036246185.1"",""GCF_036246225.1"",""GCF_037290055.1"",""GCF_037891785.1"",""GCF_037892375.1"",""GCF_038049945.1"",""GCF_039645515.1"",""GCF_039645575.1"",""GCF_039783225.1"",""GCF_039783785.1"",""GCF_039955095.1"",""GCF_041225485.1"",""GCF_041225605.1"",""GCF_041281755.1"",""GCF_041509385.1"",""GCF_041514285.1"",""GCF_041514295.1"",""GCF_041893975.1"",""GCF_042847315.1"",""GCF_042997415.1"",""GCF_045760565.1"",""GCF_045801155.1"",""GCF_045862825.1"",""GCF_046109915.1"",""GCF_047344935.1"",""GCF_050407965.1"",""GCF_050847345.1"",""GCF_051098045.1"",""GCF_052569745.1"",""GCF_052570115.1"",""GCF_052571685.1"",""GCF_054073565.1"",""GCF_054331775.1"",""GCF_054452875.2"",""GCF_054784775.1"",""GCF_054785075.1"",""GCF_055180435.1"",""GCF_055502585.1"",""GCF_055755075.1"",""GCF_056269605.1"",""GCF_056676095.1"",""GCF_057786735.1"",""GCF_058111805.1"",""GCF_059089415.1"",""GCF_060305805.1"",""GCF_060307215.1"",""GCF_900016205.1"",""GCF_900094835.1"",""GCF_900240275.1"",""GCF_900519455.1"",""GCF_900519475.1"",""GCF_900636965.1"",""GCF_903885985.1"",""GCF_903886345.1"",""GCF_903886475.1"",""GCF_903891025.1"",""GCF_903891205.1"",""GCF_947539375.1"",""GCF_963243495.1"",""GCF_963281025.1"",""GCF_964063315.1"",""GCF_965136965.1"",""GCF_965286035.1"",""GCF_965286295.1"",""GCF_965286585.1"",""GCF_982267005.1""]"	root/1/1/1/1/1/1/1/0/0/0/1/1/1/1/1	"[""root/1/1/1/1/1/1/1/0/0/0/1/1/1/1/1""]"	"[{""node"":""root/1/1/1/1/1/1/1/0/0/0/1/1/1/1/1"",""length_coalescent_units"":0.40546510810816444}]"	0.6666666666666667	0.0	0.3333333333333333	3.3333333333333335	0.0	1.6666666666666665	0.7855425698031838	0.06272029283944135	0.15173713735737482	1140	5.0
54652a68d31caabf8ec6ee5e379a48eed21ff55c80da615b70adf0166363df60	"[""GCF_001932615.1"",""GCF_005405465.1"",""GCF_024718545.1"",""GCF_036327715.1"",""GCF_041281755.1"",""GCF_900094835.1""]"	"[""GCF_000009425.1"",""GCF_000010145.1"",""GCF_000011045.1"",""GCF_000014385.1"",""GCF_000014425.1"",""GCF_000014445.1"",""GCF_000014505.1"",""GCF_000014545.1"",""GCF_000015385.1"",""GCF_000016825.1"",""GCF_000023085.1"",""GCF_000025045.1"",""GCF_000026405.1"",""GCF_000092505.1"",""GCF_000148815.2"",""GCF_000155515.2"",""GCF_000160835.1"",""GCF_000203855.3"",""GCF_000237995.1"",""GCF_000241055.1"",""GCF_000269925.1"",""GCF_000269945.1"",""GCF_000298875.1"",""GCF_000468955.1"",""GCF_000691805.2"",""GCF_001434365.1"",""GCF_001434705.1"",""GCF_001435245.1"",""GCF_001436135.1"",""GCF_001436905.1"",""GCF_001437055.1"",""GCF_001437425.1"",""GCF_001438705.1"",""GCF_001536305.1"",""GCF_001618285.1"",""GCF_001702215.1"",""GCF_001702235.1"",""GCF_001752505.1"",""GCF_001752515.1"",""GCF_001752545.1"",""GCF_001761545.1"",""GCF_001767275.1"",""GCF_001888925.1"",""GCF_001891125.1"",""GCF_001998805.1"",""GCF_002174215.1"",""GCF_002950695.1"",""GCF_002970915.1"",""GCF_002970935.1"",""GCF_003150935.1"",""GCF_003151025.1"",""GCF_003173695.1"",""GCF_003176835.1"",""GCF_003264795.1"",""GCF_003584685.1"",""GCF_003641185.1"",""GCF_003722275.1"",""GCF_003999355.1"",""GCF_004354645.1"",""GCF_004377635.1"",""GCF_005405405.1"",""GCF_007954605.1"",""GCF_007954785.1"",""GCF_008107645.1"",""GCF_008831485.1"",""GCF_009184845.1"",""GCF_009856565.1"",""GCF_009913655.1"",""GCF_009913995.1"",""GCF_009914015.1"",""GCF_009914035.1"",""GCF_010092385.1"",""GCF_011058775.1"",""GCF_011304355.1"",""GCF_013113695.1"",""GCF_013407595.1"",""GCF_014131735.1"",""GCF_014145545.1"",""GCF_014145555.1"",""GCF_014145615.1"",""GCF_014397255.1"",""GCF_014656585.1"",""GCF_014789145.1"",""GCF_016127255.1"",""GCF_016127815.1"",""GCF_016647595.1"",""GCF_016919665.1"",""GCF_017068355.1"",""GCF_017894345.1"",""GCF_018394055.1"",""GCF_018502505.1"",""GCF_019448175.1"",""GCF_019469265.1"",""GCF_019576155.1"",""GCF_019797825.1"",""GCF_020510245.1"",""GCF_020784695.1"",""GCF_020844005.1"",""GCF_021378055.1"",""GCF_023169905.1"",""GCF_023499275.1"",""GCF_023920145.1"",""GCF_024334065.1"",""GCF_024397795.1"",""GCF_025311495.1"",""GCF_025490915.1"",""GCF_025739325.1"",""GCF_025948295.1"",""GCF_026222675.1"",""GCF_028607025.1"",""GCF_028621815.1"",""GCF_028736235.1"",""GCF_029025825.1"",""GCF_029726355.1"",""GCF_029854335.1"",""GCF_029866985.1"",""GCF_030480545.1"",""GCF_030770265.1"",""GCF_030770295.1"",""GCF_030770335.1"",""GCF_032762665.1"",""GCF_033142085.1"",""GCF_033570435.1"",""GCF_034703025.1"",""GCF_035985965.1"",""GCF_036246165.1"",""GCF_036246185.1"",""GCF_036246225.1"",""GCF_037290055.1"",""GCF_037891785.1"",""GCF_037892375.1"",""GCF_038049945.1"",""GCF_039645515.1"",""GCF_039645575.1"",""GCF_039783225.1"",""GCF_039783785.1"",""GCF_039955095.1"",""GCF_041225485.1"",""GCF_041225605.1"",""GCF_041509385.1"",""GCF_041514285.1"",""GCF_041514295.1"",""GCF_041893975.1"",""GCF_042847315.1"",""GCF_042997415.1"",""GCF_045760565.1"",""GCF_045801155.1"",""GCF_045862825.1"",""GCF_046109915.1"",""GCF_047344935.1"",""GCF_050407965.1"",""GCF_050847345.1"",""GCF_051098045.1"",""GCF_052569745.1"",""GCF_052570115.1"",""GCF_052571685.1"",""GCF_054073565.1"",""GCF_054331775.1"",""GCF_054452875.2"",""GCF_054784775.1"",""GCF_054785075.1"",""GCF_055180435.1"",""GCF_055502585.1"",""GCF_055755075.1"",""GCF_056269605.1"",""GCF_056676095.1"",""GCF_057786735.1"",""GCF_058111805.1"",""GCF_059089415.1"",""GCF_060305805.1"",""GCF_060307215.1"",""GCF_900016205.1"",""GCF_900240275.1"",""GCF_900519455.1"",""GCF_900519475.1"",""GCF_900636965.1"",""GCF_903885985.1"",""GCF_903886345.1"",""GCF_903886475.1"",""GCF_903891025.1"",""GCF_903891205.1"",""GCF_947539375.1"",""GCF_963243495.1"",""GCF_963281025.1"",""GCF_964063315.1"",""GCF_965136965.1"",""GCF_965286035.1"",""GCF_965286295.1"",""GCF_965286585.1"",""GCF_982267005.1""]"	root/1/1/1/1/1/1/1/0/0/0/1/1/1/1	"[""root/1/1/1/1/1/1/1/0/0/0/1/1/1/1""]"	"[{""node"":""root/1/1/1/1/1/1/1/0/0/0/1/1/1/1"",""length_coalescent_units"":1.3862943611198908}]"	1.0	0.0	0.0	5.0	0.0	0.0	0.9945355191256833	0.002732240437158474	0.002732240437158474	3008	5.0
e92c7c16920009c0693603f6236e578d49b3935e59d219d072c61a3345b4f409	"[""GCF_001998805.1"",""GCF_007954605.1""]"	"[""GCF_000009425.1"",""GCF_000010145.1"",""GCF_000011045.1"",""GCF_000014385.1"",""GCF_000014425.1"",""GCF_000014445.1"",""GCF_000014505.1"",""GCF_000014545.1"",""GCF_000015385.1"",""GCF_000016825.1"",""GCF_000023085.1"",""GCF_000025045.1"",""GCF_000026405.1"",""GCF_000092505.1"",""GCF_000148815.2"",""GCF_000155515.2"",""GCF_000160835.1"",""GCF_000203855.3"",""GCF_000237995.1"",""GCF_000241055.1"",""GCF_000269925.1"",""GCF_000269945.1"",""GCF_000298875.1"",""GCF_000468955.1"",""GCF_000691805.2"",""GCF_001434365.1"",""GCF_001434705.1"",""GCF_001435245.1"",""GCF_001436135.1"",""GCF_001436905.1"",""GCF_001437055.1"",""GCF_001437425.1"",""GCF_001438705.1"",""GCF_001536305.1"",""GCF_001618285.1"",""GCF_001702215.1"",""GCF_001702235.1"",""GCF_001752505.1"",""GCF_001752515.1"",""GCF_001752545.1"",""GCF_001761545.1"",""GCF_001767275.1"",""GCF_001888925.1"",""GCF_001891125.1"",""GCF_001932615.1"",""GCF_002174215.1"",""GCF_002950695.1"",""GCF_002970915.1"",""GCF_002970935.1"",""GCF_003150935.1"",""GCF_003151025.1"",""GCF_003173695.1"",""GCF_003176835.1"",""GCF_003264795.1"",""GCF_003584685.1"",""GCF_003641185.1"",""GCF_003722275.1"",""GCF_003999355.1"",""GCF_004354645.1"",""GCF_004377635.1"",""GCF_005405405.1"",""GCF_005405465.1"",""GCF_007954785.1"",""GCF_008107645.1"",""GCF_008831485.1"",""GCF_009184845.1"",""GCF_009856565.1"",""GCF_009913655.1"",""GCF_009913995.1"",""GCF_009914015.1"",""GCF_009914035.1"",""GCF_010092385.1"",""GCF_011058775.1"",""GCF_011304355.1"",""GCF_013113695.1"",""GCF_013407595.1"",""GCF_014131735.1"",""GCF_014145545.1"",""GCF_014145555.1"",""GCF_014145615.1"",""GCF_014397255.1"",""GCF_014656585.1"",""GCF_014789145.1"",""GCF_016127255.1"",""GCF_016127815.1"",""GCF_016647595.1"",""GCF_016919665.1"",""GCF_017068355.1"",""GCF_017894345.1"",""GCF_018394055.1"",""GCF_018502505.1"",""GCF_019448175.1"",""GCF_019469265.1"",""GCF_019576155.1"",""GCF_019797825.1"",""GCF_020510245.1"",""GCF_020784695.1"",""GCF_020844005.1"",""GCF_021378055.1"",""GCF_023169905.1"",""GCF_023499275.1"",""GCF_023920145.1"",""GCF_024334065.1"",""GCF_024397795.1"",""GCF_024718545.1"",""GCF_025311495.1"",""GCF_025490915.1"",""GCF_025739325.1"",""GCF_025948295.1"",""GCF_026222675.1"",""GCF_028607025.1"",""GCF_028621815.1"",""GCF_028736235.1"",""GCF_029025825.1"",""GCF_029726355.1"",""GCF_029854335.1"",""GCF_029866985.1"",""GCF_030480545.1"",""GCF_030770265.1"",""GCF_030770295.1"",""GCF_030770335.1"",""GCF_032762665.1"",""GCF_033142085.1"",""GCF_033570435.1"",""GCF_034703025.1"",""GCF_035985965.1"",""GCF_036246165.1"",""GCF_036246185.1"",""GCF_036246225.1"",""GCF_036327715.1"",""GCF_037290055.1"",""GCF_037891785.1"",""GCF_037892375.1"",""GCF_038049945.1"",""GCF_039645515.1"",""GCF_039645575.1"",""GCF_039783225.1"",""GCF_039783785.1"",""GCF_039955095.1"",""GCF_041225485.1"",""GCF_041225605.1"",""GCF_041281755.1"",""GCF_041509385.1"",""GCF_041514285.1"",""GCF_041514295.1"",""GCF_041893975.1"",""GCF_042847315.1"",""GCF_042997415.1"",""GCF_045760565.1"",""GCF_045801155.1"",""GCF_045862825.1"",""GCF_046109915.1"",""GCF_047344935.1"",""GCF_050407965.1"",""GCF_050847345.1"",""GCF_051098045.1"",""GCF_052569745.1"",""GCF_052570115.1"",""GCF_052571685.1"",""GCF_054073565.1"",""GCF_054331775.1"",""GCF_054452875.2"",""GCF_054784775.1"",""GCF_054785075.1"",""GCF_055180435.1"",""GCF_055502585.1"",""GCF_055755075.1"",""GCF_056269605.1"",""GCF_056676095.1"",""GCF_057786735.1"",""GCF_058111805.1"",""GCF_059089415.1"",""GCF_060305805.1"",""GCF_060307215.1"",""GCF_900016205.1"",""GCF_900094835.1"",""GCF_900240275.1"",""GCF_900519455.1"",""GCF_900519475.1"",""GCF_900636965.1"",""GCF_903885985.1"",""GCF_903886345.1"",""GCF_903886475.1"",""GCF_903891025.1"",""GCF_903891205.1"",""GCF_947539375.1"",""GCF_963243495.1"",""GCF_963281025.1"",""GCF_964063315.1"",""GCF_965136965.1"",""GCF_965286035.1"",""GCF_965286295.1"",""GCF_965286585.1"",""GCF_982267005.1""]"	root/1/1/1/1/1/1/1/0/0/1/1/1/1/1/1/0/1	"[""root/1/1/1/1/1/1/1/0/0/1/1/1/1/1/1/0/1""]"	"[{""node"":""root/1/1/1/1/1/1/1/0/0/1/1/1/1/1/1/0/1"",""length_coalescent_units"":0.2876820724517809}]"	0.6	0.4	0.0	3.0	2.0	0.0	0.6666666666666666	0.2520325203252032	0.08130081300813016	193	5.0
13aed69afcd14cecd3ea8f842a07312cf440a35acfb0cd6d905944c1bdc2e0ec	"[""GCF_001998805.1"",""GCF_007954605.1"",""GCF_982267005.1""]"	"[""GCF_000009425.1"",""GCF_000010145.1"",""GCF_000011045.1"",""GCF_000014385.1"",""GCF_000014425.1"",""GCF_000014445.1"",""GCF_000014505.1"",""GCF_000014545.1"",""GCF_000015385.1"",""GCF_000016825.1"",""GCF_000023085.1"",""GCF_000025045.1"",""GCF_000026405.1"",""GCF_000092505.1"",""GCF_000148815.2"",""GCF_000155515.2"",""GCF_000160835.1"",""GCF_000203855.3"",""GCF_000237995.1"",""GCF_000241055.1"",""GCF_000269925.1"",""GCF_000269945.1"",""GCF_000298875.1"",""GCF_000468955.1"",""GCF_000691805.2"",""GCF_001434365.1"",""GCF_001434705.1"",""GCF_001435245.1"",""GCF_001436135.1"",""GCF_001436905.1"",""GCF_001437055.1"",""GCF_001437425.1"",""GCF_001438705.1"",""GCF_001536305.1"",""GCF_001618285.1"",""GCF_001702215.1"",""GCF_001702235.1"",""GCF_001752505.1"",""GCF_001752515.1"",""GCF_001752545.1"",""GCF_001761545.1"",""GCF_001767275.1"",""GCF_001888925.1"",""GCF_001891125.1"",""GCF_001932615.1"",""GCF_002174215.1"",""GCF_002950695.1"",""GCF_002970915.1"",""GCF_002970935.1"",""GCF_003150935.1"",""GCF_003151025.1"",""GCF_003173695.1"",""GCF_003176835.1"",""GCF_003264795.1"",""GCF_003584685.1"",""GCF_003641185.1"",""GCF_003722275.1"",""GCF_003999355.1"",""GCF_004354645.1"",""GCF_004377635.1"",""GCF_005405405.1"",""GCF_005405465.1"",""GCF_007954785.1"",""GCF_008107645.1"",""GCF_008831485.1"",""GCF_009184845.1"",""GCF_009856565.1"",""GCF_009913655.1"",""GCF_009913995.1"",""GCF_009914015.1"",""GCF_009914035.1"",""GCF_010092385.1"",""GCF_011058775.1"",""GCF_011304355.1"",""GCF_013113695.1"",""GCF_013407595.1"",""GCF_014131735.1"",""GCF_014145545.1"",""GCF_014145555.1"",""GCF_014145615.1"",""GCF_014397255.1"",""GCF_014656585.1"",""GCF_014789145.1"",""GCF_016127255.1"",""GCF_016127815.1"",""GCF_016647595.1"",""GCF_016919665.1"",""GCF_017068355.1"",""GCF_017894345.1"",""GCF_018394055.1"",""GCF_018502505.1"",""GCF_019448175.1"",""GCF_019469265.1"",""GCF_019576155.1"",""GCF_019797825.1"",""GCF_020510245.1"",""GCF_020784695.1"",""GCF_020844005.1"",""GCF_021378055.1"",""GCF_023169905.1"",""GCF_023499275.1"",""GCF_023920145.1"",""GCF_024334065.1"",""GCF_024397795.1"",""GCF_024718545.1"",""GCF_025311495.1"",""GCF_025490915.1"",""GCF_025739325.1"",""GCF_025948295.1"",""GCF_026222675.1"",""GCF_028607025.1"",""GCF_028621815.1"",""GCF_028736235.1"",""GCF_029025825.1"",""GCF_029726355.1"",""GCF_029854335.1"",""GCF_029866985.1"",""GCF_030480545.1"",""GCF_030770265.1"",""GCF_030770295.1"",""GCF_030770335.1"",""GCF_032762665.1"",""GCF_033142085.1"",""GCF_033570435.1"",""GCF_034703025.1"",""GCF_035985965.1"",""GCF_036246165.1"",""GCF_036246185.1"",""GCF_036246225.1"",""GCF_036327715.1"",""GCF_037290055.1"",""GCF_037891785.1"",""GCF_037892375.1"",""GCF_038049945.1"",""GCF_039645515.1"",""GCF_039645575.1"",""GCF_039783225.1"",""GCF_039783785.1"",""GCF_039955095.1"",""GCF_041225485.1"",""GCF_041225605.1"",""GCF_041281755.1"",""GCF_041509385.1"",""GCF_041514285.1"",""GCF_041514295.1"",""GCF_041893975.1"",""GCF_042847315.1"",""GCF_042997415.1"",""GCF_045760565.1"",""GCF_045801155.1"",""GCF_045862825.1"",""GCF_046109915.1"",""GCF_047344935.1"",""GCF_050407965.1"",""GCF_050847345.1"",""GCF_051098045.1"",""GCF_052569745.1"",""GCF_052570115.1"",""GCF_052571685.1"",""GCF_054073565.1"",""GCF_054331775.1"",""GCF_054452875.2"",""GCF_054784775.1"",""GCF_054785075.1"",""GCF_055180435.1"",""GCF_055502585.1"",""GCF_055755075.1"",""GCF_056269605.1"",""GCF_056676095.1"",""GCF_057786735.1"",""GCF_058111805.1"",""GCF_059089415.1"",""GCF_060305805.1"",""GCF_060307215.1"",""GCF_900016205.1"",""GCF_900094835.1"",""GCF_900240275.1"",""GCF_900519455.1"",""GCF_900519475.1"",""GCF_900636965.1"",""GCF_903885985.1"",""GCF_903886345.1"",""GCF_903886475.1"",""GCF_903891025.1"",""GCF_903891205.1"",""GCF_947539375.1"",""GCF_963243495.1"",""GCF_963281025.1"",""GCF_964063315.1"",""GCF_965136965.1"",""GCF_965286035.1"",""GCF_965286295.1"",""GCF_965286585.1""]"	root/1/1/1/1/1/1/1/0/0/1/1/1/1/1/1/0	"[""root/1/1/1/1/1/1/1/0/0/1/1/1/1/1/1/0""]"	"[{""node"":""root/1/1/1/1/1/1/1/0/0/1/1/1/1/1/1/0"",""length_coalescent_units"":1.3862943611198908}]"	1.0	0.0	0.0	5.0	0.0	0.0	0.9945355191256833	0.002732240437158474	0.002732240437158474	2244	5.0
e79877bfd947cd3343f544d1293d8c70a04d48ba030526a2312c1ea6136d8794	"[""GCF_002950695.1"",""GCF_011304355.1""]"	"[""GCF_000009425.1"",""GCF_000010145.1"",""GCF_000011045.1"",""GCF_000014385.1"",""GCF_000014425.1"",""GCF_000014445.1"",""GCF_000014505.1"",""GCF_000014545.1"",""GCF_000015385.1"",""GCF_000016825.1"",""GCF_000023085.1"",""GCF_000025045.1"",""GCF_000026405.1"",""GCF_000092505.1"",""GCF_000148815.2"",""GCF_000155515.2"",""GCF_000160835.1"",""GCF_000203855.3"",""GCF_000237995.1"",""GCF_000241055.1"",""GCF_000269925.1"",""GCF_000269945.1"",""GCF_000298875.1"",""GCF_000468955.1"",""GCF_000691805.2"",""GCF_001434365.1"",""GCF_001434705.1"",""GCF_001435245.1"",""GCF_001436135.1"",""GCF_001436905.1"",""GCF_001437055.1"",""GCF_001437425.1"",""GCF_001438705.1"",""GCF_001536305.1"",""GCF_001618285.1"",""GCF_001702215.1"",""GCF_001702235.1"",""GCF_001752505.1"",""GCF_001752515.1"",""GCF_001752545.1"",""GCF_001761545.1"",""GCF_001767275.1"",""GCF_001888925.1"",""GCF_001891125.1"",""GCF_001932615.1"",""GCF_001998805.1"",""GCF_002174215.1"",""GCF_002970915.1"",""GCF_002970935.1"",""GCF_003150935.1"",""GCF_003151025.1"",""GCF_003173695.1"",""GCF_003176835.1"",""GCF_003264795.1"",""GCF_003584685.1"",""GCF_003641185.1"",""GCF_003722275.1"",""GCF_003999355.1"",""GCF_004354645.1"",""GCF_004377635.1"",""GCF_005405405.1"",""GCF_005405465.1"",""GCF_007954605.1"",""GCF_007954785.1"",""GCF_008107645.1"",""GCF_008831485.1"",""GCF_009184845.1"",""GCF_009856565.1"",""GCF_009913655.1"",""GCF_009913995.1"",""GCF_009914015.1"",""GCF_009914035.1"",""GCF_010092385.1"",""GCF_011058775.1"",""GCF_013113695.1"",""GCF_013407595.1"",""GCF_014131735.1"",""GCF_014145545.1"",""GCF_014145555.1"",""GCF_014145615.1"",""GCF_014397255.1"",""GCF_014656585.1"",""GCF_014789145.1"",""GCF_016127255.1"",""GCF_016127815.1"",""GCF_016647595.1"",""GCF_016919665.1"",""GCF_017068355.1"",""GCF_017894345.1"",""GCF_018394055.1"",""GCF_018502505.1"",""GCF_019448175.1"",""GCF_019469265.1"",""GCF_019576155.1"",""GCF_019797825.1"",""GCF_020510245.1"",""GCF_020784695.1"",""GCF_020844005.1"",""GCF_021378055.1"",""GCF_023169905.1"",""GCF_023499275.1"",""GCF_023920145.1"",""GCF_024334065.1"",""GCF_024397795.1"",""GCF_024718545.1"",""GCF_025311495.1"",""GCF_025490915.1"",""GCF_025739325.1"",""GCF_025948295.1"",""GCF_026222675.1"",""GCF_028607025.1"",""GCF_028621815.1"",""GCF_028736235.1"",""GCF_029025825.1"",""GCF_029726355.1"",""GCF_029854335.1"",""GCF_029866985.1"",""GCF_030480545.1"",""GCF_030770265.1"",""GCF_030770295.1"",""GCF_030770335.1"",""GCF_032762665.1"",""GCF_033142085.1"",""GCF_033570435.1"",""GCF_034703025.1"",""GCF_035985965.1"",""GCF_036246165.1"",""GCF_036246185.1"",""GCF_036246225.1"",""GCF_036327715.1"",""GCF_037290055.1"",""GCF_037891785.1"",""GCF_037892375.1"",""GCF_038049945.1"",""GCF_039645515.1"",""GCF_039645575.1"",""GCF_039783225.1"",""GCF_039783785.1"",""GCF_039955095.1"",""GCF_041225485.1"",""GCF_041225605.1"",""GCF_041281755.1"",""GCF_041509385.1"",""GCF_041514285.1"",""GCF_041514295.1"",""GCF_041893975.1"",""GCF_042847315.1"",""GCF_042997415.1"",""GCF_045760565.1"",""GCF_045801155.1"",""GCF_045862825.1"",""GCF_046109915.1"",""GCF_047344935.1"",""GCF_050407965.1"",""GCF_050847345.1"",""GCF_051098045.1"",""GCF_052569745.1"",""GCF_052570115.1"",""GCF_052571685.1"",""GCF_054073565.1"",""GCF_054331775.1"",""GCF_054452875.2"",""GCF_054784775.1"",""GCF_054785075.1"",""GCF_055180435.1"",""GCF_055502585.1"",""GCF_055755075.1"",""GCF_056269605.1"",""GCF_056676095.1"",""GCF_057786735.1"",""GCF_058111805.1"",""GCF_059089415.1"",""GCF_060305805.1"",""GCF_060307215.1"",""GCF_900016205.1"",""GCF_900094835.1"",""GCF_900240275.1"",""GCF_900519455.1"",""GCF_900519475.1"",""GCF_900636965.1"",""GCF_903885985.1"",""GCF_903886345.1"",""GCF_903886475.1"",""GCF_903891025.1"",""GCF_903891205.1"",""GCF_947539375.1"",""GCF_963243495.1"",""GCF_963281025.1"",""GCF_964063315.1"",""GCF_965136965.1"",""GCF_965286035.1"",""GCF_965286295.1"",""GCF_965286585.1"",""GCF_982267005.1""]"	root/1/1/1/1/1/1/1/0/0/0/0/1/1/1	"[""root/1/1/1/1/1/1/1/0/0/0/0/1/1/1""]"	"[{""node"":""root/1/1/1/1/1/1/1/0/0/0/0/1/1/1"",""length_coalescent_units"":1.3862943611198908}]"	1.0	0.0	0.0	5.0	0.0	0.0	0.9945355191256833	0.002732240437158474	0.002732240437158474	193	5.0
05e81d08ad160a565b0367fd5fdad26182c4d89d24d6576265c8bfb732af3bda	"[""GCF_002970915.1"",""GCF_002970935.1""]"	"[""GCF_000009425.1"",""GCF_000010145.1"",""GCF_000011045.1"",""GCF_000014385.1"",""GCF_000014425.1"",""GCF_000014445.1"",""GCF_000014505.1"",""GCF_000014545.1"",""GCF_000015385.1"",""GCF_000016825.1"",""GCF_000023085.1"",""GCF_000025045.1"",""GCF_000026405.1"",""GCF_000092505.1"",""GCF_000148815.2"",""GCF_000155515.2"",""GCF_000160835.1"",""GCF_000203855.3"",""GCF_000237995.1"",""GCF_000241055.1"",""GCF_000269925.1"",""GCF_000269945.1"",""GCF_000298875.1"",""GCF_000468955.1"",""GCF_000691805.2"",""GCF_001434365.1"",""GCF_001434705.1"",""GCF_001435245.1"",""GCF_001436135.1"",""GCF_001436905.1"",""GCF_001437055.1"",""GCF_001437425.1"",""GCF_001438705.1"",""GCF_001536305.1"",""GCF_001618285.1"",""GCF_001702215.1"",""GCF_001702235.1"",""GCF_001752505.1"",""GCF_001752515.1"",""GCF_001752545.1"",""GCF_001761545.1"",""GCF_001767275.1"",""GCF_001888925.1"",""GCF_001891125.1"",""GCF_001932615.1"",""GCF_001998805.1"",""GCF_002174215.1"",""GCF_002950695.1"",""GCF_003150935.1"",""GCF_003151025.1"",""GCF_003173695.1"",""GCF_003176835.1"",""GCF_003264795.1"",""GCF_003584685.1"",""GCF_003641185.1"",""GCF_003722275.1"",""GCF_003999355.1"",""GCF_004354645.1"",""GCF_004377635.1"",""GCF_005405405.1"",""GCF_005405465.1"",""GCF_007954605.1"",""GCF_007954785.1"",""GCF_008107645.1"",""GCF_008831485.1"",""GCF_009184845.1"",""GCF_009856565.1"",""GCF_009913655.1"",""GCF_009913995.1"",""GCF_009914015.1"",""GCF_009914035.1"",""GCF_010092385.1"",""GCF_011058775.1"",""GCF_011304355.1"",""GCF_013113695.1"",""GCF_013407595.1"",""GCF_014131735.1"",""GCF_014145545.1"",""GCF_014145555.1"",""GCF_014145615.1"",""GCF_014397255.1"",""GCF_014656585.1"",""GCF_014789145.1"",""GCF_016127255.1"",""GCF_016127815.1"",""GCF_016647595.1"",""GCF_016919665.1"",""GCF_017068355.1"",""GCF_017894345.1"",""GCF_018394055.1"",""GCF_018502505.1"",""GCF_019448175.1"",""GCF_019469265.1"",""GCF_019576155.1"",""GCF_019797825.1"",""GCF_020510245.1"",""GCF_020784695.1"",""GCF_020844005.1"",""GCF_021378055.1"",""GCF_023169905.1"",""GCF_023499275.1"",""GCF_023920145.1"",""GCF_024334065.1"",""GCF_024397795.1"",""GCF_024718545.1"",""GCF_025311495.1"",""GCF_025490915.1"",""GCF_025739325.1"",""GCF_025948295.1"",""GCF_026222675.1"",""GCF_028607025.1"",""GCF_028621815.1"",""GCF_028736235.1"",""GCF_029025825.1"",""GCF_029726355.1"",""GCF_029854335.1"",""GCF_029866985.1"",""GCF_030480545.1"",""GCF_030770265.1"",""GCF_030770295.1"",""GCF_030770335.1"",""GCF_032762665.1"",""GCF_033142085.1"",""GCF_033570435.1"",""GCF_034703025.1"",""GCF_035985965.1"",""GCF_036246165.1"",""GCF_036246185.1"",""GCF_036246225.1"",""GCF_036327715.1"",""GCF_037290055.1"",""GCF_037891785.1"",""GCF_037892375.1"",""GCF_038049945.1"",""GCF_039645515.1"",""GCF_039645575.1"",""GCF_039783225.1"",""GCF_039783785.1"",""GCF_039955095.1"",""GCF_041225485.1"",""GCF_041225605.1"",""GCF_041281755.1"",""GCF_041509385.1"",""GCF_041514285.1"",""GCF_041514295.1"",""GCF_041893975.1"",""GCF_042847315.1"",""GCF_042997415.1"",""GCF_045760565.1"",""GCF_045801155.1"",""GCF_045862825.1"",""GCF_046109915.1"",""GCF_047344935.1"",""GCF_050407965.1"",""GCF_050847345.1"",""GCF_051098045.1"",""GCF_052569745.1"",""GCF_052570115.1"",""GCF_052571685.1"",""GCF_054073565.1"",""GCF_054331775.1"",""GCF_054452875.2"",""GCF_054784775.1"",""GCF_054785075.1"",""GCF_055180435.1"",""GCF_055502585.1"",""GCF_055755075.1"",""GCF_056269605.1"",""GCF_056676095.1"",""GCF_057786735.1"",""GCF_058111805.1"",""GCF_059089415.1"",""GCF_060305805.1"",""GCF_060307215.1"",""GCF_900016205.1"",""GCF_900094835.1"",""GCF_900240275.1"",""GCF_900519455.1"",""GCF_900519475.1"",""GCF_900636965.1"",""GCF_903885985.1"",""GCF_903886345.1"",""GCF_903886475.1"",""GCF_903891025.1"",""GCF_903891205.1"",""GCF_947539375.1"",""GCF_963243495.1"",""GCF_963281025.1"",""GCF_964063315.1"",""GCF_965136965.1"",""GCF_965286035.1"",""GCF_965286295.1"",""GCF_965286585.1"",""GCF_982267005.1""]"	root/1/1/1/1/1/1/1/0/1/1/1/1/0	"[""root/1/1/1/1/1/1/1/0/1/1/1/1/0""]"	"[{""node"":""root/1/1/1/1/1/1/1/0/1/1/1/1/0"",""length_coalescent_units"":0.8556661100577202}]"	0.86	0.13999999999999999	0.0	4.3	0.7	0.0	0.9643801367771901	0.020574128362852145	0.015045734859957789	3480	5.0
7a0eab83646e3b9508116e92a8d17b27edaf04025fe56ee19ea4013b9a66c2ab	"[""GCF_003150935.1"",""GCF_003151025.1"",""GCF_003173695.1"",""GCF_008831485.1"",""GCF_019469265.1""]"	"[""GCF_000009425.1"",""GCF_000010145.1"",""GCF_000011045.1"",""GCF_000014385.1"",""GCF_000014425.1"",""GCF_000014445.1"",""GCF_000014505.1"",""GCF_000014545.1"",""GCF_000015385.1"",""GCF_000016825.1"",""GCF_000023085.1"",""GCF_000025045.1"",""GCF_000026405.1"",""GCF_000092505.1"",""GCF_000148815.2"",""GCF_000155515.2"",""GCF_000160835.1"",""GCF_000203855.3"",""GCF_000237995.1"",""GCF_000241055.1"",""GCF_000269925.1"",""GCF_000269945.1"",""GCF_000298875.1"",""GCF_000468955.1"",""GCF_000691805.2"",""GCF_001434365.1"",""GCF_001434705.1"",""GCF_001435245.1"",""GCF_001436135.1"",""GCF_001436905.1"",""GCF_001437055.1"",""GCF_001437425.1"",""GCF_001438705.1"",""GCF_001536305.1"",""GCF_001618285.1"",""GCF_001702215.1"",""GCF_001702235.1"",""GCF_001752505.1"",""GCF_001752515.1"",""GCF_001752545.1"",""GCF_001761545.1"",""GCF_001767275.1"",""GCF_001888925.1"",""GCF_001891125.1"",""GCF_001932615.1"",""GCF_001998805.1"",""GCF_002174215.1"",""GCF_002950695.1"",""GCF_002970915.1"",""GCF_002970935.1"",""GCF_003176835.1"",""GCF_003264795.1"",""GCF_003584685.1"",""GCF_003641185.1"",""GCF_003722275.1"",""GCF_003999355.1"",""GCF_004354645.1"",""GCF_004377635.1"",""GCF_005405405.1"",""GCF_005405465.1"",""GCF_007954605.1"",""GCF_007954785.1"",""GCF_008107645.1"",""GCF_009184845.1"",""GCF_009856565.1"",""GCF_009913655.1"",""GCF_009913995.1"",""GCF_009914015.1"",""GCF_009914035.1"",""GCF_010092385.1"",""GCF_011058775.1"",""GCF_011304355.1"",""GCF_013113695.1"",""GCF_013407595.1"",""GCF_014131735.1"",""GCF_014145545.1"",""GCF_014145555.1"",""GCF_014145615.1"",""GCF_014397255.1"",""GCF_014656585.1"",""GCF_014789145.1"",""GCF_016127255.1"",""GCF_016127815.1"",""GCF_016647595.1"",""GCF_016919665.1"",""GCF_017068355.1"",""GCF_017894345.1"",""GCF_018394055.1"",""GCF_018502505.1"",""GCF_019448175.1"",""GCF_019576155.1"",""GCF_019797825.1"",""GCF_020510245.1"",""GCF_020784695.1"",""GCF_020844005.1"",""GCF_021378055.1"",""GCF_023169905.1"",""GCF_023499275.1"",""GCF_023920145.1"",""GCF_024334065.1"",""GCF_024397795.1"",""GCF_024718545.1"",""GCF_025311495.1"",""GCF_025490915.1"",""GCF_025739325.1"",""GCF_025948295.1"",""GCF_026222675.1"",""GCF_028607025.1"",""GCF_028621815.1"",""GCF_028736235.1"",""GCF_029025825.1"",""GCF_029726355.1"",""GCF_029854335.1"",""GCF_029866985.1"",""GCF_030480545.1"",""GCF_030770265.1"",""GCF_030770295.1"",""GCF_030770335.1"",""GCF_032762665.1"",""GCF_033142085.1"",""GCF_033570435.1"",""GCF_034703025.1"",""GCF_035985965.1"",""GCF_036246165.1"",""GCF_036246185.1"",""GCF_036246225.1"",""GCF_036327715.1"",""GCF_037290055.1"",""GCF_037891785.1"",""GCF_037892375.1"",""GCF_038049945.1"",""GCF_039645515.1"",""GCF_039645575.1"",""GCF_039783225.1"",""GCF_039783785.1"",""GCF_039955095.1"",""GCF_041225485.1"",""GCF_041225605.1"",""GCF_041281755.1"",""GCF_041509385.1"",""GCF_041514285.1"",""GCF_041514295.1"",""GCF_041893975.1"",""GCF_042847315.1"",""GCF_042997415.1"",""GCF_045760565.1"",""GCF_045801155.1"",""GCF_045862825.1"",""GCF_046109915.1"",""GCF_047344935.1"",""GCF_050407965.1"",""GCF_050847345.1"",""GCF_051098045.1"",""GCF_052569745.1"",""GCF_052570115.1"",""GCF_052571685.1"",""GCF_054073565.1"",""GCF_054331775.1"",""GCF_054452875.2"",""GCF_054784775.1"",""GCF_054785075.1"",""GCF_055180435.1"",""GCF_055502585.1"",""GCF_055755075.1"",""GCF_056269605.1"",""GCF_056676095.1"",""GCF_057786735.1"",""GCF_058111805.1"",""GCF_059089415.1"",""GCF_060305805.1"",""GCF_060307215.1"",""GCF_900016205.1"",""GCF_900094835.1"",""GCF_900240275.1"",""GCF_900519455.1"",""GCF_900519475.1"",""GCF_900636965.1"",""GCF_903885985.1"",""GCF_903886345.1"",""GCF_903886475.1"",""GCF_903891025.1"",""GCF_903891205.1"",""GCF_947539375.1"",""GCF_963243495.1"",""GCF_963281025.1"",""GCF_964063315.1"",""GCF_965136965.1"",""GCF_965286035.1"",""GCF_965286295.1"",""GCF_965286585.1"",""GCF_982267005.1""]"	root/1/1/1/1/1/1/1/0/1/0/0/1/1/1/1/0	"[""root/1/1/1/1/1/1/1/0/1/0/0/1/1/1/1/0""]"	"[{""node"":""root/1/1/1/1/1/1/1/0/1/0/0/1/1/1/1/0"",""length_coalescent_units"":0.6958535421576885}]"	0.8010810810810811	0.0	0.19891891891891894	4.005405405405406	0.0	0.9945945945945946	0.9330230889364498	0.025807481868142832	0.041169429195407246	4440	5.0
e07bf9341f31e068e8755975774771110dff42be27d67e8aff80bb30c22f7bab	"[""GCF_003150935.1"",""GCF_003151025.1"",""GCF_003173695.1"",""GCF_019469265.1""]"	"[""GCF_000009425.1"",""GCF_000010145.1"",""GCF_000011045.1"",""GCF_000014385.1"",""GCF_000014425.1"",""GCF_000014445.1"",""GCF_000014505.1"",""GCF_000014545.1"",""GCF_000015385.1"",""GCF_000016825.1"",""GCF_000023085.1"",""GCF_000025045.1"",""GCF_000026405.1"",""GCF_000092505.1"",""GCF_000148815.2"",""GCF_000155515.2"",""GCF_000160835.1"",""GCF_000203855.3"",""GCF_000237995.1"",""GCF_000241055.1"",""GCF_000269925.1"",""GCF_000269945.1"",""GCF_000298875.1"",""GCF_000468955.1"",""GCF_000691805.2"",""GCF_001434365.1"",""GCF_001434705.1"",""GCF_001435245.1"",""GCF_001436135.1"",""GCF_001436905.1"",""GCF_001437055.1"",""GCF_001437425.1"",""GCF_001438705.1"",""GCF_001536305.1"",""GCF_001618285.1"",""GCF_001702215.1"",""GCF_001702235.1"",""GCF_001752505.1"",""GCF_001752515.1"",""GCF_001752545.1"",""GCF_001761545.1"",""GCF_001767275.1"",""GCF_001888925.1"",""GCF_001891125.1"",""GCF_001932615.1"",""GCF_001998805.1"",""GCF_002174215.1"",""GCF_002950695.1"",""GCF_002970915.1"",""GCF_002970935.1"",""GCF_003176835.1"",""GCF_003264795.1"",""GCF_003584685.1"",""GCF_003641185.1"",""GCF_003722275.1"",""GCF_003999355.1"",""GCF_004354645.1"",""GCF_004377635.1"",""GCF_005405405.1"",""GCF_005405465.1"",""GCF_007954605.1"",""GCF_007954785.1"",""GCF_008107645.1"",""GCF_008831485.1"",""GCF_009184845.1"",""GCF_009856565.1"",""GCF_009913655.1"",""GCF_009913995.1"",""GCF_009914015.1"",""GCF_009914035.1"",""GCF_010092385.1"",""GCF_011058775.1"",""GCF_011304355.1"",""GCF_013113695.1"",""GCF_013407595.1"",""GCF_014131735.1"",""GCF_014145545.1"",""GCF_014145555.1"",""GCF_014145615.1"",""GCF_014397255.1"",""GCF_014656585.1"",""GCF_014789145.1"",""GCF_016127255.1"",""GCF_016127815.1"",""GCF_016647595.1"",""GCF_016919665.1"",""GCF_017068355.1"",""GCF_017894345.1"",""GCF_018394055.1"",""GCF_018502505.1"",""GCF_019448175.1"",""GCF_019576155.1"",""GCF_019797825.1"",""GCF_020510245.1"",""GCF_020784695.1"",""GCF_020844005.1"",""GCF_021378055.1"",""GCF_023169905.1"",""GCF_023499275.1"",""GCF_023920145.1"",""GCF_024334065.1"",""GCF_024397795.1"",""GCF_024718545.1"",""GCF_025311495.1"",""GCF_025490915.1"",""GCF_025739325.1"",""GCF_025948295.1"",""GCF_026222675.1"",""GCF_028607025.1"",""GCF_028621815.1"",""GCF_028736235.1"",""GCF_029025825.1"",""GCF_029726355.1"",""GCF_029854335.1"",""GCF_029866985.1"",""GCF_030480545.1"",""GCF_030770265.1"",""GCF_030770295.1"",""GCF_030770335.1"",""GCF_032762665.1"",""GCF_033142085.1"",""GCF_033570435.1"",""GCF_034703025.1"",""GCF_035985965.1"",""GCF_036246165.1"",""GCF_036246185.1"",""GCF_036246225.1"",""GCF_036327715.1"",""GCF_037290055.1"",""GCF_037891785.1"",""GCF_037892375.1"",""GCF_038049945.1"",""GCF_039645515.1"",""GCF_039645575.1"",""GCF_039783225.1"",""GCF_039783785.1"",""GCF_039955095.1"",""GCF_041225485.1"",""GCF_041225605.1"",""GCF_041281755.1"",""GCF_041509385.1"",""GCF_041514285.1"",""GCF_041514295.1"",""GCF_041893975.1"",""GCF_042847315.1"",""GCF_042997415.1"",""GCF_045760565.1"",""GCF_045801155.1"",""GCF_045862825.1"",""GCF_046109915.1"",""GCF_047344935.1"",""GCF_050407965.1"",""GCF_050847345.1"",""GCF_051098045.1"",""GCF_052569745.1"",""GCF_052570115.1"",""GCF_052571685.1"",""GCF_054073565.1"",""GCF_054331775.1"",""GCF_054452875.2"",""GCF_054784775.1"",""GCF_054785075.1"",""GCF_055180435.1"",""GCF_055502585.1"",""GCF_055755075.1"",""GCF_056269605.1"",""GCF_056676095.1"",""GCF_057786735.1"",""GCF_058111805.1"",""GCF_059089415.1"",""GCF_060305805.1"",""GCF_060307215.1"",""GCF_900016205.1"",""GCF_900094835.1"",""GCF_900240275.1"",""GCF_900519455.1"",""GCF_900519475.1"",""GCF_900636965.1"",""GCF_903885985.1"",""GCF_903886345.1"",""GCF_903886475.1"",""GCF_903891025.1"",""GCF_903891205.1"",""GCF_947539375.1"",""GCF_963243495.1"",""GCF_963281025.1"",""GCF_964063315.1"",""GCF_965136965.1"",""GCF_965286035.1"",""GCF_965286295.1"",""GCF_965286585.1"",""GCF_982267005.1""]"	root/1/1/1/1/1/1/1/0/1/0/0/1/1/1/1/0/1	"[""root/1/1/1/1/1/1/1/0/1/0/0/1/1/1/1/0/1""]"	"[{""node"":""root/1/1/1/1/1/1/1/0/1/0/0/1/1/1/1/0/1"",""length_coalescent_units"":1.3862943611198908}]"	1.0	0.0	0.0	5.0	0.0	0.0	0.9945355191256833	0.002732240437158474	0.002732240437158474	764	5.0
ea2910e629c597d03752780e9b39ea712b7ec49fb6b347de1bf251c7d14227bb	"[""GCF_003150935.1"",""GCF_019469265.1""]"	"[""GCF_000009425.1"",""GCF_000010145.1"",""GCF_000011045.1"",""GCF_000014385.1"",""GCF_000014425.1"",""GCF_000014445.1"",""GCF_000014505.1"",""GCF_000014545.1"",""GCF_000015385.1"",""GCF_000016825.1"",""GCF_000023085.1"",""GCF_000025045.1"",""GCF_000026405.1"",""GCF_000092505.1"",""GCF_000148815.2"",""GCF_000155515.2"",""GCF_000160835.1"",""GCF_000203855.3"",""GCF_000237995.1"",""GCF_000241055.1"",""GCF_000269925.1"",""GCF_000269945.1"",""GCF_000298875.1"",""GCF_000468955.1"",""GCF_000691805.2"",""GCF_001434365.1"",""GCF_001434705.1"",""GCF_001435245.1"",""GCF_001436135.1"",""GCF_001436905.1"",""GCF_001437055.1"",""GCF_001437425.1"",""GCF_001438705.1"",""GCF_001536305.1"",""GCF_001618285.1"",""GCF_001702215.1"",""GCF_001702235.1"",""GCF_001752505.1"",""GCF_001752515.1"",""GCF_001752545.1"",""GCF_001761545.1"",""GCF_001767275.1"",""GCF_001888925.1"",""GCF_001891125.1"",""GCF_001932615.1"",""GCF_001998805.1"",""GCF_002174215.1"",""GCF_002950695.1"",""GCF_002970915.1"",""GCF_002970935.1"",""GCF_003151025.1"",""GCF_003173695.1"",""GCF_003176835.1"",""GCF_003264795.1"",""GCF_003584685.1"",""GCF_003641185.1"",""GCF_003722275.1"",""GCF_003999355.1"",""GCF_004354645.1"",""GCF_004377635.1"",""GCF_005405405.1"",""GCF_005405465.1"",""GCF_007954605.1"",""GCF_007954785.1"",""GCF_008107645.1"",""GCF_008831485.1"",""GCF_009184845.1"",""GCF_009856565.1"",""GCF_009913655.1"",""GCF_009913995.1"",""GCF_009914015.1"",""GCF_009914035.1"",""GCF_010092385.1"",""GCF_011058775.1"",""GCF_011304355.1"",""GCF_013113695.1"",""GCF_013407595.1"",""GCF_014131735.1"",""GCF_014145545.1"",""GCF_014145555.1"",""GCF_014145615.1"",""GCF_014397255.1"",""GCF_014656585.1"",""GCF_014789145.1"",""GCF_016127255.1"",""GCF_016127815.1"",""GCF_016647595.1"",""GCF_016919665.1"",""GCF_017068355.1"",""GCF_017894345.1"",""GCF_018394055.1"",""GCF_018502505.1"",""GCF_019448175.1"",""GCF_019576155.1"",""GCF_019797825.1"",""GCF_020510245.1"",""GCF_020784695.1"",""GCF_020844005.1"",""GCF_021378055.1"",""GCF_023169905.1"",""GCF_023499275.1"",""GCF_023920145.1"",""GCF_024334065.1"",""GCF_024397795.1"",""GCF_024718545.1"",""GCF_025311495.1"",""GCF_025490915.1"",""GCF_025739325.1"",""GCF_025948295.1"",""GCF_026222675.1"",""GCF_028607025.1"",""GCF_028621815.1"",""GCF_028736235.1"",""GCF_029025825.1"",""GCF_029726355.1"",""GCF_029854335.1"",""GCF_029866985.1"",""GCF_030480545.1"",""GCF_030770265.1"",""GCF_030770295.1"",""GCF_030770335.1"",""GCF_032762665.1"",""GCF_033142085.1"",""GCF_033570435.1"",""GCF_034703025.1"",""GCF_035985965.1"",""GCF_036246165.1"",""GCF_036246185.1"",""GCF_036246225.1"",""GCF_036327715.1"",""GCF_037290055.1"",""GCF_037891785.1"",""GCF_037892375.1"",""GCF_038049945.1"",""GCF_039645515.1"",""GCF_039645575.1"",""GCF_039783225.1"",""GCF_039783785.1"",""GCF_039955095.1"",""GCF_041225485.1"",""GCF_041225605.1"",""GCF_041281755.1"",""GCF_041509385.1"",""GCF_041514285.1"",""GCF_041514295.1"",""GCF_041893975.1"",""GCF_042847315.1"",""GCF_042997415.1"",""GCF_045760565.1"",""GCF_045801155.1"",""GCF_045862825.1"",""GCF_046109915.1"",""GCF_047344935.1"",""GCF_050407965.1"",""GCF_050847345.1"",""GCF_051098045.1"",""GCF_052569745.1"",""GCF_052570115.1"",""GCF_052571685.1"",""GCF_054073565.1"",""GCF_054331775.1"",""GCF_054452875.2"",""GCF_054784775.1"",""GCF_054785075.1"",""GCF_055180435.1"",""GCF_055502585.1"",""GCF_055755075.1"",""GCF_056269605.1"",""GCF_056676095.1"",""GCF_057786735.1"",""GCF_058111805.1"",""GCF_059089415.1"",""GCF_060305805.1"",""GCF_060307215.1"",""GCF_900016205.1"",""GCF_900094835.1"",""GCF_900240275.1"",""GCF_900519455.1"",""GCF_900519475.1"",""GCF_900636965.1"",""GCF_903885985.1"",""GCF_903886345.1"",""GCF_903886475.1"",""GCF_903891025.1"",""GCF_903891205.1"",""GCF_947539375.1"",""GCF_963243495.1"",""GCF_963281025.1"",""GCF_964063315.1"",""GCF_965136965.1"",""GCF_965286035.1"",""GCF_965286295.1"",""GCF_965286585.1"",""GCF_982267005.1""]"	root/1/1/1/1/1/1/1/0/1/0/0/1/1/1/1/0/1/0	"[""root/1/1/1/1/1/1/1/0/1/0/0/1/1/1/1/0/1/0""]"	"[{""node"":""root/1/1/1/1/1/1/1/0/1/0/0/1/1/1/1/0/1/0"",""length_coalescent_units"":0.6931471805599453}]"	0.8	0.0	0.2	4.0	0.0	1.0	0.9322916666666666	0.026041666666666696	0.0416666666666667	384	5.0
34353575dfa27513b5b88bf292a8bfcf21e9c8224b21fe2d7909d5c75bda682a	"[""GCF_003151025.1"",""GCF_003173695.1""]"	"[""GCF_000009425.1"",""GCF_000010145.1"",""GCF_000011045.1"",""GCF_000014385.1"",""GCF_000014425.1"",""GCF_000014445.1"",""GCF_000014505.1"",""GCF_000014545.1"",""GCF_000015385.1"",""GCF_000016825.1"",""GCF_000023085.1"",""GCF_000025045.1"",""GCF_000026405.1"",""GCF_000092505.1"",""GCF_000148815.2"",""GCF_000155515.2"",""GCF_000160835.1"",""GCF_000203855.3"",""GCF_000237995.1"",""GCF_000241055.1"",""GCF_000269925.1"",""GCF_000269945.1"",""GCF_000298875.1"",""GCF_000468955.1"",""GCF_000691805.2"",""GCF_001434365.1"",""GCF_001434705.1"",""GCF_001435245.1"",""GCF_001436135.1"",""GCF_001436905.1"",""GCF_001437055.1"",""GCF_001437425.1"",""GCF_001438705.1"",""GCF_001536305.1"",""GCF_001618285.1"",""GCF_001702215.1"",""GCF_001702235.1"",""GCF_001752505.1"",""GCF_001752515.1"",""GCF_001752545.1"",""GCF_001761545.1"",""GCF_001767275.1"",""GCF_001888925.1"",""GCF_001891125.1"",""GCF_001932615.1"",""GCF_001998805.1"",""GCF_002174215.1"",""GCF_002950695.1"",""GCF_002970915.1"",""GCF_002970935.1"",""GCF_003150935.1"",""GCF_003176835.1"",""GCF_003264795.1"",""GCF_003584685.1"",""GCF_003641185.1"",""GCF_003722275.1"",""GCF_003999355.1"",""GCF_004354645.1"",""GCF_004377635.1"",""GCF_005405405.1"",""GCF_005405465.1"",""GCF_007954605.1"",""GCF_007954785.1"",""GCF_008107645.1"",""GCF_008831485.1"",""GCF_009184845.1"",""GCF_009856565.1"",""GCF_009913655.1"",""GCF_009913995.1"",""GCF_009914015.1"",""GCF_009914035.1"",""GCF_010092385.1"",""GCF_011058775.1"",""GCF_011304355.1"",""GCF_013113695.1"",""GCF_013407595.1"",""GCF_014131735.1"",""GCF_014145545.1"",""GCF_014145555.1"",""GCF_014145615.1"",""GCF_014397255.1"",""GCF_014656585.1"",""GCF_014789145.1"",""GCF_016127255.1"",""GCF_016127815.1"",""GCF_016647595.1"",""GCF_016919665.1"",""GCF_017068355.1"",""GCF_017894345.1"",""GCF_018394055.1"",""GCF_018502505.1"",""GCF_019448175.1"",""GCF_019469265.1"",""GCF_019576155.1"",""GCF_019797825.1"",""GCF_020510245.1"",""GCF_020784695.1"",""GCF_020844005.1"",""GCF_021378055.1"",""GCF_023169905.1"",""GCF_023499275.1"",""GCF_023920145.1"",""GCF_024334065.1"",""GCF_024397795.1"",""GCF_024718545.1"",""GCF_025311495.1"",""GCF_025490915.1"",""GCF_025739325.1"",""GCF_025948295.1"",""GCF_026222675.1"",""GCF_028607025.1"",""GCF_028621815.1"",""GCF_028736235.1"",""GCF_029025825.1"",""GCF_029726355.1"",""GCF_029854335.1"",""GCF_029866985.1"",""GCF_030480545.1"",""GCF_030770265.1"",""GCF_030770295.1"",""GCF_030770335.1"",""GCF_032762665.1"",""GCF_033142085.1"",""GCF_033570435.1"",""GCF_034703025.1"",""GCF_035985965.1"",""GCF_036246165.1"",""GCF_036246185.1"",""GCF_036246225.1"",""GCF_036327715.1"",""GCF_037290055.1"",""GCF_037891785.1"",""GCF_037892375.1"",""GCF_038049945.1"",""GCF_039645515.1"",""GCF_039645575.1"",""GCF_039783225.1"",""GCF_039783785.1"",""GCF_039955095.1"",""GCF_041225485.1"",""GCF_041225605.1"",""GCF_041281755.1"",""GCF_041509385.1"",""GCF_041514285.1"",""GCF_041514295.1"",""GCF_041893975.1"",""GCF_042847315.1"",""GCF_042997415.1"",""GCF_045760565.1"",""GCF_045801155.1"",""GCF_045862825.1"",""GCF_046109915.1"",""GCF_047344935.1"",""GCF_050407965.1"",""GCF_050847345.1"",""GCF_051098045.1"",""GCF_052569745.1"",""GCF_052570115.1"",""GCF_052571685.1"",""GCF_054073565.1"",""GCF_054331775.1"",""GCF_054452875.2"",""GCF_054784775.1"",""GCF_054785075.1"",""GCF_055180435.1"",""GCF_055502585.1"",""GCF_055755075.1"",""GCF_056269605.1"",""GCF_056676095.1"",""GCF_057786735.1"",""GCF_058111805.1"",""GCF_059089415.1"",""GCF_060305805.1"",""GCF_060307215.1"",""GCF_900016205.1"",""GCF_900094835.1"",""GCF_900240275.1"",""GCF_900519455.1"",""GCF_900519475.1"",""GCF_900636965.1"",""GCF_903885985.1"",""GCF_903886345.1"",""GCF_903886475.1"",""GCF_903891025.1"",""GCF_903891205.1"",""GCF_947539375.1"",""GCF_963243495.1"",""GCF_963281025.1"",""GCF_964063315.1"",""GCF_965136965.1"",""GCF_965286035.1"",""GCF_965286295.1"",""GCF_965286585.1"",""GCF_982267005.1""]"	root/1/1/1/1/1/1/1/0/1/0/0/1/1/1/1/0/1/1	"[""root/1/1/1/1/1/1/1/0/1/0/0/1/1/1/1/0/1/1""]"	"[{""node"":""root/1/1/1/1/1/1/1/0/1/0/0/1/1/1/1/0/1/1"",""length_coalescent_units"":0.6931471805599453}]"	0.8	0.2	0.0	4.0	1.0	0.0	0.9322916666666666	0.0416666666666667	0.026041666666666696	384	5.0
87971bcea0938c715bbda75007a9cc2979a0649ba92d486e18f25d6cd5df243c	"[""GCF_003641185.1"",""GCF_026222675.1""]"	"[""GCF_000009425.1"",""GCF_000010145.1"",""GCF_000011045.1"",""GCF_000014385.1"",""GCF_000014425.1"",""GCF_000014445.1"",""GCF_000014505.1"",""GCF_000014545.1"",""GCF_000015385.1"",""GCF_000016825.1"",""GCF_000023085.1"",""GCF_000025045.1"",""GCF_000026405.1"",""GCF_000092505.1"",""GCF_000148815.2"",""GCF_000155515.2"",""GCF_000160835.1"",""GCF_000203855.3"",""GCF_000237995.1"",""GCF_000241055.1"",""GCF_000269925.1"",""GCF_000269945.1"",""GCF_000298875.1"",""GCF_000468955.1"",""GCF_000691805.2"",""GCF_001434365.1"",""GCF_001434705.1"",""GCF_001435245.1"",""GCF_001436135.1"",""GCF_001436905.1"",""GCF_001437055.1"",""GCF_001437425.1"",""GCF_001438705.1"",""GCF_001536305.1"",""GCF_001618285.1"",""GCF_001702215.1"",""GCF_001702235.1"",""GCF_001752505.1"",""GCF_001752515.1"",""GCF_001752545.1"",""GCF_001761545.1"",""GCF_001767275.1"",""GCF_001888925.1"",""GCF_001891125.1"",""GCF_001932615.1"",""GCF_001998805.1"",""GCF_002174215.1"",""GCF_002950695.1"",""GCF_002970915.1"",""GCF_002970935.1"",""GCF_003150935.1"",""GCF_003151025.1"",""GCF_003173695.1"",""GCF_003176835.1"",""GCF_003264795.1"",""GCF_003584685.1"",""GCF_003722275.1"",""GCF_003999355.1"",""GCF_004354645.1"",""GCF_004377635.1"",""GCF_005405405.1"",""GCF_005405465.1"",""GCF_007954605.1"",""GCF_007954785.1"",""GCF_008107645.1"",""GCF_008831485.1"",""GCF_009184845.1"",""GCF_009856565.1"",""GCF_009913655.1"",""GCF_009913995.1"",""GCF_009914015.1"",""GCF_009914035.1"",""GCF_010092385.1"",""GCF_011058775.1"",""GCF_011304355.1"",""GCF_013113695.1"",""GCF_013407595.1"",""GCF_014131735.1"",""GCF_014145545.1"",""GCF_014145555.1"",""GCF_014145615.1"",""GCF_014397255.1"",""GCF_014656585.1"",""GCF_014789145.1"",""GCF_016127255.1"",""GCF_016127815.1"",""GCF_016647595.1"",""GCF_016919665.1"",""GCF_017068355.1"",""GCF_017894345.1"",""GCF_018394055.1"",""GCF_018502505.1"",""GCF_019448175.1"",""GCF_019469265.1"",""GCF_019576155.1"",""GCF_019797825.1"",""GCF_020510245.1"",""GCF_020784695.1"",""GCF_020844005.1"",""GCF_021378055.1"",""GCF_023169905.1"",""GCF_023499275.1"",""GCF_023920145.1"",""GCF_024334065.1"",""GCF_024397795.1"",""GCF_024718545.1"",""GCF_025311495.1"",""GCF_025490915.1"",""GCF_025739325.1"",""GCF_025948295.1"",""GCF_028607025.1"",""GCF_028621815.1"",""GCF_028736235.1"",""GCF_029025825.1"",""GCF_029726355.1"",""GCF_029854335.1"",""GCF_029866985.1"",""GCF_030480545.1"",""GCF_030770265.1"",""GCF_030770295.1"",""GCF_030770335.1"",""GCF_032762665.1"",""GCF_033142085.1"",""GCF_033570435.1"",""GCF_034703025.1"",""GCF_035985965.1"",""GCF_036246165.1"",""GCF_036246185.1"",""GCF_036246225.1"",""GCF_036327715.1"",""GCF_037290055.1"",""GCF_037891785.1"",""GCF_037892375.1"",""GCF_038049945.1"",""GCF_039645515.1"",""GCF_039645575.1"",""GCF_039783225.1"",""GCF_039783785.1"",""GCF_039955095.1"",""GCF_041225485.1"",""GCF_041225605.1"",""GCF_041281755.1"",""GCF_041509385.1"",""GCF_041514285.1"",""GCF_041514295.1"",""GCF_041893975.1"",""GCF_042847315.1"",""GCF_042997415.1"",""GCF_045760565.1"",""GCF_045801155.1"",""GCF_045862825.1"",""GCF_046109915.1"",""GCF_047344935.1"",""GCF_050407965.1"",""GCF_050847345.1"",""GCF_051098045.1"",""GCF_052569745.1"",""GCF_052570115.1"",""GCF_052571685.1"",""GCF_054073565.1"",""GCF_054331775.1"",""GCF_054452875.2"",""GCF_054784775.1"",""GCF_054785075.1"",""GCF_055180435.1"",""GCF_055502585.1"",""GCF_055755075.1"",""GCF_056269605.1"",""GCF_056676095.1"",""GCF_057786735.1"",""GCF_058111805.1"",""GCF_059089415.1"",""GCF_060305805.1"",""GCF_060307215.1"",""GCF_900016205.1"",""GCF_900094835.1"",""GCF_900240275.1"",""GCF_900519455.1"",""GCF_900519475.1"",""GCF_900636965.1"",""GCF_903885985.1"",""GCF_903886345.1"",""GCF_903886475.1"",""GCF_903891025.1"",""GCF_903891205.1"",""GCF_947539375.1"",""GCF_963243495.1"",""GCF_963281025.1"",""GCF_964063315.1"",""GCF_965136965.1"",""GCF_965286035.1"",""GCF_965286295.1"",""GCF_965286585.1"",""GCF_982267005.1""]"	root/1/1/1/1/1/1/1/0/1/1/1/1/1/1/0/1	"[""root/1/1/1/1/1/1/1/0/1/1/1/1/1/1/0/1""]"	"[{""node"":""root/1/1/1/1/1/1/1/0/1/1/1/1/1/1/0/1"",""length_coalescent_units"":0.6931471805599453}]"	0.8	0.0	0.2	4.0	0.0	1.0	0.9322916666666666	0.026041666666666696	0.0416666666666667	193	5.0
956d2076f1e175fa5e12b64de78b6a3dd5c1ba534e32cc33d384f635797121f7	"[""GCF_003641185.1"",""GCF_026222675.1"",""GCF_050407965.1""]"	"[""GCF_000009425.1"",""GCF_000010145.1"",""GCF_000011045.1"",""GCF_000014385.1"",""GCF_000014425.1"",""GCF_000014445.1"",""GCF_000014505.1"",""GCF_000014545.1"",""GCF_000015385.1"",""GCF_000016825.1"",""GCF_000023085.1"",""GCF_000025045.1"",""GCF_000026405.1"",""GCF_000092505.1"",""GCF_000148815.2"",""GCF_000155515.2"",""GCF_000160835.1"",""GCF_000203855.3"",""GCF_000237995.1"",""GCF_000241055.1"",""GCF_000269925.1"",""GCF_000269945.1"",""GCF_000298875.1"",""GCF_000468955.1"",""GCF_000691805.2"",""GCF_001434365.1"",""GCF_001434705.1"",""GCF_001435245.1"",""GCF_001436135.1"",""GCF_001436905.1"",""GCF_001437055.1"",""GCF_001437425.1"",""GCF_001438705.1"",""GCF_001536305.1"",""GCF_001618285.1"",""GCF_001702215.1"",""GCF_001702235.1"",""GCF_001752505.1"",""GCF_001752515.1"",""GCF_001752545.1"",""GCF_001761545.1"",""GCF_001767275.1"",""GCF_001888925.1"",""GCF_001891125.1"",""GCF_001932615.1"",""GCF_001998805.1"",""GCF_002174215.1"",""GCF_002950695.1"",""GCF_002970915.1"",""GCF_002970935.1"",""GCF_003150935.1"",""GCF_003151025.1"",""GCF_003173695.1"",""GCF_003176835.1"",""GCF_003264795.1"",""GCF_003584685.1"",""GCF_003722275.1"",""GCF_003999355.1"",""GCF_004354645.1"",""GCF_004377635.1"",""GCF_005405405.1"",""GCF_005405465.1"",""GCF_007954605.1"",""GCF_007954785.1"",""GCF_008107645.1"",""GCF_008831485.1"",""GCF_009184845.1"",""GCF_009856565.1"",""GCF_009913655.1"",""GCF_009913995.1"",""GCF_009914015.1"",""GCF_009914035.1"",""GCF_010092385.1"",""GCF_011058775.1"",""GCF_011304355.1"",""GCF_013113695.1"",""GCF_013407595.1"",""GCF_014131735.1"",""GCF_014145545.1"",""GCF_014145555.1"",""GCF_014145615.1"",""GCF_014397255.1"",""GCF_014656585.1"",""GCF_014789145.1"",""GCF_016127255.1"",""GCF_016127815.1"",""GCF_016647595.1"",""GCF_016919665.1"",""GCF_017068355.1"",""GCF_017894345.1"",""GCF_018394055.1"",""GCF_018502505.1"",""GCF_019448175.1"",""GCF_019469265.1"",""GCF_019576155.1"",""GCF_019797825.1"",""GCF_020510245.1"",""GCF_020784695.1"",""GCF_020844005.1"",""GCF_021378055.1"",""GCF_023169905.1"",""GCF_023499275.1"",""GCF_023920145.1"",""GCF_024334065.1"",""GCF_024397795.1"",""GCF_024718545.1"",""GCF_025311495.1"",""GCF_025490915.1"",""GCF_025739325.1"",""GCF_025948295.1"",""GCF_028607025.1"",""GCF_028621815.1"",""GCF_028736235.1"",""GCF_029025825.1"",""GCF_029726355.1"",""GCF_029854335.1"",""GCF_029866985.1"",""GCF_030480545.1"",""GCF_030770265.1"",""GCF_030770295.1"",""GCF_030770335.1"",""GCF_032762665.1"",""GCF_033142085.1"",""GCF_033570435.1"",""GCF_034703025.1"",""GCF_035985965.1"",""GCF_036246165.1"",""GCF_036246185.1"",""GCF_036246225.1"",""GCF_036327715.1"",""GCF_037290055.1"",""GCF_037891785.1"",""GCF_037892375.1"",""GCF_038049945.1"",""GCF_039645515.1"",""GCF_039645575.1"",""GCF_039783225.1"",""GCF_039783785.1"",""GCF_039955095.1"",""GCF_041225485.1"",""GCF_041225605.1"",""GCF_041281755.1"",""GCF_041509385.1"",""GCF_041514285.1"",""GCF_041514295.1"",""GCF_041893975.1"",""GCF_042847315.1"",""GCF_042997415.1"",""GCF_045760565.1"",""GCF_045801155.1"",""GCF_045862825.1"",""GCF_046109915.1"",""GCF_047344935.1"",""GCF_050847345.1"",""GCF_051098045.1"",""GCF_052569745.1"",""GCF_052570115.1"",""GCF_052571685.1"",""GCF_054073565.1"",""GCF_054331775.1"",""GCF_054452875.2"",""GCF_054784775.1"",""GCF_054785075.1"",""GCF_055180435.1"",""GCF_055502585.1"",""GCF_055755075.1"",""GCF_056269605.1"",""GCF_056676095.1"",""GCF_057786735.1"",""GCF_058111805.1"",""GCF_059089415.1"",""GCF_060305805.1"",""GCF_060307215.1"",""GCF_900016205.1"",""GCF_900094835.1"",""GCF_900240275.1"",""GCF_900519455.1"",""GCF_900519475.1"",""GCF_900636965.1"",""GCF_903885985.1"",""GCF_903886345.1"",""GCF_903886475.1"",""GCF_903891025.1"",""GCF_903891205.1"",""GCF_947539375.1"",""GCF_963243495.1"",""GCF_963281025.1"",""GCF_964063315.1"",""GCF_965136965.1"",""GCF_965286035.1"",""GCF_965286295.1"",""GCF_965286585.1"",""GCF_982267005.1""]"	root/1/1/1/1/1/1/1/0/1/1/1/1/1/1/0	"[""root/1/1/1/1/1/1/1/0/1/1/1/1/1/1/0""]"	"[{""node"":""root/1/1/1/1/1/1/1/0/1/1/1/1/1/1/0"",""length_coalescent_units"":0.3829922522561057}]"	0.6545454545454545	0.2	0.14545454545454545	3.2727272727272725	1.0	0.7272727272727273	0.7944893570957738	0.11011135854372622	0.09539928436050006	4004	5.0
ab6f7a43ac95c7ff04ade351ca11d513e5cf69e8c825ee35aaaf5947d2c07466	"[""GCF_004377635.1"",""GCF_023920145.1"",""GCF_032762665.1""]"	"[""GCF_000009425.1"",""GCF_000010145.1"",""GCF_000011045.1"",""GCF_000014385.1"",""GCF_000014425.1"",""GCF_000014445.1"",""GCF_000014505.1"",""GCF_000014545.1"",""GCF_000015385.1"",""GCF_000016825.1"",""GCF_000023085.1"",""GCF_000025045.1"",""GCF_000026405.1"",""GCF_000092505.1"",""GCF_000148815.2"",""GCF_000155515.2"",""GCF_000160835.1"",""GCF_000203855.3"",""GCF_000237995.1"",""GCF_000241055.1"",""GCF_000269925.1"",""GCF_000269945.1"",""GCF_000298875.1"",""GCF_000468955.1"",""GCF_000691805.2"",""GCF_001434365.1"",""GCF_001434705.1"",""GCF_001435245.1"",""GCF_001436135.1"",""GCF_001436905.1"",""GCF_001437055.1"",""GCF_001437425.1"",""GCF_001438705.1"",""GCF_001536305.1"",""GCF_001618285.1"",""GCF_001702215.1"",""GCF_001702235.1"",""GCF_001752505.1"",""GCF_001752515.1"",""GCF_001752545.1"",""GCF_001761545.1"",""GCF_001767275.1"",""GCF_001888925.1"",""GCF_001891125.1"",""GCF_001932615.1"",""GCF_001998805.1"",""GCF_002174215.1"",""GCF_002950695.1"",""GCF_002970915.1"",""GCF_002970935.1"",""GCF_003150935.1"",""GCF_003151025.1"",""GCF_003173695.1"",""GCF_003176835.1"",""GCF_003264795.1"",""GCF_003584685.1"",""GCF_003641185.1"",""GCF_003722275.1"",""GCF_003999355.1"",""GCF_004354645.1"",""GCF_005405405.1"",""GCF_005405465.1"",""GCF_007954605.1"",""GCF_007954785.1"",""GCF_008107645.1"",""GCF_008831485.1"",""GCF_009184845.1"",""GCF_009856565.1"",""GCF_009913655.1"",""GCF_009913995.1"",""GCF_009914015.1"",""GCF_009914035.1"",""GCF_010092385.1"",""GCF_011058775.1"",""GCF_011304355.1"",""GCF_013113695.1"",""GCF_013407595.1"",""GCF_014131735.1"",""GCF_014145545.1"",""GCF_014145555.1"",""GCF_014145615.1"",""GCF_014397255.1"",""GCF_014656585.1"",""GCF_014789145.1"",""GCF_016127255.1"",""GCF_016127815.1"",""GCF_016647595.1"",""GCF_016919665.1"",""GCF_017068355.1"",""GCF_017894345.1"",""GCF_018394055.1"",""GCF_018502505.1"",""GCF_019448175.1"",""GCF_019469265.1"",""GCF_019576155.1"",""GCF_019797825.1"",""GCF_020510245.1"",""GCF_020784695.1"",""GCF_020844005.1"",""GCF_021378055.1"",""GCF_023169905.1"",""GCF_023499275.1"",""GCF_024334065.1"",""GCF_024397795.1"",""GCF_024718545.1"",""GCF_025311495.1"",""GCF_025490915.1"",""GCF_025739325.1"",""GCF_025948295.1"",""GCF_026222675.1"",""GCF_028607025.1"",""GCF_028621815.1"",""GCF_028736235.1"",""GCF_029025825.1"",""GCF_029726355.1"",""GCF_029854335.1"",""GCF_029866985.1"",""GCF_030480545.1"",""GCF_030770265.1"",""GCF_030770295.1"",""GCF_030770335.1"",""GCF_033142085.1"",""GCF_033570435.1"",""GCF_034703025.1"",""GCF_035985965.1"",""GCF_036246165.1"",""GCF_036246185.1"",""GCF_036246225.1"",""GCF_036327715.1"",""GCF_037290055.1"",""GCF_037891785.1"",""GCF_037892375.1"",""GCF_038049945.1"",""GCF_039645515.1"",""GCF_039645575.1"",""GCF_039783225.1"",""GCF_039783785.1"",""GCF_039955095.1"",""GCF_041225485.1"",""GCF_041225605.1"",""GCF_041281755.1"",""GCF_041509385.1"",""GCF_041514285.1"",""GCF_041514295.1"",""GCF_041893975.1"",""GCF_042847315.1"",""GCF_042997415.1"",""GCF_045760565.1"",""GCF_045801155.1"",""GCF_045862825.1"",""GCF_046109915.1"",""GCF_047344935.1"",""GCF_050407965.1"",""GCF_050847345.1"",""GCF_051098045.1"",""GCF_052569745.1"",""GCF_052570115.1"",""GCF_052571685.1"",""GCF_054073565.1"",""GCF_054331775.1"",""GCF_054452875.2"",""GCF_054784775.1"",""GCF_054785075.1"",""GCF_055180435.1"",""GCF_055502585.1"",""GCF_055755075.1"",""GCF_056269605.1"",""GCF_056676095.1"",""GCF_057786735.1"",""GCF_058111805.1"",""GCF_059089415.1"",""GCF_060305805.1"",""GCF_060307215.1"",""GCF_900016205.1"",""GCF_900094835.1"",""GCF_900240275.1"",""GCF_900519455.1"",""GCF_900519475.1"",""GCF_900636965.1"",""GCF_903885985.1"",""GCF_903886345.1"",""GCF_903886475.1"",""GCF_903891025.1"",""GCF_903891205.1"",""GCF_947539375.1"",""GCF_963243495.1"",""GCF_963281025.1"",""GCF_964063315.1"",""GCF_965136965.1"",""GCF_965286035.1"",""GCF_965286295.1"",""GCF_965286585.1"",""GCF_982267005.1""]"	root/1/1/1/1/1/1/1/0/0/1/0/1/0	"[""root/1/1/1/1/1/1/1/0/0/1/0/1/0""]"	"[{""node"":""root/1/1/1/1/1/1/1/0/0/1/0/1/0"",""length_coalescent_units"":0.33024168687057687}]"	0.625	0.25	0.125	3.125	1.25	0.625	0.7509883367730881	0.14532823258927538	0.10368343063763659	2960	5.0
798fab088e03b056cffeb9fbc566ccbe5665484f90436ac39415df7d15040713	"[""GCF_004377635.1"",""GCF_032762665.1""]"	"[""GCF_000009425.1"",""GCF_000010145.1"",""GCF_000011045.1"",""GCF_000014385.1"",""GCF_000014425.1"",""GCF_000014445.1"",""GCF_000014505.1"",""GCF_000014545.1"",""GCF_000015385.1"",""GCF_000016825.1"",""GCF_000023085.1"",""GCF_000025045.1"",""GCF_000026405.1"",""GCF_000092505.1"",""GCF_000148815.2"",""GCF_000155515.2"",""GCF_000160835.1"",""GCF_000203855.3"",""GCF_000237995.1"",""GCF_000241055.1"",""GCF_000269925.1"",""GCF_000269945.1"",""GCF_000298875.1"",""GCF_000468955.1"",""GCF_000691805.2"",""GCF_001434365.1"",""GCF_001434705.1"",""GCF_001435245.1"",""GCF_001436135.1"",""GCF_001436905.1"",""GCF_001437055.1"",""GCF_001437425.1"",""GCF_001438705.1"",""GCF_001536305.1"",""GCF_001618285.1"",""GCF_001702215.1"",""GCF_001702235.1"",""GCF_001752505.1"",""GCF_001752515.1"",""GCF_001752545.1"",""GCF_001761545.1"",""GCF_001767275.1"",""GCF_001888925.1"",""GCF_001891125.1"",""GCF_001932615.1"",""GCF_001998805.1"",""GCF_002174215.1"",""GCF_002950695.1"",""GCF_002970915.1"",""GCF_002970935.1"",""GCF_003150935.1"",""GCF_003151025.1"",""GCF_003173695.1"",""GCF_003176835.1"",""GCF_003264795.1"",""GCF_003584685.1"",""GCF_003641185.1"",""GCF_003722275.1"",""GCF_003999355.1"",""GCF_004354645.1"",""GCF_005405405.1"",""GCF_005405465.1"",""GCF_007954605.1"",""GCF_007954785.1"",""GCF_008107645.1"",""GCF_008831485.1"",""GCF_009184845.1"",""GCF_009856565.1"",""GCF_009913655.1"",""GCF_009913995.1"",""GCF_009914015.1"",""GCF_009914035.1"",""GCF_010092385.1"",""GCF_011058775.1"",""GCF_011304355.1"",""GCF_013113695.1"",""GCF_013407595.1"",""GCF_014131735.1"",""GCF_014145545.1"",""GCF_014145555.1"",""GCF_014145615.1"",""GCF_014397255.1"",""GCF_014656585.1"",""GCF_014789145.1"",""GCF_016127255.1"",""GCF_016127815.1"",""GCF_016647595.1"",""GCF_016919665.1"",""GCF_017068355.1"",""GCF_017894345.1"",""GCF_018394055.1"",""GCF_018502505.1"",""GCF_019448175.1"",""GCF_019469265.1"",""GCF_019576155.1"",""GCF_019797825.1"",""GCF_020510245.1"",""GCF_020784695.1"",""GCF_020844005.1"",""GCF_021378055.1"",""GCF_023169905.1"",""GCF_023499275.1"",""GCF_023920145.1"",""GCF_024334065.1"",""GCF_024397795.1"",""GCF_024718545.1"",""GCF_025311495.1"",""GCF_025490915.1"",""GCF_025739325.1"",""GCF_025948295.1"",""GCF_026222675.1"",""GCF_028607025.1"",""GCF_028621815.1"",""GCF_028736235.1"",""GCF_029025825.1"",""GCF_029726355.1"",""GCF_029854335.1"",""GCF_029866985.1"",""GCF_030480545.1"",""GCF_030770265.1"",""GCF_030770295.1"",""GCF_030770335.1"",""GCF_033142085.1"",""GCF_033570435.1"",""GCF_034703025.1"",""GCF_035985965.1"",""GCF_036246165.1"",""GCF_036246185.1"",""GCF_036246225.1"",""GCF_036327715.1"",""GCF_037290055.1"",""GCF_037891785.1"",""GCF_037892375.1"",""GCF_038049945.1"",""GCF_039645515.1"",""GCF_039645575.1"",""GCF_039783225.1"",""GCF_039783785.1"",""GCF_039955095.1"",""GCF_041225485.1"",""GCF_041225605.1"",""GCF_041281755.1"",""GCF_041509385.1"",""GCF_041514285.1"",""GCF_041514295.1"",""GCF_041893975.1"",""GCF_042847315.1"",""GCF_042997415.1"",""GCF_045760565.1"",""GCF_045801155.1"",""GCF_045862825.1"",""GCF_046109915.1"",""GCF_047344935.1"",""GCF_050407965.1"",""GCF_050847345.1"",""GCF_051098045.1"",""GCF_052569745.1"",""GCF_052570115.1"",""GCF_052571685.1"",""GCF_054073565.1"",""GCF_054331775.1"",""GCF_054452875.2"",""GCF_054784775.1"",""GCF_054785075.1"",""GCF_055180435.1"",""GCF_055502585.1"",""GCF_055755075.1"",""GCF_056269605.1"",""GCF_056676095.1"",""GCF_057786735.1"",""GCF_058111805.1"",""GCF_059089415.1"",""GCF_060305805.1"",""GCF_060307215.1"",""GCF_900016205.1"",""GCF_900094835.1"",""GCF_900240275.1"",""GCF_900519455.1"",""GCF_900519475.1"",""GCF_900636965.1"",""GCF_903885985.1"",""GCF_903886345.1"",""GCF_903886475.1"",""GCF_903891025.1"",""GCF_903891205.1"",""GCF_947539375.1"",""GCF_963243495.1"",""GCF_963281025.1"",""GCF_964063315.1"",""GCF_965136965.1"",""GCF_965286035.1"",""GCF_965286295.1"",""GCF_965286585.1"",""GCF_982267005.1""]"	root/1/1/1/1/1/1/1/0/0/1/0/1/0/1	"[""root/1/1/1/1/1/1/1/0/0/1/0/1/0/1""]"	"[{""node"":""root/1/1/1/1/1/1/1/0/0/1/0/1/0/1"",""length_coalescent_units"":0.2787614066934013}]"	0.5946236559139785	0.013666499526436013	0.3917098445595855	2.9731182795698925	0.06833249763218006	1.9585492227979275	0.663520303349032	0.0858658958978944	0.2506138007530735	193	5.0
25992c737801e7767b40273a8226d8f2d6696651240abec1a8546553bbbcc2f8	"[""GCF_005405405.1"",""GCF_036246165.1"",""GCF_036246185.1"",""GCF_045862825.1"",""GCF_963243495.1"",""GCF_965136965.1""]"	"[""GCF_000009425.1"",""GCF_000010145.1"",""GCF_000011045.1"",""GCF_000014385.1"",""GCF_000014425.1"",""GCF_000014445.1"",""GCF_000014505.1"",""GCF_000014545.1"",""GCF_000015385.1"",""GCF_000016825.1"",""GCF_000023085.1"",""GCF_000025045.1"",""GCF_000026405.1"",""GCF_000092505.1"",""GCF_000148815.2"",""GCF_000155515.2"",""GCF_000160835.1"",""GCF_000203855.3"",""GCF_000237995.1"",""GCF_000241055.1"",""GCF_000269925.1"",""GCF_000269945.1"",""GCF_000298875.1"",""GCF_000468955.1"",""GCF_000691805.2"",""GCF_001434365.1"",""GCF_001434705.1"",""GCF_001435245.1"",""GCF_001436135.1"",""GCF_001436905.1"",""GCF_001437055.1"",""GCF_001437425.1"",""GCF_001438705.1"",""GCF_001536305.1"",""GCF_001618285.1"",""GCF_001702215.1"",""GCF_001702235.1"",""GCF_001752505.1"",""GCF_001752515.1"",""GCF_001752545.1"",""GCF_001761545.1"",""GCF_001767275.1"",""GCF_001888925.1"",""GCF_001891125.1"",""GCF_001932615.1"",""GCF_001998805.1"",""GCF_002174215.1"",""GCF_002950695.1"",""GCF_002970915.1"",""GCF_002970935.1"",""GCF_003150935.1"",""GCF_003151025.1"",""GCF_003173695.1"",""GCF_003176835.1"",""GCF_003264795.1"",""GCF_003584685.1"",""GCF_003641185.1"",""GCF_003722275.1"",""GCF_003999355.1"",""GCF_004354645.1"",""GCF_004377635.1"",""GCF_005405465.1"",""GCF_007954605.1"",""GCF_007954785.1"",""GCF_008107645.1"",""GCF_008831485.1"",""GCF_009184845.1"",""GCF_009856565.1"",""GCF_009913655.1"",""GCF_009913995.1"",""GCF_009914015.1"",""GCF_009914035.1"",""GCF_010092385.1"",""GCF_011058775.1"",""GCF_011304355.1"",""GCF_013113695.1"",""GCF_013407595.1"",""GCF_014131735.1"",""GCF_014145545.1"",""GCF_014145555.1"",""GCF_014145615.1"",""GCF_014397255.1"",""GCF_014656585.1"",""GCF_014789145.1"",""GCF_016127255.1"",""GCF_016127815.1"",""GCF_016647595.1"",""GCF_016919665.1"",""GCF_017068355.1"",""GCF_017894345.1"",""GCF_018394055.1"",""GCF_018502505.1"",""GCF_019448175.1"",""GCF_019469265.1"",""GCF_019576155.1"",""GCF_019797825.1"",""GCF_020510245.1"",""GCF_020784695.1"",""GCF_020844005.1"",""GCF_021378055.1"",""GCF_023169905.1"",""GCF_023499275.1"",""GCF_023920145.1"",""GCF_024334065.1"",""GCF_024397795.1"",""GCF_024718545.1"",""GCF_025311495.1"",""GCF_025490915.1"",""GCF_025739325.1"",""GCF_025948295.1"",""GCF_026222675.1"",""GCF_028607025.1"",""GCF_028621815.1"",""GCF_028736235.1"",""GCF_029025825.1"",""GCF_029726355.1"",""GCF_029854335.1"",""GCF_029866985.1"",""GCF_030480545.1"",""GCF_030770265.1"",""GCF_030770295.1"",""GCF_030770335.1"",""GCF_032762665.1"",""GCF_033142085.1"",""GCF_033570435.1"",""GCF_034703025.1"",""GCF_035985965.1"",""GCF_036246225.1"",""GCF_036327715.1"",""GCF_037290055.1"",""GCF_037891785.1"",""GCF_037892375.1"",""GCF_038049945.1"",""GCF_039645515.1"",""GCF_039645575.1"",""GCF_039783225.1"",""GCF_039783785.1"",""GCF_039955095.1"",""GCF_041225485.1"",""GCF_041225605.1"",""GCF_041281755.1"",""GCF_041509385.1"",""GCF_041514285.1"",""GCF_041514295.1"",""GCF_041893975.1"",""GCF_042847315.1"",""GCF_042997415.1"",""GCF_045760565.1"",""GCF_045801155.1"",""GCF_046109915.1"",""GCF_047344935.1"",""GCF_050407965.1"",""GCF_050847345.1"",""GCF_051098045.1"",""GCF_052569745.1"",""GCF_052570115.1"",""GCF_052571685.1"",""GCF_054073565.1"",""GCF_054331775.1"",""GCF_054452875.2"",""GCF_054784775.1"",""GCF_054785075.1"",""GCF_055180435.1"",""GCF_055502585.1"",""GCF_055755075.1"",""GCF_056269605.1"",""GCF_056676095.1"",""GCF_057786735.1"",""GCF_058111805.1"",""GCF_059089415.1"",""GCF_060305805.1"",""GCF_060307215.1"",""GCF_900016205.1"",""GCF_900094835.1"",""GCF_900240275.1"",""GCF_900519455.1"",""GCF_900519475.1"",""GCF_900636965.1"",""GCF_903885985.1"",""GCF_903886345.1"",""GCF_903886475.1"",""GCF_903891025.1"",""GCF_903891205.1"",""GCF_947539375.1"",""GCF_963281025.1"",""GCF_964063315.1"",""GCF_965286035.1"",""GCF_965286295.1"",""GCF_965286585.1"",""GCF_982267005.1""]"	root/1/1/1/1/1/1/1/0/1/1/1/1/1/0	"[""root/1/1/1/1/1/1/1/0/1/1/1/1/1/0""]"	"[{""node"":""root/1/1/1/1/1/1/1/0/1/1/1/1/1/0"",""length_coalescent_units"":0.1887136963040584}]"	0.5375811688311689	0.41185064935064936	0.050568181818181825	2.6879058441558445	2.0592532467532467	0.2528409090909091	0.5706400529495693	0.3199865990534758	0.10937334799695475	19712	5.0
44d8591194255aa1f1e0a984faa3b53d4eb910c463d4974ff050911e9c74c549	"[""GCF_005405405.1"",""GCF_965136965.1""]"	"[""GCF_000009425.1"",""GCF_000010145.1"",""GCF_000011045.1"",""GCF_000014385.1"",""GCF_000014425.1"",""GCF_000014445.1"",""GCF_000014505.1"",""GCF_000014545.1"",""GCF_000015385.1"",""GCF_000016825.1"",""GCF_000023085.1"",""GCF_000025045.1"",""GCF_000026405.1"",""GCF_000092505.1"",""GCF_000148815.2"",""GCF_000155515.2"",""GCF_000160835.1"",""GCF_000203855.3"",""GCF_000237995.1"",""GCF_000241055.1"",""GCF_000269925.1"",""GCF_000269945.1"",""GCF_000298875.1"",""GCF_000468955.1"",""GCF_000691805.2"",""GCF_001434365.1"",""GCF_001434705.1"",""GCF_001435245.1"",""GCF_001436135.1"",""GCF_001436905.1"",""GCF_001437055.1"",""GCF_001437425.1"",""GCF_001438705.1"",""GCF_001536305.1"",""GCF_001618285.1"",""GCF_001702215.1"",""GCF_001702235.1"",""GCF_001752505.1"",""GCF_001752515.1"",""GCF_001752545.1"",""GCF_001761545.1"",""GCF_001767275.1"",""GCF_001888925.1"",""GCF_001891125.1"",""GCF_001932615.1"",""GCF_001998805.1"",""GCF_002174215.1"",""GCF_002950695.1"",""GCF_002970915.1"",""GCF_002970935.1"",""GCF_003150935.1"",""GCF_003151025.1"",""GCF_003173695.1"",""GCF_003176835.1"",""GCF_003264795.1"",""GCF_003584685.1"",""GCF_003641185.1"",""GCF_003722275.1"",""GCF_003999355.1"",""GCF_004354645.1"",""GCF_004377635.1"",""GCF_005405465.1"",""GCF_007954605.1"",""GCF_007954785.1"",""GCF_008107645.1"",""GCF_008831485.1"",""GCF_009184845.1"",""GCF_009856565.1"",""GCF_009913655.1"",""GCF_009913995.1"",""GCF_009914015.1"",""GCF_009914035.1"",""GCF_010092385.1"",""GCF_011058775.1"",""GCF_011304355.1"",""GCF_013113695.1"",""GCF_013407595.1"",""GCF_014131735.1"",""GCF_014145545.1"",""GCF_014145555.1"",""GCF_014145615.1"",""GCF_014397255.1"",""GCF_014656585.1"",""GCF_014789145.1"",""GCF_016127255.1"",""GCF_016127815.1"",""GCF_016647595.1"",""GCF_016919665.1"",""GCF_017068355.1"",""GCF_017894345.1"",""GCF_018394055.1"",""GCF_018502505.1"",""GCF_019448175.1"",""GCF_019469265.1"",""GCF_019576155.1"",""GCF_019797825.1"",""GCF_020510245.1"",""GCF_020784695.1"",""GCF_020844005.1"",""GCF_021378055.1"",""GCF_023169905.1"",""GCF_023499275.1"",""GCF_023920145.1"",""GCF_024334065.1"",""GCF_024397795.1"",""GCF_024718545.1"",""GCF_025311495.1"",""GCF_025490915.1"",""GCF_025739325.1"",""GCF_025948295.1"",""GCF_026222675.1"",""GCF_028607025.1"",""GCF_028621815.1"",""GCF_028736235.1"",""GCF_029025825.1"",""GCF_029726355.1"",""GCF_029854335.1"",""GCF_029866985.1"",""GCF_030480545.1"",""GCF_030770265.1"",""GCF_030770295.1"",""GCF_030770335.1"",""GCF_032762665.1"",""GCF_033142085.1"",""GCF_033570435.1"",""GCF_034703025.1"",""GCF_035985965.1"",""GCF_036246165.1"",""GCF_036246185.1"",""GCF_036246225.1"",""GCF_036327715.1"",""GCF_037290055.1"",""GCF_037891785.1"",""GCF_037892375.1"",""GCF_038049945.1"",""GCF_039645515.1"",""GCF_039645575.1"",""GCF_039783225.1"",""GCF_039783785.1"",""GCF_039955095.1"",""GCF_041225485.1"",""GCF_041225605.1"",""GCF_041281755.1"",""GCF_041509385.1"",""GCF_041514285.1"",""GCF_041514295.1"",""GCF_041893975.1"",""GCF_042847315.1"",""GCF_042997415.1"",""GCF_045760565.1"",""GCF_045801155.1"",""GCF_045862825.1"",""GCF_046109915.1"",""GCF_047344935.1"",""GCF_050407965.1"",""GCF_050847345.1"",""GCF_051098045.1"",""GCF_052569745.1"",""GCF_052570115.1"",""GCF_052571685.1"",""GCF_054073565.1"",""GCF_054331775.1"",""GCF_054452875.2"",""GCF_054784775.1"",""GCF_054785075.1"",""GCF_055180435.1"",""GCF_055502585.1"",""GCF_055755075.1"",""GCF_056269605.1"",""GCF_056676095.1"",""GCF_057786735.1"",""GCF_058111805.1"",""GCF_059089415.1"",""GCF_060305805.1"",""GCF_060307215.1"",""GCF_900016205.1"",""GCF_900094835.1"",""GCF_900240275.1"",""GCF_900519455.1"",""GCF_900519475.1"",""GCF_900636965.1"",""GCF_903885985.1"",""GCF_903886345.1"",""GCF_903886475.1"",""GCF_903891025.1"",""GCF_903891205.1"",""GCF_947539375.1"",""GCF_963243495.1"",""GCF_963281025.1"",""GCF_964063315.1"",""GCF_965286035.1"",""GCF_965286295.1"",""GCF_965286585.1"",""GCF_982267005.1""]"	root/1/1/1/1/1/1/1/0/1/1/1/1/1/0/0	"[""root/1/1/1/1/1/1/1/0/1/1/1/1/1/0/0""]"	"[{""node"":""root/1/1/1/1/1/1/1/0/1/1/1/1/1/0/0"",""length_coalescent_units"":1.3862943611198908}]"	1.0	0.0	0.0	5.0	0.0	0.0	0.9945355191256833	0.002732240437158474	0.002732240437158474	760	5.0
5aa00af733b2fd3dfb1bb6799fac00a90e7128937f824b068da73cf644a211e8	"[""GCF_009184845.1"",""GCF_042847315.1""]"	"[""GCF_000009425.1"",""GCF_000010145.1"",""GCF_000011045.1"",""GCF_000014385.1"",""GCF_000014425.1"",""GCF_000014445.1"",""GCF_000014505.1"",""GCF_000014545.1"",""GCF_000015385.1"",""GCF_000016825.1"",""GCF_000023085.1"",""GCF_000025045.1"",""GCF_000026405.1"",""GCF_000092505.1"",""GCF_000148815.2"",""GCF_000155515.2"",""GCF_000160835.1"",""GCF_000203855.3"",""GCF_000237995.1"",""GCF_000241055.1"",""GCF_000269925.1"",""GCF_000269945.1"",""GCF_000298875.1"",""GCF_000468955.1"",""GCF_000691805.2"",""GCF_001434365.1"",""GCF_001434705.1"",""GCF_001435245.1"",""GCF_001436135.1"",""GCF_001436905.1"",""GCF_001437055.1"",""GCF_001437425.1"",""GCF_001438705.1"",""GCF_001536305.1"",""GCF_001618285.1"",""GCF_001702215.1"",""GCF_001702235.1"",""GCF_001752505.1"",""GCF_001752515.1"",""GCF_001752545.1"",""GCF_001761545.1"",""GCF_001767275.1"",""GCF_001888925.1"",""GCF_001891125.1"",""GCF_001932615.1"",""GCF_001998805.1"",""GCF_002174215.1"",""GCF_002950695.1"",""GCF_002970915.1"",""GCF_002970935.1"",""GCF_003150935.1"",""GCF_003151025.1"",""GCF_003173695.1"",""GCF_003176835.1"",""GCF_003264795.1"",""GCF_003584685.1"",""GCF_003641185.1"",""GCF_003722275.1"",""GCF_003999355.1"",""GCF_004354645.1"",""GCF_004377635.1"",""GCF_005405405.1"",""GCF_005405465.1"",""GCF_007954605.1"",""GCF_007954785.1"",""GCF_008107645.1"",""GCF_008831485.1"",""GCF_009856565.1"",""GCF_009913655.1"",""GCF_009913995.1"",""GCF_009914015.1"",""GCF_009914035.1"",""GCF_010092385.1"",""GCF_011058775.1"",""GCF_011304355.1"",""GCF_013113695.1"",""GCF_013407595.1"",""GCF_014131735.1"",""GCF_014145545.1"",""GCF_014145555.1"",""GCF_014145615.1"",""GCF_014397255.1"",""GCF_014656585.1"",""GCF_014789145.1"",""GCF_016127255.1"",""GCF_016127815.1"",""GCF_016647595.1"",""GCF_016919665.1"",""GCF_017068355.1"",""GCF_017894345.1"",""GCF_018394055.1"",""GCF_018502505.1"",""GCF_019448175.1"",""GCF_019469265.1"",""GCF_019576155.1"",""GCF_019797825.1"",""GCF_020510245.1"",""GCF_020784695.1"",""GCF_020844005.1"",""GCF_021378055.1"",""GCF_023169905.1"",""GCF_023499275.1"",""GCF_023920145.1"",""GCF_024334065.1"",""GCF_024397795.1"",""GCF_024718545.1"",""GCF_025311495.1"",""GCF_025490915.1"",""GCF_025739325.1"",""GCF_025948295.1"",""GCF_026222675.1"",""GCF_028607025.1"",""GCF_028621815.1"",""GCF_028736235.1"",""GCF_029025825.1"",""GCF_029726355.1"",""GCF_029854335.1"",""GCF_029866985.1"",""GCF_030480545.1"",""GCF_030770265.1"",""GCF_030770295.1"",""GCF_030770335.1"",""GCF_032762665.1"",""GCF_033142085.1"",""GCF_033570435.1"",""GCF_034703025.1"",""GCF_035985965.1"",""GCF_036246165.1"",""GCF_036246185.1"",""GCF_036246225.1"",""GCF_036327715.1"",""GCF_037290055.1"",""GCF_037891785.1"",""GCF_037892375.1"",""GCF_038049945.1"",""GCF_039645515.1"",""GCF_039645575.1"",""GCF_039783225.1"",""GCF_039783785.1"",""GCF_039955095.1"",""GCF_041225485.1"",""GCF_041225605.1"",""GCF_041281755.1"",""GCF_041509385.1"",""GCF_041514285.1"",""GCF_041514295.1"",""GCF_041893975.1"",""GCF_042997415.1"",""GCF_045760565.1"",""GCF_045801155.1"",""GCF_045862825.1"",""GCF_046109915.1"",""GCF_047344935.1"",""GCF_050407965.1"",""GCF_050847345.1"",""GCF_051098045.1"",""GCF_052569745.1"",""GCF_052570115.1"",""GCF_052571685.1"",""GCF_054073565.1"",""GCF_054331775.1"",""GCF_054452875.2"",""GCF_054784775.1"",""GCF_054785075.1"",""GCF_055180435.1"",""GCF_055502585.1"",""GCF_055755075.1"",""GCF_056269605.1"",""GCF_056676095.1"",""GCF_057786735.1"",""GCF_058111805.1"",""GCF_059089415.1"",""GCF_060305805.1"",""GCF_060307215.1"",""GCF_900016205.1"",""GCF_900094835.1"",""GCF_900240275.1"",""GCF_900519455.1"",""GCF_900519475.1"",""GCF_900636965.1"",""GCF_903885985.1"",""GCF_903886345.1"",""GCF_903886475.1"",""GCF_903891025.1"",""GCF_903891205.1"",""GCF_947539375.1"",""GCF_963243495.1"",""GCF_963281025.1"",""GCF_964063315.1"",""GCF_965136965.1"",""GCF_965286035.1"",""GCF_965286295.1"",""GCF_965286585.1"",""GCF_982267005.1""]"	root/1/1/1/1/1/1/1/0/1/0/1/1/1/0/1	"[""root/1/1/1/1/1/1/1/0/1/0/1/1/1/0/1""]"	"[{""node"":""root/1/1/1/1/1/1/1/0/1/0/1/1/1/0/1"",""length_coalescent_units"":0.2876820724517809}]"	0.6	0.4	0.0	3.0	2.0	0.0	0.6666666666666666	0.2520325203252032	0.08130081300813016	193	5.0
d8cbbd450cf1f2678106e8157b48bb5b29c4df81741acd20b2700609fb56199a	"[""GCF_009184845.1"",""GCF_042847315.1"",""GCF_054784775.1""]"	"[""GCF_000009425.1"",""GCF_000010145.1"",""GCF_000011045.1"",""GCF_000014385.1"",""GCF_000014425.1"",""GCF_000014445.1"",""GCF_000014505.1"",""GCF_000014545.1"",""GCF_000015385.1"",""GCF_000016825.1"",""GCF_000023085.1"",""GCF_000025045.1"",""GCF_000026405.1"",""GCF_000092505.1"",""GCF_000148815.2"",""GCF_000155515.2"",""GCF_000160835.1"",""GCF_000203855.3"",""GCF_000237995.1"",""GCF_000241055.1"",""GCF_000269925.1"",""GCF_000269945.1"",""GCF_000298875.1"",""GCF_000468955.1"",""GCF_000691805.2"",""GCF_001434365.1"",""GCF_001434705.1"",""GCF_001435245.1"",""GCF_001436135.1"",""GCF_001436905.1"",""GCF_001437055.1"",""GCF_001437425.1"",""GCF_001438705.1"",""GCF_001536305.1"",""GCF_001618285.1"",""GCF_001702215.1"",""GCF_001702235.1"",""GCF_001752505.1"",""GCF_001752515.1"",""GCF_001752545.1"",""GCF_001761545.1"",""GCF_001767275.1"",""GCF_001888925.1"",""GCF_001891125.1"",""GCF_001932615.1"",""GCF_001998805.1"",""GCF_002174215.1"",""GCF_002950695.1"",""GCF_002970915.1"",""GCF_002970935.1"",""GCF_003150935.1"",""GCF_003151025.1"",""GCF_003173695.1"",""GCF_003176835.1"",""GCF_003264795.1"",""GCF_003584685.1"",""GCF_003641185.1"",""GCF_003722275.1"",""GCF_003999355.1"",""GCF_004354645.1"",""GCF_004377635.1"",""GCF_005405405.1"",""GCF_005405465.1"",""GCF_007954605.1"",""GCF_007954785.1"",""GCF_008107645.1"",""GCF_008831485.1"",""GCF_009856565.1"",""GCF_009913655.1"",""GCF_009913995.1"",""GCF_009914015.1"",""GCF_009914035.1"",""GCF_010092385.1"",""GCF_011058775.1"",""GCF_011304355.1"",""GCF_013113695.1"",""GCF_013407595.1"",""GCF_014131735.1"",""GCF_014145545.1"",""GCF_014145555.1"",""GCF_014145615.1"",""GCF_014397255.1"",""GCF_014656585.1"",""GCF_014789145.1"",""GCF_016127255.1"",""GCF_016127815.1"",""GCF_016647595.1"",""GCF_016919665.1"",""GCF_017068355.1"",""GCF_017894345.1"",""GCF_018394055.1"",""GCF_018502505.1"",""GCF_019448175.1"",""GCF_019469265.1"",""GCF_019576155.1"",""GCF_019797825.1"",""GCF_020510245.1"",""GCF_020784695.1"",""GCF_020844005.1"",""GCF_021378055.1"",""GCF_023169905.1"",""GCF_023499275.1"",""GCF_023920145.1"",""GCF_024334065.1"",""GCF_024397795.1"",""GCF_024718545.1"",""GCF_025311495.1"",""GCF_025490915.1"",""GCF_025739325.1"",""GCF_025948295.1"",""GCF_026222675.1"",""GCF_028607025.1"",""GCF_028621815.1"",""GCF_028736235.1"",""GCF_029025825.1"",""GCF_029726355.1"",""GCF_029854335.1"",""GCF_029866985.1"",""GCF_030480545.1"",""GCF_030770265.1"",""GCF_030770295.1"",""GCF_030770335.1"",""GCF_032762665.1"",""GCF_033142085.1"",""GCF_033570435.1"",""GCF_034703025.1"",""GCF_035985965.1"",""GCF_036246165.1"",""GCF_036246185.1"",""GCF_036246225.1"",""GCF_036327715.1"",""GCF_037290055.1"",""GCF_037891785.1"",""GCF_037892375.1"",""GCF_038049945.1"",""GCF_039645515.1"",""GCF_039645575.1"",""GCF_039783225.1"",""GCF_039783785.1"",""GCF_039955095.1"",""GCF_041225485.1"",""GCF_041225605.1"",""GCF_041281755.1"",""GCF_041509385.1"",""GCF_041514285.1"",""GCF_041514295.1"",""GCF_041893975.1"",""GCF_042997415.1"",""GCF_045760565.1"",""GCF_045801155.1"",""GCF_045862825.1"",""GCF_046109915.1"",""GCF_047344935.1"",""GCF_050407965.1"",""GCF_050847345.1"",""GCF_051098045.1"",""GCF_052569745.1"",""GCF_052570115.1"",""GCF_052571685.1"",""GCF_054073565.1"",""GCF_054331775.1"",""GCF_054452875.2"",""GCF_054785075.1"",""GCF_055180435.1"",""GCF_055502585.1"",""GCF_055755075.1"",""GCF_056269605.1"",""GCF_056676095.1"",""GCF_057786735.1"",""GCF_058111805.1"",""GCF_059089415.1"",""GCF_060305805.1"",""GCF_060307215.1"",""GCF_900016205.1"",""GCF_900094835.1"",""GCF_900240275.1"",""GCF_900519455.1"",""GCF_900519475.1"",""GCF_900636965.1"",""GCF_903885985.1"",""GCF_903886345.1"",""GCF_903886475.1"",""GCF_903891025.1"",""GCF_903891205.1"",""GCF_947539375.1"",""GCF_963243495.1"",""GCF_963281025.1"",""GCF_964063315.1"",""GCF_965136965.1"",""GCF_965286035.1"",""GCF_965286295.1"",""GCF_965286585.1"",""GCF_982267005.1""]"	root/1/1/1/1/1/1/1/0/1/0/1/1/1/0	"[""root/1/1/1/1/1/1/1/0/1/0/1/1/1/0""]"	"[{""node"":""root/1/1/1/1/1/1/1/0/1/0/1/1/1/0"",""length_coalescent_units"":0.9808292530117262}]"	0.9	0.1	0.0	4.5	0.5	0.0	0.9778726396298347	0.012256555406443766	0.009870804963721409	2244	5.0
58ee8ed03808ca4c43f64b1a2b38b94a9d6610197a6fda95920f0857a23f0db9	"[""GCF_009856565.1"",""GCF_020844005.1"",""GCF_024334065.1"",""GCF_025739325.1"",""GCF_025948295.1"",""GCF_029866985.1"",""GCF_038049945.1"",""GCF_039783225.1"",""GCF_039783785.1"",""GCF_041509385.1"",""GCF_041514285.1"",""GCF_041514295.1"",""GCF_041893975.1"",""GCF_052569745.1"",""GCF_052570115.1"",""GCF_052571685.1"",""GCF_056269605.1"",""GCF_057786735.1"",""GCF_903885985.1"",""GCF_903886345.1"",""GCF_903886475.1"",""GCF_903891025.1"",""GCF_903891205.1""]"	"[""GCF_000009425.1"",""GCF_000010145.1"",""GCF_000011045.1"",""GCF_000014385.1"",""GCF_000014425.1"",""GCF_000014445.1"",""GCF_000014505.1"",""GCF_000014545.1"",""GCF_000015385.1"",""GCF_000016825.1"",""GCF_000023085.1"",""GCF_000025045.1"",""GCF_000026405.1"",""GCF_000092505.1"",""GCF_000148815.2"",""GCF_000155515.2"",""GCF_000160835.1"",""GCF_000203855.3"",""GCF_000237995.1"",""GCF_000241055.1"",""GCF_000269925.1"",""GCF_000269945.1"",""GCF_000298875.1"",""GCF_000468955.1"",""GCF_000691805.2"",""GCF_001434365.1"",""GCF_001434705.1"",""GCF_001435245.1"",""GCF_001436135.1"",""GCF_001436905.1"",""GCF_001437055.1"",""GCF_001437425.1"",""GCF_001438705.1"",""GCF_001536305.1"",""GCF_001618285.1"",""GCF_001702215.1"",""GCF_001702235.1"",""GCF_001752505.1"",""GCF_001752515.1"",""GCF_001752545.1"",""GCF_001761545.1"",""GCF_001767275.1"",""GCF_001888925.1"",""GCF_001891125.1"",""GCF_001932615.1"",""GCF_001998805.1"",""GCF_002174215.1"",""GCF_002950695.1"",""GCF_002970915.1"",""GCF_002970935.1"",""GCF_003150935.1"",""GCF_003151025.1"",""GCF_003173695.1"",""GCF_003176835.1"",""GCF_003264795.1"",""GCF_003584685.1"",""GCF_003641185.1"",""GCF_003722275.1"",""GCF_003999355.1"",""GCF_004354645.1"",""GCF_004377635.1"",""GCF_005405405.1"",""GCF_005405465.1"",""GCF_007954605.1"",""GCF_007954785.1"",""GCF_008107645.1"",""GCF_008831485.1"",""GCF_009184845.1"",""GCF_009913655.1"",""GCF_009913995.1"",""GCF_009914015.1"",""GCF_009914035.1"",""GCF_010092385.1"",""GCF_011058775.1"",""GCF_011304355.1"",""GCF_013113695.1"",""GCF_013407595.1"",""GCF_014131735.1"",""GCF_014145545.1"",""GCF_014145555.1"",""GCF_014145615.1"",""GCF_014397255.1"",""GCF_014656585.1"",""GCF_014789145.1"",""GCF_016127255.1"",""GCF_016127815.1"",""GCF_016647595.1"",""GCF_016919665.1"",""GCF_017068355.1"",""GCF_017894345.1"",""GCF_018394055.1"",""GCF_018502505.1"",""GCF_019448175.1"",""GCF_019469265.1"",""GCF_019576155.1"",""GCF_019797825.1"",""GCF_020510245.1"",""GCF_020784695.1"",""GCF_021378055.1"",""GCF_023169905.1"",""GCF_023499275.1"",""GCF_023920145.1"",""GCF_024397795.1"",""GCF_024718545.1"",""GCF_025311495.1"",""GCF_025490915.1"",""GCF_026222675.1"",""GCF_028607025.1"",""GCF_028621815.1"",""GCF_028736235.1"",""GCF_029025825.1"",""GCF_029726355.1"",""GCF_029854335.1"",""GCF_030480545.1"",""GCF_030770265.1"",""GCF_030770295.1"",""GCF_030770335.1"",""GCF_032762665.1"",""GCF_033142085.1"",""GCF_033570435.1"",""GCF_034703025.1"",""GCF_035985965.1"",""GCF_036246165.1"",""GCF_036246185.1"",""GCF_036246225.1"",""GCF_036327715.1"",""GCF_037290055.1"",""GCF_037891785.1"",""GCF_037892375.1"",""GCF_039645515.1"",""GCF_039645575.1"",""GCF_039955095.1"",""GCF_041225485.1"",""GCF_041225605.1"",""GCF_041281755.1"",""GCF_042847315.1"",""GCF_042997415.1"",""GCF_045760565.1"",""GCF_045801155.1"",""GCF_045862825.1"",""GCF_046109915.1"",""GCF_047344935.1"",""GCF_050407965.1"",""GCF_050847345.1"",""GCF_051098045.1"",""GCF_054073565.1"",""GCF_054331775.1"",""GCF_054452875.2"",""GCF_054784775.1"",""GCF_054785075.1"",""GCF_055180435.1"",""GCF_055502585.1"",""GCF_055755075.1"",""GCF_056676095.1"",""GCF_058111805.1"",""GCF_059089415.1"",""GCF_060305805.1"",""GCF_060307215.1"",""GCF_900016205.1"",""GCF_900094835.1"",""GCF_900240275.1"",""GCF_900519455.1"",""GCF_900519475.1"",""GCF_900636965.1"",""GCF_947539375.1"",""GCF_963243495.1"",""GCF_963281025.1"",""GCF_964063315.1"",""GCF_965136965.1"",""GCF_965286035.1"",""GCF_965286295.1"",""GCF_965286585.1"",""GCF_982267005.1""]"	root/1/1/1/1/1/1/1/1	"[""root/1/1/1/1/1/1/1/1""]"	"[{""node"":""root/1/1/1/1/1/1/1/1"",""length_coalescent_units"":1.3862943611198908}]"	1.0	0.0	0.0	5.0	0.0	0.0	0.9945355191256833	0.002732240437158474	0.002732240437158474	144900	5.0
6da21e16ef51c5df1a7f07bf953ab21a89d31289bc9f15a3266730a7453c1dcd	"[""GCF_009856565.1"",""GCF_020844005.1"",""GCF_024334065.1"",""GCF_025739325.1"",""GCF_025948295.1"",""GCF_029866985.1"",""GCF_038049945.1"",""GCF_039783225.1"",""GCF_039783785.1"",""GCF_041509385.1"",""GCF_041514285.1"",""GCF_041514295.1"",""GCF_041893975.1"",""GCF_052569745.1"",""GCF_052570115.1"",""GCF_052571685.1"",""GCF_056269605.1"",""GCF_057786735.1"",""GCF_903886475.1"",""GCF_903891025.1"",""GCF_903891205.1""]"	"[""GCF_000009425.1"",""GCF_000010145.1"",""GCF_000011045.1"",""GCF_000014385.1"",""GCF_000014425.1"",""GCF_000014445.1"",""GCF_000014505.1"",""GCF_000014545.1"",""GCF_000015385.1"",""GCF_000016825.1"",""GCF_000023085.1"",""GCF_000025045.1"",""GCF_000026405.1"",""GCF_000092505.1"",""GCF_000148815.2"",""GCF_000155515.2"",""GCF_000160835.1"",""GCF_000203855.3"",""GCF_000237995.1"",""GCF_000241055.1"",""GCF_000269925.1"",""GCF_000269945.1"",""GCF_000298875.1"",""GCF_000468955.1"",""GCF_000691805.2"",""GCF_001434365.1"",""GCF_001434705.1"",""GCF_001435245.1"",""GCF_001436135.1"",""GCF_001436905.1"",""GCF_001437055.1"",""GCF_001437425.1"",""GCF_001438705.1"",""GCF_001536305.1"",""GCF_001618285.1"",""GCF_001702215.1"",""GCF_001702235.1"",""GCF_001752505.1"",""GCF_001752515.1"",""GCF_001752545.1"",""GCF_001761545.1"",""GCF_001767275.1"",""GCF_001888925.1"",""GCF_001891125.1"",""GCF_001932615.1"",""GCF_001998805.1"",""GCF_002174215.1"",""GCF_002950695.1"",""GCF_002970915.1"",""GCF_002970935.1"",""GCF_003150935.1"",""GCF_003151025.1"",""GCF_003173695.1"",""GCF_003176835.1"",""GCF_003264795.1"",""GCF_003584685.1"",""GCF_003641185.1"",""GCF_003722275.1"",""GCF_003999355.1"",""GCF_004354645.1"",""GCF_004377635.1"",""GCF_005405405.1"",""GCF_005405465.1"",""GCF_007954605.1"",""GCF_007954785.1"",""GCF_008107645.1"",""GCF_008831485.1"",""GCF_009184845.1"",""GCF_009913655.1"",""GCF_009913995.1"",""GCF_009914015.1"",""GCF_009914035.1"",""GCF_010092385.1"",""GCF_011058775.1"",""GCF_011304355.1"",""GCF_013113695.1"",""GCF_013407595.1"",""GCF_014131735.1"",""GCF_014145545.1"",""GCF_014145555.1"",""GCF_014145615.1"",""GCF_014397255.1"",""GCF_014656585.1"",""GCF_014789145.1"",""GCF_016127255.1"",""GCF_016127815.1"",""GCF_016647595.1"",""GCF_016919665.1"",""GCF_017068355.1"",""GCF_017894345.1"",""GCF_018394055.1"",""GCF_018502505.1"",""GCF_019448175.1"",""GCF_019469265.1"",""GCF_019576155.1"",""GCF_019797825.1"",""GCF_020510245.1"",""GCF_020784695.1"",""GCF_021378055.1"",""GCF_023169905.1"",""GCF_023499275.1"",""GCF_023920145.1"",""GCF_024397795.1"",""GCF_024718545.1"",""GCF_025311495.1"",""GCF_025490915.1"",""GCF_026222675.1"",""GCF_028607025.1"",""GCF_028621815.1"",""GCF_028736235.1"",""GCF_029025825.1"",""GCF_029726355.1"",""GCF_029854335.1"",""GCF_030480545.1"",""GCF_030770265.1"",""GCF_030770295.1"",""GCF_030770335.1"",""GCF_032762665.1"",""GCF_033142085.1"",""GCF_033570435.1"",""GCF_034703025.1"",""GCF_035985965.1"",""GCF_036246165.1"",""GCF_036246185.1"",""GCF_036246225.1"",""GCF_036327715.1"",""GCF_037290055.1"",""GCF_037891785.1"",""GCF_037892375.1"",""GCF_039645515.1"",""GCF_039645575.1"",""GCF_039955095.1"",""GCF_041225485.1"",""GCF_041225605.1"",""GCF_041281755.1"",""GCF_042847315.1"",""GCF_042997415.1"",""GCF_045760565.1"",""GCF_045801155.1"",""GCF_045862825.1"",""GCF_046109915.1"",""GCF_047344935.1"",""GCF_050407965.1"",""GCF_050847345.1"",""GCF_051098045.1"",""GCF_054073565.1"",""GCF_054331775.1"",""GCF_054452875.2"",""GCF_054784775.1"",""GCF_054785075.1"",""GCF_055180435.1"",""GCF_055502585.1"",""GCF_055755075.1"",""GCF_056676095.1"",""GCF_058111805.1"",""GCF_059089415.1"",""GCF_060305805.1"",""GCF_060307215.1"",""GCF_900016205.1"",""GCF_900094835.1"",""GCF_900240275.1"",""GCF_900519455.1"",""GCF_900519475.1"",""GCF_900636965.1"",""GCF_903885985.1"",""GCF_903886345.1"",""GCF_947539375.1"",""GCF_963243495.1"",""GCF_963281025.1"",""GCF_964063315.1"",""GCF_965136965.1"",""GCF_965286035.1"",""GCF_965286295.1"",""GCF_965286585.1"",""GCF_982267005.1""]"	root/1/1/1/1/1/1/1/1/0	"[""root/1/1/1/1/1/1/1/1/0""]"	"[{""node"":""root/1/1/1/1/1/1/1/1/0"",""length_coalescent_units"":0.1767813764183392}]"	0.5296296296296296	0.24629629629629632	0.22407407407407404	2.648148148148148	1.2314814814814816	1.1203703703703702	0.6112307736607987	0.2006979866351586	0.18807123970404271	18684	5.0
6085df345d8b050b90a038c16724679f114805de5ea613c1bcec047e8a64d986	"[""GCF_009856565.1"",""GCF_020844005.1"",""GCF_024334065.1"",""GCF_025948295.1"",""GCF_029866985.1"",""GCF_038049945.1"",""GCF_039783225.1"",""GCF_041509385.1"",""GCF_041514285.1"",""GCF_041514295.1"",""GCF_041893975.1"",""GCF_052569745.1"",""GCF_052570115.1"",""GCF_052571685.1"",""GCF_056269605.1"",""GCF_057786735.1"",""GCF_903891025.1"",""GCF_903891205.1""]"	"[""GCF_000009425.1"",""GCF_000010145.1"",""GCF_000011045.1"",""GCF_000014385.1"",""GCF_000014425.1"",""GCF_000014445.1"",""GCF_000014505.1"",""GCF_000014545.1"",""GCF_000015385.1"",""GCF_000016825.1"",""GCF_000023085.1"",""GCF_000025045.1"",""GCF_000026405.1"",""GCF_000092505.1"",""GCF_000148815.2"",""GCF_000155515.2"",""GCF_000160835.1"",""GCF_000203855.3"",""GCF_000237995.1"",""GCF_000241055.1"",""GCF_000269925.1"",""GCF_000269945.1"",""GCF_000298875.1"",""GCF_000468955.1"",""GCF_000691805.2"",""GCF_001434365.1"",""GCF_001434705.1"",""GCF_001435245.1"",""GCF_001436135.1"",""GCF_001436905.1"",""GCF_001437055.1"",""GCF_001437425.1"",""GCF_001438705.1"",""GCF_001536305.1"",""GCF_001618285.1"",""GCF_001702215.1"",""GCF_001702235.1"",""GCF_001752505.1"",""GCF_001752515.1"",""GCF_001752545.1"",""GCF_001761545.1"",""GCF_001767275.1"",""GCF_001888925.1"",""GCF_001891125.1"",""GCF_001932615.1"",""GCF_001998805.1"",""GCF_002174215.1"",""GCF_002950695.1"",""GCF_002970915.1"",""GCF_002970935.1"",""GCF_003150935.1"",""GCF_003151025.1"",""GCF_003173695.1"",""GCF_003176835.1"",""GCF_003264795.1"",""GCF_003584685.1"",""GCF_003641185.1"",""GCF_003722275.1"",""GCF_003999355.1"",""GCF_004354645.1"",""GCF_004377635.1"",""GCF_005405405.1"",""GCF_005405465.1"",""GCF_007954605.1"",""GCF_007954785.1"",""GCF_008107645.1"",""GCF_008831485.1"",""GCF_009184845.1"",""GCF_009913655.1"",""GCF_009913995.1"",""GCF_009914015.1"",""GCF_009914035.1"",""GCF_010092385.1"",""GCF_011058775.1"",""GCF_011304355.1"",""GCF_013113695.1"",""GCF_013407595.1"",""GCF_014131735.1"",""GCF_014145545.1"",""GCF_014145555.1"",""GCF_014145615.1"",""GCF_014397255.1"",""GCF_014656585.1"",""GCF_014789145.1"",""GCF_016127255.1"",""GCF_016127815.1"",""GCF_016647595.1"",""GCF_016919665.1"",""GCF_017068355.1"",""GCF_017894345.1"",""GCF_018394055.1"",""GCF_018502505.1"",""GCF_019448175.1"",""GCF_019469265.1"",""GCF_019576155.1"",""GCF_019797825.1"",""GCF_020510245.1"",""GCF_020784695.1"",""GCF_021378055.1"",""GCF_023169905.1"",""GCF_023499275.1"",""GCF_023920145.1"",""GCF_024397795.1"",""GCF_024718545.1"",""GCF_025311495.1"",""GCF_025490915.1"",""GCF_025739325.1"",""GCF_026222675.1"",""GCF_028607025.1"",""GCF_028621815.1"",""GCF_028736235.1"",""GCF_029025825.1"",""GCF_029726355.1"",""GCF_029854335.1"",""GCF_030480545.1"",""GCF_030770265.1"",""GCF_030770295.1"",""GCF_030770335.1"",""GCF_032762665.1"",""GCF_033142085.1"",""GCF_033570435.1"",""GCF_034703025.1"",""GCF_035985965.1"",""GCF_036246165.1"",""GCF_036246185.1"",""GCF_036246225.1"",""GCF_036327715.1"",""GCF_037290055.1"",""GCF_037891785.1"",""GCF_037892375.1"",""GCF_039645515.1"",""GCF_039645575.1"",""GCF_039783785.1"",""GCF_039955095.1"",""GCF_041225485.1"",""GCF_041225605.1"",""GCF_041281755.1"",""GCF_042847315.1"",""GCF_042997415.1"",""GCF_045760565.1"",""GCF_045801155.1"",""GCF_045862825.1"",""GCF_046109915.1"",""GCF_047344935.1"",""GCF_050407965.1"",""GCF_050847345.1"",""GCF_051098045.1"",""GCF_054073565.1"",""GCF_054331775.1"",""GCF_054452875.2"",""GCF_054784775.1"",""GCF_054785075.1"",""GCF_055180435.1"",""GCF_055502585.1"",""GCF_055755075.1"",""GCF_056676095.1"",""GCF_058111805.1"",""GCF_059089415.1"",""GCF_060305805.1"",""GCF_060307215.1"",""GCF_900016205.1"",""GCF_900094835.1"",""GCF_900240275.1"",""GCF_900519455.1"",""GCF_900519475.1"",""GCF_900636965.1"",""GCF_903885985.1"",""GCF_903886345.1"",""GCF_903886475.1"",""GCF_947539375.1"",""GCF_963243495.1"",""GCF_963281025.1"",""GCF_964063315.1"",""GCF_965136965.1"",""GCF_965286035.1"",""GCF_965286295.1"",""GCF_965286585.1"",""GCF_982267005.1""]"	root/1/1/1/1/1/1/1/1/0/1	"[""root/1/1/1/1/1/1/1/1/0/1""]"	"[{""node"":""root/1/1/1/1/1/1/1/1/0/1"",""length_coalescent_units"":0.020303943410297582}]"	0.4160793650793651	0.31423280423280425	0.26968783068783064	2.0803968253968255	1.5711640211640212	1.3484391534391533	0.43892020095840045	0.30072463935977334	0.2603551596818262	37800	5.0
8b9b9ad9ae8b26bef0182097d40d34e83c8e7c5337a7b1af6e7b5c56abd60153	"[""GCF_009856565.1"",""GCF_025948295.1"",""GCF_041509385.1"",""GCF_041514285.1"",""GCF_041514295.1"",""GCF_041893975.1""]"	"[""GCF_000009425.1"",""GCF_000010145.1"",""GCF_000011045.1"",""GCF_000014385.1"",""GCF_000014425.1"",""GCF_000014445.1"",""GCF_000014505.1"",""GCF_000014545.1"",""GCF_000015385.1"",""GCF_000016825.1"",""GCF_000023085.1"",""GCF_000025045.1"",""GCF_000026405.1"",""GCF_000092505.1"",""GCF_000148815.2"",""GCF_000155515.2"",""GCF_000160835.1"",""GCF_000203855.3"",""GCF_000237995.1"",""GCF_000241055.1"",""GCF_000269925.1"",""GCF_000269945.1"",""GCF_000298875.1"",""GCF_000468955.1"",""GCF_000691805.2"",""GCF_001434365.1"",""GCF_001434705.1"",""GCF_001435245.1"",""GCF_001436135.1"",""GCF_001436905.1"",""GCF_001437055.1"",""GCF_001437425.1"",""GCF_001438705.1"",""GCF_001536305.1"",""GCF_001618285.1"",""GCF_001702215.1"",""GCF_001702235.1"",""GCF_001752505.1"",""GCF_001752515.1"",""GCF_001752545.1"",""GCF_001761545.1"",""GCF_001767275.1"",""GCF_001888925.1"",""GCF_001891125.1"",""GCF_001932615.1"",""GCF_001998805.1"",""GCF_002174215.1"",""GCF_002950695.1"",""GCF_002970915.1"",""GCF_002970935.1"",""GCF_003150935.1"",""GCF_003151025.1"",""GCF_003173695.1"",""GCF_003176835.1"",""GCF_003264795.1"",""GCF_003584685.1"",""GCF_003641185.1"",""GCF_003722275.1"",""GCF_003999355.1"",""GCF_004354645.1"",""GCF_004377635.1"",""GCF_005405405.1"",""GCF_005405465.1"",""GCF_007954605.1"",""GCF_007954785.1"",""GCF_008107645.1"",""GCF_008831485.1"",""GCF_009184845.1"",""GCF_009913655.1"",""GCF_009913995.1"",""GCF_009914015.1"",""GCF_009914035.1"",""GCF_010092385.1"",""GCF_011058775.1"",""GCF_011304355.1"",""GCF_013113695.1"",""GCF_013407595.1"",""GCF_014131735.1"",""GCF_014145545.1"",""GCF_014145555.1"",""GCF_014145615.1"",""GCF_014397255.1"",""GCF_014656585.1"",""GCF_014789145.1"",""GCF_016127255.1"",""GCF_016127815.1"",""GCF_016647595.1"",""GCF_016919665.1"",""GCF_017068355.1"",""GCF_017894345.1"",""GCF_018394055.1"",""GCF_018502505.1"",""GCF_019448175.1"",""GCF_019469265.1"",""GCF_019576155.1"",""GCF_019797825.1"",""GCF_020510245.1"",""GCF_020784695.1"",""GCF_020844005.1"",""GCF_021378055.1"",""GCF_023169905.1"",""GCF_023499275.1"",""GCF_023920145.1"",""GCF_024334065.1"",""GCF_024397795.1"",""GCF_024718545.1"",""GCF_025311495.1"",""GCF_025490915.1"",""GCF_025739325.1"",""GCF_026222675.1"",""GCF_028607025.1"",""GCF_028621815.1"",""GCF_028736235.1"",""GCF_029025825.1"",""GCF_029726355.1"",""GCF_029854335.1"",""GCF_029866985.1"",""GCF_030480545.1"",""GCF_030770265.1"",""GCF_030770295.1"",""GCF_030770335.1"",""GCF_032762665.1"",""GCF_033142085.1"",""GCF_033570435.1"",""GCF_034703025.1"",""GCF_035985965.1"",""GCF_036246165.1"",""GCF_036246185.1"",""GCF_036246225.1"",""GCF_036327715.1"",""GCF_037290055.1"",""GCF_037891785.1"",""GCF_037892375.1"",""GCF_038049945.1"",""GCF_039645515.1"",""GCF_039645575.1"",""GCF_039783225.1"",""GCF_039783785.1"",""GCF_039955095.1"",""GCF_041225485.1"",""GCF_041225605.1"",""GCF_041281755.1"",""GCF_042847315.1"",""GCF_042997415.1"",""GCF_045760565.1"",""GCF_045801155.1"",""GCF_045862825.1"",""GCF_046109915.1"",""GCF_047344935.1"",""GCF_050407965.1"",""GCF_050847345.1"",""GCF_051098045.1"",""GCF_052569745.1"",""GCF_052570115.1"",""GCF_052571685.1"",""GCF_054073565.1"",""GCF_054331775.1"",""GCF_054452875.2"",""GCF_054784775.1"",""GCF_054785075.1"",""GCF_055180435.1"",""GCF_055502585.1"",""GCF_055755075.1"",""GCF_056269605.1"",""GCF_056676095.1"",""GCF_057786735.1"",""GCF_058111805.1"",""GCF_059089415.1"",""GCF_060305805.1"",""GCF_060307215.1"",""GCF_900016205.1"",""GCF_900094835.1"",""GCF_900240275.1"",""GCF_900519455.1"",""GCF_900519475.1"",""GCF_900636965.1"",""GCF_903885985.1"",""GCF_903886345.1"",""GCF_903886475.1"",""GCF_903891025.1"",""GCF_903891205.1"",""GCF_947539375.1"",""GCF_963243495.1"",""GCF_963281025.1"",""GCF_964063315.1"",""GCF_965136965.1"",""GCF_965286035.1"",""GCF_965286295.1"",""GCF_965286585.1"",""GCF_982267005.1""]"	root/1/1/1/1/1/1/1/1/0/1/0	"[""root/1/1/1/1/1/1/1/1/0/1/0""]"	"[{""node"":""root/1/1/1/1/1/1/1/1/0/1/0"",""length_coalescent_units"":0.058563895448683484}]"	0.4455056179775281	0.2331631513240029	0.321331230698469	2.2275280898876404	1.1658157566200145	1.606656153492345	0.4785346584788798	0.22470586195403017	0.29675947956709003	10680	5.0
708e4d1c2ad53489a2c38cb3c06bc5f6f829245709915c1fa7d2410e950d99f5	"[""GCF_009856565.1"",""GCF_041509385.1""]"	"[""GCF_000009425.1"",""GCF_000010145.1"",""GCF_000011045.1"",""GCF_000014385.1"",""GCF_000014425.1"",""GCF_000014445.1"",""GCF_000014505.1"",""GCF_000014545.1"",""GCF_000015385.1"",""GCF_000016825.1"",""GCF_000023085.1"",""GCF_000025045.1"",""GCF_000026405.1"",""GCF_000092505.1"",""GCF_000148815.2"",""GCF_000155515.2"",""GCF_000160835.1"",""GCF_000203855.3"",""GCF_000237995.1"",""GCF_000241055.1"",""GCF_000269925.1"",""GCF_000269945.1"",""GCF_000298875.1"",""GCF_000468955.1"",""GCF_000691805.2"",""GCF_001434365.1"",""GCF_001434705.1"",""GCF_001435245.1"",""GCF_001436135.1"",""GCF_001436905.1"",""GCF_001437055.1"",""GCF_001437425.1"",""GCF_001438705.1"",""GCF_001536305.1"",""GCF_001618285.1"",""GCF_001702215.1"",""GCF_001702235.1"",""GCF_001752505.1"",""GCF_001752515.1"",""GCF_001752545.1"",""GCF_001761545.1"",""GCF_001767275.1"",""GCF_001888925.1"",""GCF_001891125.1"",""GCF_001932615.1"",""GCF_001998805.1"",""GCF_002174215.1"",""GCF_002950695.1"",""GCF_002970915.1"",""GCF_002970935.1"",""GCF_003150935.1"",""GCF_003151025.1"",""GCF_003173695.1"",""GCF_003176835.1"",""GCF_003264795.1"",""GCF_003584685.1"",""GCF_003641185.1"",""GCF_003722275.1"",""GCF_003999355.1"",""GCF_004354645.1"",""GCF_004377635.1"",""GCF_005405405.1"",""GCF_005405465.1"",""GCF_007954605.1"",""GCF_007954785.1"",""GCF_008107645.1"",""GCF_008831485.1"",""GCF_009184845.1"",""GCF_009913655.1"",""GCF_009913995.1"",""GCF_009914015.1"",""GCF_009914035.1"",""GCF_010092385.1"",""GCF_011058775.1"",""GCF_011304355.1"",""GCF_013113695.1"",""GCF_013407595.1"",""GCF_014131735.1"",""GCF_014145545.1"",""GCF_014145555.1"",""GCF_014145615.1"",""GCF_014397255.1"",""GCF_014656585.1"",""GCF_014789145.1"",""GCF_016127255.1"",""GCF_016127815.1"",""GCF_016647595.1"",""GCF_016919665.1"",""GCF_017068355.1"",""GCF_017894345.1"",""GCF_018394055.1"",""GCF_018502505.1"",""GCF_019448175.1"",""GCF_019469265.1"",""GCF_019576155.1"",""GCF_019797825.1"",""GCF_020510245.1"",""GCF_020784695.1"",""GCF_020844005.1"",""GCF_021378055.1"",""GCF_023169905.1"",""GCF_023499275.1"",""GCF_023920145.1"",""GCF_024334065.1"",""GCF_024397795.1"",""GCF_024718545.1"",""GCF_025311495.1"",""GCF_025490915.1"",""GCF_025739325.1"",""GCF_025948295.1"",""GCF_026222675.1"",""GCF_028607025.1"",""GCF_028621815.1"",""GCF_028736235.1"",""GCF_029025825.1"",""GCF_029726355.1"",""GCF_029854335.1"",""GCF_029866985.1"",""GCF_030480545.1"",""GCF_030770265.1"",""GCF_030770295.1"",""GCF_030770335.1"",""GCF_032762665.1"",""GCF_033142085.1"",""GCF_033570435.1"",""GCF_034703025.1"",""GCF_035985965.1"",""GCF_036246165.1"",""GCF_036246185.1"",""GCF_036246225.1"",""GCF_036327715.1"",""GCF_037290055.1"",""GCF_037891785.1"",""GCF_037892375.1"",""GCF_038049945.1"",""GCF_039645515.1"",""GCF_039645575.1"",""GCF_039783225.1"",""GCF_039783785.1"",""GCF_039955095.1"",""GCF_041225485.1"",""GCF_041225605.1"",""GCF_041281755.1"",""GCF_041514285.1"",""GCF_041514295.1"",""GCF_041893975.1"",""GCF_042847315.1"",""GCF_042997415.1"",""GCF_045760565.1"",""GCF_045801155.1"",""GCF_045862825.1"",""GCF_046109915.1"",""GCF_047344935.1"",""GCF_050407965.1"",""GCF_050847345.1"",""GCF_051098045.1"",""GCF_052569745.1"",""GCF_052570115.1"",""GCF_052571685.1"",""GCF_054073565.1"",""GCF_054331775.1"",""GCF_054452875.2"",""GCF_054784775.1"",""GCF_054785075.1"",""GCF_055180435.1"",""GCF_055502585.1"",""GCF_055755075.1"",""GCF_056269605.1"",""GCF_056676095.1"",""GCF_057786735.1"",""GCF_058111805.1"",""GCF_059089415.1"",""GCF_060305805.1"",""GCF_060307215.1"",""GCF_900016205.1"",""GCF_900094835.1"",""GCF_900240275.1"",""GCF_900519455.1"",""GCF_900519475.1"",""GCF_900636965.1"",""GCF_903885985.1"",""GCF_903886345.1"",""GCF_903886475.1"",""GCF_903891025.1"",""GCF_903891205.1"",""GCF_947539375.1"",""GCF_963243495.1"",""GCF_963281025.1"",""GCF_964063315.1"",""GCF_965136965.1"",""GCF_965286035.1"",""GCF_965286295.1"",""GCF_965286585.1"",""GCF_982267005.1""]"	root/1/1/1/1/1/1/1/1/0/1/0/1/1/1/1	"[""root/1/1/1/1/1/1/1/1/0/1/0/1/1/1/1""]"	"[{""node"":""root/1/1/1/1/1/1/1/1/0/1/0/1/1/1/1"",""length_coalescent_units"":0.27737270279291965}]"	0.5937823834196891	0.019689119170984454	0.38652849740932643	2.9689119170984455	0.09844559585492227	1.932642487046632	0.6650332677001709	0.08756419056100394	0.24740254173882528	193	5.0
b39fc9a538a55ec97c4b6beca7790d413b1dd6af8092e9376c6e84cd89734f82	"[""GCF_009856565.1"",""GCF_041509385.1"",""GCF_041514285.1"",""GCF_041514295.1""]"	"[""GCF_000009425.1"",""GCF_000010145.1"",""GCF_000011045.1"",""GCF_000014385.1"",""GCF_000014425.1"",""GCF_000014445.1"",""GCF_000014505.1"",""GCF_000014545.1"",""GCF_000015385.1"",""GCF_000016825.1"",""GCF_000023085.1"",""GCF_000025045.1"",""GCF_000026405.1"",""GCF_000092505.1"",""GCF_000148815.2"",""GCF_000155515.2"",""GCF_000160835.1"",""GCF_000203855.3"",""GCF_000237995.1"",""GCF_000241055.1"",""GCF_000269925.1"",""GCF_000269945.1"",""GCF_000298875.1"",""GCF_000468955.1"",""GCF_000691805.2"",""GCF_001434365.1"",""GCF_001434705.1"",""GCF_001435245.1"",""GCF_001436135.1"",""GCF_001436905.1"",""GCF_001437055.1"",""GCF_001437425.1"",""GCF_001438705.1"",""GCF_001536305.1"",""GCF_001618285.1"",""GCF_001702215.1"",""GCF_001702235.1"",""GCF_001752505.1"",""GCF_001752515.1"",""GCF_001752545.1"",""GCF_001761545.1"",""GCF_001767275.1"",""GCF_001888925.1"",""GCF_001891125.1"",""GCF_001932615.1"",""GCF_001998805.1"",""GCF_002174215.1"",""GCF_002950695.1"",""GCF_002970915.1"",""GCF_002970935.1"",""GCF_003150935.1"",""GCF_003151025.1"",""GCF_003173695.1"",""GCF_003176835.1"",""GCF_003264795.1"",""GCF_003584685.1"",""GCF_003641185.1"",""GCF_003722275.1"",""GCF_003999355.1"",""GCF_004354645.1"",""GCF_004377635.1"",""GCF_005405405.1"",""GCF_005405465.1"",""GCF_007954605.1"",""GCF_007954785.1"",""GCF_008107645.1"",""GCF_008831485.1"",""GCF_009184845.1"",""GCF_009913655.1"",""GCF_009913995.1"",""GCF_009914015.1"",""GCF_009914035.1"",""GCF_010092385.1"",""GCF_011058775.1"",""GCF_011304355.1"",""GCF_013113695.1"",""GCF_013407595.1"",""GCF_014131735.1"",""GCF_014145545.1"",""GCF_014145555.1"",""GCF_014145615.1"",""GCF_014397255.1"",""GCF_014656585.1"",""GCF_014789145.1"",""GCF_016127255.1"",""GCF_016127815.1"",""GCF_016647595.1"",""GCF_016919665.1"",""GCF_017068355.1"",""GCF_017894345.1"",""GCF_018394055.1"",""GCF_018502505.1"",""GCF_019448175.1"",""GCF_019469265.1"",""GCF_019576155.1"",""GCF_019797825.1"",""GCF_020510245.1"",""GCF_020784695.1"",""GCF_020844005.1"",""GCF_021378055.1"",""GCF_023169905.1"",""GCF_023499275.1"",""GCF_023920145.1"",""GCF_024334065.1"",""GCF_024397795.1"",""GCF_024718545.1"",""GCF_025311495.1"",""GCF_025490915.1"",""GCF_025739325.1"",""GCF_025948295.1"",""GCF_026222675.1"",""GCF_028607025.1"",""GCF_028621815.1"",""GCF_028736235.1"",""GCF_029025825.1"",""GCF_029726355.1"",""GCF_029854335.1"",""GCF_029866985.1"",""GCF_030480545.1"",""GCF_030770265.1"",""GCF_030770295.1"",""GCF_030770335.1"",""GCF_032762665.1"",""GCF_033142085.1"",""GCF_033570435.1"",""GCF_034703025.1"",""GCF_035985965.1"",""GCF_036246165.1"",""GCF_036246185.1"",""GCF_036246225.1"",""GCF_036327715.1"",""GCF_037290055.1"",""GCF_037891785.1"",""GCF_037892375.1"",""GCF_038049945.1"",""GCF_039645515.1"",""GCF_039645575.1"",""GCF_039783225.1"",""GCF_039783785.1"",""GCF_039955095.1"",""GCF_041225485.1"",""GCF_041225605.1"",""GCF_041281755.1"",""GCF_041893975.1"",""GCF_042847315.1"",""GCF_042997415.1"",""GCF_045760565.1"",""GCF_045801155.1"",""GCF_045862825.1"",""GCF_046109915.1"",""GCF_047344935.1"",""GCF_050407965.1"",""GCF_050847345.1"",""GCF_051098045.1"",""GCF_052569745.1"",""GCF_052570115.1"",""GCF_052571685.1"",""GCF_054073565.1"",""GCF_054331775.1"",""GCF_054452875.2"",""GCF_054784775.1"",""GCF_054785075.1"",""GCF_055180435.1"",""GCF_055502585.1"",""GCF_055755075.1"",""GCF_056269605.1"",""GCF_056676095.1"",""GCF_057786735.1"",""GCF_058111805.1"",""GCF_059089415.1"",""GCF_060305805.1"",""GCF_060307215.1"",""GCF_900016205.1"",""GCF_900094835.1"",""GCF_900240275.1"",""GCF_900519455.1"",""GCF_900519475.1"",""GCF_900636965.1"",""GCF_903885985.1"",""GCF_903886345.1"",""GCF_903886475.1"",""GCF_903891025.1"",""GCF_903891205.1"",""GCF_947539375.1"",""GCF_963243495.1"",""GCF_963281025.1"",""GCF_964063315.1"",""GCF_965136965.1"",""GCF_965286035.1"",""GCF_965286295.1"",""GCF_965286585.1"",""GCF_982267005.1""]"	root/1/1/1/1/1/1/1/1/0/1/0/1/1	"[""root/1/1/1/1/1/1/1/1/0/1/0/1/1""]"	"[{""node"":""root/1/1/1/1/1/1/1/1/0/1/0/1/1"",""length_coalescent_units"":0.3796238769242772}]"	0.6527050610820245	0.1431064572425829	0.20418848167539266	3.2635253054101225	0.7155322862129144	1.0209424083769634	0.7919153241042787	0.09569139688412029	0.11239327901160114	573	5.0
d0f450d2b13ab07804acb90da553899e7729611d1fa314f4dacf64886f693d0a	"[""GCF_009856565.1"",""GCF_041509385.1"",""GCF_041514285.1"",""GCF_041514295.1"",""GCF_041893975.1""]"	"[""GCF_000009425.1"",""GCF_000010145.1"",""GCF_000011045.1"",""GCF_000014385.1"",""GCF_000014425.1"",""GCF_000014445.1"",""GCF_000014505.1"",""GCF_000014545.1"",""GCF_000015385.1"",""GCF_000016825.1"",""GCF_000023085.1"",""GCF_000025045.1"",""GCF_000026405.1"",""GCF_000092505.1"",""GCF_000148815.2"",""GCF_000155515.2"",""GCF_000160835.1"",""GCF_000203855.3"",""GCF_000237995.1"",""GCF_000241055.1"",""GCF_000269925.1"",""GCF_000269945.1"",""GCF_000298875.1"",""GCF_000468955.1"",""GCF_000691805.2"",""GCF_001434365.1"",""GCF_001434705.1"",""GCF_001435245.1"",""GCF_001436135.1"",""GCF_001436905.1"",""GCF_001437055.1"",""GCF_001437425.1"",""GCF_001438705.1"",""GCF_001536305.1"",""GCF_001618285.1"",""GCF_001702215.1"",""GCF_001702235.1"",""GCF_001752505.1"",""GCF_001752515.1"",""GCF_001752545.1"",""GCF_001761545.1"",""GCF_001767275.1"",""GCF_001888925.1"",""GCF_001891125.1"",""GCF_001932615.1"",""GCF_001998805.1"",""GCF_002174215.1"",""GCF_002950695.1"",""GCF_002970915.1"",""GCF_002970935.1"",""GCF_003150935.1"",""GCF_003151025.1"",""GCF_003173695.1"",""GCF_003176835.1"",""GCF_003264795.1"",""GCF_003584685.1"",""GCF_003641185.1"",""GCF_003722275.1"",""GCF_003999355.1"",""GCF_004354645.1"",""GCF_004377635.1"",""GCF_005405405.1"",""GCF_005405465.1"",""GCF_007954605.1"",""GCF_007954785.1"",""GCF_008107645.1"",""GCF_008831485.1"",""GCF_009184845.1"",""GCF_009913655.1"",""GCF_009913995.1"",""GCF_009914015.1"",""GCF_009914035.1"",""GCF_010092385.1"",""GCF_011058775.1"",""GCF_011304355.1"",""GCF_013113695.1"",""GCF_013407595.1"",""GCF_014131735.1"",""GCF_014145545.1"",""GCF_014145555.1"",""GCF_014145615.1"",""GCF_014397255.1"",""GCF_014656585.1"",""GCF_014789145.1"",""GCF_016127255.1"",""GCF_016127815.1"",""GCF_016647595.1"",""GCF_016919665.1"",""GCF_017068355.1"",""GCF_017894345.1"",""GCF_018394055.1"",""GCF_018502505.1"",""GCF_019448175.1"",""GCF_019469265.1"",""GCF_019576155.1"",""GCF_019797825.1"",""GCF_020510245.1"",""GCF_020784695.1"",""GCF_020844005.1"",""GCF_021378055.1"",""GCF_023169905.1"",""GCF_023499275.1"",""GCF_023920145.1"",""GCF_024334065.1"",""GCF_024397795.1"",""GCF_024718545.1"",""GCF_025311495.1"",""GCF_025490915.1"",""GCF_025739325.1"",""GCF_025948295.1"",""GCF_026222675.1"",""GCF_028607025.1"",""GCF_028621815.1"",""GCF_028736235.1"",""GCF_029025825.1"",""GCF_029726355.1"",""GCF_029854335.1"",""GCF_029866985.1"",""GCF_030480545.1"",""GCF_030770265.1"",""GCF_030770295.1"",""GCF_030770335.1"",""GCF_032762665.1"",""GCF_033142085.1"",""GCF_033570435.1"",""GCF_034703025.1"",""GCF_035985965.1"",""GCF_036246165.1"",""GCF_036246185.1"",""GCF_036246225.1"",""GCF_036327715.1"",""GCF_037290055.1"",""GCF_037891785.1"",""GCF_037892375.1"",""GCF_038049945.1"",""GCF_039645515.1"",""GCF_039645575.1"",""GCF_039783225.1"",""GCF_039783785.1"",""GCF_039955095.1"",""GCF_041225485.1"",""GCF_041225605.1"",""GCF_041281755.1"",""GCF_042847315.1"",""GCF_042997415.1"",""GCF_045760565.1"",""GCF_045801155.1"",""GCF_045862825.1"",""GCF_046109915.1"",""GCF_047344935.1"",""GCF_050407965.1"",""GCF_050847345.1"",""GCF_051098045.1"",""GCF_052569745.1"",""GCF_052570115.1"",""GCF_052571685.1"",""GCF_054073565.1"",""GCF_054331775.1"",""GCF_054452875.2"",""GCF_054784775.1"",""GCF_054785075.1"",""GCF_055180435.1"",""GCF_055502585.1"",""GCF_055755075.1"",""GCF_056269605.1"",""GCF_056676095.1"",""GCF_057786735.1"",""GCF_058111805.1"",""GCF_059089415.1"",""GCF_060305805.1"",""GCF_060307215.1"",""GCF_900016205.1"",""GCF_900094835.1"",""GCF_900240275.1"",""GCF_900519455.1"",""GCF_900519475.1"",""GCF_900636965.1"",""GCF_903885985.1"",""GCF_903886345.1"",""GCF_903886475.1"",""GCF_903891025.1"",""GCF_903891205.1"",""GCF_947539375.1"",""GCF_963243495.1"",""GCF_963281025.1"",""GCF_964063315.1"",""GCF_965136965.1"",""GCF_965286035.1"",""GCF_965286295.1"",""GCF_965286585.1"",""GCF_982267005.1""]"	root/1/1/1/1/1/1/1/1/0/1/0/1	"[""root/1/1/1/1/1/1/1/1/0/1/0/1""]"	"[{""node"":""root/1/1/1/1/1/1/1/1/0/1/0/1"",""length_coalescent_units"":0.5488190202052052}]"	0.7378947368421052	0.2013157894736842	0.060789473684210525	3.689473684210526	1.006578947368421	0.30394736842105263	0.8851906544957145	0.0672370722542467	0.04757227325003872	760	5.0
bea894ec430a6aeb989c441c155407e7985a8d5186027676b5ac17987e31aa53	"[""GCF_009856565.1"",""GCF_041509385.1"",""GCF_041514295.1""]"	"[""GCF_000009425.1"",""GCF_000010145.1"",""GCF_000011045.1"",""GCF_000014385.1"",""GCF_000014425.1"",""GCF_000014445.1"",""GCF_000014505.1"",""GCF_000014545.1"",""GCF_000015385.1"",""GCF_000016825.1"",""GCF_000023085.1"",""GCF_000025045.1"",""GCF_000026405.1"",""GCF_000092505.1"",""GCF_000148815.2"",""GCF_000155515.2"",""GCF_000160835.1"",""GCF_000203855.3"",""GCF_000237995.1"",""GCF_000241055.1"",""GCF_000269925.1"",""GCF_000269945.1"",""GCF_000298875.1"",""GCF_000468955.1"",""GCF_000691805.2"",""GCF_001434365.1"",""GCF_001434705.1"",""GCF_001435245.1"",""GCF_001436135.1"",""GCF_001436905.1"",""GCF_001437055.1"",""GCF_001437425.1"",""GCF_001438705.1"",""GCF_001536305.1"",""GCF_001618285.1"",""GCF_001702215.1"",""GCF_001702235.1"",""GCF_001752505.1"",""GCF_001752515.1"",""GCF_001752545.1"",""GCF_001761545.1"",""GCF_001767275.1"",""GCF_001888925.1"",""GCF_001891125.1"",""GCF_001932615.1"",""GCF_001998805.1"",""GCF_002174215.1"",""GCF_002950695.1"",""GCF_002970915.1"",""GCF_002970935.1"",""GCF_003150935.1"",""GCF_003151025.1"",""GCF_003173695.1"",""GCF_003176835.1"",""GCF_003264795.1"",""GCF_003584685.1"",""GCF_003641185.1"",""GCF_003722275.1"",""GCF_003999355.1"",""GCF_004354645.1"",""GCF_004377635.1"",""GCF_005405405.1"",""GCF_005405465.1"",""GCF_007954605.1"",""GCF_007954785.1"",""GCF_008107645.1"",""GCF_008831485.1"",""GCF_009184845.1"",""GCF_009913655.1"",""GCF_009913995.1"",""GCF_009914015.1"",""GCF_009914035.1"",""GCF_010092385.1"",""GCF_011058775.1"",""GCF_011304355.1"",""GCF_013113695.1"",""GCF_013407595.1"",""GCF_014131735.1"",""GCF_014145545.1"",""GCF_014145555.1"",""GCF_014145615.1"",""GCF_014397255.1"",""GCF_014656585.1"",""GCF_014789145.1"",""GCF_016127255.1"",""GCF_016127815.1"",""GCF_016647595.1"",""GCF_016919665.1"",""GCF_017068355.1"",""GCF_017894345.1"",""GCF_018394055.1"",""GCF_018502505.1"",""GCF_019448175.1"",""GCF_019469265.1"",""GCF_019576155.1"",""GCF_019797825.1"",""GCF_020510245.1"",""GCF_020784695.1"",""GCF_020844005.1"",""GCF_021378055.1"",""GCF_023169905.1"",""GCF_023499275.1"",""GCF_023920145.1"",""GCF_024334065.1"",""GCF_024397795.1"",""GCF_024718545.1"",""GCF_025311495.1"",""GCF_025490915.1"",""GCF_025739325.1"",""GCF_025948295.1"",""GCF_026222675.1"",""GCF_028607025.1"",""GCF_028621815.1"",""GCF_028736235.1"",""GCF_029025825.1"",""GCF_029726355.1"",""GCF_029854335.1"",""GCF_029866985.1"",""GCF_030480545.1"",""GCF_030770265.1"",""GCF_030770295.1"",""GCF_030770335.1"",""GCF_032762665.1"",""GCF_033142085.1"",""GCF_033570435.1"",""GCF_034703025.1"",""GCF_035985965.1"",""GCF_036246165.1"",""GCF_036246185.1"",""GCF_036246225.1"",""GCF_036327715.1"",""GCF_037290055.1"",""GCF_037891785.1"",""GCF_037892375.1"",""GCF_038049945.1"",""GCF_039645515.1"",""GCF_039645575.1"",""GCF_039783225.1"",""GCF_039783785.1"",""GCF_039955095.1"",""GCF_041225485.1"",""GCF_041225605.1"",""GCF_041281755.1"",""GCF_041514285.1"",""GCF_041893975.1"",""GCF_042847315.1"",""GCF_042997415.1"",""GCF_045760565.1"",""GCF_045801155.1"",""GCF_045862825.1"",""GCF_046109915.1"",""GCF_047344935.1"",""GCF_050407965.1"",""GCF_050847345.1"",""GCF_051098045.1"",""GCF_052569745.1"",""GCF_052570115.1"",""GCF_052571685.1"",""GCF_054073565.1"",""GCF_054331775.1"",""GCF_054452875.2"",""GCF_054784775.1"",""GCF_054785075.1"",""GCF_055180435.1"",""GCF_055502585.1"",""GCF_055755075.1"",""GCF_056269605.1"",""GCF_056676095.1"",""GCF_057786735.1"",""GCF_058111805.1"",""GCF_059089415.1"",""GCF_060305805.1"",""GCF_060307215.1"",""GCF_900016205.1"",""GCF_900094835.1"",""GCF_900240275.1"",""GCF_900519455.1"",""GCF_900519475.1"",""GCF_900636965.1"",""GCF_903885985.1"",""GCF_903886345.1"",""GCF_903886475.1"",""GCF_903891025.1"",""GCF_903891205.1"",""GCF_947539375.1"",""GCF_963243495.1"",""GCF_963281025.1"",""GCF_964063315.1"",""GCF_965136965.1"",""GCF_965286035.1"",""GCF_965286295.1"",""GCF_965286585.1"",""GCF_982267005.1""]"	root/1/1/1/1/1/1/1/1/0/1/0/1/1/1	"[""root/1/1/1/1/1/1/1/1/0/1/0/1/1/1""]"	"[{""node"":""root/1/1/1/1/1/1/1/1/0/1/0/1/1/1"",""length_coalescent_units"":0.13800567301944397}]"	0.503125	0.29739583333333336	0.19947916666666668	2.5156250000000004	1.4869791666666667	0.9973958333333334	0.5658311171160759	0.24871836949870252	0.1854505133852216	384	5.0
b31045ec50120fe8de801a2371c955112ae022a795eea846845b376a4c14febb	"[""GCF_013407595.1"",""GCF_025490915.1"",""GCF_036246225.1"",""GCF_054785075.1""]"	"[""GCF_000009425.1"",""GCF_000010145.1"",""GCF_000011045.1"",""GCF_000014385.1"",""GCF_000014425.1"",""GCF_000014445.1"",""GCF_000014505.1"",""GCF_000014545.1"",""GCF_000015385.1"",""GCF_000016825.1"",""GCF_000023085.1"",""GCF_000025045.1"",""GCF_000026405.1"",""GCF_000092505.1"",""GCF_000148815.2"",""GCF_000155515.2"",""GCF_000160835.1"",""GCF_000203855.3"",""GCF_000237995.1"",""GCF_000241055.1"",""GCF_000269925.1"",""GCF_000269945.1"",""GCF_000298875.1"",""GCF_000468955.1"",""GCF_000691805.2"",""GCF_001434365.1"",""GCF_001434705.1"",""GCF_001435245.1"",""GCF_001436135.1"",""GCF_001436905.1"",""GCF_001437055.1"",""GCF_001437425.1"",""GCF_001438705.1"",""GCF_001536305.1"",""GCF_001618285.1"",""GCF_001702215.1"",""GCF_001702235.1"",""GCF_001752505.1"",""GCF_001752515.1"",""GCF_001752545.1"",""GCF_001761545.1"",""GCF_001767275.1"",""GCF_001888925.1"",""GCF_001891125.1"",""GCF_001932615.1"",""GCF_001998805.1"",""GCF_002174215.1"",""GCF_002950695.1"",""GCF_002970915.1"",""GCF_002970935.1"",""GCF_003150935.1"",""GCF_003151025.1"",""GCF_003173695.1"",""GCF_003176835.1"",""GCF_003264795.1"",""GCF_003584685.1"",""GCF_003641185.1"",""GCF_003722275.1"",""GCF_003999355.1"",""GCF_004354645.1"",""GCF_004377635.1"",""GCF_005405405.1"",""GCF_005405465.1"",""GCF_007954605.1"",""GCF_007954785.1"",""GCF_008107645.1"",""GCF_008831485.1"",""GCF_009184845.1"",""GCF_009856565.1"",""GCF_009913655.1"",""GCF_009913995.1"",""GCF_009914015.1"",""GCF_009914035.1"",""GCF_010092385.1"",""GCF_011058775.1"",""GCF_011304355.1"",""GCF_013113695.1"",""GCF_014131735.1"",""GCF_014145545.1"",""GCF_014145555.1"",""GCF_014145615.1"",""GCF_014397255.1"",""GCF_014656585.1"",""GCF_014789145.1"",""GCF_016127255.1"",""GCF_016127815.1"",""GCF_016647595.1"",""GCF_016919665.1"",""GCF_017068355.1"",""GCF_017894345.1"",""GCF_018394055.1"",""GCF_018502505.1"",""GCF_019448175.1"",""GCF_019469265.1"",""GCF_019576155.1"",""GCF_019797825.1"",""GCF_020510245.1"",""GCF_020784695.1"",""GCF_020844005.1"",""GCF_021378055.1"",""GCF_023169905.1"",""GCF_023499275.1"",""GCF_023920145.1"",""GCF_024334065.1"",""GCF_024397795.1"",""GCF_024718545.1"",""GCF_025311495.1"",""GCF_025739325.1"",""GCF_025948295.1"",""GCF_026222675.1"",""GCF_028607025.1"",""GCF_028621815.1"",""GCF_028736235.1"",""GCF_029025825.1"",""GCF_029726355.1"",""GCF_029854335.1"",""GCF_029866985.1"",""GCF_030480545.1"",""GCF_030770265.1"",""GCF_030770295.1"",""GCF_030770335.1"",""GCF_032762665.1"",""GCF_033142085.1"",""GCF_033570435.1"",""GCF_034703025.1"",""GCF_035985965.1"",""GCF_036246165.1"",""GCF_036246185.1"",""GCF_036327715.1"",""GCF_037290055.1"",""GCF_037891785.1"",""GCF_037892375.1"",""GCF_038049945.1"",""GCF_039645515.1"",""GCF_039645575.1"",""GCF_039783225.1"",""GCF_039783785.1"",""GCF_039955095.1"",""GCF_041225485.1"",""GCF_041225605.1"",""GCF_041281755.1"",""GCF_041509385.1"",""GCF_041514285.1"",""GCF_041514295.1"",""GCF_041893975.1"",""GCF_042847315.1"",""GCF_042997415.1"",""GCF_045760565.1"",""GCF_045801155.1"",""GCF_045862825.1"",""GCF_046109915.1"",""GCF_047344935.1"",""GCF_050407965.1"",""GCF_050847345.1"",""GCF_051098045.1"",""GCF_052569745.1"",""GCF_052570115.1"",""GCF_052571685.1"",""GCF_054073565.1"",""GCF_054331775.1"",""GCF_054452875.2"",""GCF_054784775.1"",""GCF_055180435.1"",""GCF_055502585.1"",""GCF_055755075.1"",""GCF_056269605.1"",""GCF_056676095.1"",""GCF_057786735.1"",""GCF_058111805.1"",""GCF_059089415.1"",""GCF_060305805.1"",""GCF_060307215.1"",""GCF_900016205.1"",""GCF_900094835.1"",""GCF_900240275.1"",""GCF_900519455.1"",""GCF_900519475.1"",""GCF_900636965.1"",""GCF_903885985.1"",""GCF_903886345.1"",""GCF_903886475.1"",""GCF_903891025.1"",""GCF_903891205.1"",""GCF_947539375.1"",""GCF_963243495.1"",""GCF_963281025.1"",""GCF_964063315.1"",""GCF_965136965.1"",""GCF_965286035.1"",""GCF_965286295.1"",""GCF_965286585.1"",""GCF_982267005.1""]"	root/1/1/1/1/1/1/1/0/1/0/1/1/1/1/1/1	"[""root/1/1/1/1/1/1/1/0/1/0/1/1/1/1/1/1""]"	"[{""node"":""root/1/1/1/1/1/1/1/0/1/0/1/1/1/1/1/1"",""length_coalescent_units"":0.2876820724517809}]"	0.6	0.20760869565217394	0.1923913043478261	3.0	1.0380434782608696	0.9619565217391305	0.7192265996653202	0.14332567058074108	0.13744772975393857	573	5.0
3cf828af4d4449b7eef80ec553c4e583be7da47ee64beecdcc749ab317c27da9	"[""GCF_013407595.1"",""GCF_025490915.1"",""GCF_054785075.1""]"	"[""GCF_000009425.1"",""GCF_000010145.1"",""GCF_000011045.1"",""GCF_000014385.1"",""GCF_000014425.1"",""GCF_000014445.1"",""GCF_000014505.1"",""GCF_000014545.1"",""GCF_000015385.1"",""GCF_000016825.1"",""GCF_000023085.1"",""GCF_000025045.1"",""GCF_000026405.1"",""GCF_000092505.1"",""GCF_000148815.2"",""GCF_000155515.2"",""GCF_000160835.1"",""GCF_000203855.3"",""GCF_000237995.1"",""GCF_000241055.1"",""GCF_000269925.1"",""GCF_000269945.1"",""GCF_000298875.1"",""GCF_000468955.1"",""GCF_000691805.2"",""GCF_001434365.1"",""GCF_001434705.1"",""GCF_001435245.1"",""GCF_001436135.1"",""GCF_001436905.1"",""GCF_001437055.1"",""GCF_001437425.1"",""GCF_001438705.1"",""GCF_001536305.1"",""GCF_001618285.1"",""GCF_001702215.1"",""GCF_001702235.1"",""GCF_001752505.1"",""GCF_001752515.1"",""GCF_001752545.1"",""GCF_001761545.1"",""GCF_001767275.1"",""GCF_001888925.1"",""GCF_001891125.1"",""GCF_001932615.1"",""GCF_001998805.1"",""GCF_002174215.1"",""GCF_002950695.1"",""GCF_002970915.1"",""GCF_002970935.1"",""GCF_003150935.1"",""GCF_003151025.1"",""GCF_003173695.1"",""GCF_003176835.1"",""GCF_003264795.1"",""GCF_003584685.1"",""GCF_003641185.1"",""GCF_003722275.1"",""GCF_003999355.1"",""GCF_004354645.1"",""GCF_004377635.1"",""GCF_005405405.1"",""GCF_005405465.1"",""GCF_007954605.1"",""GCF_007954785.1"",""GCF_008107645.1"",""GCF_008831485.1"",""GCF_009184845.1"",""GCF_009856565.1"",""GCF_009913655.1"",""GCF_009913995.1"",""GCF_009914015.1"",""GCF_009914035.1"",""GCF_010092385.1"",""GCF_011058775.1"",""GCF_011304355.1"",""GCF_013113695.1"",""GCF_014131735.1"",""GCF_014145545.1"",""GCF_014145555.1"",""GCF_014145615.1"",""GCF_014397255.1"",""GCF_014656585.1"",""GCF_014789145.1"",""GCF_016127255.1"",""GCF_016127815.1"",""GCF_016647595.1"",""GCF_016919665.1"",""GCF_017068355.1"",""GCF_017894345.1"",""GCF_018394055.1"",""GCF_018502505.1"",""GCF_019448175.1"",""GCF_019469265.1"",""GCF_019576155.1"",""GCF_019797825.1"",""GCF_020510245.1"",""GCF_020784695.1"",""GCF_020844005.1"",""GCF_021378055.1"",""GCF_023169905.1"",""GCF_023499275.1"",""GCF_023920145.1"",""GCF_024334065.1"",""GCF_024397795.1"",""GCF_024718545.1"",""GCF_025311495.1"",""GCF_025739325.1"",""GCF_025948295.1"",""GCF_026222675.1"",""GCF_028607025.1"",""GCF_028621815.1"",""GCF_028736235.1"",""GCF_029025825.1"",""GCF_029726355.1"",""GCF_029854335.1"",""GCF_029866985.1"",""GCF_030480545.1"",""GCF_030770265.1"",""GCF_030770295.1"",""GCF_030770335.1"",""GCF_032762665.1"",""GCF_033142085.1"",""GCF_033570435.1"",""GCF_034703025.1"",""GCF_035985965.1"",""GCF_036246165.1"",""GCF_036246185.1"",""GCF_036246225.1"",""GCF_036327715.1"",""GCF_037290055.1"",""GCF_037891785.1"",""GCF_037892375.1"",""GCF_038049945.1"",""GCF_039645515.1"",""GCF_039645575.1"",""GCF_039783225.1"",""GCF_039783785.1"",""GCF_039955095.1"",""GCF_041225485.1"",""GCF_041225605.1"",""GCF_041281755.1"",""GCF_041509385.1"",""GCF_041514285.1"",""GCF_041514295.1"",""GCF_041893975.1"",""GCF_042847315.1"",""GCF_042997415.1"",""GCF_045760565.1"",""GCF_045801155.1"",""GCF_045862825.1"",""GCF_046109915.1"",""GCF_047344935.1"",""GCF_050407965.1"",""GCF_050847345.1"",""GCF_051098045.1"",""GCF_052569745.1"",""GCF_052570115.1"",""GCF_052571685.1"",""GCF_054073565.1"",""GCF_054331775.1"",""GCF_054452875.2"",""GCF_054784775.1"",""GCF_055180435.1"",""GCF_055502585.1"",""GCF_055755075.1"",""GCF_056269605.1"",""GCF_056676095.1"",""GCF_057786735.1"",""GCF_058111805.1"",""GCF_059089415.1"",""GCF_060305805.1"",""GCF_060307215.1"",""GCF_900016205.1"",""GCF_900094835.1"",""GCF_900240275.1"",""GCF_900519455.1"",""GCF_900519475.1"",""GCF_900636965.1"",""GCF_903885985.1"",""GCF_903886345.1"",""GCF_903886475.1"",""GCF_903891025.1"",""GCF_903891205.1"",""GCF_947539375.1"",""GCF_963243495.1"",""GCF_963281025.1"",""GCF_964063315.1"",""GCF_965136965.1"",""GCF_965286035.1"",""GCF_965286295.1"",""GCF_965286585.1"",""GCF_982267005.1""]"	root/1/1/1/1/1/1/1/0/1/0/1/1/1/1/1/1/1	"[""root/1/1/1/1/1/1/1/0/1/0/1/1/1/1/1/1/1""]"	"[{""node"":""root/1/1/1/1/1/1/1/0/1/0/1/1/1/1/1/1/1"",""length_coalescent_units"":1.381099544242786}]"	0.9989583333333332	0.0	0.0010416666666666667	4.994791666666666	0.0	0.005208333333333333	0.9944448497337124	0.0027746696386489393	0.002780480627638633	384	5.0
4f22ab2f7ae153127aa11e3744b82487e58b4c4941764405e166a734991ccccb	"[""GCF_016127255.1"",""GCF_045801155.1"",""GCF_965286035.1""]"	"[""GCF_000009425.1"",""GCF_000010145.1"",""GCF_000011045.1"",""GCF_000014385.1"",""GCF_000014425.1"",""GCF_000014445.1"",""GCF_000014505.1"",""GCF_000014545.1"",""GCF_000015385.1"",""GCF_000016825.1"",""GCF_000023085.1"",""GCF_000025045.1"",""GCF_000026405.1"",""GCF_000092505.1"",""GCF_000148815.2"",""GCF_000155515.2"",""GCF_000160835.1"",""GCF_000203855.3"",""GCF_000237995.1"",""GCF_000241055.1"",""GCF_000269925.1"",""GCF_000269945.1"",""GCF_000298875.1"",""GCF_000468955.1"",""GCF_000691805.2"",""GCF_001434365.1"",""GCF_001434705.1"",""GCF_001435245.1"",""GCF_001436135.1"",""GCF_001436905.1"",""GCF_001437055.1"",""GCF_001437425.1"",""GCF_001438705.1"",""GCF_001536305.1"",""GCF_001618285.1"",""GCF_001702215.1"",""GCF_001702235.1"",""GCF_001752505.1"",""GCF_001752515.1"",""GCF_001752545.1"",""GCF_001761545.1"",""GCF_001767275.1"",""GCF_001888925.1"",""GCF_001891125.1"",""GCF_001932615.1"",""GCF_001998805.1"",""GCF_002174215.1"",""GCF_002950695.1"",""GCF_002970915.1"",""GCF_002970935.1"",""GCF_003150935.1"",""GCF_003151025.1"",""GCF_003173695.1"",""GCF_003176835.1"",""GCF_003264795.1"",""GCF_003584685.1"",""GCF_003641185.1"",""GCF_003722275.1"",""GCF_003999355.1"",""GCF_004354645.1"",""GCF_004377635.1"",""GCF_005405405.1"",""GCF_005405465.1"",""GCF_007954605.1"",""GCF_007954785.1"",""GCF_008107645.1"",""GCF_008831485.1"",""GCF_009184845.1"",""GCF_009856565.1"",""GCF_009913655.1"",""GCF_009913995.1"",""GCF_009914015.1"",""GCF_009914035.1"",""GCF_010092385.1"",""GCF_011058775.1"",""GCF_011304355.1"",""GCF_013113695.1"",""GCF_013407595.1"",""GCF_014131735.1"",""GCF_014145545.1"",""GCF_014145555.1"",""GCF_014145615.1"",""GCF_014397255.1"",""GCF_014656585.1"",""GCF_014789145.1"",""GCF_016127815.1"",""GCF_016647595.1"",""GCF_016919665.1"",""GCF_017068355.1"",""GCF_017894345.1"",""GCF_018394055.1"",""GCF_018502505.1"",""GCF_019448175.1"",""GCF_019469265.1"",""GCF_019576155.1"",""GCF_019797825.1"",""GCF_020510245.1"",""GCF_020784695.1"",""GCF_020844005.1"",""GCF_021378055.1"",""GCF_023169905.1"",""GCF_023499275.1"",""GCF_023920145.1"",""GCF_024334065.1"",""GCF_024397795.1"",""GCF_024718545.1"",""GCF_025311495.1"",""GCF_025490915.1"",""GCF_025739325.1"",""GCF_025948295.1"",""GCF_026222675.1"",""GCF_028607025.1"",""GCF_028621815.1"",""GCF_028736235.1"",""GCF_029025825.1"",""GCF_029726355.1"",""GCF_029854335.1"",""GCF_029866985.1"",""GCF_030480545.1"",""GCF_030770265.1"",""GCF_030770295.1"",""GCF_030770335.1"",""GCF_032762665.1"",""GCF_033142085.1"",""GCF_033570435.1"",""GCF_034703025.1"",""GCF_035985965.1"",""GCF_036246165.1"",""GCF_036246185.1"",""GCF_036246225.1"",""GCF_036327715.1"",""GCF_037290055.1"",""GCF_037891785.1"",""GCF_037892375.1"",""GCF_038049945.1"",""GCF_039645515.1"",""GCF_039645575.1"",""GCF_039783225.1"",""GCF_039783785.1"",""GCF_039955095.1"",""GCF_041225485.1"",""GCF_041225605.1"",""GCF_041281755.1"",""GCF_041509385.1"",""GCF_041514285.1"",""GCF_041514295.1"",""GCF_041893975.1"",""GCF_042847315.1"",""GCF_042997415.1"",""GCF_045760565.1"",""GCF_045862825.1"",""GCF_046109915.1"",""GCF_047344935.1"",""GCF_050407965.1"",""GCF_050847345.1"",""GCF_051098045.1"",""GCF_052569745.1"",""GCF_052570115.1"",""GCF_052571685.1"",""GCF_054073565.1"",""GCF_054331775.1"",""GCF_054452875.2"",""GCF_054784775.1"",""GCF_054785075.1"",""GCF_055180435.1"",""GCF_055502585.1"",""GCF_055755075.1"",""GCF_056269605.1"",""GCF_056676095.1"",""GCF_057786735.1"",""GCF_058111805.1"",""GCF_059089415.1"",""GCF_060305805.1"",""GCF_060307215.1"",""GCF_900016205.1"",""GCF_900094835.1"",""GCF_900240275.1"",""GCF_900519455.1"",""GCF_900519475.1"",""GCF_900636965.1"",""GCF_903885985.1"",""GCF_903886345.1"",""GCF_903886475.1"",""GCF_903891025.1"",""GCF_903891205.1"",""GCF_947539375.1"",""GCF_963243495.1"",""GCF_963281025.1"",""GCF_964063315.1"",""GCF_965136965.1"",""GCF_965286295.1"",""GCF_965286585.1"",""GCF_982267005.1""]"	root/1/1/1/1/1/1/1/0/0/1/1/1/1/0	"[""root/1/1/1/1/1/1/1/0/0/1/1/1/1/0""]"	"[{""node"":""root/1/1/1/1/1/1/1/0/0/1/1/1/1/0"",""length_coalescent_units"":0.5135616035848655}]"	0.7513661202185792	0.0	0.24863387978142076	3.0054644808743167	0.0	0.994535519125683	0.8420704695074205	0.057562508160028836	0.10036702233255067	3660	4.0
856e87185840d6904f971b4e5d297e98bac498fa62e2dbd2441e540fb5af83b9	"[""GCF_016127255.1"",""GCF_965286035.1""]"	"[""GCF_000009425.1"",""GCF_000010145.1"",""GCF_000011045.1"",""GCF_000014385.1"",""GCF_000014425.1"",""GCF_000014445.1"",""GCF_000014505.1"",""GCF_000014545.1"",""GCF_000015385.1"",""GCF_000016825.1"",""GCF_000023085.1"",""GCF_000025045.1"",""GCF_000026405.1"",""GCF_000092505.1"",""GCF_000148815.2"",""GCF_000155515.2"",""GCF_000160835.1"",""GCF_000203855.3"",""GCF_000237995.1"",""GCF_000241055.1"",""GCF_000269925.1"",""GCF_000269945.1"",""GCF_000298875.1"",""GCF_000468955.1"",""GCF_000691805.2"",""GCF_001434365.1"",""GCF_001434705.1"",""GCF_001435245.1"",""GCF_001436135.1"",""GCF_001436905.1"",""GCF_001437055.1"",""GCF_001437425.1"",""GCF_001438705.1"",""GCF_001536305.1"",""GCF_001618285.1"",""GCF_001702215.1"",""GCF_001702235.1"",""GCF_001752505.1"",""GCF_001752515.1"",""GCF_001752545.1"",""GCF_001761545.1"",""GCF_001767275.1"",""GCF_001888925.1"",""GCF_001891125.1"",""GCF_001932615.1"",""GCF_001998805.1"",""GCF_002174215.1"",""GCF_002950695.1"",""GCF_002970915.1"",""GCF_002970935.1"",""GCF_003150935.1"",""GCF_003151025.1"",""GCF_003173695.1"",""GCF_003176835.1"",""GCF_003264795.1"",""GCF_003584685.1"",""GCF_003641185.1"",""GCF_003722275.1"",""GCF_003999355.1"",""GCF_004354645.1"",""GCF_004377635.1"",""GCF_005405405.1"",""GCF_005405465.1"",""GCF_007954605.1"",""GCF_007954785.1"",""GCF_008107645.1"",""GCF_008831485.1"",""GCF_009184845.1"",""GCF_009856565.1"",""GCF_009913655.1"",""GCF_009913995.1"",""GCF_009914015.1"",""GCF_009914035.1"",""GCF_010092385.1"",""GCF_011058775.1"",""GCF_011304355.1"",""GCF_013113695.1"",""GCF_013407595.1"",""GCF_014131735.1"",""GCF_014145545.1"",""GCF_014145555.1"",""GCF_014145615.1"",""GCF_014397255.1"",""GCF_014656585.1"",""GCF_014789145.1"",""GCF_016127815.1"",""GCF_016647595.1"",""GCF_016919665.1"",""GCF_017068355.1"",""GCF_017894345.1"",""GCF_018394055.1"",""GCF_018502505.1"",""GCF_019448175.1"",""GCF_019469265.1"",""GCF_019576155.1"",""GCF_019797825.1"",""GCF_020510245.1"",""GCF_020784695.1"",""GCF_020844005.1"",""GCF_021378055.1"",""GCF_023169905.1"",""GCF_023499275.1"",""GCF_023920145.1"",""GCF_024334065.1"",""GCF_024397795.1"",""GCF_024718545.1"",""GCF_025311495.1"",""GCF_025490915.1"",""GCF_025739325.1"",""GCF_025948295.1"",""GCF_026222675.1"",""GCF_028607025.1"",""GCF_028621815.1"",""GCF_028736235.1"",""GCF_029025825.1"",""GCF_029726355.1"",""GCF_029854335.1"",""GCF_029866985.1"",""GCF_030480545.1"",""GCF_030770265.1"",""GCF_030770295.1"",""GCF_030770335.1"",""GCF_032762665.1"",""GCF_033142085.1"",""GCF_033570435.1"",""GCF_034703025.1"",""GCF_035985965.1"",""GCF_036246165.1"",""GCF_036246185.1"",""GCF_036246225.1"",""GCF_036327715.1"",""GCF_037290055.1"",""GCF_037891785.1"",""GCF_037892375.1"",""GCF_038049945.1"",""GCF_039645515.1"",""GCF_039645575.1"",""GCF_039783225.1"",""GCF_039783785.1"",""GCF_039955095.1"",""GCF_041225485.1"",""GCF_041225605.1"",""GCF_041281755.1"",""GCF_041509385.1"",""GCF_041514285.1"",""GCF_041514295.1"",""GCF_041893975.1"",""GCF_042847315.1"",""GCF_042997415.1"",""GCF_045760565.1"",""GCF_045801155.1"",""GCF_045862825.1"",""GCF_046109915.1"",""GCF_047344935.1"",""GCF_050407965.1"",""GCF_050847345.1"",""GCF_051098045.1"",""GCF_052569745.1"",""GCF_052570115.1"",""GCF_052571685.1"",""GCF_054073565.1"",""GCF_054331775.1"",""GCF_054452875.2"",""GCF_054784775.1"",""GCF_054785075.1"",""GCF_055180435.1"",""GCF_055502585.1"",""GCF_055755075.1"",""GCF_056269605.1"",""GCF_056676095.1"",""GCF_057786735.1"",""GCF_058111805.1"",""GCF_059089415.1"",""GCF_060305805.1"",""GCF_060307215.1"",""GCF_900016205.1"",""GCF_900094835.1"",""GCF_900240275.1"",""GCF_900519455.1"",""GCF_900519475.1"",""GCF_900636965.1"",""GCF_903885985.1"",""GCF_903886345.1"",""GCF_903886475.1"",""GCF_903891025.1"",""GCF_903891205.1"",""GCF_947539375.1"",""GCF_963243495.1"",""GCF_963281025.1"",""GCF_964063315.1"",""GCF_965136965.1"",""GCF_965286295.1"",""GCF_965286585.1"",""GCF_982267005.1""]"	root/1/1/1/1/1/1/1/0/0/1/1/1/1/0/1	"[""root/1/1/1/1/1/1/1/0/0/1/1/1/1/0/1""]"	"[{""node"":""root/1/1/1/1/1/1/1/0/0/1/1/1/1/0/1"",""length_coalescent_units"":1.2039728043259361}]"	1.0	0.0	0.0	4.0	0.0	0.0	0.9837398373983739	0.008130081300813014	0.008130081300813014	193	4.0
85d51a3f4f7121fa3ffe6b339d73b3814ebb032f7896291555c8a7ab2e2e22cb	"[""GCF_016127815.1"",""GCF_019448175.1""]"	"[""GCF_000009425.1"",""GCF_000010145.1"",""GCF_000011045.1"",""GCF_000014385.1"",""GCF_000014425.1"",""GCF_000014445.1"",""GCF_000014505.1"",""GCF_000014545.1"",""GCF_000015385.1"",""GCF_000016825.1"",""GCF_000023085.1"",""GCF_000025045.1"",""GCF_000026405.1"",""GCF_000092505.1"",""GCF_000148815.2"",""GCF_000155515.2"",""GCF_000160835.1"",""GCF_000203855.3"",""GCF_000237995.1"",""GCF_000241055.1"",""GCF_000269925.1"",""GCF_000269945.1"",""GCF_000298875.1"",""GCF_000468955.1"",""GCF_000691805.2"",""GCF_001434365.1"",""GCF_001434705.1"",""GCF_001435245.1"",""GCF_001436135.1"",""GCF_001436905.1"",""GCF_001437055.1"",""GCF_001437425.1"",""GCF_001438705.1"",""GCF_001536305.1"",""GCF_001618285.1"",""GCF_001702215.1"",""GCF_001702235.1"",""GCF_001752505.1"",""GCF_001752515.1"",""GCF_001752545.1"",""GCF_001761545.1"",""GCF_001767275.1"",""GCF_001888925.1"",""GCF_001891125.1"",""GCF_001932615.1"",""GCF_001998805.1"",""GCF_002174215.1"",""GCF_002950695.1"",""GCF_002970915.1"",""GCF_002970935.1"",""GCF_003150935.1"",""GCF_003151025.1"",""GCF_003173695.1"",""GCF_003176835.1"",""GCF_003264795.1"",""GCF_003584685.1"",""GCF_003641185.1"",""GCF_003722275.1"",""GCF_003999355.1"",""GCF_004354645.1"",""GCF_004377635.1"",""GCF_005405405.1"",""GCF_005405465.1"",""GCF_007954605.1"",""GCF_007954785.1"",""GCF_008107645.1"",""GCF_008831485.1"",""GCF_009184845.1"",""GCF_009856565.1"",""GCF_009913655.1"",""GCF_009913995.1"",""GCF_009914015.1"",""GCF_009914035.1"",""GCF_010092385.1"",""GCF_011058775.1"",""GCF_011304355.1"",""GCF_013113695.1"",""GCF_013407595.1"",""GCF_014131735.1"",""GCF_014145545.1"",""GCF_014145555.1"",""GCF_014145615.1"",""GCF_014397255.1"",""GCF_014656585.1"",""GCF_014789145.1"",""GCF_016127255.1"",""GCF_016647595.1"",""GCF_016919665.1"",""GCF_017068355.1"",""GCF_017894345.1"",""GCF_018394055.1"",""GCF_018502505.1"",""GCF_019469265.1"",""GCF_019576155.1"",""GCF_019797825.1"",""GCF_020510245.1"",""GCF_020784695.1"",""GCF_020844005.1"",""GCF_021378055.1"",""GCF_023169905.1"",""GCF_023499275.1"",""GCF_023920145.1"",""GCF_024334065.1"",""GCF_024397795.1"",""GCF_024718545.1"",""GCF_025311495.1"",""GCF_025490915.1"",""GCF_025739325.1"",""GCF_025948295.1"",""GCF_026222675.1"",""GCF_028607025.1"",""GCF_028621815.1"",""GCF_028736235.1"",""GCF_029025825.1"",""GCF_029726355.1"",""GCF_029854335.1"",""GCF_029866985.1"",""GCF_030480545.1"",""GCF_030770265.1"",""GCF_030770295.1"",""GCF_030770335.1"",""GCF_032762665.1"",""GCF_033142085.1"",""GCF_033570435.1"",""GCF_034703025.1"",""GCF_035985965.1"",""GCF_036246165.1"",""GCF_036246185.1"",""GCF_036246225.1"",""GCF_036327715.1"",""GCF_037290055.1"",""GCF_037891785.1"",""GCF_037892375.1"",""GCF_038049945.1"",""GCF_039645515.1"",""GCF_039645575.1"",""GCF_039783225.1"",""GCF_039783785.1"",""GCF_039955095.1"",""GCF_041225485.1"",""GCF_041225605.1"",""GCF_041281755.1"",""GCF_041509385.1"",""GCF_041514285.1"",""GCF_041514295.1"",""GCF_041893975.1"",""GCF_042847315.1"",""GCF_042997415.1"",""GCF_045760565.1"",""GCF_045801155.1"",""GCF_045862825.1"",""GCF_046109915.1"",""GCF_047344935.1"",""GCF_050407965.1"",""GCF_050847345.1"",""GCF_051098045.1"",""GCF_052569745.1"",""GCF_052570115.1"",""GCF_052571685.1"",""GCF_054073565.1"",""GCF_054331775.1"",""GCF_054452875.2"",""GCF_054784775.1"",""GCF_054785075.1"",""GCF_055180435.1"",""GCF_055502585.1"",""GCF_055755075.1"",""GCF_056269605.1"",""GCF_056676095.1"",""GCF_057786735.1"",""GCF_058111805.1"",""GCF_059089415.1"",""GCF_060305805.1"",""GCF_060307215.1"",""GCF_900016205.1"",""GCF_900094835.1"",""GCF_900240275.1"",""GCF_900519455.1"",""GCF_900519475.1"",""GCF_900636965.1"",""GCF_903885985.1"",""GCF_903886345.1"",""GCF_903886475.1"",""GCF_903891025.1"",""GCF_903891205.1"",""GCF_947539375.1"",""GCF_963243495.1"",""GCF_963281025.1"",""GCF_964063315.1"",""GCF_965136965.1"",""GCF_965286035.1"",""GCF_965286295.1"",""GCF_965286585.1"",""GCF_982267005.1""]"	root/1/1/1/1/1/1/1/0/1/1/1/0/1/1/1/1/0	"[""root/1/1/1/1/1/1/1/0/1/1/1/0/1/1/1/1/0""]"	"[{""node"":""root/1/1/1/1/1/1/1/0/1/1/1/0/1/1/1/1/0"",""length_coalescent_units"":0.0}]"	0.3513157894736842	0.39789473684210525	0.2507894736842105	1.756578947368421	1.9894736842105263	1.2539473684210525	0.3436164087936769	0.40965370894710396	0.24672988225921919	760	5.0
42dfcfc4bdf7a63bc4266fbe6ed4d316ba0132b6351c84a4bd93a5eec9b17d36	"[""GCF_016919665.1"",""GCF_017068355.1""]"	"[""GCF_000009425.1"",""GCF_000010145.1"",""GCF_000011045.1"",""GCF_000014385.1"",""GCF_000014425.1"",""GCF_000014445.1"",""GCF_000014505.1"",""GCF_000014545.1"",""GCF_000015385.1"",""GCF_000016825.1"",""GCF_000023085.1"",""GCF_000025045.1"",""GCF_000026405.1"",""GCF_000092505.1"",""GCF_000148815.2"",""GCF_000155515.2"",""GCF_000160835.1"",""GCF_000203855.3"",""GCF_000237995.1"",""GCF_000241055.1"",""GCF_000269925.1"",""GCF_000269945.1"",""GCF_000298875.1"",""GCF_000468955.1"",""GCF_000691805.2"",""GCF_001434365.1"",""GCF_001434705.1"",""GCF_001435245.1"",""GCF_001436135.1"",""GCF_001436905.1"",""GCF_001437055.1"",""GCF_001437425.1"",""GCF_001438705.1"",""GCF_001536305.1"",""GCF_001618285.1"",""GCF_001702215.1"",""GCF_001702235.1"",""GCF_001752505.1"",""GCF_001752515.1"",""GCF_001752545.1"",""GCF_001761545.1"",""GCF_001767275.1"",""GCF_001888925.1"",""GCF_001891125.1"",""GCF_001932615.1"",""GCF_001998805.1"",""GCF_002174215.1"",""GCF_002950695.1"",""GCF_002970915.1"",""GCF_002970935.1"",""GCF_003150935.1"",""GCF_003151025.1"",""GCF_003173695.1"",""GCF_003176835.1"",""GCF_003264795.1"",""GCF_003584685.1"",""GCF_003641185.1"",""GCF_003722275.1"",""GCF_003999355.1"",""GCF_004354645.1"",""GCF_004377635.1"",""GCF_005405405.1"",""GCF_005405465.1"",""GCF_007954605.1"",""GCF_007954785.1"",""GCF_008107645.1"",""GCF_008831485.1"",""GCF_009184845.1"",""GCF_009856565.1"",""GCF_009913655.1"",""GCF_009913995.1"",""GCF_009914015.1"",""GCF_009914035.1"",""GCF_010092385.1"",""GCF_011058775.1"",""GCF_011304355.1"",""GCF_013113695.1"",""GCF_013407595.1"",""GCF_014131735.1"",""GCF_014145545.1"",""GCF_014145555.1"",""GCF_014145615.1"",""GCF_014397255.1"",""GCF_014656585.1"",""GCF_014789145.1"",""GCF_016127255.1"",""GCF_016127815.1"",""GCF_016647595.1"",""GCF_017894345.1"",""GCF_018394055.1"",""GCF_018502505.1"",""GCF_019448175.1"",""GCF_019469265.1"",""GCF_019576155.1"",""GCF_019797825.1"",""GCF_020510245.1"",""GCF_020784695.1"",""GCF_020844005.1"",""GCF_021378055.1"",""GCF_023169905.1"",""GCF_023499275.1"",""GCF_023920145.1"",""GCF_024334065.1"",""GCF_024397795.1"",""GCF_024718545.1"",""GCF_025311495.1"",""GCF_025490915.1"",""GCF_025739325.1"",""GCF_025948295.1"",""GCF_026222675.1"",""GCF_028607025.1"",""GCF_028621815.1"",""GCF_028736235.1"",""GCF_029025825.1"",""GCF_029726355.1"",""GCF_029854335.1"",""GCF_029866985.1"",""GCF_030480545.1"",""GCF_030770265.1"",""GCF_030770295.1"",""GCF_030770335.1"",""GCF_032762665.1"",""GCF_033142085.1"",""GCF_033570435.1"",""GCF_034703025.1"",""GCF_035985965.1"",""GCF_036246165.1"",""GCF_036246185.1"",""GCF_036246225.1"",""GCF_036327715.1"",""GCF_037290055.1"",""GCF_037891785.1"",""GCF_037892375.1"",""GCF_038049945.1"",""GCF_039645515.1"",""GCF_039645575.1"",""GCF_039783225.1"",""GCF_039783785.1"",""GCF_039955095.1"",""GCF_041225485.1"",""GCF_041225605.1"",""GCF_041281755.1"",""GCF_041509385.1"",""GCF_041514285.1"",""GCF_041514295.1"",""GCF_041893975.1"",""GCF_042847315.1"",""GCF_042997415.1"",""GCF_045760565.1"",""GCF_045801155.1"",""GCF_045862825.1"",""GCF_046109915.1"",""GCF_047344935.1"",""GCF_050407965.1"",""GCF_050847345.1"",""GCF_051098045.1"",""GCF_052569745.1"",""GCF_052570115.1"",""GCF_052571685.1"",""GCF_054073565.1"",""GCF_054331775.1"",""GCF_054452875.2"",""GCF_054784775.1"",""GCF_054785075.1"",""GCF_055180435.1"",""GCF_055502585.1"",""GCF_055755075.1"",""GCF_056269605.1"",""GCF_056676095.1"",""GCF_057786735.1"",""GCF_058111805.1"",""GCF_059089415.1"",""GCF_060305805.1"",""GCF_060307215.1"",""GCF_900016205.1"",""GCF_900094835.1"",""GCF_900240275.1"",""GCF_900519455.1"",""GCF_900519475.1"",""GCF_900636965.1"",""GCF_903885985.1"",""GCF_903886345.1"",""GCF_903886475.1"",""GCF_903891025.1"",""GCF_903891205.1"",""GCF_947539375.1"",""GCF_963243495.1"",""GCF_963281025.1"",""GCF_964063315.1"",""GCF_965136965.1"",""GCF_965286035.1"",""GCF_965286295.1"",""GCF_965286585.1"",""GCF_982267005.1""]"	root/1/1/1/1/1/0	"[""root/1/1/1/1/1/0""]"	"[{""node"":""root/1/1/1/1/1/0"",""length_coalescent_units"":0.9509762898620455}]"	0.890909090909091	0.10909090909090909	0.0	4.454545454545455	0.5454545454545454	0.0	0.9752544819024008	0.013837376769120264	0.01090814132847885	2013	5.0
bfa0dcb29e21ccf9570de7267f71db9a70866e5f7623d6c8d4c436eb080e6072	"[""GCF_018394055.1"",""GCF_018502505.1""]"	"[""GCF_000009425.1"",""GCF_000010145.1"",""GCF_000011045.1"",""GCF_000014385.1"",""GCF_000014425.1"",""GCF_000014445.1"",""GCF_000014505.1"",""GCF_000014545.1"",""GCF_000015385.1"",""GCF_000016825.1"",""GCF_000023085.1"",""GCF_000025045.1"",""GCF_000026405.1"",""GCF_000092505.1"",""GCF_000148815.2"",""GCF_000155515.2"",""GCF_000160835.1"",""GCF_000203855.3"",""GCF_000237995.1"",""GCF_000241055.1"",""GCF_000269925.1"",""GCF_000269945.1"",""GCF_000298875.1"",""GCF_000468955.1"",""GCF_000691805.2"",""GCF_001434365.1"",""GCF_001434705.1"",""GCF_001435245.1"",""GCF_001436135.1"",""GCF_001436905.1"",""GCF_001437055.1"",""GCF_001437425.1"",""GCF_001438705.1"",""GCF_001536305.1"",""GCF_001618285.1"",""GCF_001702215.1"",""GCF_001702235.1"",""GCF_001752505.1"",""GCF_001752515.1"",""GCF_001752545.1"",""GCF_001761545.1"",""GCF_001767275.1"",""GCF_001888925.1"",""GCF_001891125.1"",""GCF_001932615.1"",""GCF_001998805.1"",""GCF_002174215.1"",""GCF_002950695.1"",""GCF_002970915.1"",""GCF_002970935.1"",""GCF_003150935.1"",""GCF_003151025.1"",""GCF_003173695.1"",""GCF_003176835.1"",""GCF_003264795.1"",""GCF_003584685.1"",""GCF_003641185.1"",""GCF_003722275.1"",""GCF_003999355.1"",""GCF_004354645.1"",""GCF_004377635.1"",""GCF_005405405.1"",""GCF_005405465.1"",""GCF_007954605.1"",""GCF_007954785.1"",""GCF_008107645.1"",""GCF_008831485.1"",""GCF_009184845.1"",""GCF_009856565.1"",""GCF_009913655.1"",""GCF_009913995.1"",""GCF_009914015.1"",""GCF_009914035.1"",""GCF_010092385.1"",""GCF_011058775.1"",""GCF_011304355.1"",""GCF_013113695.1"",""GCF_013407595.1"",""GCF_014131735.1"",""GCF_014145545.1"",""GCF_014145555.1"",""GCF_014145615.1"",""GCF_014397255.1"",""GCF_014656585.1"",""GCF_014789145.1"",""GCF_016127255.1"",""GCF_016127815.1"",""GCF_016647595.1"",""GCF_016919665.1"",""GCF_017068355.1"",""GCF_017894345.1"",""GCF_019448175.1"",""GCF_019469265.1"",""GCF_019576155.1"",""GCF_019797825.1"",""GCF_020510245.1"",""GCF_020784695.1"",""GCF_020844005.1"",""GCF_021378055.1"",""GCF_023169905.1"",""GCF_023499275.1"",""GCF_023920145.1"",""GCF_024334065.1"",""GCF_024397795.1"",""GCF_024718545.1"",""GCF_025311495.1"",""GCF_025490915.1"",""GCF_025739325.1"",""GCF_025948295.1"",""GCF_026222675.1"",""GCF_028607025.1"",""GCF_028621815.1"",""GCF_028736235.1"",""GCF_029025825.1"",""GCF_029726355.1"",""GCF_029854335.1"",""GCF_029866985.1"",""GCF_030480545.1"",""GCF_030770265.1"",""GCF_030770295.1"",""GCF_030770335.1"",""GCF_032762665.1"",""GCF_033142085.1"",""GCF_033570435.1"",""GCF_034703025.1"",""GCF_035985965.1"",""GCF_036246165.1"",""GCF_036246185.1"",""GCF_036246225.1"",""GCF_036327715.1"",""GCF_037290055.1"",""GCF_037891785.1"",""GCF_037892375.1"",""GCF_038049945.1"",""GCF_039645515.1"",""GCF_039645575.1"",""GCF_039783225.1"",""GCF_039783785.1"",""GCF_039955095.1"",""GCF_041225485.1"",""GCF_041225605.1"",""GCF_041281755.1"",""GCF_041509385.1"",""GCF_041514285.1"",""GCF_041514295.1"",""GCF_041893975.1"",""GCF_042847315.1"",""GCF_042997415.1"",""GCF_045760565.1"",""GCF_045801155.1"",""GCF_045862825.1"",""GCF_046109915.1"",""GCF_047344935.1"",""GCF_050407965.1"",""GCF_050847345.1"",""GCF_051098045.1"",""GCF_052569745.1"",""GCF_052570115.1"",""GCF_052571685.1"",""GCF_054073565.1"",""GCF_054331775.1"",""GCF_054452875.2"",""GCF_054784775.1"",""GCF_054785075.1"",""GCF_055180435.1"",""GCF_055502585.1"",""GCF_055755075.1"",""GCF_056269605.1"",""GCF_056676095.1"",""GCF_057786735.1"",""GCF_058111805.1"",""GCF_059089415.1"",""GCF_060305805.1"",""GCF_060307215.1"",""GCF_900016205.1"",""GCF_900094835.1"",""GCF_900240275.1"",""GCF_900519455.1"",""GCF_900519475.1"",""GCF_900636965.1"",""GCF_903885985.1"",""GCF_903886345.1"",""GCF_903886475.1"",""GCF_903891025.1"",""GCF_903891205.1"",""GCF_947539375.1"",""GCF_963243495.1"",""GCF_963281025.1"",""GCF_964063315.1"",""GCF_965136965.1"",""GCF_965286035.1"",""GCF_965286295.1"",""GCF_965286585.1"",""GCF_982267005.1""]"	root/1/1/1/1/1/1/1/0/0/0/1/1/0/1	"[""root/1/1/1/1/1/1/1/0/0/0/1/1/0/1""]"	"[{""node"":""root/1/1/1/1/1/1/1/0/0/0/1/1/0/1"",""length_coalescent_units"":1.3862943611198908}]"	1.0	0.0	0.0	5.0	0.0	0.0	0.9945355191256833	0.002732240437158474	0.002732240437158474	384	5.0
85811600c850c4c7b913a5793ba431b3ef34c40e493697c263dc01cf1b599f9f	"[""GCF_019576155.1"",""GCF_054073565.1""]"	"[""GCF_000009425.1"",""GCF_000010145.1"",""GCF_000011045.1"",""GCF_000014385.1"",""GCF_000014425.1"",""GCF_000014445.1"",""GCF_000014505.1"",""GCF_000014545.1"",""GCF_000015385.1"",""GCF_000016825.1"",""GCF_000023085.1"",""GCF_000025045.1"",""GCF_000026405.1"",""GCF_000092505.1"",""GCF_000148815.2"",""GCF_000155515.2"",""GCF_000160835.1"",""GCF_000203855.3"",""GCF_000237995.1"",""GCF_000241055.1"",""GCF_000269925.1"",""GCF_000269945.1"",""GCF_000298875.1"",""GCF_000468955.1"",""GCF_000691805.2"",""GCF_001434365.1"",""GCF_001434705.1"",""GCF_001435245.1"",""GCF_001436135.1"",""GCF_001436905.1"",""GCF_001437055.1"",""GCF_001437425.1"",""GCF_001438705.1"",""GCF_001536305.1"",""GCF_001618285.1"",""GCF_001702215.1"",""GCF_001702235.1"",""GCF_001752505.1"",""GCF_001752515.1"",""GCF_001752545.1"",""GCF_001761545.1"",""GCF_001767275.1"",""GCF_001888925.1"",""GCF_001891125.1"",""GCF_001932615.1"",""GCF_001998805.1"",""GCF_002174215.1"",""GCF_002950695.1"",""GCF_002970915.1"",""GCF_002970935.1"",""GCF_003150935.1"",""GCF_003151025.1"",""GCF_003173695.1"",""GCF_003176835.1"",""GCF_003264795.1"",""GCF_003584685.1"",""GCF_003641185.1"",""GCF_003722275.1"",""GCF_003999355.1"",""GCF_004354645.1"",""GCF_004377635.1"",""GCF_005405405.1"",""GCF_005405465.1"",""GCF_007954605.1"",""GCF_007954785.1"",""GCF_008107645.1"",""GCF_008831485.1"",""GCF_009184845.1"",""GCF_009856565.1"",""GCF_009913655.1"",""GCF_009913995.1"",""GCF_009914015.1"",""GCF_009914035.1"",""GCF_010092385.1"",""GCF_011058775.1"",""GCF_011304355.1"",""GCF_013113695.1"",""GCF_013407595.1"",""GCF_014131735.1"",""GCF_014145545.1"",""GCF_014145555.1"",""GCF_014145615.1"",""GCF_014397255.1"",""GCF_014656585.1"",""GCF_014789145.1"",""GCF_016127255.1"",""GCF_016127815.1"",""GCF_016647595.1"",""GCF_016919665.1"",""GCF_017068355.1"",""GCF_017894345.1"",""GCF_018394055.1"",""GCF_018502505.1"",""GCF_019448175.1"",""GCF_019469265.1"",""GCF_019797825.1"",""GCF_020510245.1"",""GCF_020784695.1"",""GCF_020844005.1"",""GCF_021378055.1"",""GCF_023169905.1"",""GCF_023499275.1"",""GCF_023920145.1"",""GCF_024334065.1"",""GCF_024397795.1"",""GCF_024718545.1"",""GCF_025311495.1"",""GCF_025490915.1"",""GCF_025739325.1"",""GCF_025948295.1"",""GCF_026222675.1"",""GCF_028607025.1"",""GCF_028621815.1"",""GCF_028736235.1"",""GCF_029025825.1"",""GCF_029726355.1"",""GCF_029854335.1"",""GCF_029866985.1"",""GCF_030480545.1"",""GCF_030770265.1"",""GCF_030770295.1"",""GCF_030770335.1"",""GCF_032762665.1"",""GCF_033142085.1"",""GCF_033570435.1"",""GCF_034703025.1"",""GCF_035985965.1"",""GCF_036246165.1"",""GCF_036246185.1"",""GCF_036246225.1"",""GCF_036327715.1"",""GCF_037290055.1"",""GCF_037891785.1"",""GCF_037892375.1"",""GCF_038049945.1"",""GCF_039645515.1"",""GCF_039645575.1"",""GCF_039783225.1"",""GCF_039783785.1"",""GCF_039955095.1"",""GCF_041225485.1"",""GCF_041225605.1"",""GCF_041281755.1"",""GCF_041509385.1"",""GCF_041514285.1"",""GCF_041514295.1"",""GCF_041893975.1"",""GCF_042847315.1"",""GCF_042997415.1"",""GCF_045760565.1"",""GCF_045801155.1"",""GCF_045862825.1"",""GCF_046109915.1"",""GCF_047344935.1"",""GCF_050407965.1"",""GCF_050847345.1"",""GCF_051098045.1"",""GCF_052569745.1"",""GCF_052570115.1"",""GCF_052571685.1"",""GCF_054331775.1"",""GCF_054452875.2"",""GCF_054784775.1"",""GCF_054785075.1"",""GCF_055180435.1"",""GCF_055502585.1"",""GCF_055755075.1"",""GCF_056269605.1"",""GCF_056676095.1"",""GCF_057786735.1"",""GCF_058111805.1"",""GCF_059089415.1"",""GCF_060305805.1"",""GCF_060307215.1"",""GCF_900016205.1"",""GCF_900094835.1"",""GCF_900240275.1"",""GCF_900519455.1"",""GCF_900519475.1"",""GCF_900636965.1"",""GCF_903885985.1"",""GCF_903886345.1"",""GCF_903886475.1"",""GCF_903891025.1"",""GCF_903891205.1"",""GCF_947539375.1"",""GCF_963243495.1"",""GCF_963281025.1"",""GCF_964063315.1"",""GCF_965136965.1"",""GCF_965286035.1"",""GCF_965286295.1"",""GCF_965286585.1"",""GCF_982267005.1""]"	root/1/1/1/1/1/1/1/0/0/0/1/1/1/0	"[""root/1/1/1/1/1/1/1/0/0/0/1/1/1/0""]"	"[{""node"":""root/1/1/1/1/1/1/1/0/0/0/1/1/1/0"",""length_coalescent_units"":0.28952539094607027}]"	0.6011049723756907	0.00441988950276243	0.39447513812154694	3.0055248618784534	0.022099447513812154	1.9723756906077348	0.6712616544397735	0.08205364650607719	0.24668469905414928	1128	5.0
58df10996306fd2df3288b54d4434b98c40363da634b62f82c380bf79d6901c7	"[""GCF_020844005.1"",""GCF_024334065.1"",""GCF_029866985.1"",""GCF_038049945.1"",""GCF_039783225.1"",""GCF_052569745.1"",""GCF_052570115.1"",""GCF_052571685.1"",""GCF_056269605.1"",""GCF_057786735.1"",""GCF_903891025.1"",""GCF_903891205.1""]"	"[""GCF_000009425.1"",""GCF_000010145.1"",""GCF_000011045.1"",""GCF_000014385.1"",""GCF_000014425.1"",""GCF_000014445.1"",""GCF_000014505.1"",""GCF_000014545.1"",""GCF_000015385.1"",""GCF_000016825.1"",""GCF_000023085.1"",""GCF_000025045.1"",""GCF_000026405.1"",""GCF_000092505.1"",""GCF_000148815.2"",""GCF_000155515.2"",""GCF_000160835.1"",""GCF_000203855.3"",""GCF_000237995.1"",""GCF_000241055.1"",""GCF_000269925.1"",""GCF_000269945.1"",""GCF_000298875.1"",""GCF_000468955.1"",""GCF_000691805.2"",""GCF_001434365.1"",""GCF_001434705.1"",""GCF_001435245.1"",""GCF_001436135.1"",""GCF_001436905.1"",""GCF_001437055.1"",""GCF_001437425.1"",""GCF_001438705.1"",""GCF_001536305.1"",""GCF_001618285.1"",""GCF_001702215.1"",""GCF_001702235.1"",""GCF_001752505.1"",""GCF_001752515.1"",""GCF_001752545.1"",""GCF_001761545.1"",""GCF_001767275.1"",""GCF_001888925.1"",""GCF_001891125.1"",""GCF_001932615.1"",""GCF_001998805.1"",""GCF_002174215.1"",""GCF_002950695.1"",""GCF_002970915.1"",""GCF_002970935.1"",""GCF_003150935.1"",""GCF_003151025.1"",""GCF_003173695.1"",""GCF_003176835.1"",""GCF_003264795.1"",""GCF_003584685.1"",""GCF_003641185.1"",""GCF_003722275.1"",""GCF_003999355.1"",""GCF_004354645.1"",""GCF_004377635.1"",""GCF_005405405.1"",""GCF_005405465.1"",""GCF_007954605.1"",""GCF_007954785.1"",""GCF_008107645.1"",""GCF_008831485.1"",""GCF_009184845.1"",""GCF_009856565.1"",""GCF_009913655.1"",""GCF_009913995.1"",""GCF_009914015.1"",""GCF_009914035.1"",""GCF_010092385.1"",""GCF_011058775.1"",""GCF_011304355.1"",""GCF_013113695.1"",""GCF_013407595.1"",""GCF_014131735.1"",""GCF_014145545.1"",""GCF_014145555.1"",""GCF_014145615.1"",""GCF_014397255.1"",""GCF_014656585.1"",""GCF_014789145.1"",""GCF_016127255.1"",""GCF_016127815.1"",""GCF_016647595.1"",""GCF_016919665.1"",""GCF_017068355.1"",""GCF_017894345.1"",""GCF_018394055.1"",""GCF_018502505.1"",""GCF_019448175.1"",""GCF_019469265.1"",""GCF_019576155.1"",""GCF_019797825.1"",""GCF_020510245.1"",""GCF_020784695.1"",""GCF_021378055.1"",""GCF_023169905.1"",""GCF_023499275.1"",""GCF_023920145.1"",""GCF_024397795.1"",""GCF_024718545.1"",""GCF_025311495.1"",""GCF_025490915.1"",""GCF_025739325.1"",""GCF_025948295.1"",""GCF_026222675.1"",""GCF_028607025.1"",""GCF_028621815.1"",""GCF_028736235.1"",""GCF_029025825.1"",""GCF_029726355.1"",""GCF_029854335.1"",""GCF_030480545.1"",""GCF_030770265.1"",""GCF_030770295.1"",""GCF_030770335.1"",""GCF_032762665.1"",""GCF_033142085.1"",""GCF_033570435.1"",""GCF_034703025.1"",""GCF_035985965.1"",""GCF_036246165.1"",""GCF_036246185.1"",""GCF_036246225.1"",""GCF_036327715.1"",""GCF_037290055.1"",""GCF_037891785.1"",""GCF_037892375.1"",""GCF_039645515.1"",""GCF_039645575.1"",""GCF_039783785.1"",""GCF_039955095.1"",""GCF_041225485.1"",""GCF_041225605.1"",""GCF_041281755.1"",""GCF_041509385.1"",""GCF_041514285.1"",""GCF_041514295.1"",""GCF_041893975.1"",""GCF_042847315.1"",""GCF_042997415.1"",""GCF_045760565.1"",""GCF_045801155.1"",""GCF_045862825.1"",""GCF_046109915.1"",""GCF_047344935.1"",""GCF_050407965.1"",""GCF_050847345.1"",""GCF_051098045.1"",""GCF_054073565.1"",""GCF_054331775.1"",""GCF_054452875.2"",""GCF_054784775.1"",""GCF_054785075.1"",""GCF_055180435.1"",""GCF_055502585.1"",""GCF_055755075.1"",""GCF_056676095.1"",""GCF_058111805.1"",""GCF_059089415.1"",""GCF_060305805.1"",""GCF_060307215.1"",""GCF_900016205.1"",""GCF_900094835.1"",""GCF_900240275.1"",""GCF_900519455.1"",""GCF_900519475.1"",""GCF_900636965.1"",""GCF_903885985.1"",""GCF_903886345.1"",""GCF_903886475.1"",""GCF_947539375.1"",""GCF_963243495.1"",""GCF_963281025.1"",""GCF_964063315.1"",""GCF_965136965.1"",""GCF_965286035.1"",""GCF_965286295.1"",""GCF_965286585.1"",""GCF_982267005.1""]"	root/1/1/1/1/1/1/1/1/0/1/1	"[""root/1/1/1/1/1/1/1/1/0/1/1""]"	"[{""node"":""root/1/1/1/1/1/1/1/1/0/1/1"",""length_coalescent_units"":0.0007256573203010565}]"	0.40058031527576177	0.438013487924783	0.16140619679945523	2.0029015763788087	2.190067439623915	0.8070309839972761	0.380074379906314	0.44333177783290656	0.17659384226077934	11748	5.0
44353d21a30c8b45055b57cc69a1b32b33e440cc4ddc42085a661e38e054e57b	"[""GCF_020844005.1"",""GCF_029866985.1"",""GCF_038049945.1"",""GCF_039783225.1"",""GCF_052569745.1"",""GCF_052570115.1"",""GCF_052571685.1"",""GCF_056269605.1"",""GCF_057786735.1"",""GCF_903891025.1"",""GCF_903891205.1""]"	"[""GCF_000009425.1"",""GCF_000010145.1"",""GCF_000011045.1"",""GCF_000014385.1"",""GCF_000014425.1"",""GCF_000014445.1"",""GCF_000014505.1"",""GCF_000014545.1"",""GCF_000015385.1"",""GCF_000016825.1"",""GCF_000023085.1"",""GCF_000025045.1"",""GCF_000026405.1"",""GCF_000092505.1"",""GCF_000148815.2"",""GCF_000155515.2"",""GCF_000160835.1"",""GCF_000203855.3"",""GCF_000237995.1"",""GCF_000241055.1"",""GCF_000269925.1"",""GCF_000269945.1"",""GCF_000298875.1"",""GCF_000468955.1"",""GCF_000691805.2"",""GCF_001434365.1"",""GCF_001434705.1"",""GCF_001435245.1"",""GCF_001436135.1"",""GCF_001436905.1"",""GCF_001437055.1"",""GCF_001437425.1"",""GCF_001438705.1"",""GCF_001536305.1"",""GCF_001618285.1"",""GCF_001702215.1"",""GCF_001702235.1"",""GCF_001752505.1"",""GCF_001752515.1"",""GCF_001752545.1"",""GCF_001761545.1"",""GCF_001767275.1"",""GCF_001888925.1"",""GCF_001891125.1"",""GCF_001932615.1"",""GCF_001998805.1"",""GCF_002174215.1"",""GCF_002950695.1"",""GCF_002970915.1"",""GCF_002970935.1"",""GCF_003150935.1"",""GCF_003151025.1"",""GCF_003173695.1"",""GCF_003176835.1"",""GCF_003264795.1"",""GCF_003584685.1"",""GCF_003641185.1"",""GCF_003722275.1"",""GCF_003999355.1"",""GCF_004354645.1"",""GCF_004377635.1"",""GCF_005405405.1"",""GCF_005405465.1"",""GCF_007954605.1"",""GCF_007954785.1"",""GCF_008107645.1"",""GCF_008831485.1"",""GCF_009184845.1"",""GCF_009856565.1"",""GCF_009913655.1"",""GCF_009913995.1"",""GCF_009914015.1"",""GCF_009914035.1"",""GCF_010092385.1"",""GCF_011058775.1"",""GCF_011304355.1"",""GCF_013113695.1"",""GCF_013407595.1"",""GCF_014131735.1"",""GCF_014145545.1"",""GCF_014145555.1"",""GCF_014145615.1"",""GCF_014397255.1"",""GCF_014656585.1"",""GCF_014789145.1"",""GCF_016127255.1"",""GCF_016127815.1"",""GCF_016647595.1"",""GCF_016919665.1"",""GCF_017068355.1"",""GCF_017894345.1"",""GCF_018394055.1"",""GCF_018502505.1"",""GCF_019448175.1"",""GCF_019469265.1"",""GCF_019576155.1"",""GCF_019797825.1"",""GCF_020510245.1"",""GCF_020784695.1"",""GCF_021378055.1"",""GCF_023169905.1"",""GCF_023499275.1"",""GCF_023920145.1"",""GCF_024334065.1"",""GCF_024397795.1"",""GCF_024718545.1"",""GCF_025311495.1"",""GCF_025490915.1"",""GCF_025739325.1"",""GCF_025948295.1"",""GCF_026222675.1"",""GCF_028607025.1"",""GCF_028621815.1"",""GCF_028736235.1"",""GCF_029025825.1"",""GCF_029726355.1"",""GCF_029854335.1"",""GCF_030480545.1"",""GCF_030770265.1"",""GCF_030770295.1"",""GCF_030770335.1"",""GCF_032762665.1"",""GCF_033142085.1"",""GCF_033570435.1"",""GCF_034703025.1"",""GCF_035985965.1"",""GCF_036246165.1"",""GCF_036246185.1"",""GCF_036246225.1"",""GCF_036327715.1"",""GCF_037290055.1"",""GCF_037891785.1"",""GCF_037892375.1"",""GCF_039645515.1"",""GCF_039645575.1"",""GCF_039783785.1"",""GCF_039955095.1"",""GCF_041225485.1"",""GCF_041225605.1"",""GCF_041281755.1"",""GCF_041509385.1"",""GCF_041514285.1"",""GCF_041514295.1"",""GCF_041893975.1"",""GCF_042847315.1"",""GCF_042997415.1"",""GCF_045760565.1"",""GCF_045801155.1"",""GCF_045862825.1"",""GCF_046109915.1"",""GCF_047344935.1"",""GCF_050407965.1"",""GCF_050847345.1"",""GCF_051098045.1"",""GCF_054073565.1"",""GCF_054331775.1"",""GCF_054452875.2"",""GCF_054784775.1"",""GCF_054785075.1"",""GCF_055180435.1"",""GCF_055502585.1"",""GCF_055755075.1"",""GCF_056676095.1"",""GCF_058111805.1"",""GCF_059089415.1"",""GCF_060305805.1"",""GCF_060307215.1"",""GCF_900016205.1"",""GCF_900094835.1"",""GCF_900240275.1"",""GCF_900519455.1"",""GCF_900519475.1"",""GCF_900636965.1"",""GCF_903885985.1"",""GCF_903886345.1"",""GCF_903886475.1"",""GCF_947539375.1"",""GCF_963243495.1"",""GCF_963281025.1"",""GCF_964063315.1"",""GCF_965136965.1"",""GCF_965286035.1"",""GCF_965286295.1"",""GCF_965286585.1"",""GCF_982267005.1""]"	root/1/1/1/1/1/1/1/1/0/1/1/1	"[""root/1/1/1/1/1/1/1/1/0/1/1/1""]"	"[{""node"":""root/1/1/1/1/1/1/1/1/0/1/1/1"",""length_coalescent_units"":0.20415452312676455}]"	0.5477309014984033	0.07996985793826251	0.3722992405633342	2.7386545074920168	0.39984928969131256	1.8614962028166708	0.6062492912601831	0.11756100986527794	0.2761896988745388	4416	5.0
50a0351218028e1c6b166bb7ff38aa651bf9ca44998611a1ac4824f154279eed	"[""GCF_020844005.1"",""GCF_038049945.1"",""GCF_052569745.1"",""GCF_052570115.1"",""GCF_052571685.1"",""GCF_056269605.1"",""GCF_903891025.1"",""GCF_903891205.1""]"	"[""GCF_000009425.1"",""GCF_000010145.1"",""GCF_000011045.1"",""GCF_000014385.1"",""GCF_000014425.1"",""GCF_000014445.1"",""GCF_000014505.1"",""GCF_000014545.1"",""GCF_000015385.1"",""GCF_000016825.1"",""GCF_000023085.1"",""GCF_000025045.1"",""GCF_000026405.1"",""GCF_000092505.1"",""GCF_000148815.2"",""GCF_000155515.2"",""GCF_000160835.1"",""GCF_000203855.3"",""GCF_000237995.1"",""GCF_000241055.1"",""GCF_000269925.1"",""GCF_000269945.1"",""GCF_000298875.1"",""GCF_000468955.1"",""GCF_000691805.2"",""GCF_001434365.1"",""GCF_001434705.1"",""GCF_001435245.1"",""GCF_001436135.1"",""GCF_001436905.1"",""GCF_001437055.1"",""GCF_001437425.1"",""GCF_001438705.1"",""GCF_001536305.1"",""GCF_001618285.1"",""GCF_001702215.1"",""GCF_001702235.1"",""GCF_001752505.1"",""GCF_001752515.1"",""GCF_001752545.1"",""GCF_001761545.1"",""GCF_001767275.1"",""GCF_001888925.1"",""GCF_001891125.1"",""GCF_001932615.1"",""GCF_001998805.1"",""GCF_002174215.1"",""GCF_002950695.1"",""GCF_002970915.1"",""GCF_002970935.1"",""GCF_003150935.1"",""GCF_003151025.1"",""GCF_003173695.1"",""GCF_003176835.1"",""GCF_003264795.1"",""GCF_003584685.1"",""GCF_003641185.1"",""GCF_003722275.1"",""GCF_003999355.1"",""GCF_004354645.1"",""GCF_004377635.1"",""GCF_005405405.1"",""GCF_005405465.1"",""GCF_007954605.1"",""GCF_007954785.1"",""GCF_008107645.1"",""GCF_008831485.1"",""GCF_009184845.1"",""GCF_009856565.1"",""GCF_009913655.1"",""GCF_009913995.1"",""GCF_009914015.1"",""GCF_009914035.1"",""GCF_010092385.1"",""GCF_011058775.1"",""GCF_011304355.1"",""GCF_013113695.1"",""GCF_013407595.1"",""GCF_014131735.1"",""GCF_014145545.1"",""GCF_014145555.1"",""GCF_014145615.1"",""GCF_014397255.1"",""GCF_014656585.1"",""GCF_014789145.1"",""GCF_016127255.1"",""GCF_016127815.1"",""GCF_016647595.1"",""GCF_016919665.1"",""GCF_017068355.1"",""GCF_017894345.1"",""GCF_018394055.1"",""GCF_018502505.1"",""GCF_019448175.1"",""GCF_019469265.1"",""GCF_019576155.1"",""GCF_019797825.1"",""GCF_020510245.1"",""GCF_020784695.1"",""GCF_021378055.1"",""GCF_023169905.1"",""GCF_023499275.1"",""GCF_023920145.1"",""GCF_024334065.1"",""GCF_024397795.1"",""GCF_024718545.1"",""GCF_025311495.1"",""GCF_025490915.1"",""GCF_025739325.1"",""GCF_025948295.1"",""GCF_026222675.1"",""GCF_028607025.1"",""GCF_028621815.1"",""GCF_028736235.1"",""GCF_029025825.1"",""GCF_029726355.1"",""GCF_029854335.1"",""GCF_029866985.1"",""GCF_030480545.1"",""GCF_030770265.1"",""GCF_030770295.1"",""GCF_030770335.1"",""GCF_032762665.1"",""GCF_033142085.1"",""GCF_033570435.1"",""GCF_034703025.1"",""GCF_035985965.1"",""GCF_036246165.1"",""GCF_036246185.1"",""GCF_036246225.1"",""GCF_036327715.1"",""GCF_037290055.1"",""GCF_037891785.1"",""GCF_037892375.1"",""GCF_039645515.1"",""GCF_039645575.1"",""GCF_039783225.1"",""GCF_039783785.1"",""GCF_039955095.1"",""GCF_041225485.1"",""GCF_041225605.1"",""GCF_041281755.1"",""GCF_041509385.1"",""GCF_041514285.1"",""GCF_041514295.1"",""GCF_041893975.1"",""GCF_042847315.1"",""GCF_042997415.1"",""GCF_045760565.1"",""GCF_045801155.1"",""GCF_045862825.1"",""GCF_046109915.1"",""GCF_047344935.1"",""GCF_050407965.1"",""GCF_050847345.1"",""GCF_051098045.1"",""GCF_054073565.1"",""GCF_054331775.1"",""GCF_054452875.2"",""GCF_054784775.1"",""GCF_054785075.1"",""GCF_055180435.1"",""GCF_055502585.1"",""GCF_055755075.1"",""GCF_056676095.1"",""GCF_057786735.1"",""GCF_058111805.1"",""GCF_059089415.1"",""GCF_060305805.1"",""GCF_060307215.1"",""GCF_900016205.1"",""GCF_900094835.1"",""GCF_900240275.1"",""GCF_900519455.1"",""GCF_900519475.1"",""GCF_900636965.1"",""GCF_903885985.1"",""GCF_903886345.1"",""GCF_903886475.1"",""GCF_947539375.1"",""GCF_963243495.1"",""GCF_963281025.1"",""GCF_964063315.1"",""GCF_965136965.1"",""GCF_965286035.1"",""GCF_965286295.1"",""GCF_965286585.1"",""GCF_982267005.1""]"	root/1/1/1/1/1/1/1/1/0/1/1/1/1	"[""root/1/1/1/1/1/1/1/1/0/1/1/1/1""]"	"[{""node"":""root/1/1/1/1/1/1/1/1/0/1/1/1/1"",""length_coalescent_units"":0.0}]"	0.3950750750750751	0.21909909909909908	0.3858258258258258	1.9753753753753756	1.0954954954954954	1.929129129129129	0.3968571185478832	0.22030533854257428	0.38283754290954247	6660	5.0
22b4b4f2d4bbcd7a9438007eb0870f7fb0ea1fc692888f46083a561c19ddbed6	"[""GCF_020844005.1"",""GCF_052569745.1"",""GCF_052570115.1"",""GCF_052571685.1"",""GCF_056269605.1"",""GCF_903891025.1""]"	"[""GCF_000009425.1"",""GCF_000010145.1"",""GCF_000011045.1"",""GCF_000014385.1"",""GCF_000014425.1"",""GCF_000014445.1"",""GCF_000014505.1"",""GCF_000014545.1"",""GCF_000015385.1"",""GCF_000016825.1"",""GCF_000023085.1"",""GCF_000025045.1"",""GCF_000026405.1"",""GCF_000092505.1"",""GCF_000148815.2"",""GCF_000155515.2"",""GCF_000160835.1"",""GCF_000203855.3"",""GCF_000237995.1"",""GCF_000241055.1"",""GCF_000269925.1"",""GCF_000269945.1"",""GCF_000298875.1"",""GCF_000468955.1"",""GCF_000691805.2"",""GCF_001434365.1"",""GCF_001434705.1"",""GCF_001435245.1"",""GCF_001436135.1"",""GCF_001436905.1"",""GCF_001437055.1"",""GCF_001437425.1"",""GCF_001438705.1"",""GCF_001536305.1"",""GCF_001618285.1"",""GCF_001702215.1"",""GCF_001702235.1"",""GCF_001752505.1"",""GCF_001752515.1"",""GCF_001752545.1"",""GCF_001761545.1"",""GCF_001767275.1"",""GCF_001888925.1"",""GCF_001891125.1"",""GCF_001932615.1"",""GCF_001998805.1"",""GCF_002174215.1"",""GCF_002950695.1"",""GCF_002970915.1"",""GCF_002970935.1"",""GCF_003150935.1"",""GCF_003151025.1"",""GCF_003173695.1"",""GCF_003176835.1"",""GCF_003264795.1"",""GCF_003584685.1"",""GCF_003641185.1"",""GCF_003722275.1"",""GCF_003999355.1"",""GCF_004354645.1"",""GCF_004377635.1"",""GCF_005405405.1"",""GCF_005405465.1"",""GCF_007954605.1"",""GCF_007954785.1"",""GCF_008107645.1"",""GCF_008831485.1"",""GCF_009184845.1"",""GCF_009856565.1"",""GCF_009913655.1"",""GCF_009913995.1"",""GCF_009914015.1"",""GCF_009914035.1"",""GCF_010092385.1"",""GCF_011058775.1"",""GCF_011304355.1"",""GCF_013113695.1"",""GCF_013407595.1"",""GCF_014131735.1"",""GCF_014145545.1"",""GCF_014145555.1"",""GCF_014145615.1"",""GCF_014397255.1"",""GCF_014656585.1"",""GCF_014789145.1"",""GCF_016127255.1"",""GCF_016127815.1"",""GCF_016647595.1"",""GCF_016919665.1"",""GCF_017068355.1"",""GCF_017894345.1"",""GCF_018394055.1"",""GCF_018502505.1"",""GCF_019448175.1"",""GCF_019469265.1"",""GCF_019576155.1"",""GCF_019797825.1"",""GCF_020510245.1"",""GCF_020784695.1"",""GCF_021378055.1"",""GCF_023169905.1"",""GCF_023499275.1"",""GCF_023920145.1"",""GCF_024334065.1"",""GCF_024397795.1"",""GCF_024718545.1"",""GCF_025311495.1"",""GCF_025490915.1"",""GCF_025739325.1"",""GCF_025948295.1"",""GCF_026222675.1"",""GCF_028607025.1"",""GCF_028621815.1"",""GCF_028736235.1"",""GCF_029025825.1"",""GCF_029726355.1"",""GCF_029854335.1"",""GCF_029866985.1"",""GCF_030480545.1"",""GCF_030770265.1"",""GCF_030770295.1"",""GCF_030770335.1"",""GCF_032762665.1"",""GCF_033142085.1"",""GCF_033570435.1"",""GCF_034703025.1"",""GCF_035985965.1"",""GCF_036246165.1"",""GCF_036246185.1"",""GCF_036246225.1"",""GCF_036327715.1"",""GCF_037290055.1"",""GCF_037891785.1"",""GCF_037892375.1"",""GCF_038049945.1"",""GCF_039645515.1"",""GCF_039645575.1"",""GCF_039783225.1"",""GCF_039783785.1"",""GCF_039955095.1"",""GCF_041225485.1"",""GCF_041225605.1"",""GCF_041281755.1"",""GCF_041509385.1"",""GCF_041514285.1"",""GCF_041514295.1"",""GCF_041893975.1"",""GCF_042847315.1"",""GCF_042997415.1"",""GCF_045760565.1"",""GCF_045801155.1"",""GCF_045862825.1"",""GCF_046109915.1"",""GCF_047344935.1"",""GCF_050407965.1"",""GCF_050847345.1"",""GCF_051098045.1"",""GCF_054073565.1"",""GCF_054331775.1"",""GCF_054452875.2"",""GCF_054784775.1"",""GCF_054785075.1"",""GCF_055180435.1"",""GCF_055502585.1"",""GCF_055755075.1"",""GCF_056676095.1"",""GCF_057786735.1"",""GCF_058111805.1"",""GCF_059089415.1"",""GCF_060305805.1"",""GCF_060307215.1"",""GCF_900016205.1"",""GCF_900094835.1"",""GCF_900240275.1"",""GCF_900519455.1"",""GCF_900519475.1"",""GCF_900636965.1"",""GCF_903885985.1"",""GCF_903886345.1"",""GCF_903886475.1"",""GCF_903891205.1"",""GCF_947539375.1"",""GCF_963243495.1"",""GCF_963281025.1"",""GCF_964063315.1"",""GCF_965136965.1"",""GCF_965286035.1"",""GCF_965286295.1"",""GCF_965286585.1"",""GCF_982267005.1""]"	root/1/1/1/1/1/1/1/1/0/1/1/1/1/1	"[""root/1/1/1/1/1/1/1/1/0/1/1/1/1/1""]"	"[{""node"":""root/1/1/1/1/1/1/1/1/0/1/1/1/1/1"",""length_coalescent_units"":0.243800932105972}]"	0.5730851063829787	0.14585106382978724	0.28106382978723404	2.8654255319148936	0.7292553191489362	1.4053191489361703	0.6724514831159046	0.13287206820327388	0.19467644868082143	1880	5.0
d38cedfa628557026139257e2e4806959e40ec79f0032908be233eb15ff378fa	"[""GCF_020844005.1"",""GCF_052569745.1"",""GCF_052570115.1"",""GCF_052571685.1"",""GCF_903891025.1""]"	"[""GCF_000009425.1"",""GCF_000010145.1"",""GCF_000011045.1"",""GCF_000014385.1"",""GCF_000014425.1"",""GCF_000014445.1"",""GCF_000014505.1"",""GCF_000014545.1"",""GCF_000015385.1"",""GCF_000016825.1"",""GCF_000023085.1"",""GCF_000025045.1"",""GCF_000026405.1"",""GCF_000092505.1"",""GCF_000148815.2"",""GCF_000155515.2"",""GCF_000160835.1"",""GCF_000203855.3"",""GCF_000237995.1"",""GCF_000241055.1"",""GCF_000269925.1"",""GCF_000269945.1"",""GCF_000298875.1"",""GCF_000468955.1"",""GCF_000691805.2"",""GCF_001434365.1"",""GCF_001434705.1"",""GCF_001435245.1"",""GCF_001436135.1"",""GCF_001436905.1"",""GCF_001437055.1"",""GCF_001437425.1"",""GCF_001438705.1"",""GCF_001536305.1"",""GCF_001618285.1"",""GCF_001702215.1"",""GCF_001702235.1"",""GCF_001752505.1"",""GCF_001752515.1"",""GCF_001752545.1"",""GCF_001761545.1"",""GCF_001767275.1"",""GCF_001888925.1"",""GCF_001891125.1"",""GCF_001932615.1"",""GCF_001998805.1"",""GCF_002174215.1"",""GCF_002950695.1"",""GCF_002970915.1"",""GCF_002970935.1"",""GCF_003150935.1"",""GCF_003151025.1"",""GCF_003173695.1"",""GCF_003176835.1"",""GCF_003264795.1"",""GCF_003584685.1"",""GCF_003641185.1"",""GCF_003722275.1"",""GCF_003999355.1"",""GCF_004354645.1"",""GCF_004377635.1"",""GCF_005405405.1"",""GCF_005405465.1"",""GCF_007954605.1"",""GCF_007954785.1"",""GCF_008107645.1"",""GCF_008831485.1"",""GCF_009184845.1"",""GCF_009856565.1"",""GCF_009913655.1"",""GCF_009913995.1"",""GCF_009914015.1"",""GCF_009914035.1"",""GCF_010092385.1"",""GCF_011058775.1"",""GCF_011304355.1"",""GCF_013113695.1"",""GCF_013407595.1"",""GCF_014131735.1"",""GCF_014145545.1"",""GCF_014145555.1"",""GCF_014145615.1"",""GCF_014397255.1"",""GCF_014656585.1"",""GCF_014789145.1"",""GCF_016127255.1"",""GCF_016127815.1"",""GCF_016647595.1"",""GCF_016919665.1"",""GCF_017068355.1"",""GCF_017894345.1"",""GCF_018394055.1"",""GCF_018502505.1"",""GCF_019448175.1"",""GCF_019469265.1"",""GCF_019576155.1"",""GCF_019797825.1"",""GCF_020510245.1"",""GCF_020784695.1"",""GCF_021378055.1"",""GCF_023169905.1"",""GCF_023499275.1"",""GCF_023920145.1"",""GCF_024334065.1"",""GCF_024397795.1"",""GCF_024718545.1"",""GCF_025311495.1"",""GCF_025490915.1"",""GCF_025739325.1"",""GCF_025948295.1"",""GCF_026222675.1"",""GCF_028607025.1"",""GCF_028621815.1"",""GCF_028736235.1"",""GCF_029025825.1"",""GCF_029726355.1"",""GCF_029854335.1"",""GCF_029866985.1"",""GCF_030480545.1"",""GCF_030770265.1"",""GCF_030770295.1"",""GCF_030770335.1"",""GCF_032762665.1"",""GCF_033142085.1"",""GCF_033570435.1"",""GCF_034703025.1"",""GCF_035985965.1"",""GCF_036246165.1"",""GCF_036246185.1"",""GCF_036246225.1"",""GCF_036327715.1"",""GCF_037290055.1"",""GCF_037891785.1"",""GCF_037892375.1"",""GCF_038049945.1"",""GCF_039645515.1"",""GCF_039645575.1"",""GCF_039783225.1"",""GCF_039783785.1"",""GCF_039955095.1"",""GCF_041225485.1"",""GCF_041225605.1"",""GCF_041281755.1"",""GCF_041509385.1"",""GCF_041514285.1"",""GCF_041514295.1"",""GCF_041893975.1"",""GCF_042847315.1"",""GCF_042997415.1"",""GCF_045760565.1"",""GCF_045801155.1"",""GCF_045862825.1"",""GCF_046109915.1"",""GCF_047344935.1"",""GCF_050407965.1"",""GCF_050847345.1"",""GCF_051098045.1"",""GCF_054073565.1"",""GCF_054331775.1"",""GCF_054452875.2"",""GCF_054784775.1"",""GCF_054785075.1"",""GCF_055180435.1"",""GCF_055502585.1"",""GCF_055755075.1"",""GCF_056269605.1"",""GCF_056676095.1"",""GCF_057786735.1"",""GCF_058111805.1"",""GCF_059089415.1"",""GCF_060305805.1"",""GCF_060307215.1"",""GCF_900016205.1"",""GCF_900094835.1"",""GCF_900240275.1"",""GCF_900519455.1"",""GCF_900519475.1"",""GCF_900636965.1"",""GCF_903885985.1"",""GCF_903886345.1"",""GCF_903886475.1"",""GCF_903891205.1"",""GCF_947539375.1"",""GCF_963243495.1"",""GCF_963281025.1"",""GCF_964063315.1"",""GCF_965136965.1"",""GCF_965286035.1"",""GCF_965286295.1"",""GCF_965286585.1"",""GCF_982267005.1""]"	root/1/1/1/1/1/1/1/1/0/1/1/1/1/1/1	"[""root/1/1/1/1/1/1/1/1/0/1/1/1/1/1/1""]"	"[{""node"":""root/1/1/1/1/1/1/1/1/0/1/1/1/1/1/1"",""length_coalescent_units"":0.6768336050684215}]"	0.7934210526315789	0.010789473684210526	0.19578947368421054	3.9671052631578947	0.05394736842105263	0.9789473684210527	0.9283603724871164	0.028121656352644634	0.04351797116023885	760	5.0
0fbbcd0fdf5da7b505048a3287327abcace60bf73f9990395530b8c2dc6e2122	"[""GCF_020844005.1"",""GCF_052570115.1"",""GCF_052571685.1"",""GCF_903891025.1""]"	"[""GCF_000009425.1"",""GCF_000010145.1"",""GCF_000011045.1"",""GCF_000014385.1"",""GCF_000014425.1"",""GCF_000014445.1"",""GCF_000014505.1"",""GCF_000014545.1"",""GCF_000015385.1"",""GCF_000016825.1"",""GCF_000023085.1"",""GCF_000025045.1"",""GCF_000026405.1"",""GCF_000092505.1"",""GCF_000148815.2"",""GCF_000155515.2"",""GCF_000160835.1"",""GCF_000203855.3"",""GCF_000237995.1"",""GCF_000241055.1"",""GCF_000269925.1"",""GCF_000269945.1"",""GCF_000298875.1"",""GCF_000468955.1"",""GCF_000691805.2"",""GCF_001434365.1"",""GCF_001434705.1"",""GCF_001435245.1"",""GCF_001436135.1"",""GCF_001436905.1"",""GCF_001437055.1"",""GCF_001437425.1"",""GCF_001438705.1"",""GCF_001536305.1"",""GCF_001618285.1"",""GCF_001702215.1"",""GCF_001702235.1"",""GCF_001752505.1"",""GCF_001752515.1"",""GCF_001752545.1"",""GCF_001761545.1"",""GCF_001767275.1"",""GCF_001888925.1"",""GCF_001891125.1"",""GCF_001932615.1"",""GCF_001998805.1"",""GCF_002174215.1"",""GCF_002950695.1"",""GCF_002970915.1"",""GCF_002970935.1"",""GCF_003150935.1"",""GCF_003151025.1"",""GCF_003173695.1"",""GCF_003176835.1"",""GCF_003264795.1"",""GCF_003584685.1"",""GCF_003641185.1"",""GCF_003722275.1"",""GCF_003999355.1"",""GCF_004354645.1"",""GCF_004377635.1"",""GCF_005405405.1"",""GCF_005405465.1"",""GCF_007954605.1"",""GCF_007954785.1"",""GCF_008107645.1"",""GCF_008831485.1"",""GCF_009184845.1"",""GCF_009856565.1"",""GCF_009913655.1"",""GCF_009913995.1"",""GCF_009914015.1"",""GCF_009914035.1"",""GCF_010092385.1"",""GCF_011058775.1"",""GCF_011304355.1"",""GCF_013113695.1"",""GCF_013407595.1"",""GCF_014131735.1"",""GCF_014145545.1"",""GCF_014145555.1"",""GCF_014145615.1"",""GCF_014397255.1"",""GCF_014656585.1"",""GCF_014789145.1"",""GCF_016127255.1"",""GCF_016127815.1"",""GCF_016647595.1"",""GCF_016919665.1"",""GCF_017068355.1"",""GCF_017894345.1"",""GCF_018394055.1"",""GCF_018502505.1"",""GCF_019448175.1"",""GCF_019469265.1"",""GCF_019576155.1"",""GCF_019797825.1"",""GCF_020510245.1"",""GCF_020784695.1"",""GCF_021378055.1"",""GCF_023169905.1"",""GCF_023499275.1"",""GCF_023920145.1"",""GCF_024334065.1"",""GCF_024397795.1"",""GCF_024718545.1"",""GCF_025311495.1"",""GCF_025490915.1"",""GCF_025739325.1"",""GCF_025948295.1"",""GCF_026222675.1"",""GCF_028607025.1"",""GCF_028621815.1"",""GCF_028736235.1"",""GCF_029025825.1"",""GCF_029726355.1"",""GCF_029854335.1"",""GCF_029866985.1"",""GCF_030480545.1"",""GCF_030770265.1"",""GCF_030770295.1"",""GCF_030770335.1"",""GCF_032762665.1"",""GCF_033142085.1"",""GCF_033570435.1"",""GCF_034703025.1"",""GCF_035985965.1"",""GCF_036246165.1"",""GCF_036246185.1"",""GCF_036246225.1"",""GCF_036327715.1"",""GCF_037290055.1"",""GCF_037891785.1"",""GCF_037892375.1"",""GCF_038049945.1"",""GCF_039645515.1"",""GCF_039645575.1"",""GCF_039783225.1"",""GCF_039783785.1"",""GCF_039955095.1"",""GCF_041225485.1"",""GCF_041225605.1"",""GCF_041281755.1"",""GCF_041509385.1"",""GCF_041514285.1"",""GCF_041514295.1"",""GCF_041893975.1"",""GCF_042847315.1"",""GCF_042997415.1"",""GCF_045760565.1"",""GCF_045801155.1"",""GCF_045862825.1"",""GCF_046109915.1"",""GCF_047344935.1"",""GCF_050407965.1"",""GCF_050847345.1"",""GCF_051098045.1"",""GCF_052569745.1"",""GCF_054073565.1"",""GCF_054331775.1"",""GCF_054452875.2"",""GCF_054784775.1"",""GCF_054785075.1"",""GCF_055180435.1"",""GCF_055502585.1"",""GCF_055755075.1"",""GCF_056269605.1"",""GCF_056676095.1"",""GCF_057786735.1"",""GCF_058111805.1"",""GCF_059089415.1"",""GCF_060305805.1"",""GCF_060307215.1"",""GCF_900016205.1"",""GCF_900094835.1"",""GCF_900240275.1"",""GCF_900519455.1"",""GCF_900519475.1"",""GCF_900636965.1"",""GCF_903885985.1"",""GCF_903886345.1"",""GCF_903886475.1"",""GCF_903891205.1"",""GCF_947539375.1"",""GCF_963243495.1"",""GCF_963281025.1"",""GCF_964063315.1"",""GCF_965136965.1"",""GCF_965286035.1"",""GCF_965286295.1"",""GCF_965286585.1"",""GCF_982267005.1""]"	root/1/1/1/1/1/1/1/1/0/1/1/1/1/1/1/1	"[""root/1/1/1/1/1/1/1/1/0/1/1/1/1/1/1/1""]"	"[{""node"":""root/1/1/1/1/1/1/1/1/0/1/1/1/1/1/1/1"",""length_coalescent_units"":0.3088468836438243}]"	0.6125654450261779	0.19371727748691098	0.19371727748691098	3.06282722513089	0.9685863874345549	0.9685863874345548	0.737606462328651	0.13119676883567452	0.1311967688356745	573	5.0
2bcb6637975212427f3f80b978e73732d748261cb62dbdafefa7918cd2a6ac7d	"[""GCF_020844005.1"",""GCF_052570115.1"",""GCF_903891025.1""]"	"[""GCF_000009425.1"",""GCF_000010145.1"",""GCF_000011045.1"",""GCF_000014385.1"",""GCF_000014425.1"",""GCF_000014445.1"",""GCF_000014505.1"",""GCF_000014545.1"",""GCF_000015385.1"",""GCF_000016825.1"",""GCF_000023085.1"",""GCF_000025045.1"",""GCF_000026405.1"",""GCF_000092505.1"",""GCF_000148815.2"",""GCF_000155515.2"",""GCF_000160835.1"",""GCF_000203855.3"",""GCF_000237995.1"",""GCF_000241055.1"",""GCF_000269925.1"",""GCF_000269945.1"",""GCF_000298875.1"",""GCF_000468955.1"",""GCF_000691805.2"",""GCF_001434365.1"",""GCF_001434705.1"",""GCF_001435245.1"",""GCF_001436135.1"",""GCF_001436905.1"",""GCF_001437055.1"",""GCF_001437425.1"",""GCF_001438705.1"",""GCF_001536305.1"",""GCF_001618285.1"",""GCF_001702215.1"",""GCF_001702235.1"",""GCF_001752505.1"",""GCF_001752515.1"",""GCF_001752545.1"",""GCF_001761545.1"",""GCF_001767275.1"",""GCF_001888925.1"",""GCF_001891125.1"",""GCF_001932615.1"",""GCF_001998805.1"",""GCF_002174215.1"",""GCF_002950695.1"",""GCF_002970915.1"",""GCF_002970935.1"",""GCF_003150935.1"",""GCF_003151025.1"",""GCF_003173695.1"",""GCF_003176835.1"",""GCF_003264795.1"",""GCF_003584685.1"",""GCF_003641185.1"",""GCF_003722275.1"",""GCF_003999355.1"",""GCF_004354645.1"",""GCF_004377635.1"",""GCF_005405405.1"",""GCF_005405465.1"",""GCF_007954605.1"",""GCF_007954785.1"",""GCF_008107645.1"",""GCF_008831485.1"",""GCF_009184845.1"",""GCF_009856565.1"",""GCF_009913655.1"",""GCF_009913995.1"",""GCF_009914015.1"",""GCF_009914035.1"",""GCF_010092385.1"",""GCF_011058775.1"",""GCF_011304355.1"",""GCF_013113695.1"",""GCF_013407595.1"",""GCF_014131735.1"",""GCF_014145545.1"",""GCF_014145555.1"",""GCF_014145615.1"",""GCF_014397255.1"",""GCF_014656585.1"",""GCF_014789145.1"",""GCF_016127255.1"",""GCF_016127815.1"",""GCF_016647595.1"",""GCF_016919665.1"",""GCF_017068355.1"",""GCF_017894345.1"",""GCF_018394055.1"",""GCF_018502505.1"",""GCF_019448175.1"",""GCF_019469265.1"",""GCF_019576155.1"",""GCF_019797825.1"",""GCF_020510245.1"",""GCF_020784695.1"",""GCF_021378055.1"",""GCF_023169905.1"",""GCF_023499275.1"",""GCF_023920145.1"",""GCF_024334065.1"",""GCF_024397795.1"",""GCF_024718545.1"",""GCF_025311495.1"",""GCF_025490915.1"",""GCF_025739325.1"",""GCF_025948295.1"",""GCF_026222675.1"",""GCF_028607025.1"",""GCF_028621815.1"",""GCF_028736235.1"",""GCF_029025825.1"",""GCF_029726355.1"",""GCF_029854335.1"",""GCF_029866985.1"",""GCF_030480545.1"",""GCF_030770265.1"",""GCF_030770295.1"",""GCF_030770335.1"",""GCF_032762665.1"",""GCF_033142085.1"",""GCF_033570435.1"",""GCF_034703025.1"",""GCF_035985965.1"",""GCF_036246165.1"",""GCF_036246185.1"",""GCF_036246225.1"",""GCF_036327715.1"",""GCF_037290055.1"",""GCF_037891785.1"",""GCF_037892375.1"",""GCF_038049945.1"",""GCF_039645515.1"",""GCF_039645575.1"",""GCF_039783225.1"",""GCF_039783785.1"",""GCF_039955095.1"",""GCF_041225485.1"",""GCF_041225605.1"",""GCF_041281755.1"",""GCF_041509385.1"",""GCF_041514285.1"",""GCF_041514295.1"",""GCF_041893975.1"",""GCF_042847315.1"",""GCF_042997415.1"",""GCF_045760565.1"",""GCF_045801155.1"",""GCF_045862825.1"",""GCF_046109915.1"",""GCF_047344935.1"",""GCF_050407965.1"",""GCF_050847345.1"",""GCF_051098045.1"",""GCF_052569745.1"",""GCF_052571685.1"",""GCF_054073565.1"",""GCF_054331775.1"",""GCF_054452875.2"",""GCF_054784775.1"",""GCF_054785075.1"",""GCF_055180435.1"",""GCF_055502585.1"",""GCF_055755075.1"",""GCF_056269605.1"",""GCF_056676095.1"",""GCF_057786735.1"",""GCF_058111805.1"",""GCF_059089415.1"",""GCF_060305805.1"",""GCF_060307215.1"",""GCF_900016205.1"",""GCF_900094835.1"",""GCF_900240275.1"",""GCF_900519455.1"",""GCF_900519475.1"",""GCF_900636965.1"",""GCF_903885985.1"",""GCF_903886345.1"",""GCF_903886475.1"",""GCF_903891205.1"",""GCF_947539375.1"",""GCF_963243495.1"",""GCF_963281025.1"",""GCF_964063315.1"",""GCF_965136965.1"",""GCF_965286035.1"",""GCF_965286295.1"",""GCF_965286585.1"",""GCF_982267005.1""]"	root/1/1/1/1/1/1/1/1/0/1/1/1/1/1/1/1/1	"[""root/1/1/1/1/1/1/1/1/0/1/1/1/1/1/1/1/1""]"	"[{""node"":""root/1/1/1/1/1/1/1/1/0/1/1/1/1/1/1/1/1"",""length_coalescent_units"":0.0}]"	0.3973958333333333	0.3036458333333333	0.2989583333333333	1.9869791666666665	1.5182291666666665	1.4947916666666665	0.41411238608302825	0.29520282852011387	0.2906847853968578	384	5.0
b3549af25ce5fa4b4c0453ee420d7e1107fc447f98449b5f54f3dc0c39a522b8	"[""GCF_020844005.1"",""GCF_903891025.1""]"	"[""GCF_000009425.1"",""GCF_000010145.1"",""GCF_000011045.1"",""GCF_000014385.1"",""GCF_000014425.1"",""GCF_000014445.1"",""GCF_000014505.1"",""GCF_000014545.1"",""GCF_000015385.1"",""GCF_000016825.1"",""GCF_000023085.1"",""GCF_000025045.1"",""GCF_000026405.1"",""GCF_000092505.1"",""GCF_000148815.2"",""GCF_000155515.2"",""GCF_000160835.1"",""GCF_000203855.3"",""GCF_000237995.1"",""GCF_000241055.1"",""GCF_000269925.1"",""GCF_000269945.1"",""GCF_000298875.1"",""GCF_000468955.1"",""GCF_000691805.2"",""GCF_001434365.1"",""GCF_001434705.1"",""GCF_001435245.1"",""GCF_001436135.1"",""GCF_001436905.1"",""GCF_001437055.1"",""GCF_001437425.1"",""GCF_001438705.1"",""GCF_001536305.1"",""GCF_001618285.1"",""GCF_001702215.1"",""GCF_001702235.1"",""GCF_001752505.1"",""GCF_001752515.1"",""GCF_001752545.1"",""GCF_001761545.1"",""GCF_001767275.1"",""GCF_001888925.1"",""GCF_001891125.1"",""GCF_001932615.1"",""GCF_001998805.1"",""GCF_002174215.1"",""GCF_002950695.1"",""GCF_002970915.1"",""GCF_002970935.1"",""GCF_003150935.1"",""GCF_003151025.1"",""GCF_003173695.1"",""GCF_003176835.1"",""GCF_003264795.1"",""GCF_003584685.1"",""GCF_003641185.1"",""GCF_003722275.1"",""GCF_003999355.1"",""GCF_004354645.1"",""GCF_004377635.1"",""GCF_005405405.1"",""GCF_005405465.1"",""GCF_007954605.1"",""GCF_007954785.1"",""GCF_008107645.1"",""GCF_008831485.1"",""GCF_009184845.1"",""GCF_009856565.1"",""GCF_009913655.1"",""GCF_009913995.1"",""GCF_009914015.1"",""GCF_009914035.1"",""GCF_010092385.1"",""GCF_011058775.1"",""GCF_011304355.1"",""GCF_013113695.1"",""GCF_013407595.1"",""GCF_014131735.1"",""GCF_014145545.1"",""GCF_014145555.1"",""GCF_014145615.1"",""GCF_014397255.1"",""GCF_014656585.1"",""GCF_014789145.1"",""GCF_016127255.1"",""GCF_016127815.1"",""GCF_016647595.1"",""GCF_016919665.1"",""GCF_017068355.1"",""GCF_017894345.1"",""GCF_018394055.1"",""GCF_018502505.1"",""GCF_019448175.1"",""GCF_019469265.1"",""GCF_019576155.1"",""GCF_019797825.1"",""GCF_020510245.1"",""GCF_020784695.1"",""GCF_021378055.1"",""GCF_023169905.1"",""GCF_023499275.1"",""GCF_023920145.1"",""GCF_024334065.1"",""GCF_024397795.1"",""GCF_024718545.1"",""GCF_025311495.1"",""GCF_025490915.1"",""GCF_025739325.1"",""GCF_025948295.1"",""GCF_026222675.1"",""GCF_028607025.1"",""GCF_028621815.1"",""GCF_028736235.1"",""GCF_029025825.1"",""GCF_029726355.1"",""GCF_029854335.1"",""GCF_029866985.1"",""GCF_030480545.1"",""GCF_030770265.1"",""GCF_030770295.1"",""GCF_030770335.1"",""GCF_032762665.1"",""GCF_033142085.1"",""GCF_033570435.1"",""GCF_034703025.1"",""GCF_035985965.1"",""GCF_036246165.1"",""GCF_036246185.1"",""GCF_036246225.1"",""GCF_036327715.1"",""GCF_037290055.1"",""GCF_037891785.1"",""GCF_037892375.1"",""GCF_038049945.1"",""GCF_039645515.1"",""GCF_039645575.1"",""GCF_039783225.1"",""GCF_039783785.1"",""GCF_039955095.1"",""GCF_041225485.1"",""GCF_041225605.1"",""GCF_041281755.1"",""GCF_041509385.1"",""GCF_041514285.1"",""GCF_041514295.1"",""GCF_041893975.1"",""GCF_042847315.1"",""GCF_042997415.1"",""GCF_045760565.1"",""GCF_045801155.1"",""GCF_045862825.1"",""GCF_046109915.1"",""GCF_047344935.1"",""GCF_050407965.1"",""GCF_050847345.1"",""GCF_051098045.1"",""GCF_052569745.1"",""GCF_052570115.1"",""GCF_052571685.1"",""GCF_054073565.1"",""GCF_054331775.1"",""GCF_054452875.2"",""GCF_054784775.1"",""GCF_054785075.1"",""GCF_055180435.1"",""GCF_055502585.1"",""GCF_055755075.1"",""GCF_056269605.1"",""GCF_056676095.1"",""GCF_057786735.1"",""GCF_058111805.1"",""GCF_059089415.1"",""GCF_060305805.1"",""GCF_060307215.1"",""GCF_900016205.1"",""GCF_900094835.1"",""GCF_900240275.1"",""GCF_900519455.1"",""GCF_900519475.1"",""GCF_900636965.1"",""GCF_903885985.1"",""GCF_903886345.1"",""GCF_903886475.1"",""GCF_903891205.1"",""GCF_947539375.1"",""GCF_963243495.1"",""GCF_963281025.1"",""GCF_964063315.1"",""GCF_965136965.1"",""GCF_965286035.1"",""GCF_965286295.1"",""GCF_965286585.1"",""GCF_982267005.1""]"	root/1/1/1/1/1/1/1/1/0/1/1/1/1/1/1/1/1/1	"[""root/1/1/1/1/1/1/1/1/0/1/1/1/1/1/1/1/1/1""]"	"[{""node"":""root/1/1/1/1/1/1/1/1/0/1/1/1/1/1/1/1/1/1"",""length_coalescent_units"":0.0}]"	0.4	0.3813471502590674	0.21865284974093263	2.0	1.906735751295337	1.093264248704663	0.4042418935440282	0.37594666503200147	0.21981144142397038	193	5.0
6b872b5961a7a75b7e837714aeeb331232b8e0a0dcb90a1a01b8ded23896673c	"[""GCF_023169905.1"",""GCF_055180435.1""]"	"[""GCF_000009425.1"",""GCF_000010145.1"",""GCF_000011045.1"",""GCF_000014385.1"",""GCF_000014425.1"",""GCF_000014445.1"",""GCF_000014505.1"",""GCF_000014545.1"",""GCF_000015385.1"",""GCF_000016825.1"",""GCF_000023085.1"",""GCF_000025045.1"",""GCF_000026405.1"",""GCF_000092505.1"",""GCF_000148815.2"",""GCF_000155515.2"",""GCF_000160835.1"",""GCF_000203855.3"",""GCF_000237995.1"",""GCF_000241055.1"",""GCF_000269925.1"",""GCF_000269945.1"",""GCF_000298875.1"",""GCF_000468955.1"",""GCF_000691805.2"",""GCF_001434365.1"",""GCF_001434705.1"",""GCF_001435245.1"",""GCF_001436135.1"",""GCF_001436905.1"",""GCF_001437055.1"",""GCF_001437425.1"",""GCF_001438705.1"",""GCF_001536305.1"",""GCF_001618285.1"",""GCF_001702215.1"",""GCF_001702235.1"",""GCF_001752505.1"",""GCF_001752515.1"",""GCF_001752545.1"",""GCF_001761545.1"",""GCF_001767275.1"",""GCF_001888925.1"",""GCF_001891125.1"",""GCF_001932615.1"",""GCF_001998805.1"",""GCF_002174215.1"",""GCF_002950695.1"",""GCF_002970915.1"",""GCF_002970935.1"",""GCF_003150935.1"",""GCF_003151025.1"",""GCF_003173695.1"",""GCF_003176835.1"",""GCF_003264795.1"",""GCF_003584685.1"",""GCF_003641185.1"",""GCF_003722275.1"",""GCF_003999355.1"",""GCF_004354645.1"",""GCF_004377635.1"",""GCF_005405405.1"",""GCF_005405465.1"",""GCF_007954605.1"",""GCF_007954785.1"",""GCF_008107645.1"",""GCF_008831485.1"",""GCF_009184845.1"",""GCF_009856565.1"",""GCF_009913655.1"",""GCF_009913995.1"",""GCF_009914015.1"",""GCF_009914035.1"",""GCF_010092385.1"",""GCF_011058775.1"",""GCF_011304355.1"",""GCF_013113695.1"",""GCF_013407595.1"",""GCF_014131735.1"",""GCF_014145545.1"",""GCF_014145555.1"",""GCF_014145615.1"",""GCF_014397255.1"",""GCF_014656585.1"",""GCF_014789145.1"",""GCF_016127255.1"",""GCF_016127815.1"",""GCF_016647595.1"",""GCF_016919665.1"",""GCF_017068355.1"",""GCF_017894345.1"",""GCF_018394055.1"",""GCF_018502505.1"",""GCF_019448175.1"",""GCF_019469265.1"",""GCF_019576155.1"",""GCF_019797825.1"",""GCF_020510245.1"",""GCF_020784695.1"",""GCF_020844005.1"",""GCF_021378055.1"",""GCF_023499275.1"",""GCF_023920145.1"",""GCF_024334065.1"",""GCF_024397795.1"",""GCF_024718545.1"",""GCF_025311495.1"",""GCF_025490915.1"",""GCF_025739325.1"",""GCF_025948295.1"",""GCF_026222675.1"",""GCF_028607025.1"",""GCF_028621815.1"",""GCF_028736235.1"",""GCF_029025825.1"",""GCF_029726355.1"",""GCF_029854335.1"",""GCF_029866985.1"",""GCF_030480545.1"",""GCF_030770265.1"",""GCF_030770295.1"",""GCF_030770335.1"",""GCF_032762665.1"",""GCF_033142085.1"",""GCF_033570435.1"",""GCF_034703025.1"",""GCF_035985965.1"",""GCF_036246165.1"",""GCF_036246185.1"",""GCF_036246225.1"",""GCF_036327715.1"",""GCF_037290055.1"",""GCF_037891785.1"",""GCF_037892375.1"",""GCF_038049945.1"",""GCF_039645515.1"",""GCF_039645575.1"",""GCF_039783225.1"",""GCF_039783785.1"",""GCF_039955095.1"",""GCF_041225485.1"",""GCF_041225605.1"",""GCF_041281755.1"",""GCF_041509385.1"",""GCF_041514285.1"",""GCF_041514295.1"",""GCF_041893975.1"",""GCF_042847315.1"",""GCF_042997415.1"",""GCF_045760565.1"",""GCF_045801155.1"",""GCF_045862825.1"",""GCF_046109915.1"",""GCF_047344935.1"",""GCF_050407965.1"",""GCF_050847345.1"",""GCF_051098045.1"",""GCF_052569745.1"",""GCF_052570115.1"",""GCF_052571685.1"",""GCF_054073565.1"",""GCF_054331775.1"",""GCF_054452875.2"",""GCF_054784775.1"",""GCF_054785075.1"",""GCF_055502585.1"",""GCF_055755075.1"",""GCF_056269605.1"",""GCF_056676095.1"",""GCF_057786735.1"",""GCF_058111805.1"",""GCF_059089415.1"",""GCF_060305805.1"",""GCF_060307215.1"",""GCF_900016205.1"",""GCF_900094835.1"",""GCF_900240275.1"",""GCF_900519455.1"",""GCF_900519475.1"",""GCF_900636965.1"",""GCF_903885985.1"",""GCF_903886345.1"",""GCF_903886475.1"",""GCF_903891025.1"",""GCF_903891205.1"",""GCF_947539375.1"",""GCF_963243495.1"",""GCF_963281025.1"",""GCF_964063315.1"",""GCF_965136965.1"",""GCF_965286035.1"",""GCF_965286295.1"",""GCF_965286585.1"",""GCF_982267005.1""]"	root/1/1/0	"[""root/1/1/0""]"	"[{""node"":""root/1/1/0"",""length_coalescent_units"":0.2764605477078164}]"	0.5932291666666666	0.20885416666666665	0.19791666666666669	2.966145833333333	1.0442708333333333	0.9895833333333334	0.7092291173148864	0.14758581590028197	0.14318506678483173	384	5.0
6b2630b4acd2f25f2943e49dc2696ac70f43ac6be4c11b9c9a9975021e2ce69a	"[""GCF_023499275.1"",""GCF_037891785.1"",""GCF_039645515.1""]"	"[""GCF_000009425.1"",""GCF_000010145.1"",""GCF_000011045.1"",""GCF_000014385.1"",""GCF_000014425.1"",""GCF_000014445.1"",""GCF_000014505.1"",""GCF_000014545.1"",""GCF_000015385.1"",""GCF_000016825.1"",""GCF_000023085.1"",""GCF_000025045.1"",""GCF_000026405.1"",""GCF_000092505.1"",""GCF_000148815.2"",""GCF_000155515.2"",""GCF_000160835.1"",""GCF_000203855.3"",""GCF_000237995.1"",""GCF_000241055.1"",""GCF_000269925.1"",""GCF_000269945.1"",""GCF_000298875.1"",""GCF_000468955.1"",""GCF_000691805.2"",""GCF_001434365.1"",""GCF_001434705.1"",""GCF_001435245.1"",""GCF_001436135.1"",""GCF_001436905.1"",""GCF_001437055.1"",""GCF_001437425.1"",""GCF_001438705.1"",""GCF_001536305.1"",""GCF_001618285.1"",""GCF_001702215.1"",""GCF_001702235.1"",""GCF_001752505.1"",""GCF_001752515.1"",""GCF_001752545.1"",""GCF_001761545.1"",""GCF_001767275.1"",""GCF_001888925.1"",""GCF_001891125.1"",""GCF_001932615.1"",""GCF_001998805.1"",""GCF_002174215.1"",""GCF_002950695.1"",""GCF_002970915.1"",""GCF_002970935.1"",""GCF_003150935.1"",""GCF_003151025.1"",""GCF_003173695.1"",""GCF_003176835.1"",""GCF_003264795.1"",""GCF_003584685.1"",""GCF_003641185.1"",""GCF_003722275.1"",""GCF_003999355.1"",""GCF_004354645.1"",""GCF_004377635.1"",""GCF_005405405.1"",""GCF_005405465.1"",""GCF_007954605.1"",""GCF_007954785.1"",""GCF_008107645.1"",""GCF_008831485.1"",""GCF_009184845.1"",""GCF_009856565.1"",""GCF_009913655.1"",""GCF_009913995.1"",""GCF_009914015.1"",""GCF_009914035.1"",""GCF_010092385.1"",""GCF_011058775.1"",""GCF_011304355.1"",""GCF_013113695.1"",""GCF_013407595.1"",""GCF_014131735.1"",""GCF_014145545.1"",""GCF_014145555.1"",""GCF_014145615.1"",""GCF_014397255.1"",""GCF_014656585.1"",""GCF_014789145.1"",""GCF_016127255.1"",""GCF_016127815.1"",""GCF_016647595.1"",""GCF_016919665.1"",""GCF_017068355.1"",""GCF_017894345.1"",""GCF_018394055.1"",""GCF_018502505.1"",""GCF_019448175.1"",""GCF_019469265.1"",""GCF_019576155.1"",""GCF_019797825.1"",""GCF_020510245.1"",""GCF_020784695.1"",""GCF_020844005.1"",""GCF_021378055.1"",""GCF_023169905.1"",""GCF_023920145.1"",""GCF_024334065.1"",""GCF_024397795.1"",""GCF_024718545.1"",""GCF_025311495.1"",""GCF_025490915.1"",""GCF_025739325.1"",""GCF_025948295.1"",""GCF_026222675.1"",""GCF_028607025.1"",""GCF_028621815.1"",""GCF_028736235.1"",""GCF_029025825.1"",""GCF_029726355.1"",""GCF_029854335.1"",""GCF_029866985.1"",""GCF_030480545.1"",""GCF_030770265.1"",""GCF_030770295.1"",""GCF_030770335.1"",""GCF_032762665.1"",""GCF_033142085.1"",""GCF_033570435.1"",""GCF_034703025.1"",""GCF_035985965.1"",""GCF_036246165.1"",""GCF_036246185.1"",""GCF_036246225.1"",""GCF_036327715.1"",""GCF_037290055.1"",""GCF_037892375.1"",""GCF_038049945.1"",""GCF_039645575.1"",""GCF_039783225.1"",""GCF_039783785.1"",""GCF_039955095.1"",""GCF_041225485.1"",""GCF_041225605.1"",""GCF_041281755.1"",""GCF_041509385.1"",""GCF_041514285.1"",""GCF_041514295.1"",""GCF_041893975.1"",""GCF_042847315.1"",""GCF_042997415.1"",""GCF_045760565.1"",""GCF_045801155.1"",""GCF_045862825.1"",""GCF_046109915.1"",""GCF_047344935.1"",""GCF_050407965.1"",""GCF_050847345.1"",""GCF_051098045.1"",""GCF_052569745.1"",""GCF_052570115.1"",""GCF_052571685.1"",""GCF_054073565.1"",""GCF_054331775.1"",""GCF_054452875.2"",""GCF_054784775.1"",""GCF_054785075.1"",""GCF_055180435.1"",""GCF_055502585.1"",""GCF_055755075.1"",""GCF_056269605.1"",""GCF_056676095.1"",""GCF_057786735.1"",""GCF_058111805.1"",""GCF_059089415.1"",""GCF_060305805.1"",""GCF_060307215.1"",""GCF_900016205.1"",""GCF_900094835.1"",""GCF_900240275.1"",""GCF_900519455.1"",""GCF_900519475.1"",""GCF_900636965.1"",""GCF_903885985.1"",""GCF_903886345.1"",""GCF_903886475.1"",""GCF_903891025.1"",""GCF_903891205.1"",""GCF_947539375.1"",""GCF_963243495.1"",""GCF_963281025.1"",""GCF_964063315.1"",""GCF_965136965.1"",""GCF_965286035.1"",""GCF_965286295.1"",""GCF_965286585.1"",""GCF_982267005.1""]"	root/1/1/1/1/1/1/0/1/1/1	"[""root/1/1/1/1/1/1/0/1/1/1""]"	"[{""node"":""root/1/1/1/1/1/1/0/1/1/1"",""length_coalescent_units"":0.6931471805599453}]"	0.8	0.2	0.0	4.0	1.0	0.0	0.9322916666666666	0.0416666666666667	0.026041666666666696	764	5.0
10d2c1f2250433d8b9abb6a2a7a6a29c0283c2492955d73abff59661332862bd	"[""GCF_023499275.1"",""GCF_039645515.1""]"	"[""GCF_000009425.1"",""GCF_000010145.1"",""GCF_000011045.1"",""GCF_000014385.1"",""GCF_000014425.1"",""GCF_000014445.1"",""GCF_000014505.1"",""GCF_000014545.1"",""GCF_000015385.1"",""GCF_000016825.1"",""GCF_000023085.1"",""GCF_000025045.1"",""GCF_000026405.1"",""GCF_000092505.1"",""GCF_000148815.2"",""GCF_000155515.2"",""GCF_000160835.1"",""GCF_000203855.3"",""GCF_000237995.1"",""GCF_000241055.1"",""GCF_000269925.1"",""GCF_000269945.1"",""GCF_000298875.1"",""GCF_000468955.1"",""GCF_000691805.2"",""GCF_001434365.1"",""GCF_001434705.1"",""GCF_001435245.1"",""GCF_001436135.1"",""GCF_001436905.1"",""GCF_001437055.1"",""GCF_001437425.1"",""GCF_001438705.1"",""GCF_001536305.1"",""GCF_001618285.1"",""GCF_001702215.1"",""GCF_001702235.1"",""GCF_001752505.1"",""GCF_001752515.1"",""GCF_001752545.1"",""GCF_001761545.1"",""GCF_001767275.1"",""GCF_001888925.1"",""GCF_001891125.1"",""GCF_001932615.1"",""GCF_001998805.1"",""GCF_002174215.1"",""GCF_002950695.1"",""GCF_002970915.1"",""GCF_002970935.1"",""GCF_003150935.1"",""GCF_003151025.1"",""GCF_003173695.1"",""GCF_003176835.1"",""GCF_003264795.1"",""GCF_003584685.1"",""GCF_003641185.1"",""GCF_003722275.1"",""GCF_003999355.1"",""GCF_004354645.1"",""GCF_004377635.1"",""GCF_005405405.1"",""GCF_005405465.1"",""GCF_007954605.1"",""GCF_007954785.1"",""GCF_008107645.1"",""GCF_008831485.1"",""GCF_009184845.1"",""GCF_009856565.1"",""GCF_009913655.1"",""GCF_009913995.1"",""GCF_009914015.1"",""GCF_009914035.1"",""GCF_010092385.1"",""GCF_011058775.1"",""GCF_011304355.1"",""GCF_013113695.1"",""GCF_013407595.1"",""GCF_014131735.1"",""GCF_014145545.1"",""GCF_014145555.1"",""GCF_014145615.1"",""GCF_014397255.1"",""GCF_014656585.1"",""GCF_014789145.1"",""GCF_016127255.1"",""GCF_016127815.1"",""GCF_016647595.1"",""GCF_016919665.1"",""GCF_017068355.1"",""GCF_017894345.1"",""GCF_018394055.1"",""GCF_018502505.1"",""GCF_019448175.1"",""GCF_019469265.1"",""GCF_019576155.1"",""GCF_019797825.1"",""GCF_020510245.1"",""GCF_020784695.1"",""GCF_020844005.1"",""GCF_021378055.1"",""GCF_023169905.1"",""GCF_023920145.1"",""GCF_024334065.1"",""GCF_024397795.1"",""GCF_024718545.1"",""GCF_025311495.1"",""GCF_025490915.1"",""GCF_025739325.1"",""GCF_025948295.1"",""GCF_026222675.1"",""GCF_028607025.1"",""GCF_028621815.1"",""GCF_028736235.1"",""GCF_029025825.1"",""GCF_029726355.1"",""GCF_029854335.1"",""GCF_029866985.1"",""GCF_030480545.1"",""GCF_030770265.1"",""GCF_030770295.1"",""GCF_030770335.1"",""GCF_032762665.1"",""GCF_033142085.1"",""GCF_033570435.1"",""GCF_034703025.1"",""GCF_035985965.1"",""GCF_036246165.1"",""GCF_036246185.1"",""GCF_036246225.1"",""GCF_036327715.1"",""GCF_037290055.1"",""GCF_037891785.1"",""GCF_037892375.1"",""GCF_038049945.1"",""GCF_039645575.1"",""GCF_039783225.1"",""GCF_039783785.1"",""GCF_039955095.1"",""GCF_041225485.1"",""GCF_041225605.1"",""GCF_041281755.1"",""GCF_041509385.1"",""GCF_041514285.1"",""GCF_041514295.1"",""GCF_041893975.1"",""GCF_042847315.1"",""GCF_042997415.1"",""GCF_045760565.1"",""GCF_045801155.1"",""GCF_045862825.1"",""GCF_046109915.1"",""GCF_047344935.1"",""GCF_050407965.1"",""GCF_050847345.1"",""GCF_051098045.1"",""GCF_052569745.1"",""GCF_052570115.1"",""GCF_052571685.1"",""GCF_054073565.1"",""GCF_054331775.1"",""GCF_054452875.2"",""GCF_054784775.1"",""GCF_054785075.1"",""GCF_055180435.1"",""GCF_055502585.1"",""GCF_055755075.1"",""GCF_056269605.1"",""GCF_056676095.1"",""GCF_057786735.1"",""GCF_058111805.1"",""GCF_059089415.1"",""GCF_060305805.1"",""GCF_060307215.1"",""GCF_900016205.1"",""GCF_900094835.1"",""GCF_900240275.1"",""GCF_900519455.1"",""GCF_900519475.1"",""GCF_900636965.1"",""GCF_903885985.1"",""GCF_903886345.1"",""GCF_903886475.1"",""GCF_903891025.1"",""GCF_903891205.1"",""GCF_947539375.1"",""GCF_963243495.1"",""GCF_963281025.1"",""GCF_964063315.1"",""GCF_965136965.1"",""GCF_965286035.1"",""GCF_965286295.1"",""GCF_965286585.1"",""GCF_982267005.1""]"	root/1/1/1/1/1/1/0/1/1/1/1	"[""root/1/1/1/1/1/1/0/1/1/1/1""]"	"[{""node"":""root/1/1/1/1/1/1/0/1/1/1/1"",""length_coalescent_units"":0.2842337931728648}]"	0.5979274611398964	0.0010362694300518134	0.40103626943005183	2.989637305699482	0.0051813471502590676	2.005181347150259	0.6631328945644785	0.08203684682845427	0.2548302586070671	193	5.0
00e65ed08013697adf9c4ccf09958b128702a92961530eb5b94e32a9e3928344	"[""GCF_025490915.1"",""GCF_054785075.1""]"	"[""GCF_000009425.1"",""GCF_000010145.1"",""GCF_000011045.1"",""GCF_000014385.1"",""GCF_000014425.1"",""GCF_000014445.1"",""GCF_000014505.1"",""GCF_000014545.1"",""GCF_000015385.1"",""GCF_000016825.1"",""GCF_000023085.1"",""GCF_000025045.1"",""GCF_000026405.1"",""GCF_000092505.1"",""GCF_000148815.2"",""GCF_000155515.2"",""GCF_000160835.1"",""GCF_000203855.3"",""GCF_000237995.1"",""GCF_000241055.1"",""GCF_000269925.1"",""GCF_000269945.1"",""GCF_000298875.1"",""GCF_000468955.1"",""GCF_000691805.2"",""GCF_001434365.1"",""GCF_001434705.1"",""GCF_001435245.1"",""GCF_001436135.1"",""GCF_001436905.1"",""GCF_001437055.1"",""GCF_001437425.1"",""GCF_001438705.1"",""GCF_001536305.1"",""GCF_001618285.1"",""GCF_001702215.1"",""GCF_001702235.1"",""GCF_001752505.1"",""GCF_001752515.1"",""GCF_001752545.1"",""GCF_001761545.1"",""GCF_001767275.1"",""GCF_001888925.1"",""GCF_001891125.1"",""GCF_001932615.1"",""GCF_001998805.1"",""GCF_002174215.1"",""GCF_002950695.1"",""GCF_002970915.1"",""GCF_002970935.1"",""GCF_003150935.1"",""GCF_003151025.1"",""GCF_003173695.1"",""GCF_003176835.1"",""GCF_003264795.1"",""GCF_003584685.1"",""GCF_003641185.1"",""GCF_003722275.1"",""GCF_003999355.1"",""GCF_004354645.1"",""GCF_004377635.1"",""GCF_005405405.1"",""GCF_005405465.1"",""GCF_007954605.1"",""GCF_007954785.1"",""GCF_008107645.1"",""GCF_008831485.1"",""GCF_009184845.1"",""GCF_009856565.1"",""GCF_009913655.1"",""GCF_009913995.1"",""GCF_009914015.1"",""GCF_009914035.1"",""GCF_010092385.1"",""GCF_011058775.1"",""GCF_011304355.1"",""GCF_013113695.1"",""GCF_013407595.1"",""GCF_014131735.1"",""GCF_014145545.1"",""GCF_014145555.1"",""GCF_014145615.1"",""GCF_014397255.1"",""GCF_014656585.1"",""GCF_014789145.1"",""GCF_016127255.1"",""GCF_016127815.1"",""GCF_016647595.1"",""GCF_016919665.1"",""GCF_017068355.1"",""GCF_017894345.1"",""GCF_018394055.1"",""GCF_018502505.1"",""GCF_019448175.1"",""GCF_019469265.1"",""GCF_019576155.1"",""GCF_019797825.1"",""GCF_020510245.1"",""GCF_020784695.1"",""GCF_020844005.1"",""GCF_021378055.1"",""GCF_023169905.1"",""GCF_023499275.1"",""GCF_023920145.1"",""GCF_024334065.1"",""GCF_024397795.1"",""GCF_024718545.1"",""GCF_025311495.1"",""GCF_025739325.1"",""GCF_025948295.1"",""GCF_026222675.1"",""GCF_028607025.1"",""GCF_028621815.1"",""GCF_028736235.1"",""GCF_029025825.1"",""GCF_029726355.1"",""GCF_029854335.1"",""GCF_029866985.1"",""GCF_030480545.1"",""GCF_030770265.1"",""GCF_030770295.1"",""GCF_030770335.1"",""GCF_032762665.1"",""GCF_033142085.1"",""GCF_033570435.1"",""GCF_034703025.1"",""GCF_035985965.1"",""GCF_036246165.1"",""GCF_036246185.1"",""GCF_036246225.1"",""GCF_036327715.1"",""GCF_037290055.1"",""GCF_037891785.1"",""GCF_037892375.1"",""GCF_038049945.1"",""GCF_039645515.1"",""GCF_039645575.1"",""GCF_039783225.1"",""GCF_039783785.1"",""GCF_039955095.1"",""GCF_041225485.1"",""GCF_041225605.1"",""GCF_041281755.1"",""GCF_041509385.1"",""GCF_041514285.1"",""GCF_041514295.1"",""GCF_041893975.1"",""GCF_042847315.1"",""GCF_042997415.1"",""GCF_045760565.1"",""GCF_045801155.1"",""GCF_045862825.1"",""GCF_046109915.1"",""GCF_047344935.1"",""GCF_050407965.1"",""GCF_050847345.1"",""GCF_051098045.1"",""GCF_052569745.1"",""GCF_052570115.1"",""GCF_052571685.1"",""GCF_054073565.1"",""GCF_054331775.1"",""GCF_054452875.2"",""GCF_054784775.1"",""GCF_055180435.1"",""GCF_055502585.1"",""GCF_055755075.1"",""GCF_056269605.1"",""GCF_056676095.1"",""GCF_057786735.1"",""GCF_058111805.1"",""GCF_059089415.1"",""GCF_060305805.1"",""GCF_060307215.1"",""GCF_900016205.1"",""GCF_900094835.1"",""GCF_900240275.1"",""GCF_900519455.1"",""GCF_900519475.1"",""GCF_900636965.1"",""GCF_903885985.1"",""GCF_903886345.1"",""GCF_903886475.1"",""GCF_903891025.1"",""GCF_903891205.1"",""GCF_947539375.1"",""GCF_963243495.1"",""GCF_963281025.1"",""GCF_964063315.1"",""GCF_965136965.1"",""GCF_965286035.1"",""GCF_965286295.1"",""GCF_965286585.1"",""GCF_982267005.1""]"	root/1/1/1/1/1/1/1/0/1/0/1/1/1/1/1/1/1/1	"[""root/1/1/1/1/1/1/1/0/1/0/1/1/1/1/1/1/1/1""]"	"[{""node"":""root/1/1/1/1/1/1/1/0/1/0/1/1/1/1/1/1/1/1"",""length_coalescent_units"":1.3862943611198908}]"	1.0	0.0	0.0	5.0	0.0	0.0	0.9945355191256833	0.002732240437158474	0.002732240437158474	193	5.0
4d8094c041ecb3fd0fc7a7090d72553ed1977be83d7f10219bd1e6dfd0706885	"[""GCF_025739325.1"",""GCF_039783785.1"",""GCF_903886475.1""]"	"[""GCF_000009425.1"",""GCF_000010145.1"",""GCF_000011045.1"",""GCF_000014385.1"",""GCF_000014425.1"",""GCF_000014445.1"",""GCF_000014505.1"",""GCF_000014545.1"",""GCF_000015385.1"",""GCF_000016825.1"",""GCF_000023085.1"",""GCF_000025045.1"",""GCF_000026405.1"",""GCF_000092505.1"",""GCF_000148815.2"",""GCF_000155515.2"",""GCF_000160835.1"",""GCF_000203855.3"",""GCF_000237995.1"",""GCF_000241055.1"",""GCF_000269925.1"",""GCF_000269945.1"",""GCF_000298875.1"",""GCF_000468955.1"",""GCF_000691805.2"",""GCF_001434365.1"",""GCF_001434705.1"",""GCF_001435245.1"",""GCF_001436135.1"",""GCF_001436905.1"",""GCF_001437055.1"",""GCF_001437425.1"",""GCF_001438705.1"",""GCF_001536305.1"",""GCF_001618285.1"",""GCF_001702215.1"",""GCF_001702235.1"",""GCF_001752505.1"",""GCF_001752515.1"",""GCF_001752545.1"",""GCF_001761545.1"",""GCF_001767275.1"",""GCF_001888925.1"",""GCF_001891125.1"",""GCF_001932615.1"",""GCF_001998805.1"",""GCF_002174215.1"",""GCF_002950695.1"",""GCF_002970915.1"",""GCF_002970935.1"",""GCF_003150935.1"",""GCF_003151025.1"",""GCF_003173695.1"",""GCF_003176835.1"",""GCF_003264795.1"",""GCF_003584685.1"",""GCF_003641185.1"",""GCF_003722275.1"",""GCF_003999355.1"",""GCF_004354645.1"",""GCF_004377635.1"",""GCF_005405405.1"",""GCF_005405465.1"",""GCF_007954605.1"",""GCF_007954785.1"",""GCF_008107645.1"",""GCF_008831485.1"",""GCF_009184845.1"",""GCF_009856565.1"",""GCF_009913655.1"",""GCF_009913995.1"",""GCF_009914015.1"",""GCF_009914035.1"",""GCF_010092385.1"",""GCF_011058775.1"",""GCF_011304355.1"",""GCF_013113695.1"",""GCF_013407595.1"",""GCF_014131735.1"",""GCF_014145545.1"",""GCF_014145555.1"",""GCF_014145615.1"",""GCF_014397255.1"",""GCF_014656585.1"",""GCF_014789145.1"",""GCF_016127255.1"",""GCF_016127815.1"",""GCF_016647595.1"",""GCF_016919665.1"",""GCF_017068355.1"",""GCF_017894345.1"",""GCF_018394055.1"",""GCF_018502505.1"",""GCF_019448175.1"",""GCF_019469265.1"",""GCF_019576155.1"",""GCF_019797825.1"",""GCF_020510245.1"",""GCF_020784695.1"",""GCF_020844005.1"",""GCF_021378055.1"",""GCF_023169905.1"",""GCF_023499275.1"",""GCF_023920145.1"",""GCF_024334065.1"",""GCF_024397795.1"",""GCF_024718545.1"",""GCF_025311495.1"",""GCF_025490915.1"",""GCF_025948295.1"",""GCF_026222675.1"",""GCF_028607025.1"",""GCF_028621815.1"",""GCF_028736235.1"",""GCF_029025825.1"",""GCF_029726355.1"",""GCF_029854335.1"",""GCF_029866985.1"",""GCF_030480545.1"",""GCF_030770265.1"",""GCF_030770295.1"",""GCF_030770335.1"",""GCF_032762665.1"",""GCF_033142085.1"",""GCF_033570435.1"",""GCF_034703025.1"",""GCF_035985965.1"",""GCF_036246165.1"",""GCF_036246185.1"",""GCF_036246225.1"",""GCF_036327715.1"",""GCF_037290055.1"",""GCF_037891785.1"",""GCF_037892375.1"",""GCF_038049945.1"",""GCF_039645515.1"",""GCF_039645575.1"",""GCF_039783225.1"",""GCF_039955095.1"",""GCF_041225485.1"",""GCF_041225605.1"",""GCF_041281755.1"",""GCF_041509385.1"",""GCF_041514285.1"",""GCF_041514295.1"",""GCF_041893975.1"",""GCF_042847315.1"",""GCF_042997415.1"",""GCF_045760565.1"",""GCF_045801155.1"",""GCF_045862825.1"",""GCF_046109915.1"",""GCF_047344935.1"",""GCF_050407965.1"",""GCF_050847345.1"",""GCF_051098045.1"",""GCF_052569745.1"",""GCF_052570115.1"",""GCF_052571685.1"",""GCF_054073565.1"",""GCF_054331775.1"",""GCF_054452875.2"",""GCF_054784775.1"",""GCF_054785075.1"",""GCF_055180435.1"",""GCF_055502585.1"",""GCF_055755075.1"",""GCF_056269605.1"",""GCF_056676095.1"",""GCF_057786735.1"",""GCF_058111805.1"",""GCF_059089415.1"",""GCF_060305805.1"",""GCF_060307215.1"",""GCF_900016205.1"",""GCF_900094835.1"",""GCF_900240275.1"",""GCF_900519455.1"",""GCF_900519475.1"",""GCF_900636965.1"",""GCF_903885985.1"",""GCF_903886345.1"",""GCF_903891025.1"",""GCF_903891205.1"",""GCF_947539375.1"",""GCF_963243495.1"",""GCF_963281025.1"",""GCF_964063315.1"",""GCF_965136965.1"",""GCF_965286035.1"",""GCF_965286295.1"",""GCF_965286585.1"",""GCF_982267005.1""]"	root/1/1/1/1/1/1/1/1/0/0	"[""root/1/1/1/1/1/1/1/1/0/0""]"	"[{""node"":""root/1/1/1/1/1/1/1/1/0/0"",""length_coalescent_units"":0.16504312099368182}]"	0.5217142857142857	0.3721904761904762	0.10609523809523809	2.6085714285714285	1.860952380952381	0.5304761904761904	0.5692386640724592	0.2966023885982361	0.13415894732930456	6300	5.0
481b750b94777a68ad283d6860d0d04e7ffa5d6045198e5ab8d7ad23d65e6558	"[""GCF_028607025.1"",""GCF_963281025.1""]"	"[""GCF_000009425.1"",""GCF_000010145.1"",""GCF_000011045.1"",""GCF_000014385.1"",""GCF_000014425.1"",""GCF_000014445.1"",""GCF_000014505.1"",""GCF_000014545.1"",""GCF_000015385.1"",""GCF_000016825.1"",""GCF_000023085.1"",""GCF_000025045.1"",""GCF_000026405.1"",""GCF_000092505.1"",""GCF_000148815.2"",""GCF_000155515.2"",""GCF_000160835.1"",""GCF_000203855.3"",""GCF_000237995.1"",""GCF_000241055.1"",""GCF_000269925.1"",""GCF_000269945.1"",""GCF_000298875.1"",""GCF_000468955.1"",""GCF_000691805.2"",""GCF_001434365.1"",""GCF_001434705.1"",""GCF_001435245.1"",""GCF_001436135.1"",""GCF_001436905.1"",""GCF_001437055.1"",""GCF_001437425.1"",""GCF_001438705.1"",""GCF_001536305.1"",""GCF_001618285.1"",""GCF_001702215.1"",""GCF_001702235.1"",""GCF_001752505.1"",""GCF_001752515.1"",""GCF_001752545.1"",""GCF_001761545.1"",""GCF_001767275.1"",""GCF_001888925.1"",""GCF_001891125.1"",""GCF_001932615.1"",""GCF_001998805.1"",""GCF_002174215.1"",""GCF_002950695.1"",""GCF_002970915.1"",""GCF_002970935.1"",""GCF_003150935.1"",""GCF_003151025.1"",""GCF_003173695.1"",""GCF_003176835.1"",""GCF_003264795.1"",""GCF_003584685.1"",""GCF_003641185.1"",""GCF_003722275.1"",""GCF_003999355.1"",""GCF_004354645.1"",""GCF_004377635.1"",""GCF_005405405.1"",""GCF_005405465.1"",""GCF_007954605.1"",""GCF_007954785.1"",""GCF_008107645.1"",""GCF_008831485.1"",""GCF_009184845.1"",""GCF_009856565.1"",""GCF_009913655.1"",""GCF_009913995.1"",""GCF_009914015.1"",""GCF_009914035.1"",""GCF_010092385.1"",""GCF_011058775.1"",""GCF_011304355.1"",""GCF_013113695.1"",""GCF_013407595.1"",""GCF_014131735.1"",""GCF_014145545.1"",""GCF_014145555.1"",""GCF_014145615.1"",""GCF_014397255.1"",""GCF_014656585.1"",""GCF_014789145.1"",""GCF_016127255.1"",""GCF_016127815.1"",""GCF_016647595.1"",""GCF_016919665.1"",""GCF_017068355.1"",""GCF_017894345.1"",""GCF_018394055.1"",""GCF_018502505.1"",""GCF_019448175.1"",""GCF_019469265.1"",""GCF_019576155.1"",""GCF_019797825.1"",""GCF_020510245.1"",""GCF_020784695.1"",""GCF_020844005.1"",""GCF_021378055.1"",""GCF_023169905.1"",""GCF_023499275.1"",""GCF_023920145.1"",""GCF_024334065.1"",""GCF_024397795.1"",""GCF_024718545.1"",""GCF_025311495.1"",""GCF_025490915.1"",""GCF_025739325.1"",""GCF_025948295.1"",""GCF_026222675.1"",""GCF_028621815.1"",""GCF_028736235.1"",""GCF_029025825.1"",""GCF_029726355.1"",""GCF_029854335.1"",""GCF_029866985.1"",""GCF_030480545.1"",""GCF_030770265.1"",""GCF_030770295.1"",""GCF_030770335.1"",""GCF_032762665.1"",""GCF_033142085.1"",""GCF_033570435.1"",""GCF_034703025.1"",""GCF_035985965.1"",""GCF_036246165.1"",""GCF_036246185.1"",""GCF_036246225.1"",""GCF_036327715.1"",""GCF_037290055.1"",""GCF_037891785.1"",""GCF_037892375.1"",""GCF_038049945.1"",""GCF_039645515.1"",""GCF_039645575.1"",""GCF_039783225.1"",""GCF_039783785.1"",""GCF_039955095.1"",""GCF_041225485.1"",""GCF_041225605.1"",""GCF_041281755.1"",""GCF_041509385.1"",""GCF_041514285.1"",""GCF_041514295.1"",""GCF_041893975.1"",""GCF_042847315.1"",""GCF_042997415.1"",""GCF_045760565.1"",""GCF_045801155.1"",""GCF_045862825.1"",""GCF_046109915.1"",""GCF_047344935.1"",""GCF_050407965.1"",""GCF_050847345.1"",""GCF_051098045.1"",""GCF_052569745.1"",""GCF_052570115.1"",""GCF_052571685.1"",""GCF_054073565.1"",""GCF_054331775.1"",""GCF_054452875.2"",""GCF_054784775.1"",""GCF_054785075.1"",""GCF_055180435.1"",""GCF_055502585.1"",""GCF_055755075.1"",""GCF_056269605.1"",""GCF_056676095.1"",""GCF_057786735.1"",""GCF_058111805.1"",""GCF_059089415.1"",""GCF_060305805.1"",""GCF_060307215.1"",""GCF_900016205.1"",""GCF_900094835.1"",""GCF_900240275.1"",""GCF_900519455.1"",""GCF_900519475.1"",""GCF_900636965.1"",""GCF_903885985.1"",""GCF_903886345.1"",""GCF_903886475.1"",""GCF_903891025.1"",""GCF_903891205.1"",""GCF_947539375.1"",""GCF_963243495.1"",""GCF_964063315.1"",""GCF_965136965.1"",""GCF_965286035.1"",""GCF_965286295.1"",""GCF_965286585.1"",""GCF_982267005.1""]"	root/1/1/1/1/1/1/1/0/1/1/0/1/1/0	"[""root/1/1/1/1/1/1/1/0/1/1/0/1/1/0""]"	"[{""node"":""root/1/1/1/1/1/1/1/0/1/1/0/1/1/0"",""length_coalescent_units"":1.3862943611198908}]"	1.0	0.0	0.0	5.0	0.0	0.0	0.9945355191256833	0.002732240437158474	0.002732240437158474	1665	5.0
00c5774e51d771b11d1bc20615677367e1f204b8a6f62c360310c67ea495e6c9	"[""GCF_029025825.1"",""GCF_051098045.1""]"	"[""GCF_000009425.1"",""GCF_000010145.1"",""GCF_000011045.1"",""GCF_000014385.1"",""GCF_000014425.1"",""GCF_000014445.1"",""GCF_000014505.1"",""GCF_000014545.1"",""GCF_000015385.1"",""GCF_000016825.1"",""GCF_000023085.1"",""GCF_000025045.1"",""GCF_000026405.1"",""GCF_000092505.1"",""GCF_000148815.2"",""GCF_000155515.2"",""GCF_000160835.1"",""GCF_000203855.3"",""GCF_000237995.1"",""GCF_000241055.1"",""GCF_000269925.1"",""GCF_000269945.1"",""GCF_000298875.1"",""GCF_000468955.1"",""GCF_000691805.2"",""GCF_001434365.1"",""GCF_001434705.1"",""GCF_001435245.1"",""GCF_001436135.1"",""GCF_001436905.1"",""GCF_001437055.1"",""GCF_001437425.1"",""GCF_001438705.1"",""GCF_001536305.1"",""GCF_001618285.1"",""GCF_001702215.1"",""GCF_001702235.1"",""GCF_001752505.1"",""GCF_001752515.1"",""GCF_001752545.1"",""GCF_001761545.1"",""GCF_001767275.1"",""GCF_001888925.1"",""GCF_001891125.1"",""GCF_001932615.1"",""GCF_001998805.1"",""GCF_002174215.1"",""GCF_002950695.1"",""GCF_002970915.1"",""GCF_002970935.1"",""GCF_003150935.1"",""GCF_003151025.1"",""GCF_003173695.1"",""GCF_003176835.1"",""GCF_003264795.1"",""GCF_003584685.1"",""GCF_003641185.1"",""GCF_003722275.1"",""GCF_003999355.1"",""GCF_004354645.1"",""GCF_004377635.1"",""GCF_005405405.1"",""GCF_005405465.1"",""GCF_007954605.1"",""GCF_007954785.1"",""GCF_008107645.1"",""GCF_008831485.1"",""GCF_009184845.1"",""GCF_009856565.1"",""GCF_009913655.1"",""GCF_009913995.1"",""GCF_009914015.1"",""GCF_009914035.1"",""GCF_010092385.1"",""GCF_011058775.1"",""GCF_011304355.1"",""GCF_013113695.1"",""GCF_013407595.1"",""GCF_014131735.1"",""GCF_014145545.1"",""GCF_014145555.1"",""GCF_014145615.1"",""GCF_014397255.1"",""GCF_014656585.1"",""GCF_014789145.1"",""GCF_016127255.1"",""GCF_016127815.1"",""GCF_016647595.1"",""GCF_016919665.1"",""GCF_017068355.1"",""GCF_017894345.1"",""GCF_018394055.1"",""GCF_018502505.1"",""GCF_019448175.1"",""GCF_019469265.1"",""GCF_019576155.1"",""GCF_019797825.1"",""GCF_020510245.1"",""GCF_020784695.1"",""GCF_020844005.1"",""GCF_021378055.1"",""GCF_023169905.1"",""GCF_023499275.1"",""GCF_023920145.1"",""GCF_024334065.1"",""GCF_024397795.1"",""GCF_024718545.1"",""GCF_025311495.1"",""GCF_025490915.1"",""GCF_025739325.1"",""GCF_025948295.1"",""GCF_026222675.1"",""GCF_028607025.1"",""GCF_028621815.1"",""GCF_028736235.1"",""GCF_029726355.1"",""GCF_029854335.1"",""GCF_029866985.1"",""GCF_030480545.1"",""GCF_030770265.1"",""GCF_030770295.1"",""GCF_030770335.1"",""GCF_032762665.1"",""GCF_033142085.1"",""GCF_033570435.1"",""GCF_034703025.1"",""GCF_035985965.1"",""GCF_036246165.1"",""GCF_036246185.1"",""GCF_036246225.1"",""GCF_036327715.1"",""GCF_037290055.1"",""GCF_037891785.1"",""GCF_037892375.1"",""GCF_038049945.1"",""GCF_039645515.1"",""GCF_039645575.1"",""GCF_039783225.1"",""GCF_039783785.1"",""GCF_039955095.1"",""GCF_041225485.1"",""GCF_041225605.1"",""GCF_041281755.1"",""GCF_041509385.1"",""GCF_041514285.1"",""GCF_041514295.1"",""GCF_041893975.1"",""GCF_042847315.1"",""GCF_042997415.1"",""GCF_045760565.1"",""GCF_045801155.1"",""GCF_045862825.1"",""GCF_046109915.1"",""GCF_047344935.1"",""GCF_050407965.1"",""GCF_050847345.1"",""GCF_052569745.1"",""GCF_052570115.1"",""GCF_052571685.1"",""GCF_054073565.1"",""GCF_054331775.1"",""GCF_054452875.2"",""GCF_054784775.1"",""GCF_054785075.1"",""GCF_055180435.1"",""GCF_055502585.1"",""GCF_055755075.1"",""GCF_056269605.1"",""GCF_056676095.1"",""GCF_057786735.1"",""GCF_058111805.1"",""GCF_059089415.1"",""GCF_060305805.1"",""GCF_060307215.1"",""GCF_900016205.1"",""GCF_900094835.1"",""GCF_900240275.1"",""GCF_900519455.1"",""GCF_900519475.1"",""GCF_900636965.1"",""GCF_903885985.1"",""GCF_903886345.1"",""GCF_903886475.1"",""GCF_903891025.1"",""GCF_903891205.1"",""GCF_947539375.1"",""GCF_963243495.1"",""GCF_963281025.1"",""GCF_964063315.1"",""GCF_965136965.1"",""GCF_965286035.1"",""GCF_965286295.1"",""GCF_965286585.1"",""GCF_982267005.1""]"	root/1/1/1/1/1/1/1/0/1/1/1/1/1/1/1/0	"[""root/1/1/1/1/1/1/1/0/1/1/1/1/1/1/1/0""]"	"[{""node"":""root/1/1/1/1/1/1/1/0/1/1/1/1/1/1/1/0"",""length_coalescent_units"":1.3862943611198908}]"	1.0	0.0	0.0	5.0	0.0	0.0	0.9945355191256833	0.002732240437158474	0.002732240437158474	1665	5.0
32f6592c53a68667564b857ab6fbeaed457bf20a0ad0ed10e14c4835fd20c1bd	"[""GCF_029726355.1"",""GCF_030770265.1"",""GCF_030770295.1"",""GCF_030770335.1""]"	"[""GCF_000009425.1"",""GCF_000010145.1"",""GCF_000011045.1"",""GCF_000014385.1"",""GCF_000014425.1"",""GCF_000014445.1"",""GCF_000014505.1"",""GCF_000014545.1"",""GCF_000015385.1"",""GCF_000016825.1"",""GCF_000023085.1"",""GCF_000025045.1"",""GCF_000026405.1"",""GCF_000092505.1"",""GCF_000148815.2"",""GCF_000155515.2"",""GCF_000160835.1"",""GCF_000203855.3"",""GCF_000237995.1"",""GCF_000241055.1"",""GCF_000269925.1"",""GCF_000269945.1"",""GCF_000298875.1"",""GCF_000468955.1"",""GCF_000691805.2"",""GCF_001434365.1"",""GCF_001434705.1"",""GCF_001435245.1"",""GCF_001436135.1"",""GCF_001436905.1"",""GCF_001437055.1"",""GCF_001437425.1"",""GCF_001438705.1"",""GCF_001536305.1"",""GCF_001618285.1"",""GCF_001702215.1"",""GCF_001702235.1"",""GCF_001752505.1"",""GCF_001752515.1"",""GCF_001752545.1"",""GCF_001761545.1"",""GCF_001767275.1"",""GCF_001888925.1"",""GCF_001891125.1"",""GCF_001932615.1"",""GCF_001998805.1"",""GCF_002174215.1"",""GCF_002950695.1"",""GCF_002970915.1"",""GCF_002970935.1"",""GCF_003150935.1"",""GCF_003151025.1"",""GCF_003173695.1"",""GCF_003176835.1"",""GCF_003264795.1"",""GCF_003584685.1"",""GCF_003641185.1"",""GCF_003722275.1"",""GCF_003999355.1"",""GCF_004354645.1"",""GCF_004377635.1"",""GCF_005405405.1"",""GCF_005405465.1"",""GCF_007954605.1"",""GCF_007954785.1"",""GCF_008107645.1"",""GCF_008831485.1"",""GCF_009184845.1"",""GCF_009856565.1"",""GCF_009913655.1"",""GCF_009913995.1"",""GCF_009914015.1"",""GCF_009914035.1"",""GCF_010092385.1"",""GCF_011058775.1"",""GCF_011304355.1"",""GCF_013113695.1"",""GCF_013407595.1"",""GCF_014131735.1"",""GCF_014145545.1"",""GCF_014145555.1"",""GCF_014145615.1"",""GCF_014397255.1"",""GCF_014656585.1"",""GCF_014789145.1"",""GCF_016127255.1"",""GCF_016127815.1"",""GCF_016647595.1"",""GCF_016919665.1"",""GCF_017068355.1"",""GCF_017894345.1"",""GCF_018394055.1"",""GCF_018502505.1"",""GCF_019448175.1"",""GCF_019469265.1"",""GCF_019576155.1"",""GCF_019797825.1"",""GCF_020510245.1"",""GCF_020784695.1"",""GCF_020844005.1"",""GCF_021378055.1"",""GCF_023169905.1"",""GCF_023499275.1"",""GCF_023920145.1"",""GCF_024334065.1"",""GCF_024397795.1"",""GCF_024718545.1"",""GCF_025311495.1"",""GCF_025490915.1"",""GCF_025739325.1"",""GCF_025948295.1"",""GCF_026222675.1"",""GCF_028607025.1"",""GCF_028621815.1"",""GCF_028736235.1"",""GCF_029025825.1"",""GCF_029854335.1"",""GCF_029866985.1"",""GCF_030480545.1"",""GCF_032762665.1"",""GCF_033142085.1"",""GCF_033570435.1"",""GCF_034703025.1"",""GCF_035985965.1"",""GCF_036246165.1"",""GCF_036246185.1"",""GCF_036246225.1"",""GCF_036327715.1"",""GCF_037290055.1"",""GCF_037891785.1"",""GCF_037892375.1"",""GCF_038049945.1"",""GCF_039645515.1"",""GCF_039645575.1"",""GCF_039783225.1"",""GCF_039783785.1"",""GCF_039955095.1"",""GCF_041225485.1"",""GCF_041225605.1"",""GCF_041281755.1"",""GCF_041509385.1"",""GCF_041514285.1"",""GCF_041514295.1"",""GCF_041893975.1"",""GCF_042847315.1"",""GCF_042997415.1"",""GCF_045760565.1"",""GCF_045801155.1"",""GCF_045862825.1"",""GCF_046109915.1"",""GCF_047344935.1"",""GCF_050407965.1"",""GCF_050847345.1"",""GCF_051098045.1"",""GCF_052569745.1"",""GCF_052570115.1"",""GCF_052571685.1"",""GCF_054073565.1"",""GCF_054331775.1"",""GCF_054452875.2"",""GCF_054784775.1"",""GCF_054785075.1"",""GCF_055180435.1"",""GCF_055502585.1"",""GCF_055755075.1"",""GCF_056269605.1"",""GCF_056676095.1"",""GCF_057786735.1"",""GCF_058111805.1"",""GCF_059089415.1"",""GCF_060305805.1"",""GCF_060307215.1"",""GCF_900016205.1"",""GCF_900094835.1"",""GCF_900240275.1"",""GCF_900519455.1"",""GCF_900519475.1"",""GCF_900636965.1"",""GCF_903885985.1"",""GCF_903886345.1"",""GCF_903886475.1"",""GCF_903891025.1"",""GCF_903891205.1"",""GCF_947539375.1"",""GCF_963243495.1"",""GCF_963281025.1"",""GCF_964063315.1"",""GCF_965136965.1"",""GCF_965286035.1"",""GCF_965286295.1"",""GCF_965286585.1"",""GCF_982267005.1""]"	root/1/1/1/1/1/1/1/0/1/0/1/1/0/1/1	"[""root/1/1/1/1/1/1/1/0/1/0/1/1/0/1/1""]"	"[{""node"":""root/1/1/1/1/1/1/1/0/1/0/1/1/0/1/1"",""length_coalescent_units"":1.3862943611198908}]"	1.0	0.0	0.0	5.0	0.0	0.0	0.9945355191256833	0.002732240437158474	0.002732240437158474	1520	5.0
8aae7e274b81fc59b32a95938e88e22ba9b52e5ba558062e2b68b1614a0a099e	"[""GCF_029726355.1"",""GCF_030770295.1""]"	"[""GCF_000009425.1"",""GCF_000010145.1"",""GCF_000011045.1"",""GCF_000014385.1"",""GCF_000014425.1"",""GCF_000014445.1"",""GCF_000014505.1"",""GCF_000014545.1"",""GCF_000015385.1"",""GCF_000016825.1"",""GCF_000023085.1"",""GCF_000025045.1"",""GCF_000026405.1"",""GCF_000092505.1"",""GCF_000148815.2"",""GCF_000155515.2"",""GCF_000160835.1"",""GCF_000203855.3"",""GCF_000237995.1"",""GCF_000241055.1"",""GCF_000269925.1"",""GCF_000269945.1"",""GCF_000298875.1"",""GCF_000468955.1"",""GCF_000691805.2"",""GCF_001434365.1"",""GCF_001434705.1"",""GCF_001435245.1"",""GCF_001436135.1"",""GCF_001436905.1"",""GCF_001437055.1"",""GCF_001437425.1"",""GCF_001438705.1"",""GCF_001536305.1"",""GCF_001618285.1"",""GCF_001702215.1"",""GCF_001702235.1"",""GCF_001752505.1"",""GCF_001752515.1"",""GCF_001752545.1"",""GCF_001761545.1"",""GCF_001767275.1"",""GCF_001888925.1"",""GCF_001891125.1"",""GCF_001932615.1"",""GCF_001998805.1"",""GCF_002174215.1"",""GCF_002950695.1"",""GCF_002970915.1"",""GCF_002970935.1"",""GCF_003150935.1"",""GCF_003151025.1"",""GCF_003173695.1"",""GCF_003176835.1"",""GCF_003264795.1"",""GCF_003584685.1"",""GCF_003641185.1"",""GCF_003722275.1"",""GCF_003999355.1"",""GCF_004354645.1"",""GCF_004377635.1"",""GCF_005405405.1"",""GCF_005405465.1"",""GCF_007954605.1"",""GCF_007954785.1"",""GCF_008107645.1"",""GCF_008831485.1"",""GCF_009184845.1"",""GCF_009856565.1"",""GCF_009913655.1"",""GCF_009913995.1"",""GCF_009914015.1"",""GCF_009914035.1"",""GCF_010092385.1"",""GCF_011058775.1"",""GCF_011304355.1"",""GCF_013113695.1"",""GCF_013407595.1"",""GCF_014131735.1"",""GCF_014145545.1"",""GCF_014145555.1"",""GCF_014145615.1"",""GCF_014397255.1"",""GCF_014656585.1"",""GCF_014789145.1"",""GCF_016127255.1"",""GCF_016127815.1"",""GCF_016647595.1"",""GCF_016919665.1"",""GCF_017068355.1"",""GCF_017894345.1"",""GCF_018394055.1"",""GCF_018502505.1"",""GCF_019448175.1"",""GCF_019469265.1"",""GCF_019576155.1"",""GCF_019797825.1"",""GCF_020510245.1"",""GCF_020784695.1"",""GCF_020844005.1"",""GCF_021378055.1"",""GCF_023169905.1"",""GCF_023499275.1"",""GCF_023920145.1"",""GCF_024334065.1"",""GCF_024397795.1"",""GCF_024718545.1"",""GCF_025311495.1"",""GCF_025490915.1"",""GCF_025739325.1"",""GCF_025948295.1"",""GCF_026222675.1"",""GCF_028607025.1"",""GCF_028621815.1"",""GCF_028736235.1"",""GCF_029025825.1"",""GCF_029854335.1"",""GCF_029866985.1"",""GCF_030480545.1"",""GCF_030770265.1"",""GCF_030770335.1"",""GCF_032762665.1"",""GCF_033142085.1"",""GCF_033570435.1"",""GCF_034703025.1"",""GCF_035985965.1"",""GCF_036246165.1"",""GCF_036246185.1"",""GCF_036246225.1"",""GCF_036327715.1"",""GCF_037290055.1"",""GCF_037891785.1"",""GCF_037892375.1"",""GCF_038049945.1"",""GCF_039645515.1"",""GCF_039645575.1"",""GCF_039783225.1"",""GCF_039783785.1"",""GCF_039955095.1"",""GCF_041225485.1"",""GCF_041225605.1"",""GCF_041281755.1"",""GCF_041509385.1"",""GCF_041514285.1"",""GCF_041514295.1"",""GCF_041893975.1"",""GCF_042847315.1"",""GCF_042997415.1"",""GCF_045760565.1"",""GCF_045801155.1"",""GCF_045862825.1"",""GCF_046109915.1"",""GCF_047344935.1"",""GCF_050407965.1"",""GCF_050847345.1"",""GCF_051098045.1"",""GCF_052569745.1"",""GCF_052570115.1"",""GCF_052571685.1"",""GCF_054073565.1"",""GCF_054331775.1"",""GCF_054452875.2"",""GCF_054784775.1"",""GCF_054785075.1"",""GCF_055180435.1"",""GCF_055502585.1"",""GCF_055755075.1"",""GCF_056269605.1"",""GCF_056676095.1"",""GCF_057786735.1"",""GCF_058111805.1"",""GCF_059089415.1"",""GCF_060305805.1"",""GCF_060307215.1"",""GCF_900016205.1"",""GCF_900094835.1"",""GCF_900240275.1"",""GCF_900519455.1"",""GCF_900519475.1"",""GCF_900636965.1"",""GCF_903885985.1"",""GCF_903886345.1"",""GCF_903886475.1"",""GCF_903891025.1"",""GCF_903891205.1"",""GCF_947539375.1"",""GCF_963243495.1"",""GCF_963281025.1"",""GCF_964063315.1"",""GCF_965136965.1"",""GCF_965286035.1"",""GCF_965286295.1"",""GCF_965286585.1"",""GCF_982267005.1""]"	root/1/1/1/1/1/1/1/0/1/0/1/1/0/1/1/1	"[""root/1/1/1/1/1/1/1/0/1/0/1/1/0/1/1/1""]"	"[{""node"":""root/1/1/1/1/1/1/1/0/1/0/1/1/0/1/1/1"",""length_coalescent_units"":0.0}]"	0.4	0.4	0.2	2.0	2.0	1.0	0.39743589743589736	0.39743589743589736	0.20512820512820532	384	5.0
d4f9525281c778c832a7802d7036e36ffdf3085c1bc4c6116826a023d8b1ab20	"[""GCF_029866985.1"",""GCF_039783225.1"",""GCF_057786735.1""]"	"[""GCF_000009425.1"",""GCF_000010145.1"",""GCF_000011045.1"",""GCF_000014385.1"",""GCF_000014425.1"",""GCF_000014445.1"",""GCF_000014505.1"",""GCF_000014545.1"",""GCF_000015385.1"",""GCF_000016825.1"",""GCF_000023085.1"",""GCF_000025045.1"",""GCF_000026405.1"",""GCF_000092505.1"",""GCF_000148815.2"",""GCF_000155515.2"",""GCF_000160835.1"",""GCF_000203855.3"",""GCF_000237995.1"",""GCF_000241055.1"",""GCF_000269925.1"",""GCF_000269945.1"",""GCF_000298875.1"",""GCF_000468955.1"",""GCF_000691805.2"",""GCF_001434365.1"",""GCF_001434705.1"",""GCF_001435245.1"",""GCF_001436135.1"",""GCF_001436905.1"",""GCF_001437055.1"",""GCF_001437425.1"",""GCF_001438705.1"",""GCF_001536305.1"",""GCF_001618285.1"",""GCF_001702215.1"",""GCF_001702235.1"",""GCF_001752505.1"",""GCF_001752515.1"",""GCF_001752545.1"",""GCF_001761545.1"",""GCF_001767275.1"",""GCF_001888925.1"",""GCF_001891125.1"",""GCF_001932615.1"",""GCF_001998805.1"",""GCF_002174215.1"",""GCF_002950695.1"",""GCF_002970915.1"",""GCF_002970935.1"",""GCF_003150935.1"",""GCF_003151025.1"",""GCF_003173695.1"",""GCF_003176835.1"",""GCF_003264795.1"",""GCF_003584685.1"",""GCF_003641185.1"",""GCF_003722275.1"",""GCF_003999355.1"",""GCF_004354645.1"",""GCF_004377635.1"",""GCF_005405405.1"",""GCF_005405465.1"",""GCF_007954605.1"",""GCF_007954785.1"",""GCF_008107645.1"",""GCF_008831485.1"",""GCF_009184845.1"",""GCF_009856565.1"",""GCF_009913655.1"",""GCF_009913995.1"",""GCF_009914015.1"",""GCF_009914035.1"",""GCF_010092385.1"",""GCF_011058775.1"",""GCF_011304355.1"",""GCF_013113695.1"",""GCF_013407595.1"",""GCF_014131735.1"",""GCF_014145545.1"",""GCF_014145555.1"",""GCF_014145615.1"",""GCF_014397255.1"",""GCF_014656585.1"",""GCF_014789145.1"",""GCF_016127255.1"",""GCF_016127815.1"",""GCF_016647595.1"",""GCF_016919665.1"",""GCF_017068355.1"",""GCF_017894345.1"",""GCF_018394055.1"",""GCF_018502505.1"",""GCF_019448175.1"",""GCF_019469265.1"",""GCF_019576155.1"",""GCF_019797825.1"",""GCF_020510245.1"",""GCF_020784695.1"",""GCF_020844005.1"",""GCF_021378055.1"",""GCF_023169905.1"",""GCF_023499275.1"",""GCF_023920145.1"",""GCF_024334065.1"",""GCF_024397795.1"",""GCF_024718545.1"",""GCF_025311495.1"",""GCF_025490915.1"",""GCF_025739325.1"",""GCF_025948295.1"",""GCF_026222675.1"",""GCF_028607025.1"",""GCF_028621815.1"",""GCF_028736235.1"",""GCF_029025825.1"",""GCF_029726355.1"",""GCF_029854335.1"",""GCF_030480545.1"",""GCF_030770265.1"",""GCF_030770295.1"",""GCF_030770335.1"",""GCF_032762665.1"",""GCF_033142085.1"",""GCF_033570435.1"",""GCF_034703025.1"",""GCF_035985965.1"",""GCF_036246165.1"",""GCF_036246185.1"",""GCF_036246225.1"",""GCF_036327715.1"",""GCF_037290055.1"",""GCF_037891785.1"",""GCF_037892375.1"",""GCF_038049945.1"",""GCF_039645515.1"",""GCF_039645575.1"",""GCF_039783785.1"",""GCF_039955095.1"",""GCF_041225485.1"",""GCF_041225605.1"",""GCF_041281755.1"",""GCF_041509385.1"",""GCF_041514285.1"",""GCF_041514295.1"",""GCF_041893975.1"",""GCF_042847315.1"",""GCF_042997415.1"",""GCF_045760565.1"",""GCF_045801155.1"",""GCF_045862825.1"",""GCF_046109915.1"",""GCF_047344935.1"",""GCF_050407965.1"",""GCF_050847345.1"",""GCF_051098045.1"",""GCF_052569745.1"",""GCF_052570115.1"",""GCF_052571685.1"",""GCF_054073565.1"",""GCF_054331775.1"",""GCF_054452875.2"",""GCF_054784775.1"",""GCF_054785075.1"",""GCF_055180435.1"",""GCF_055502585.1"",""GCF_055755075.1"",""GCF_056269605.1"",""GCF_056676095.1"",""GCF_058111805.1"",""GCF_059089415.1"",""GCF_060305805.1"",""GCF_060307215.1"",""GCF_900016205.1"",""GCF_900094835.1"",""GCF_900240275.1"",""GCF_900519455.1"",""GCF_900519475.1"",""GCF_900636965.1"",""GCF_903885985.1"",""GCF_903886345.1"",""GCF_903886475.1"",""GCF_903891025.1"",""GCF_903891205.1"",""GCF_947539375.1"",""GCF_963243495.1"",""GCF_963281025.1"",""GCF_964063315.1"",""GCF_965136965.1"",""GCF_965286035.1"",""GCF_965286295.1"",""GCF_965286585.1"",""GCF_982267005.1""]"	root/1/1/1/1/1/1/1/1/0/1/1/1/0	"[""root/1/1/1/1/1/1/1/1/0/1/1/1/0""]"	"[{""node"":""root/1/1/1/1/1/1/1/1/0/1/1/1/0"",""length_coalescent_units"":0.12606615962060172}]"	0.4947547828727604	0.30247115092620713	0.2027740662010325	2.473773914363802	1.5123557546310356	1.0138703310051624	0.5525875551840438	0.25713376061580323	0.19027868420015295	2960	5.0
92ad7d1c81812b22b874d009cecee4b754b3ad9423360d471409c41843a0415f	"[""GCF_029866985.1"",""GCF_057786735.1""]"	"[""GCF_000009425.1"",""GCF_000010145.1"",""GCF_000011045.1"",""GCF_000014385.1"",""GCF_000014425.1"",""GCF_000014445.1"",""GCF_000014505.1"",""GCF_000014545.1"",""GCF_000015385.1"",""GCF_000016825.1"",""GCF_000023085.1"",""GCF_000025045.1"",""GCF_000026405.1"",""GCF_000092505.1"",""GCF_000148815.2"",""GCF_000155515.2"",""GCF_000160835.1"",""GCF_000203855.3"",""GCF_000237995.1"",""GCF_000241055.1"",""GCF_000269925.1"",""GCF_000269945.1"",""GCF_000298875.1"",""GCF_000468955.1"",""GCF_000691805.2"",""GCF_001434365.1"",""GCF_001434705.1"",""GCF_001435245.1"",""GCF_001436135.1"",""GCF_001436905.1"",""GCF_001437055.1"",""GCF_001437425.1"",""GCF_001438705.1"",""GCF_001536305.1"",""GCF_001618285.1"",""GCF_001702215.1"",""GCF_001702235.1"",""GCF_001752505.1"",""GCF_001752515.1"",""GCF_001752545.1"",""GCF_001761545.1"",""GCF_001767275.1"",""GCF_001888925.1"",""GCF_001891125.1"",""GCF_001932615.1"",""GCF_001998805.1"",""GCF_002174215.1"",""GCF_002950695.1"",""GCF_002970915.1"",""GCF_002970935.1"",""GCF_003150935.1"",""GCF_003151025.1"",""GCF_003173695.1"",""GCF_003176835.1"",""GCF_003264795.1"",""GCF_003584685.1"",""GCF_003641185.1"",""GCF_003722275.1"",""GCF_003999355.1"",""GCF_004354645.1"",""GCF_004377635.1"",""GCF_005405405.1"",""GCF_005405465.1"",""GCF_007954605.1"",""GCF_007954785.1"",""GCF_008107645.1"",""GCF_008831485.1"",""GCF_009184845.1"",""GCF_009856565.1"",""GCF_009913655.1"",""GCF_009913995.1"",""GCF_009914015.1"",""GCF_009914035.1"",""GCF_010092385.1"",""GCF_011058775.1"",""GCF_011304355.1"",""GCF_013113695.1"",""GCF_013407595.1"",""GCF_014131735.1"",""GCF_014145545.1"",""GCF_014145555.1"",""GCF_014145615.1"",""GCF_014397255.1"",""GCF_014656585.1"",""GCF_014789145.1"",""GCF_016127255.1"",""GCF_016127815.1"",""GCF_016647595.1"",""GCF_016919665.1"",""GCF_017068355.1"",""GCF_017894345.1"",""GCF_018394055.1"",""GCF_018502505.1"",""GCF_019448175.1"",""GCF_019469265.1"",""GCF_019576155.1"",""GCF_019797825.1"",""GCF_020510245.1"",""GCF_020784695.1"",""GCF_020844005.1"",""GCF_021378055.1"",""GCF_023169905.1"",""GCF_023499275.1"",""GCF_023920145.1"",""GCF_024334065.1"",""GCF_024397795.1"",""GCF_024718545.1"",""GCF_025311495.1"",""GCF_025490915.1"",""GCF_025739325.1"",""GCF_025948295.1"",""GCF_026222675.1"",""GCF_028607025.1"",""GCF_028621815.1"",""GCF_028736235.1"",""GCF_029025825.1"",""GCF_029726355.1"",""GCF_029854335.1"",""GCF_030480545.1"",""GCF_030770265.1"",""GCF_030770295.1"",""GCF_030770335.1"",""GCF_032762665.1"",""GCF_033142085.1"",""GCF_033570435.1"",""GCF_034703025.1"",""GCF_035985965.1"",""GCF_036246165.1"",""GCF_036246185.1"",""GCF_036246225.1"",""GCF_036327715.1"",""GCF_037290055.1"",""GCF_037891785.1"",""GCF_037892375.1"",""GCF_038049945.1"",""GCF_039645515.1"",""GCF_039645575.1"",""GCF_039783225.1"",""GCF_039783785.1"",""GCF_039955095.1"",""GCF_041225485.1"",""GCF_041225605.1"",""GCF_041281755.1"",""GCF_041509385.1"",""GCF_041514285.1"",""GCF_041514295.1"",""GCF_041893975.1"",""GCF_042847315.1"",""GCF_042997415.1"",""GCF_045760565.1"",""GCF_045801155.1"",""GCF_045862825.1"",""GCF_046109915.1"",""GCF_047344935.1"",""GCF_050407965.1"",""GCF_050847345.1"",""GCF_051098045.1"",""GCF_052569745.1"",""GCF_052570115.1"",""GCF_052571685.1"",""GCF_054073565.1"",""GCF_054331775.1"",""GCF_054452875.2"",""GCF_054784775.1"",""GCF_054785075.1"",""GCF_055180435.1"",""GCF_055502585.1"",""GCF_055755075.1"",""GCF_056269605.1"",""GCF_056676095.1"",""GCF_058111805.1"",""GCF_059089415.1"",""GCF_060305805.1"",""GCF_060307215.1"",""GCF_900016205.1"",""GCF_900094835.1"",""GCF_900240275.1"",""GCF_900519455.1"",""GCF_900519475.1"",""GCF_900636965.1"",""GCF_903885985.1"",""GCF_903886345.1"",""GCF_903886475.1"",""GCF_903891025.1"",""GCF_903891205.1"",""GCF_947539375.1"",""GCF_963243495.1"",""GCF_963281025.1"",""GCF_964063315.1"",""GCF_965136965.1"",""GCF_965286035.1"",""GCF_965286295.1"",""GCF_965286585.1"",""GCF_982267005.1""]"	root/1/1/1/1/1/1/1/1/0/1/1/1/0/1	"[""root/1/1/1/1/1/1/1/1/0/1/1/1/0/1""]"	"[{""node"":""root/1/1/1/1/1/1/1/1/0/1/1/1/0/1"",""length_coalescent_units"":0.25706743663217396}]"	0.5813471502590674	0.21857485096662765	0.20007799877430496	2.906735751295337	1.0928742548331383	1.0003899938715248	0.6913060439472928	0.15833741619253372	0.15035653986017347	193	5.0
54e0f2913d1b51605713d4c4a4fb50502446ba2298674ba5022720845486a96d	"[""GCF_030770265.1"",""GCF_030770335.1""]"	"[""GCF_000009425.1"",""GCF_000010145.1"",""GCF_000011045.1"",""GCF_000014385.1"",""GCF_000014425.1"",""GCF_000014445.1"",""GCF_000014505.1"",""GCF_000014545.1"",""GCF_000015385.1"",""GCF_000016825.1"",""GCF_000023085.1"",""GCF_000025045.1"",""GCF_000026405.1"",""GCF_000092505.1"",""GCF_000148815.2"",""GCF_000155515.2"",""GCF_000160835.1"",""GCF_000203855.3"",""GCF_000237995.1"",""GCF_000241055.1"",""GCF_000269925.1"",""GCF_000269945.1"",""GCF_000298875.1"",""GCF_000468955.1"",""GCF_000691805.2"",""GCF_001434365.1"",""GCF_001434705.1"",""GCF_001435245.1"",""GCF_001436135.1"",""GCF_001436905.1"",""GCF_001437055.1"",""GCF_001437425.1"",""GCF_001438705.1"",""GCF_001536305.1"",""GCF_001618285.1"",""GCF_001702215.1"",""GCF_001702235.1"",""GCF_001752505.1"",""GCF_001752515.1"",""GCF_001752545.1"",""GCF_001761545.1"",""GCF_001767275.1"",""GCF_001888925.1"",""GCF_001891125.1"",""GCF_001932615.1"",""GCF_001998805.1"",""GCF_002174215.1"",""GCF_002950695.1"",""GCF_002970915.1"",""GCF_002970935.1"",""GCF_003150935.1"",""GCF_003151025.1"",""GCF_003173695.1"",""GCF_003176835.1"",""GCF_003264795.1"",""GCF_003584685.1"",""GCF_003641185.1"",""GCF_003722275.1"",""GCF_003999355.1"",""GCF_004354645.1"",""GCF_004377635.1"",""GCF_005405405.1"",""GCF_005405465.1"",""GCF_007954605.1"",""GCF_007954785.1"",""GCF_008107645.1"",""GCF_008831485.1"",""GCF_009184845.1"",""GCF_009856565.1"",""GCF_009913655.1"",""GCF_009913995.1"",""GCF_009914015.1"",""GCF_009914035.1"",""GCF_010092385.1"",""GCF_011058775.1"",""GCF_011304355.1"",""GCF_013113695.1"",""GCF_013407595.1"",""GCF_014131735.1"",""GCF_014145545.1"",""GCF_014145555.1"",""GCF_014145615.1"",""GCF_014397255.1"",""GCF_014656585.1"",""GCF_014789145.1"",""GCF_016127255.1"",""GCF_016127815.1"",""GCF_016647595.1"",""GCF_016919665.1"",""GCF_017068355.1"",""GCF_017894345.1"",""GCF_018394055.1"",""GCF_018502505.1"",""GCF_019448175.1"",""GCF_019469265.1"",""GCF_019576155.1"",""GCF_019797825.1"",""GCF_020510245.1"",""GCF_020784695.1"",""GCF_020844005.1"",""GCF_021378055.1"",""GCF_023169905.1"",""GCF_023499275.1"",""GCF_023920145.1"",""GCF_024334065.1"",""GCF_024397795.1"",""GCF_024718545.1"",""GCF_025311495.1"",""GCF_025490915.1"",""GCF_025739325.1"",""GCF_025948295.1"",""GCF_026222675.1"",""GCF_028607025.1"",""GCF_028621815.1"",""GCF_028736235.1"",""GCF_029025825.1"",""GCF_029726355.1"",""GCF_029854335.1"",""GCF_029866985.1"",""GCF_030480545.1"",""GCF_030770295.1"",""GCF_032762665.1"",""GCF_033142085.1"",""GCF_033570435.1"",""GCF_034703025.1"",""GCF_035985965.1"",""GCF_036246165.1"",""GCF_036246185.1"",""GCF_036246225.1"",""GCF_036327715.1"",""GCF_037290055.1"",""GCF_037891785.1"",""GCF_037892375.1"",""GCF_038049945.1"",""GCF_039645515.1"",""GCF_039645575.1"",""GCF_039783225.1"",""GCF_039783785.1"",""GCF_039955095.1"",""GCF_041225485.1"",""GCF_041225605.1"",""GCF_041281755.1"",""GCF_041509385.1"",""GCF_041514285.1"",""GCF_041514295.1"",""GCF_041893975.1"",""GCF_042847315.1"",""GCF_042997415.1"",""GCF_045760565.1"",""GCF_045801155.1"",""GCF_045862825.1"",""GCF_046109915.1"",""GCF_047344935.1"",""GCF_050407965.1"",""GCF_050847345.1"",""GCF_051098045.1"",""GCF_052569745.1"",""GCF_052570115.1"",""GCF_052571685.1"",""GCF_054073565.1"",""GCF_054331775.1"",""GCF_054452875.2"",""GCF_054784775.1"",""GCF_054785075.1"",""GCF_055180435.1"",""GCF_055502585.1"",""GCF_055755075.1"",""GCF_056269605.1"",""GCF_056676095.1"",""GCF_057786735.1"",""GCF_058111805.1"",""GCF_059089415.1"",""GCF_060305805.1"",""GCF_060307215.1"",""GCF_900016205.1"",""GCF_900094835.1"",""GCF_900240275.1"",""GCF_900519455.1"",""GCF_900519475.1"",""GCF_900636965.1"",""GCF_903885985.1"",""GCF_903886345.1"",""GCF_903886475.1"",""GCF_903891025.1"",""GCF_903891205.1"",""GCF_947539375.1"",""GCF_963243495.1"",""GCF_963281025.1"",""GCF_964063315.1"",""GCF_965136965.1"",""GCF_965286035.1"",""GCF_965286295.1"",""GCF_965286585.1"",""GCF_982267005.1""]"	root/1/1/1/1/1/1/1/0/1/0/1/1/0/1/1/0	"[""root/1/1/1/1/1/1/1/0/1/0/1/1/0/1/1/0""]"	"[{""node"":""root/1/1/1/1/1/1/1/0/1/0/1/1/0/1/1/0"",""length_coalescent_units"":0.13353139262452274}]"	0.5	0.3	0.2	2.5	1.5	1.0	0.5607564869103999	0.25238762408031995	0.18685588900928013	384	5.0
24cba5f6c97779e01f76ca13acaff299d9bc9009733353ac898c29e031ea686f	"[""GCF_033142085.1"",""GCF_900519475.1""]"	"[""GCF_000009425.1"",""GCF_000010145.1"",""GCF_000011045.1"",""GCF_000014385.1"",""GCF_000014425.1"",""GCF_000014445.1"",""GCF_000014505.1"",""GCF_000014545.1"",""GCF_000015385.1"",""GCF_000016825.1"",""GCF_000023085.1"",""GCF_000025045.1"",""GCF_000026405.1"",""GCF_000092505.1"",""GCF_000148815.2"",""GCF_000155515.2"",""GCF_000160835.1"",""GCF_000203855.3"",""GCF_000237995.1"",""GCF_000241055.1"",""GCF_000269925.1"",""GCF_000269945.1"",""GCF_000298875.1"",""GCF_000468955.1"",""GCF_000691805.2"",""GCF_001434365.1"",""GCF_001434705.1"",""GCF_001435245.1"",""GCF_001436135.1"",""GCF_001436905.1"",""GCF_001437055.1"",""GCF_001437425.1"",""GCF_001438705.1"",""GCF_001536305.1"",""GCF_001618285.1"",""GCF_001702215.1"",""GCF_001702235.1"",""GCF_001752505.1"",""GCF_001752515.1"",""GCF_001752545.1"",""GCF_001761545.1"",""GCF_001767275.1"",""GCF_001888925.1"",""GCF_001891125.1"",""GCF_001932615.1"",""GCF_001998805.1"",""GCF_002174215.1"",""GCF_002950695.1"",""GCF_002970915.1"",""GCF_002970935.1"",""GCF_003150935.1"",""GCF_003151025.1"",""GCF_003173695.1"",""GCF_003176835.1"",""GCF_003264795.1"",""GCF_003584685.1"",""GCF_003641185.1"",""GCF_003722275.1"",""GCF_003999355.1"",""GCF_004354645.1"",""GCF_004377635.1"",""GCF_005405405.1"",""GCF_005405465.1"",""GCF_007954605.1"",""GCF_007954785.1"",""GCF_008107645.1"",""GCF_008831485.1"",""GCF_009184845.1"",""GCF_009856565.1"",""GCF_009913655.1"",""GCF_009913995.1"",""GCF_009914015.1"",""GCF_009914035.1"",""GCF_010092385.1"",""GCF_011058775.1"",""GCF_011304355.1"",""GCF_013113695.1"",""GCF_013407595.1"",""GCF_014131735.1"",""GCF_014145545.1"",""GCF_014145555.1"",""GCF_014145615.1"",""GCF_014397255.1"",""GCF_014656585.1"",""GCF_014789145.1"",""GCF_016127255.1"",""GCF_016127815.1"",""GCF_016647595.1"",""GCF_016919665.1"",""GCF_017068355.1"",""GCF_017894345.1"",""GCF_018394055.1"",""GCF_018502505.1"",""GCF_019448175.1"",""GCF_019469265.1"",""GCF_019576155.1"",""GCF_019797825.1"",""GCF_020510245.1"",""GCF_020784695.1"",""GCF_020844005.1"",""GCF_021378055.1"",""GCF_023169905.1"",""GCF_023499275.1"",""GCF_023920145.1"",""GCF_024334065.1"",""GCF_024397795.1"",""GCF_024718545.1"",""GCF_025311495.1"",""GCF_025490915.1"",""GCF_025739325.1"",""GCF_025948295.1"",""GCF_026222675.1"",""GCF_028607025.1"",""GCF_028621815.1"",""GCF_028736235.1"",""GCF_029025825.1"",""GCF_029726355.1"",""GCF_029854335.1"",""GCF_029866985.1"",""GCF_030480545.1"",""GCF_030770265.1"",""GCF_030770295.1"",""GCF_030770335.1"",""GCF_032762665.1"",""GCF_033570435.1"",""GCF_034703025.1"",""GCF_035985965.1"",""GCF_036246165.1"",""GCF_036246185.1"",""GCF_036246225.1"",""GCF_036327715.1"",""GCF_037290055.1"",""GCF_037891785.1"",""GCF_037892375.1"",""GCF_038049945.1"",""GCF_039645515.1"",""GCF_039645575.1"",""GCF_039783225.1"",""GCF_039783785.1"",""GCF_039955095.1"",""GCF_041225485.1"",""GCF_041225605.1"",""GCF_041281755.1"",""GCF_041509385.1"",""GCF_041514285.1"",""GCF_041514295.1"",""GCF_041893975.1"",""GCF_042847315.1"",""GCF_042997415.1"",""GCF_045760565.1"",""GCF_045801155.1"",""GCF_045862825.1"",""GCF_046109915.1"",""GCF_047344935.1"",""GCF_050407965.1"",""GCF_050847345.1"",""GCF_051098045.1"",""GCF_052569745.1"",""GCF_052570115.1"",""GCF_052571685.1"",""GCF_054073565.1"",""GCF_054331775.1"",""GCF_054452875.2"",""GCF_054784775.1"",""GCF_054785075.1"",""GCF_055180435.1"",""GCF_055502585.1"",""GCF_055755075.1"",""GCF_056269605.1"",""GCF_056676095.1"",""GCF_057786735.1"",""GCF_058111805.1"",""GCF_059089415.1"",""GCF_060305805.1"",""GCF_060307215.1"",""GCF_900016205.1"",""GCF_900094835.1"",""GCF_900240275.1"",""GCF_900519455.1"",""GCF_900636965.1"",""GCF_903885985.1"",""GCF_903886345.1"",""GCF_903886475.1"",""GCF_903891025.1"",""GCF_903891205.1"",""GCF_947539375.1"",""GCF_963243495.1"",""GCF_963281025.1"",""GCF_964063315.1"",""GCF_965136965.1"",""GCF_965286035.1"",""GCF_965286295.1"",""GCF_965286585.1"",""GCF_982267005.1""]"	root/1/1/1/1/1/1/1/0/0/1/0/1/1/1/0	"[""root/1/1/1/1/1/1/1/0/0/1/0/1/1/1/0""]"	"[{""node"":""root/1/1/1/1/1/1/1/0/0/1/0/1/1/1/0"",""length_coalescent_units"":0.04962384491800926}]"	0.4387301587301587	0.3208791208791209	0.24039072039072037	2.1936507936507934	1.6043956043956045	1.201953601953602	0.46919837448637286	0.2991088910593853	0.23169273445424188	945	5.0
f09ee9dfd58124971acedf9967a60fbc2033b7858618211311590c4d12470ec2	"[""GCF_036246165.1"",""GCF_036246185.1"",""GCF_045862825.1"",""GCF_963243495.1""]"	"[""GCF_000009425.1"",""GCF_000010145.1"",""GCF_000011045.1"",""GCF_000014385.1"",""GCF_000014425.1"",""GCF_000014445.1"",""GCF_000014505.1"",""GCF_000014545.1"",""GCF_000015385.1"",""GCF_000016825.1"",""GCF_000023085.1"",""GCF_000025045.1"",""GCF_000026405.1"",""GCF_000092505.1"",""GCF_000148815.2"",""GCF_000155515.2"",""GCF_000160835.1"",""GCF_000203855.3"",""GCF_000237995.1"",""GCF_000241055.1"",""GCF_000269925.1"",""GCF_000269945.1"",""GCF_000298875.1"",""GCF_000468955.1"",""GCF_000691805.2"",""GCF_001434365.1"",""GCF_001434705.1"",""GCF_001435245.1"",""GCF_001436135.1"",""GCF_001436905.1"",""GCF_001437055.1"",""GCF_001437425.1"",""GCF_001438705.1"",""GCF_001536305.1"",""GCF_001618285.1"",""GCF_001702215.1"",""GCF_001702235.1"",""GCF_001752505.1"",""GCF_001752515.1"",""GCF_001752545.1"",""GCF_001761545.1"",""GCF_001767275.1"",""GCF_001888925.1"",""GCF_001891125.1"",""GCF_001932615.1"",""GCF_001998805.1"",""GCF_002174215.1"",""GCF_002950695.1"",""GCF_002970915.1"",""GCF_002970935.1"",""GCF_003150935.1"",""GCF_003151025.1"",""GCF_003173695.1"",""GCF_003176835.1"",""GCF_003264795.1"",""GCF_003584685.1"",""GCF_003641185.1"",""GCF_003722275.1"",""GCF_003999355.1"",""GCF_004354645.1"",""GCF_004377635.1"",""GCF_005405405.1"",""GCF_005405465.1"",""GCF_007954605.1"",""GCF_007954785.1"",""GCF_008107645.1"",""GCF_008831485.1"",""GCF_009184845.1"",""GCF_009856565.1"",""GCF_009913655.1"",""GCF_009913995.1"",""GCF_009914015.1"",""GCF_009914035.1"",""GCF_010092385.1"",""GCF_011058775.1"",""GCF_011304355.1"",""GCF_013113695.1"",""GCF_013407595.1"",""GCF_014131735.1"",""GCF_014145545.1"",""GCF_014145555.1"",""GCF_014145615.1"",""GCF_014397255.1"",""GCF_014656585.1"",""GCF_014789145.1"",""GCF_016127255.1"",""GCF_016127815.1"",""GCF_016647595.1"",""GCF_016919665.1"",""GCF_017068355.1"",""GCF_017894345.1"",""GCF_018394055.1"",""GCF_018502505.1"",""GCF_019448175.1"",""GCF_019469265.1"",""GCF_019576155.1"",""GCF_019797825.1"",""GCF_020510245.1"",""GCF_020784695.1"",""GCF_020844005.1"",""GCF_021378055.1"",""GCF_023169905.1"",""GCF_023499275.1"",""GCF_023920145.1"",""GCF_024334065.1"",""GCF_024397795.1"",""GCF_024718545.1"",""GCF_025311495.1"",""GCF_025490915.1"",""GCF_025739325.1"",""GCF_025948295.1"",""GCF_026222675.1"",""GCF_028607025.1"",""GCF_028621815.1"",""GCF_028736235.1"",""GCF_029025825.1"",""GCF_029726355.1"",""GCF_029854335.1"",""GCF_029866985.1"",""GCF_030480545.1"",""GCF_030770265.1"",""GCF_030770295.1"",""GCF_030770335.1"",""GCF_032762665.1"",""GCF_033142085.1"",""GCF_033570435.1"",""GCF_034703025.1"",""GCF_035985965.1"",""GCF_036246225.1"",""GCF_036327715.1"",""GCF_037290055.1"",""GCF_037891785.1"",""GCF_037892375.1"",""GCF_038049945.1"",""GCF_039645515.1"",""GCF_039645575.1"",""GCF_039783225.1"",""GCF_039783785.1"",""GCF_039955095.1"",""GCF_041225485.1"",""GCF_041225605.1"",""GCF_041281755.1"",""GCF_041509385.1"",""GCF_041514285.1"",""GCF_041514295.1"",""GCF_041893975.1"",""GCF_042847315.1"",""GCF_042997415.1"",""GCF_045760565.1"",""GCF_045801155.1"",""GCF_046109915.1"",""GCF_047344935.1"",""GCF_050407965.1"",""GCF_050847345.1"",""GCF_051098045.1"",""GCF_052569745.1"",""GCF_052570115.1"",""GCF_052571685.1"",""GCF_054073565.1"",""GCF_054331775.1"",""GCF_054452875.2"",""GCF_054784775.1"",""GCF_054785075.1"",""GCF_055180435.1"",""GCF_055502585.1"",""GCF_055755075.1"",""GCF_056269605.1"",""GCF_056676095.1"",""GCF_057786735.1"",""GCF_058111805.1"",""GCF_059089415.1"",""GCF_060305805.1"",""GCF_060307215.1"",""GCF_900016205.1"",""GCF_900094835.1"",""GCF_900240275.1"",""GCF_900519455.1"",""GCF_900519475.1"",""GCF_900636965.1"",""GCF_903885985.1"",""GCF_903886345.1"",""GCF_903886475.1"",""GCF_903891025.1"",""GCF_903891205.1"",""GCF_947539375.1"",""GCF_963281025.1"",""GCF_964063315.1"",""GCF_965136965.1"",""GCF_965286035.1"",""GCF_965286295.1"",""GCF_965286585.1"",""GCF_982267005.1""]"	root/1/1/1/1/1/1/1/0/1/1/1/1/1/0/1	"[""root/1/1/1/1/1/1/1/0/1/1/1/1/1/0/1""]"	"[{""node"":""root/1/1/1/1/1/1/1/0/1/1/1/1/1/0/1"",""length_coalescent_units"":0.23638877806423023}]"	0.5684210526315789	0.41684210526315785	0.014736842105263156	2.8421052631578947	2.0842105263157893	0.07368421052631578	0.6114590732999694	0.29646455372562724	0.09207637297440334	1140	5.0
4a2e809a7d67771547ce3c1de61b11038260ad9f5e1560ca492501503dff06c6	"[""GCF_036246165.1"",""GCF_036246185.1"",""GCF_963243495.1""]"	"[""GCF_000009425.1"",""GCF_000010145.1"",""GCF_000011045.1"",""GCF_000014385.1"",""GCF_000014425.1"",""GCF_000014445.1"",""GCF_000014505.1"",""GCF_000014545.1"",""GCF_000015385.1"",""GCF_000016825.1"",""GCF_000023085.1"",""GCF_000025045.1"",""GCF_000026405.1"",""GCF_000092505.1"",""GCF_000148815.2"",""GCF_000155515.2"",""GCF_000160835.1"",""GCF_000203855.3"",""GCF_000237995.1"",""GCF_000241055.1"",""GCF_000269925.1"",""GCF_000269945.1"",""GCF_000298875.1"",""GCF_000468955.1"",""GCF_000691805.2"",""GCF_001434365.1"",""GCF_001434705.1"",""GCF_001435245.1"",""GCF_001436135.1"",""GCF_001436905.1"",""GCF_001437055.1"",""GCF_001437425.1"",""GCF_001438705.1"",""GCF_001536305.1"",""GCF_001618285.1"",""GCF_001702215.1"",""GCF_001702235.1"",""GCF_001752505.1"",""GCF_001752515.1"",""GCF_001752545.1"",""GCF_001761545.1"",""GCF_001767275.1"",""GCF_001888925.1"",""GCF_001891125.1"",""GCF_001932615.1"",""GCF_001998805.1"",""GCF_002174215.1"",""GCF_002950695.1"",""GCF_002970915.1"",""GCF_002970935.1"",""GCF_003150935.1"",""GCF_003151025.1"",""GCF_003173695.1"",""GCF_003176835.1"",""GCF_003264795.1"",""GCF_003584685.1"",""GCF_003641185.1"",""GCF_003722275.1"",""GCF_003999355.1"",""GCF_004354645.1"",""GCF_004377635.1"",""GCF_005405405.1"",""GCF_005405465.1"",""GCF_007954605.1"",""GCF_007954785.1"",""GCF_008107645.1"",""GCF_008831485.1"",""GCF_009184845.1"",""GCF_009856565.1"",""GCF_009913655.1"",""GCF_009913995.1"",""GCF_009914015.1"",""GCF_009914035.1"",""GCF_010092385.1"",""GCF_011058775.1"",""GCF_011304355.1"",""GCF_013113695.1"",""GCF_013407595.1"",""GCF_014131735.1"",""GCF_014145545.1"",""GCF_014145555.1"",""GCF_014145615.1"",""GCF_014397255.1"",""GCF_014656585.1"",""GCF_014789145.1"",""GCF_016127255.1"",""GCF_016127815.1"",""GCF_016647595.1"",""GCF_016919665.1"",""GCF_017068355.1"",""GCF_017894345.1"",""GCF_018394055.1"",""GCF_018502505.1"",""GCF_019448175.1"",""GCF_019469265.1"",""GCF_019576155.1"",""GCF_019797825.1"",""GCF_020510245.1"",""GCF_020784695.1"",""GCF_020844005.1"",""GCF_021378055.1"",""GCF_023169905.1"",""GCF_023499275.1"",""GCF_023920145.1"",""GCF_024334065.1"",""GCF_024397795.1"",""GCF_024718545.1"",""GCF_025311495.1"",""GCF_025490915.1"",""GCF_025739325.1"",""GCF_025948295.1"",""GCF_026222675.1"",""GCF_028607025.1"",""GCF_028621815.1"",""GCF_028736235.1"",""GCF_029025825.1"",""GCF_029726355.1"",""GCF_029854335.1"",""GCF_029866985.1"",""GCF_030480545.1"",""GCF_030770265.1"",""GCF_030770295.1"",""GCF_030770335.1"",""GCF_032762665.1"",""GCF_033142085.1"",""GCF_033570435.1"",""GCF_034703025.1"",""GCF_035985965.1"",""GCF_036246225.1"",""GCF_036327715.1"",""GCF_037290055.1"",""GCF_037891785.1"",""GCF_037892375.1"",""GCF_038049945.1"",""GCF_039645515.1"",""GCF_039645575.1"",""GCF_039783225.1"",""GCF_039783785.1"",""GCF_039955095.1"",""GCF_041225485.1"",""GCF_041225605.1"",""GCF_041281755.1"",""GCF_041509385.1"",""GCF_041514285.1"",""GCF_041514295.1"",""GCF_041893975.1"",""GCF_042847315.1"",""GCF_042997415.1"",""GCF_045760565.1"",""GCF_045801155.1"",""GCF_045862825.1"",""GCF_046109915.1"",""GCF_047344935.1"",""GCF_050407965.1"",""GCF_050847345.1"",""GCF_051098045.1"",""GCF_052569745.1"",""GCF_052570115.1"",""GCF_052571685.1"",""GCF_054073565.1"",""GCF_054331775.1"",""GCF_054452875.2"",""GCF_054784775.1"",""GCF_054785075.1"",""GCF_055180435.1"",""GCF_055502585.1"",""GCF_055755075.1"",""GCF_056269605.1"",""GCF_056676095.1"",""GCF_057786735.1"",""GCF_058111805.1"",""GCF_059089415.1"",""GCF_060305805.1"",""GCF_060307215.1"",""GCF_900016205.1"",""GCF_900094835.1"",""GCF_900240275.1"",""GCF_900519455.1"",""GCF_900519475.1"",""GCF_900636965.1"",""GCF_903885985.1"",""GCF_903886345.1"",""GCF_903886475.1"",""GCF_903891025.1"",""GCF_903891205.1"",""GCF_947539375.1"",""GCF_963281025.1"",""GCF_964063315.1"",""GCF_965136965.1"",""GCF_965286035.1"",""GCF_965286295.1"",""GCF_965286585.1"",""GCF_982267005.1""]"	root/1/1/1/1/1/1/1/0/1/1/1/1/1/0/1/1	"[""root/1/1/1/1/1/1/1/0/1/1/1/1/1/0/1/1""]"	"[{""node"":""root/1/1/1/1/1/1/1/0/1/1/1/1/1/0/1/1"",""length_coalescent_units"":1.3862943611198908}]"	1.0	0.0	0.0	5.0	0.0	0.0	0.9945355191256833	0.002732240437158474	0.002732240437158474	384	5.0
bd0d3192a005a0924ab8e85ce0c2010f4a12ac11afb07ee9990c9815e1d39418	"[""GCF_036246165.1"",""GCF_963243495.1""]"	"[""GCF_000009425.1"",""GCF_000010145.1"",""GCF_000011045.1"",""GCF_000014385.1"",""GCF_000014425.1"",""GCF_000014445.1"",""GCF_000014505.1"",""GCF_000014545.1"",""GCF_000015385.1"",""GCF_000016825.1"",""GCF_000023085.1"",""GCF_000025045.1"",""GCF_000026405.1"",""GCF_000092505.1"",""GCF_000148815.2"",""GCF_000155515.2"",""GCF_000160835.1"",""GCF_000203855.3"",""GCF_000237995.1"",""GCF_000241055.1"",""GCF_000269925.1"",""GCF_000269945.1"",""GCF_000298875.1"",""GCF_000468955.1"",""GCF_000691805.2"",""GCF_001434365.1"",""GCF_001434705.1"",""GCF_001435245.1"",""GCF_001436135.1"",""GCF_001436905.1"",""GCF_001437055.1"",""GCF_001437425.1"",""GCF_001438705.1"",""GCF_001536305.1"",""GCF_001618285.1"",""GCF_001702215.1"",""GCF_001702235.1"",""GCF_001752505.1"",""GCF_001752515.1"",""GCF_001752545.1"",""GCF_001761545.1"",""GCF_001767275.1"",""GCF_001888925.1"",""GCF_001891125.1"",""GCF_001932615.1"",""GCF_001998805.1"",""GCF_002174215.1"",""GCF_002950695.1"",""GCF_002970915.1"",""GCF_002970935.1"",""GCF_003150935.1"",""GCF_003151025.1"",""GCF_003173695.1"",""GCF_003176835.1"",""GCF_003264795.1"",""GCF_003584685.1"",""GCF_003641185.1"",""GCF_003722275.1"",""GCF_003999355.1"",""GCF_004354645.1"",""GCF_004377635.1"",""GCF_005405405.1"",""GCF_005405465.1"",""GCF_007954605.1"",""GCF_007954785.1"",""GCF_008107645.1"",""GCF_008831485.1"",""GCF_009184845.1"",""GCF_009856565.1"",""GCF_009913655.1"",""GCF_009913995.1"",""GCF_009914015.1"",""GCF_009914035.1"",""GCF_010092385.1"",""GCF_011058775.1"",""GCF_011304355.1"",""GCF_013113695.1"",""GCF_013407595.1"",""GCF_014131735.1"",""GCF_014145545.1"",""GCF_014145555.1"",""GCF_014145615.1"",""GCF_014397255.1"",""GCF_014656585.1"",""GCF_014789145.1"",""GCF_016127255.1"",""GCF_016127815.1"",""GCF_016647595.1"",""GCF_016919665.1"",""GCF_017068355.1"",""GCF_017894345.1"",""GCF_018394055.1"",""GCF_018502505.1"",""GCF_019448175.1"",""GCF_019469265.1"",""GCF_019576155.1"",""GCF_019797825.1"",""GCF_020510245.1"",""GCF_020784695.1"",""GCF_020844005.1"",""GCF_021378055.1"",""GCF_023169905.1"",""GCF_023499275.1"",""GCF_023920145.1"",""GCF_024334065.1"",""GCF_024397795.1"",""GCF_024718545.1"",""GCF_025311495.1"",""GCF_025490915.1"",""GCF_025739325.1"",""GCF_025948295.1"",""GCF_026222675.1"",""GCF_028607025.1"",""GCF_028621815.1"",""GCF_028736235.1"",""GCF_029025825.1"",""GCF_029726355.1"",""GCF_029854335.1"",""GCF_029866985.1"",""GCF_030480545.1"",""GCF_030770265.1"",""GCF_030770295.1"",""GCF_030770335.1"",""GCF_032762665.1"",""GCF_033142085.1"",""GCF_033570435.1"",""GCF_034703025.1"",""GCF_035985965.1"",""GCF_036246185.1"",""GCF_036246225.1"",""GCF_036327715.1"",""GCF_037290055.1"",""GCF_037891785.1"",""GCF_037892375.1"",""GCF_038049945.1"",""GCF_039645515.1"",""GCF_039645575.1"",""GCF_039783225.1"",""GCF_039783785.1"",""GCF_039955095.1"",""GCF_041225485.1"",""GCF_041225605.1"",""GCF_041281755.1"",""GCF_041509385.1"",""GCF_041514285.1"",""GCF_041514295.1"",""GCF_041893975.1"",""GCF_042847315.1"",""GCF_042997415.1"",""GCF_045760565.1"",""GCF_045801155.1"",""GCF_045862825.1"",""GCF_046109915.1"",""GCF_047344935.1"",""GCF_050407965.1"",""GCF_050847345.1"",""GCF_051098045.1"",""GCF_052569745.1"",""GCF_052570115.1"",""GCF_052571685.1"",""GCF_054073565.1"",""GCF_054331775.1"",""GCF_054452875.2"",""GCF_054784775.1"",""GCF_054785075.1"",""GCF_055180435.1"",""GCF_055502585.1"",""GCF_055755075.1"",""GCF_056269605.1"",""GCF_056676095.1"",""GCF_057786735.1"",""GCF_058111805.1"",""GCF_059089415.1"",""GCF_060305805.1"",""GCF_060307215.1"",""GCF_900016205.1"",""GCF_900094835.1"",""GCF_900240275.1"",""GCF_900519455.1"",""GCF_900519475.1"",""GCF_900636965.1"",""GCF_903885985.1"",""GCF_903886345.1"",""GCF_903886475.1"",""GCF_903891025.1"",""GCF_903891205.1"",""GCF_947539375.1"",""GCF_963281025.1"",""GCF_964063315.1"",""GCF_965136965.1"",""GCF_965286035.1"",""GCF_965286295.1"",""GCF_965286585.1"",""GCF_982267005.1""]"	root/1/1/1/1/1/1/1/0/1/1/1/1/1/0/1/1/1	"[""root/1/1/1/1/1/1/1/0/1/1/1/1/1/0/1/1/1""]"	"[{""node"":""root/1/1/1/1/1/1/1/0/1/1/1/1/1/0/1/1/1"",""length_coalescent_units"":0.2876820724517809}]"	0.6	0.0	0.4	3.0	0.0	2.0	0.6666666666666666	0.08130081300813016	0.2520325203252032	193	5.0
65dcd757d3ded8f830f3e138147f8110bb442ef4c49894d4bc7bbfeac453e505	"[""GCF_037290055.1"",""GCF_050847345.1"",""GCF_965286295.1""]"	"[""GCF_000009425.1"",""GCF_000010145.1"",""GCF_000011045.1"",""GCF_000014385.1"",""GCF_000014425.1"",""GCF_000014445.1"",""GCF_000014505.1"",""GCF_000014545.1"",""GCF_000015385.1"",""GCF_000016825.1"",""GCF_000023085.1"",""GCF_000025045.1"",""GCF_000026405.1"",""GCF_000092505.1"",""GCF_000148815.2"",""GCF_000155515.2"",""GCF_000160835.1"",""GCF_000203855.3"",""GCF_000237995.1"",""GCF_000241055.1"",""GCF_000269925.1"",""GCF_000269945.1"",""GCF_000298875.1"",""GCF_000468955.1"",""GCF_000691805.2"",""GCF_001434365.1"",""GCF_001434705.1"",""GCF_001435245.1"",""GCF_001436135.1"",""GCF_001436905.1"",""GCF_001437055.1"",""GCF_001437425.1"",""GCF_001438705.1"",""GCF_001536305.1"",""GCF_001618285.1"",""GCF_001702215.1"",""GCF_001702235.1"",""GCF_001752505.1"",""GCF_001752515.1"",""GCF_001752545.1"",""GCF_001761545.1"",""GCF_001767275.1"",""GCF_001888925.1"",""GCF_001891125.1"",""GCF_001932615.1"",""GCF_001998805.1"",""GCF_002174215.1"",""GCF_002950695.1"",""GCF_002970915.1"",""GCF_002970935.1"",""GCF_003150935.1"",""GCF_003151025.1"",""GCF_003173695.1"",""GCF_003176835.1"",""GCF_003264795.1"",""GCF_003584685.1"",""GCF_003641185.1"",""GCF_003722275.1"",""GCF_003999355.1"",""GCF_004354645.1"",""GCF_004377635.1"",""GCF_005405405.1"",""GCF_005405465.1"",""GCF_007954605.1"",""GCF_007954785.1"",""GCF_008107645.1"",""GCF_008831485.1"",""GCF_009184845.1"",""GCF_009856565.1"",""GCF_009913655.1"",""GCF_009913995.1"",""GCF_009914015.1"",""GCF_009914035.1"",""GCF_010092385.1"",""GCF_011058775.1"",""GCF_011304355.1"",""GCF_013113695.1"",""GCF_013407595.1"",""GCF_014131735.1"",""GCF_014145545.1"",""GCF_014145555.1"",""GCF_014145615.1"",""GCF_014397255.1"",""GCF_014656585.1"",""GCF_014789145.1"",""GCF_016127255.1"",""GCF_016127815.1"",""GCF_016647595.1"",""GCF_016919665.1"",""GCF_017068355.1"",""GCF_017894345.1"",""GCF_018394055.1"",""GCF_018502505.1"",""GCF_019448175.1"",""GCF_019469265.1"",""GCF_019576155.1"",""GCF_019797825.1"",""GCF_020510245.1"",""GCF_020784695.1"",""GCF_020844005.1"",""GCF_021378055.1"",""GCF_023169905.1"",""GCF_023499275.1"",""GCF_023920145.1"",""GCF_024334065.1"",""GCF_024397795.1"",""GCF_024718545.1"",""GCF_025311495.1"",""GCF_025490915.1"",""GCF_025739325.1"",""GCF_025948295.1"",""GCF_026222675.1"",""GCF_028607025.1"",""GCF_028621815.1"",""GCF_028736235.1"",""GCF_029025825.1"",""GCF_029726355.1"",""GCF_029854335.1"",""GCF_029866985.1"",""GCF_030480545.1"",""GCF_030770265.1"",""GCF_030770295.1"",""GCF_030770335.1"",""GCF_032762665.1"",""GCF_033142085.1"",""GCF_033570435.1"",""GCF_034703025.1"",""GCF_035985965.1"",""GCF_036246165.1"",""GCF_036246185.1"",""GCF_036246225.1"",""GCF_036327715.1"",""GCF_037891785.1"",""GCF_037892375.1"",""GCF_038049945.1"",""GCF_039645515.1"",""GCF_039645575.1"",""GCF_039783225.1"",""GCF_039783785.1"",""GCF_039955095.1"",""GCF_041225485.1"",""GCF_041225605.1"",""GCF_041281755.1"",""GCF_041509385.1"",""GCF_041514285.1"",""GCF_041514295.1"",""GCF_041893975.1"",""GCF_042847315.1"",""GCF_042997415.1"",""GCF_045760565.1"",""GCF_045801155.1"",""GCF_045862825.1"",""GCF_046109915.1"",""GCF_047344935.1"",""GCF_050407965.1"",""GCF_051098045.1"",""GCF_052569745.1"",""GCF_052570115.1"",""GCF_052571685.1"",""GCF_054073565.1"",""GCF_054331775.1"",""GCF_054452875.2"",""GCF_054784775.1"",""GCF_054785075.1"",""GCF_055180435.1"",""GCF_055502585.1"",""GCF_055755075.1"",""GCF_056269605.1"",""GCF_056676095.1"",""GCF_057786735.1"",""GCF_058111805.1"",""GCF_059089415.1"",""GCF_060305805.1"",""GCF_060307215.1"",""GCF_900016205.1"",""GCF_900094835.1"",""GCF_900240275.1"",""GCF_900519455.1"",""GCF_900519475.1"",""GCF_900636965.1"",""GCF_903885985.1"",""GCF_903886345.1"",""GCF_903886475.1"",""GCF_903891025.1"",""GCF_903891205.1"",""GCF_947539375.1"",""GCF_963243495.1"",""GCF_963281025.1"",""GCF_964063315.1"",""GCF_965136965.1"",""GCF_965286035.1"",""GCF_965286585.1"",""GCF_982267005.1""]"	root/1/1/1/1/1/1/1/0/1/1/1/1/1/1/1/1/0	"[""root/1/1/1/1/1/1/1/0/1/1/1/1/1/1/1/1/0""]"	"[{""node"":""root/1/1/1/1/1/1/1/0/1/1/1/1/1/1/1/1/0"",""length_coalescent_units"":0.3236517216515007}]"	0.62119825708061	0.1688888888888889	0.20991285403050108	3.10599128540305	0.8444444444444444	1.0495642701525054	0.7494578352091676	0.11833146287429515	0.1322107019165372	2244	5.0
74adf2c51e7d81a06431dd6a80aaa26b164326fac79cc00859b5dbb5ac42558e	"[""GCF_037290055.1"",""GCF_965286295.1""]"	"[""GCF_000009425.1"",""GCF_000010145.1"",""GCF_000011045.1"",""GCF_000014385.1"",""GCF_000014425.1"",""GCF_000014445.1"",""GCF_000014505.1"",""GCF_000014545.1"",""GCF_000015385.1"",""GCF_000016825.1"",""GCF_000023085.1"",""GCF_000025045.1"",""GCF_000026405.1"",""GCF_000092505.1"",""GCF_000148815.2"",""GCF_000155515.2"",""GCF_000160835.1"",""GCF_000203855.3"",""GCF_000237995.1"",""GCF_000241055.1"",""GCF_000269925.1"",""GCF_000269945.1"",""GCF_000298875.1"",""GCF_000468955.1"",""GCF_000691805.2"",""GCF_001434365.1"",""GCF_001434705.1"",""GCF_001435245.1"",""GCF_001436135.1"",""GCF_001436905.1"",""GCF_001437055.1"",""GCF_001437425.1"",""GCF_001438705.1"",""GCF_001536305.1"",""GCF_001618285.1"",""GCF_001702215.1"",""GCF_001702235.1"",""GCF_001752505.1"",""GCF_001752515.1"",""GCF_001752545.1"",""GCF_001761545.1"",""GCF_001767275.1"",""GCF_001888925.1"",""GCF_001891125.1"",""GCF_001932615.1"",""GCF_001998805.1"",""GCF_002174215.1"",""GCF_002950695.1"",""GCF_002970915.1"",""GCF_002970935.1"",""GCF_003150935.1"",""GCF_003151025.1"",""GCF_003173695.1"",""GCF_003176835.1"",""GCF_003264795.1"",""GCF_003584685.1"",""GCF_003641185.1"",""GCF_003722275.1"",""GCF_003999355.1"",""GCF_004354645.1"",""GCF_004377635.1"",""GCF_005405405.1"",""GCF_005405465.1"",""GCF_007954605.1"",""GCF_007954785.1"",""GCF_008107645.1"",""GCF_008831485.1"",""GCF_009184845.1"",""GCF_009856565.1"",""GCF_009913655.1"",""GCF_009913995.1"",""GCF_009914015.1"",""GCF_009914035.1"",""GCF_010092385.1"",""GCF_011058775.1"",""GCF_011304355.1"",""GCF_013113695.1"",""GCF_013407595.1"",""GCF_014131735.1"",""GCF_014145545.1"",""GCF_014145555.1"",""GCF_014145615.1"",""GCF_014397255.1"",""GCF_014656585.1"",""GCF_014789145.1"",""GCF_016127255.1"",""GCF_016127815.1"",""GCF_016647595.1"",""GCF_016919665.1"",""GCF_017068355.1"",""GCF_017894345.1"",""GCF_018394055.1"",""GCF_018502505.1"",""GCF_019448175.1"",""GCF_019469265.1"",""GCF_019576155.1"",""GCF_019797825.1"",""GCF_020510245.1"",""GCF_020784695.1"",""GCF_020844005.1"",""GCF_021378055.1"",""GCF_023169905.1"",""GCF_023499275.1"",""GCF_023920145.1"",""GCF_024334065.1"",""GCF_024397795.1"",""GCF_024718545.1"",""GCF_025311495.1"",""GCF_025490915.1"",""GCF_025739325.1"",""GCF_025948295.1"",""GCF_026222675.1"",""GCF_028607025.1"",""GCF_028621815.1"",""GCF_028736235.1"",""GCF_029025825.1"",""GCF_029726355.1"",""GCF_029854335.1"",""GCF_029866985.1"",""GCF_030480545.1"",""GCF_030770265.1"",""GCF_030770295.1"",""GCF_030770335.1"",""GCF_032762665.1"",""GCF_033142085.1"",""GCF_033570435.1"",""GCF_034703025.1"",""GCF_035985965.1"",""GCF_036246165.1"",""GCF_036246185.1"",""GCF_036246225.1"",""GCF_036327715.1"",""GCF_037891785.1"",""GCF_037892375.1"",""GCF_038049945.1"",""GCF_039645515.1"",""GCF_039645575.1"",""GCF_039783225.1"",""GCF_039783785.1"",""GCF_039955095.1"",""GCF_041225485.1"",""GCF_041225605.1"",""GCF_041281755.1"",""GCF_041509385.1"",""GCF_041514285.1"",""GCF_041514295.1"",""GCF_041893975.1"",""GCF_042847315.1"",""GCF_042997415.1"",""GCF_045760565.1"",""GCF_045801155.1"",""GCF_045862825.1"",""GCF_046109915.1"",""GCF_047344935.1"",""GCF_050407965.1"",""GCF_050847345.1"",""GCF_051098045.1"",""GCF_052569745.1"",""GCF_052570115.1"",""GCF_052571685.1"",""GCF_054073565.1"",""GCF_054331775.1"",""GCF_054452875.2"",""GCF_054784775.1"",""GCF_054785075.1"",""GCF_055180435.1"",""GCF_055502585.1"",""GCF_055755075.1"",""GCF_056269605.1"",""GCF_056676095.1"",""GCF_057786735.1"",""GCF_058111805.1"",""GCF_059089415.1"",""GCF_060305805.1"",""GCF_060307215.1"",""GCF_900016205.1"",""GCF_900094835.1"",""GCF_900240275.1"",""GCF_900519455.1"",""GCF_900519475.1"",""GCF_900636965.1"",""GCF_903885985.1"",""GCF_903886345.1"",""GCF_903886475.1"",""GCF_903891025.1"",""GCF_903891205.1"",""GCF_947539375.1"",""GCF_963243495.1"",""GCF_963281025.1"",""GCF_964063315.1"",""GCF_965136965.1"",""GCF_965286035.1"",""GCF_965286585.1"",""GCF_982267005.1""]"	root/1/1/1/1/1/1/1/0/1/1/1/1/1/1/1/1/0/1	"[""root/1/1/1/1/1/1/1/0/1/1/1/1/1/1/1/1/0/1""]"	"[{""node"":""root/1/1/1/1/1/1/1/0/1/1/1/1/1/1/1/1/0/1"",""length_coalescent_units"":0.6757496744084552}]"	0.7929801103125522	0.002072538860103627	0.20494735082734414	3.964900551562761	0.010362694300518135	1.0247367541367207	0.9275215895854276	0.027713425259635115	0.044764985154937306	193	5.0
0231c66966d36da385afabf32737a055d0ed2019b115739df5536812a4c7fd24	"[""GCF_037892375.1"",""GCF_039645575.1""]"	"[""GCF_000009425.1"",""GCF_000010145.1"",""GCF_000011045.1"",""GCF_000014385.1"",""GCF_000014425.1"",""GCF_000014445.1"",""GCF_000014505.1"",""GCF_000014545.1"",""GCF_000015385.1"",""GCF_000016825.1"",""GCF_000023085.1"",""GCF_000025045.1"",""GCF_000026405.1"",""GCF_000092505.1"",""GCF_000148815.2"",""GCF_000155515.2"",""GCF_000160835.1"",""GCF_000203855.3"",""GCF_000237995.1"",""GCF_000241055.1"",""GCF_000269925.1"",""GCF_000269945.1"",""GCF_000298875.1"",""GCF_000468955.1"",""GCF_000691805.2"",""GCF_001434365.1"",""GCF_001434705.1"",""GCF_001435245.1"",""GCF_001436135.1"",""GCF_001436905.1"",""GCF_001437055.1"",""GCF_001437425.1"",""GCF_001438705.1"",""GCF_001536305.1"",""GCF_001618285.1"",""GCF_001702215.1"",""GCF_001702235.1"",""GCF_001752505.1"",""GCF_001752515.1"",""GCF_001752545.1"",""GCF_001761545.1"",""GCF_001767275.1"",""GCF_001888925.1"",""GCF_001891125.1"",""GCF_001932615.1"",""GCF_001998805.1"",""GCF_002174215.1"",""GCF_002950695.1"",""GCF_002970915.1"",""GCF_002970935.1"",""GCF_003150935.1"",""GCF_003151025.1"",""GCF_003173695.1"",""GCF_003176835.1"",""GCF_003264795.1"",""GCF_003584685.1"",""GCF_003641185.1"",""GCF_003722275.1"",""GCF_003999355.1"",""GCF_004354645.1"",""GCF_004377635.1"",""GCF_005405405.1"",""GCF_005405465.1"",""GCF_007954605.1"",""GCF_007954785.1"",""GCF_008107645.1"",""GCF_008831485.1"",""GCF_009184845.1"",""GCF_009856565.1"",""GCF_009913655.1"",""GCF_009913995.1"",""GCF_009914015.1"",""GCF_009914035.1"",""GCF_010092385.1"",""GCF_011058775.1"",""GCF_011304355.1"",""GCF_013113695.1"",""GCF_013407595.1"",""GCF_014131735.1"",""GCF_014145545.1"",""GCF_014145555.1"",""GCF_014145615.1"",""GCF_014397255.1"",""GCF_014656585.1"",""GCF_014789145.1"",""GCF_016127255.1"",""GCF_016127815.1"",""GCF_016647595.1"",""GCF_016919665.1"",""GCF_017068355.1"",""GCF_017894345.1"",""GCF_018394055.1"",""GCF_018502505.1"",""GCF_019448175.1"",""GCF_019469265.1"",""GCF_019576155.1"",""GCF_019797825.1"",""GCF_020510245.1"",""GCF_020784695.1"",""GCF_020844005.1"",""GCF_021378055.1"",""GCF_023169905.1"",""GCF_023499275.1"",""GCF_023920145.1"",""GCF_024334065.1"",""GCF_024397795.1"",""GCF_024718545.1"",""GCF_025311495.1"",""GCF_025490915.1"",""GCF_025739325.1"",""GCF_025948295.1"",""GCF_026222675.1"",""GCF_028607025.1"",""GCF_028621815.1"",""GCF_028736235.1"",""GCF_029025825.1"",""GCF_029726355.1"",""GCF_029854335.1"",""GCF_029866985.1"",""GCF_030480545.1"",""GCF_030770265.1"",""GCF_030770295.1"",""GCF_030770335.1"",""GCF_032762665.1"",""GCF_033142085.1"",""GCF_033570435.1"",""GCF_034703025.1"",""GCF_035985965.1"",""GCF_036246165.1"",""GCF_036246185.1"",""GCF_036246225.1"",""GCF_036327715.1"",""GCF_037290055.1"",""GCF_037891785.1"",""GCF_038049945.1"",""GCF_039645515.1"",""GCF_039783225.1"",""GCF_039783785.1"",""GCF_039955095.1"",""GCF_041225485.1"",""GCF_041225605.1"",""GCF_041281755.1"",""GCF_041509385.1"",""GCF_041514285.1"",""GCF_041514295.1"",""GCF_041893975.1"",""GCF_042847315.1"",""GCF_042997415.1"",""GCF_045760565.1"",""GCF_045801155.1"",""GCF_045862825.1"",""GCF_046109915.1"",""GCF_047344935.1"",""GCF_050407965.1"",""GCF_050847345.1"",""GCF_051098045.1"",""GCF_052569745.1"",""GCF_052570115.1"",""GCF_052571685.1"",""GCF_054073565.1"",""GCF_054331775.1"",""GCF_054452875.2"",""GCF_054784775.1"",""GCF_054785075.1"",""GCF_055180435.1"",""GCF_055502585.1"",""GCF_055755075.1"",""GCF_056269605.1"",""GCF_056676095.1"",""GCF_057786735.1"",""GCF_058111805.1"",""GCF_059089415.1"",""GCF_060305805.1"",""GCF_060307215.1"",""GCF_900016205.1"",""GCF_900094835.1"",""GCF_900240275.1"",""GCF_900519455.1"",""GCF_900519475.1"",""GCF_900636965.1"",""GCF_903885985.1"",""GCF_903886345.1"",""GCF_903886475.1"",""GCF_903891025.1"",""GCF_903891205.1"",""GCF_947539375.1"",""GCF_963243495.1"",""GCF_963281025.1"",""GCF_964063315.1"",""GCF_965136965.1"",""GCF_965286035.1"",""GCF_965286295.1"",""GCF_965286585.1"",""GCF_982267005.1""]"	root/1/1/1/1/1/1/0/1/0	"[""root/1/1/1/1/1/1/0/1/0""]"	"[{""node"":""root/1/1/1/1/1/1/0/1/0"",""length_coalescent_units"":1.3862943611198908}]"	1.0	0.0	0.0	5.0	0.0	0.0	0.9945355191256833	0.002732240437158474	0.002732240437158474	945	5.0
06921efc6663759e97b46502f9632ad83b01fa90641fdd7f298000487bb52bac	"[""GCF_038049945.1"",""GCF_903891205.1""]"	"[""GCF_000009425.1"",""GCF_000010145.1"",""GCF_000011045.1"",""GCF_000014385.1"",""GCF_000014425.1"",""GCF_000014445.1"",""GCF_000014505.1"",""GCF_000014545.1"",""GCF_000015385.1"",""GCF_000016825.1"",""GCF_000023085.1"",""GCF_000025045.1"",""GCF_000026405.1"",""GCF_000092505.1"",""GCF_000148815.2"",""GCF_000155515.2"",""GCF_000160835.1"",""GCF_000203855.3"",""GCF_000237995.1"",""GCF_000241055.1"",""GCF_000269925.1"",""GCF_000269945.1"",""GCF_000298875.1"",""GCF_000468955.1"",""GCF_000691805.2"",""GCF_001434365.1"",""GCF_001434705.1"",""GCF_001435245.1"",""GCF_001436135.1"",""GCF_001436905.1"",""GCF_001437055.1"",""GCF_001437425.1"",""GCF_001438705.1"",""GCF_001536305.1"",""GCF_001618285.1"",""GCF_001702215.1"",""GCF_001702235.1"",""GCF_001752505.1"",""GCF_001752515.1"",""GCF_001752545.1"",""GCF_001761545.1"",""GCF_001767275.1"",""GCF_001888925.1"",""GCF_001891125.1"",""GCF_001932615.1"",""GCF_001998805.1"",""GCF_002174215.1"",""GCF_002950695.1"",""GCF_002970915.1"",""GCF_002970935.1"",""GCF_003150935.1"",""GCF_003151025.1"",""GCF_003173695.1"",""GCF_003176835.1"",""GCF_003264795.1"",""GCF_003584685.1"",""GCF_003641185.1"",""GCF_003722275.1"",""GCF_003999355.1"",""GCF_004354645.1"",""GCF_004377635.1"",""GCF_005405405.1"",""GCF_005405465.1"",""GCF_007954605.1"",""GCF_007954785.1"",""GCF_008107645.1"",""GCF_008831485.1"",""GCF_009184845.1"",""GCF_009856565.1"",""GCF_009913655.1"",""GCF_009913995.1"",""GCF_009914015.1"",""GCF_009914035.1"",""GCF_010092385.1"",""GCF_011058775.1"",""GCF_011304355.1"",""GCF_013113695.1"",""GCF_013407595.1"",""GCF_014131735.1"",""GCF_014145545.1"",""GCF_014145555.1"",""GCF_014145615.1"",""GCF_014397255.1"",""GCF_014656585.1"",""GCF_014789145.1"",""GCF_016127255.1"",""GCF_016127815.1"",""GCF_016647595.1"",""GCF_016919665.1"",""GCF_017068355.1"",""GCF_017894345.1"",""GCF_018394055.1"",""GCF_018502505.1"",""GCF_019448175.1"",""GCF_019469265.1"",""GCF_019576155.1"",""GCF_019797825.1"",""GCF_020510245.1"",""GCF_020784695.1"",""GCF_020844005.1"",""GCF_021378055.1"",""GCF_023169905.1"",""GCF_023499275.1"",""GCF_023920145.1"",""GCF_024334065.1"",""GCF_024397795.1"",""GCF_024718545.1"",""GCF_025311495.1"",""GCF_025490915.1"",""GCF_025739325.1"",""GCF_025948295.1"",""GCF_026222675.1"",""GCF_028607025.1"",""GCF_028621815.1"",""GCF_028736235.1"",""GCF_029025825.1"",""GCF_029726355.1"",""GCF_029854335.1"",""GCF_029866985.1"",""GCF_030480545.1"",""GCF_030770265.1"",""GCF_030770295.1"",""GCF_030770335.1"",""GCF_032762665.1"",""GCF_033142085.1"",""GCF_033570435.1"",""GCF_034703025.1"",""GCF_035985965.1"",""GCF_036246165.1"",""GCF_036246185.1"",""GCF_036246225.1"",""GCF_036327715.1"",""GCF_037290055.1"",""GCF_037891785.1"",""GCF_037892375.1"",""GCF_039645515.1"",""GCF_039645575.1"",""GCF_039783225.1"",""GCF_039783785.1"",""GCF_039955095.1"",""GCF_041225485.1"",""GCF_041225605.1"",""GCF_041281755.1"",""GCF_041509385.1"",""GCF_041514285.1"",""GCF_041514295.1"",""GCF_041893975.1"",""GCF_042847315.1"",""GCF_042997415.1"",""GCF_045760565.1"",""GCF_045801155.1"",""GCF_045862825.1"",""GCF_046109915.1"",""GCF_047344935.1"",""GCF_050407965.1"",""GCF_050847345.1"",""GCF_051098045.1"",""GCF_052569745.1"",""GCF_052570115.1"",""GCF_052571685.1"",""GCF_054073565.1"",""GCF_054331775.1"",""GCF_054452875.2"",""GCF_054784775.1"",""GCF_054785075.1"",""GCF_055180435.1"",""GCF_055502585.1"",""GCF_055755075.1"",""GCF_056269605.1"",""GCF_056676095.1"",""GCF_057786735.1"",""GCF_058111805.1"",""GCF_059089415.1"",""GCF_060305805.1"",""GCF_060307215.1"",""GCF_900016205.1"",""GCF_900094835.1"",""GCF_900240275.1"",""GCF_900519455.1"",""GCF_900519475.1"",""GCF_900636965.1"",""GCF_903885985.1"",""GCF_903886345.1"",""GCF_903886475.1"",""GCF_903891025.1"",""GCF_947539375.1"",""GCF_963243495.1"",""GCF_963281025.1"",""GCF_964063315.1"",""GCF_965136965.1"",""GCF_965286035.1"",""GCF_965286295.1"",""GCF_965286585.1"",""GCF_982267005.1""]"	root/1/1/1/1/1/1/1/1/0/1/1/1/1/0	"[""root/1/1/1/1/1/1/1/1/0/1/1/1/1/0""]"	"[{""node"":""root/1/1/1/1/1/1/1/1/0/1/1/1/1/0"",""length_coalescent_units"":0.272141516328061}]"	0.5906028368794326	0.039361702127659576	0.3700354609929078	2.953014184397163	0.19680851063829788	1.850177304964539	0.668569129390162	0.093451049886281	0.23797982072355708	1128	5.0
20bcf7bc462c4e03650fd142a6d71df434e6e97309e2ddb939dae7910085466c	"[""GCF_039783785.1"",""GCF_903886475.1""]"	"[""GCF_000009425.1"",""GCF_000010145.1"",""GCF_000011045.1"",""GCF_000014385.1"",""GCF_000014425.1"",""GCF_000014445.1"",""GCF_000014505.1"",""GCF_000014545.1"",""GCF_000015385.1"",""GCF_000016825.1"",""GCF_000023085.1"",""GCF_000025045.1"",""GCF_000026405.1"",""GCF_000092505.1"",""GCF_000148815.2"",""GCF_000155515.2"",""GCF_000160835.1"",""GCF_000203855.3"",""GCF_000237995.1"",""GCF_000241055.1"",""GCF_000269925.1"",""GCF_000269945.1"",""GCF_000298875.1"",""GCF_000468955.1"",""GCF_000691805.2"",""GCF_001434365.1"",""GCF_001434705.1"",""GCF_001435245.1"",""GCF_001436135.1"",""GCF_001436905.1"",""GCF_001437055.1"",""GCF_001437425.1"",""GCF_001438705.1"",""GCF_001536305.1"",""GCF_001618285.1"",""GCF_001702215.1"",""GCF_001702235.1"",""GCF_001752505.1"",""GCF_001752515.1"",""GCF_001752545.1"",""GCF_001761545.1"",""GCF_001767275.1"",""GCF_001888925.1"",""GCF_001891125.1"",""GCF_001932615.1"",""GCF_001998805.1"",""GCF_002174215.1"",""GCF_002950695.1"",""GCF_002970915.1"",""GCF_002970935.1"",""GCF_003150935.1"",""GCF_003151025.1"",""GCF_003173695.1"",""GCF_003176835.1"",""GCF_003264795.1"",""GCF_003584685.1"",""GCF_003641185.1"",""GCF_003722275.1"",""GCF_003999355.1"",""GCF_004354645.1"",""GCF_004377635.1"",""GCF_005405405.1"",""GCF_005405465.1"",""GCF_007954605.1"",""GCF_007954785.1"",""GCF_008107645.1"",""GCF_008831485.1"",""GCF_009184845.1"",""GCF_009856565.1"",""GCF_009913655.1"",""GCF_009913995.1"",""GCF_009914015.1"",""GCF_009914035.1"",""GCF_010092385.1"",""GCF_011058775.1"",""GCF_011304355.1"",""GCF_013113695.1"",""GCF_013407595.1"",""GCF_014131735.1"",""GCF_014145545.1"",""GCF_014145555.1"",""GCF_014145615.1"",""GCF_014397255.1"",""GCF_014656585.1"",""GCF_014789145.1"",""GCF_016127255.1"",""GCF_016127815.1"",""GCF_016647595.1"",""GCF_016919665.1"",""GCF_017068355.1"",""GCF_017894345.1"",""GCF_018394055.1"",""GCF_018502505.1"",""GCF_019448175.1"",""GCF_019469265.1"",""GCF_019576155.1"",""GCF_019797825.1"",""GCF_020510245.1"",""GCF_020784695.1"",""GCF_020844005.1"",""GCF_021378055.1"",""GCF_023169905.1"",""GCF_023499275.1"",""GCF_023920145.1"",""GCF_024334065.1"",""GCF_024397795.1"",""GCF_024718545.1"",""GCF_025311495.1"",""GCF_025490915.1"",""GCF_025739325.1"",""GCF_025948295.1"",""GCF_026222675.1"",""GCF_028607025.1"",""GCF_028621815.1"",""GCF_028736235.1"",""GCF_029025825.1"",""GCF_029726355.1"",""GCF_029854335.1"",""GCF_029866985.1"",""GCF_030480545.1"",""GCF_030770265.1"",""GCF_030770295.1"",""GCF_030770335.1"",""GCF_032762665.1"",""GCF_033142085.1"",""GCF_033570435.1"",""GCF_034703025.1"",""GCF_035985965.1"",""GCF_036246165.1"",""GCF_036246185.1"",""GCF_036246225.1"",""GCF_036327715.1"",""GCF_037290055.1"",""GCF_037891785.1"",""GCF_037892375.1"",""GCF_038049945.1"",""GCF_039645515.1"",""GCF_039645575.1"",""GCF_039783225.1"",""GCF_039955095.1"",""GCF_041225485.1"",""GCF_041225605.1"",""GCF_041281755.1"",""GCF_041509385.1"",""GCF_041514285.1"",""GCF_041514295.1"",""GCF_041893975.1"",""GCF_042847315.1"",""GCF_042997415.1"",""GCF_045760565.1"",""GCF_045801155.1"",""GCF_045862825.1"",""GCF_046109915.1"",""GCF_047344935.1"",""GCF_050407965.1"",""GCF_050847345.1"",""GCF_051098045.1"",""GCF_052569745.1"",""GCF_052570115.1"",""GCF_052571685.1"",""GCF_054073565.1"",""GCF_054331775.1"",""GCF_054452875.2"",""GCF_054784775.1"",""GCF_054785075.1"",""GCF_055180435.1"",""GCF_055502585.1"",""GCF_055755075.1"",""GCF_056269605.1"",""GCF_056676095.1"",""GCF_057786735.1"",""GCF_058111805.1"",""GCF_059089415.1"",""GCF_060305805.1"",""GCF_060307215.1"",""GCF_900016205.1"",""GCF_900094835.1"",""GCF_900240275.1"",""GCF_900519455.1"",""GCF_900519475.1"",""GCF_900636965.1"",""GCF_903885985.1"",""GCF_903886345.1"",""GCF_903891025.1"",""GCF_903891205.1"",""GCF_947539375.1"",""GCF_963243495.1"",""GCF_963281025.1"",""GCF_964063315.1"",""GCF_965136965.1"",""GCF_965286035.1"",""GCF_965286295.1"",""GCF_965286585.1"",""GCF_982267005.1""]"	root/1/1/1/1/1/1/1/1/0/0/1	"[""root/1/1/1/1/1/1/1/1/0/0/1""]"	"[{""node"":""root/1/1/1/1/1/1/1/1/0/0/1"",""length_coalescent_units"":0.26691384824400677}]"	0.5874087692907682	0.2136275001392835	0.19896373056994818	2.9370438464538413	1.0681375006964176	0.9948186528497409	0.7004911645038697	0.15280809253386066	0.14670074296226954	193	5.0
a4acb2be6da5b8cf273673cd3553042cdf904113b28c01bebdb7a8876f90bcf1	"[""GCF_039955095.1"",""GCF_056676095.1""]"	"[""GCF_000009425.1"",""GCF_000010145.1"",""GCF_000011045.1"",""GCF_000014385.1"",""GCF_000014425.1"",""GCF_000014445.1"",""GCF_000014505.1"",""GCF_000014545.1"",""GCF_000015385.1"",""GCF_000016825.1"",""GCF_000023085.1"",""GCF_000025045.1"",""GCF_000026405.1"",""GCF_000092505.1"",""GCF_000148815.2"",""GCF_000155515.2"",""GCF_000160835.1"",""GCF_000203855.3"",""GCF_000237995.1"",""GCF_000241055.1"",""GCF_000269925.1"",""GCF_000269945.1"",""GCF_000298875.1"",""GCF_000468955.1"",""GCF_000691805.2"",""GCF_001434365.1"",""GCF_001434705.1"",""GCF_001435245.1"",""GCF_001436135.1"",""GCF_001436905.1"",""GCF_001437055.1"",""GCF_001437425.1"",""GCF_001438705.1"",""GCF_001536305.1"",""GCF_001618285.1"",""GCF_001702215.1"",""GCF_001702235.1"",""GCF_001752505.1"",""GCF_001752515.1"",""GCF_001752545.1"",""GCF_001761545.1"",""GCF_001767275.1"",""GCF_001888925.1"",""GCF_001891125.1"",""GCF_001932615.1"",""GCF_001998805.1"",""GCF_002174215.1"",""GCF_002950695.1"",""GCF_002970915.1"",""GCF_002970935.1"",""GCF_003150935.1"",""GCF_003151025.1"",""GCF_003173695.1"",""GCF_003176835.1"",""GCF_003264795.1"",""GCF_003584685.1"",""GCF_003641185.1"",""GCF_003722275.1"",""GCF_003999355.1"",""GCF_004354645.1"",""GCF_004377635.1"",""GCF_005405405.1"",""GCF_005405465.1"",""GCF_007954605.1"",""GCF_007954785.1"",""GCF_008107645.1"",""GCF_008831485.1"",""GCF_009184845.1"",""GCF_009856565.1"",""GCF_009913655.1"",""GCF_009913995.1"",""GCF_009914015.1"",""GCF_009914035.1"",""GCF_010092385.1"",""GCF_011058775.1"",""GCF_011304355.1"",""GCF_013113695.1"",""GCF_013407595.1"",""GCF_014131735.1"",""GCF_014145545.1"",""GCF_014145555.1"",""GCF_014145615.1"",""GCF_014397255.1"",""GCF_014656585.1"",""GCF_014789145.1"",""GCF_016127255.1"",""GCF_016127815.1"",""GCF_016647595.1"",""GCF_016919665.1"",""GCF_017068355.1"",""GCF_017894345.1"",""GCF_018394055.1"",""GCF_018502505.1"",""GCF_019448175.1"",""GCF_019469265.1"",""GCF_019576155.1"",""GCF_019797825.1"",""GCF_020510245.1"",""GCF_020784695.1"",""GCF_020844005.1"",""GCF_021378055.1"",""GCF_023169905.1"",""GCF_023499275.1"",""GCF_023920145.1"",""GCF_024334065.1"",""GCF_024397795.1"",""GCF_024718545.1"",""GCF_025311495.1"",""GCF_025490915.1"",""GCF_025739325.1"",""GCF_025948295.1"",""GCF_026222675.1"",""GCF_028607025.1"",""GCF_028621815.1"",""GCF_028736235.1"",""GCF_029025825.1"",""GCF_029726355.1"",""GCF_029854335.1"",""GCF_029866985.1"",""GCF_030480545.1"",""GCF_030770265.1"",""GCF_030770295.1"",""GCF_030770335.1"",""GCF_032762665.1"",""GCF_033142085.1"",""GCF_033570435.1"",""GCF_034703025.1"",""GCF_035985965.1"",""GCF_036246165.1"",""GCF_036246185.1"",""GCF_036246225.1"",""GCF_036327715.1"",""GCF_037290055.1"",""GCF_037891785.1"",""GCF_037892375.1"",""GCF_038049945.1"",""GCF_039645515.1"",""GCF_039645575.1"",""GCF_039783225.1"",""GCF_039783785.1"",""GCF_041225485.1"",""GCF_041225605.1"",""GCF_041281755.1"",""GCF_041509385.1"",""GCF_041514285.1"",""GCF_041514295.1"",""GCF_041893975.1"",""GCF_042847315.1"",""GCF_042997415.1"",""GCF_045760565.1"",""GCF_045801155.1"",""GCF_045862825.1"",""GCF_046109915.1"",""GCF_047344935.1"",""GCF_050407965.1"",""GCF_050847345.1"",""GCF_051098045.1"",""GCF_052569745.1"",""GCF_052570115.1"",""GCF_052571685.1"",""GCF_054073565.1"",""GCF_054331775.1"",""GCF_054452875.2"",""GCF_054784775.1"",""GCF_054785075.1"",""GCF_055180435.1"",""GCF_055502585.1"",""GCF_055755075.1"",""GCF_056269605.1"",""GCF_057786735.1"",""GCF_058111805.1"",""GCF_059089415.1"",""GCF_060305805.1"",""GCF_060307215.1"",""GCF_900016205.1"",""GCF_900094835.1"",""GCF_900240275.1"",""GCF_900519455.1"",""GCF_900519475.1"",""GCF_900636965.1"",""GCF_903885985.1"",""GCF_903886345.1"",""GCF_903886475.1"",""GCF_903891025.1"",""GCF_903891205.1"",""GCF_947539375.1"",""GCF_963243495.1"",""GCF_963281025.1"",""GCF_964063315.1"",""GCF_965136965.1"",""GCF_965286035.1"",""GCF_965286295.1"",""GCF_965286585.1"",""GCF_982267005.1""]"	root/1/1/1/1/1/1/1/0/1/1/0/1/0	"[""root/1/1/1/1/1/1/1/0/1/1/0/1/0""]"	"[{""node"":""root/1/1/1/1/1/1/1/0/1/1/0/1/0"",""length_coalescent_units"":1.3862943611198908}]"	1.0	0.0	0.0	5.0	0.0	0.0	0.9945355191256833	0.002732240437158474	0.002732240437158474	2013	5.0
5810b313b9c1af7bf9c5c0477d256b0a7d430ff53966f0387657e921ade030c0	"[""GCF_041225485.1"",""GCF_041225605.1"",""GCF_045760565.1""]"	"[""GCF_000009425.1"",""GCF_000010145.1"",""GCF_000011045.1"",""GCF_000014385.1"",""GCF_000014425.1"",""GCF_000014445.1"",""GCF_000014505.1"",""GCF_000014545.1"",""GCF_000015385.1"",""GCF_000016825.1"",""GCF_000023085.1"",""GCF_000025045.1"",""GCF_000026405.1"",""GCF_000092505.1"",""GCF_000148815.2"",""GCF_000155515.2"",""GCF_000160835.1"",""GCF_000203855.3"",""GCF_000237995.1"",""GCF_000241055.1"",""GCF_000269925.1"",""GCF_000269945.1"",""GCF_000298875.1"",""GCF_000468955.1"",""GCF_000691805.2"",""GCF_001434365.1"",""GCF_001434705.1"",""GCF_001435245.1"",""GCF_001436135.1"",""GCF_001436905.1"",""GCF_001437055.1"",""GCF_001437425.1"",""GCF_001438705.1"",""GCF_001536305.1"",""GCF_001618285.1"",""GCF_001702215.1"",""GCF_001702235.1"",""GCF_001752505.1"",""GCF_001752515.1"",""GCF_001752545.1"",""GCF_001761545.1"",""GCF_001767275.1"",""GCF_001888925.1"",""GCF_001891125.1"",""GCF_001932615.1"",""GCF_001998805.1"",""GCF_002174215.1"",""GCF_002950695.1"",""GCF_002970915.1"",""GCF_002970935.1"",""GCF_003150935.1"",""GCF_003151025.1"",""GCF_003173695.1"",""GCF_003176835.1"",""GCF_003264795.1"",""GCF_003584685.1"",""GCF_003641185.1"",""GCF_003722275.1"",""GCF_003999355.1"",""GCF_004354645.1"",""GCF_004377635.1"",""GCF_005405405.1"",""GCF_005405465.1"",""GCF_007954605.1"",""GCF_007954785.1"",""GCF_008107645.1"",""GCF_008831485.1"",""GCF_009184845.1"",""GCF_009856565.1"",""GCF_009913655.1"",""GCF_009913995.1"",""GCF_009914015.1"",""GCF_009914035.1"",""GCF_010092385.1"",""GCF_011058775.1"",""GCF_011304355.1"",""GCF_013113695.1"",""GCF_013407595.1"",""GCF_014131735.1"",""GCF_014145545.1"",""GCF_014145555.1"",""GCF_014145615.1"",""GCF_014397255.1"",""GCF_014656585.1"",""GCF_014789145.1"",""GCF_016127255.1"",""GCF_016127815.1"",""GCF_016647595.1"",""GCF_016919665.1"",""GCF_017068355.1"",""GCF_017894345.1"",""GCF_018394055.1"",""GCF_018502505.1"",""GCF_019448175.1"",""GCF_019469265.1"",""GCF_019576155.1"",""GCF_019797825.1"",""GCF_020510245.1"",""GCF_020784695.1"",""GCF_020844005.1"",""GCF_021378055.1"",""GCF_023169905.1"",""GCF_023499275.1"",""GCF_023920145.1"",""GCF_024334065.1"",""GCF_024397795.1"",""GCF_024718545.1"",""GCF_025311495.1"",""GCF_025490915.1"",""GCF_025739325.1"",""GCF_025948295.1"",""GCF_026222675.1"",""GCF_028607025.1"",""GCF_028621815.1"",""GCF_028736235.1"",""GCF_029025825.1"",""GCF_029726355.1"",""GCF_029854335.1"",""GCF_029866985.1"",""GCF_030480545.1"",""GCF_030770265.1"",""GCF_030770295.1"",""GCF_030770335.1"",""GCF_032762665.1"",""GCF_033142085.1"",""GCF_033570435.1"",""GCF_034703025.1"",""GCF_035985965.1"",""GCF_036246165.1"",""GCF_036246185.1"",""GCF_036246225.1"",""GCF_036327715.1"",""GCF_037290055.1"",""GCF_037891785.1"",""GCF_037892375.1"",""GCF_038049945.1"",""GCF_039645515.1"",""GCF_039645575.1"",""GCF_039783225.1"",""GCF_039783785.1"",""GCF_039955095.1"",""GCF_041281755.1"",""GCF_041509385.1"",""GCF_041514285.1"",""GCF_041514295.1"",""GCF_041893975.1"",""GCF_042847315.1"",""GCF_042997415.1"",""GCF_045801155.1"",""GCF_045862825.1"",""GCF_046109915.1"",""GCF_047344935.1"",""GCF_050407965.1"",""GCF_050847345.1"",""GCF_051098045.1"",""GCF_052569745.1"",""GCF_052570115.1"",""GCF_052571685.1"",""GCF_054073565.1"",""GCF_054331775.1"",""GCF_054452875.2"",""GCF_054784775.1"",""GCF_054785075.1"",""GCF_055180435.1"",""GCF_055502585.1"",""GCF_055755075.1"",""GCF_056269605.1"",""GCF_056676095.1"",""GCF_057786735.1"",""GCF_058111805.1"",""GCF_059089415.1"",""GCF_060305805.1"",""GCF_060307215.1"",""GCF_900016205.1"",""GCF_900094835.1"",""GCF_900240275.1"",""GCF_900519455.1"",""GCF_900519475.1"",""GCF_900636965.1"",""GCF_903885985.1"",""GCF_903886345.1"",""GCF_903886475.1"",""GCF_903891025.1"",""GCF_903891205.1"",""GCF_947539375.1"",""GCF_963243495.1"",""GCF_963281025.1"",""GCF_964063315.1"",""GCF_965136965.1"",""GCF_965286035.1"",""GCF_965286295.1"",""GCF_965286585.1"",""GCF_982267005.1""]"	root/1/1/1/1/1/1/0/0	"[""root/1/1/1/1/1/1/0/0""]"	"[{""node"":""root/1/1/1/1/1/1/0/0"",""length_coalescent_units"":0.2876820724517809}]"	0.6	0.2	0.2	3.0	1.0	1.0	0.7192982456140349	0.14035087719298256	0.14035087719298256	2604	5.0
9d8a1b4f68b292b78091b0713edbfea029cc2f52ccb96d304dacc4abc5325833	"[""GCF_041225605.1"",""GCF_045760565.1""]"	"[""GCF_000009425.1"",""GCF_000010145.1"",""GCF_000011045.1"",""GCF_000014385.1"",""GCF_000014425.1"",""GCF_000014445.1"",""GCF_000014505.1"",""GCF_000014545.1"",""GCF_000015385.1"",""GCF_000016825.1"",""GCF_000023085.1"",""GCF_000025045.1"",""GCF_000026405.1"",""GCF_000092505.1"",""GCF_000148815.2"",""GCF_000155515.2"",""GCF_000160835.1"",""GCF_000203855.3"",""GCF_000237995.1"",""GCF_000241055.1"",""GCF_000269925.1"",""GCF_000269945.1"",""GCF_000298875.1"",""GCF_000468955.1"",""GCF_000691805.2"",""GCF_001434365.1"",""GCF_001434705.1"",""GCF_001435245.1"",""GCF_001436135.1"",""GCF_001436905.1"",""GCF_001437055.1"",""GCF_001437425.1"",""GCF_001438705.1"",""GCF_001536305.1"",""GCF_001618285.1"",""GCF_001702215.1"",""GCF_001702235.1"",""GCF_001752505.1"",""GCF_001752515.1"",""GCF_001752545.1"",""GCF_001761545.1"",""GCF_001767275.1"",""GCF_001888925.1"",""GCF_001891125.1"",""GCF_001932615.1"",""GCF_001998805.1"",""GCF_002174215.1"",""GCF_002950695.1"",""GCF_002970915.1"",""GCF_002970935.1"",""GCF_003150935.1"",""GCF_003151025.1"",""GCF_003173695.1"",""GCF_003176835.1"",""GCF_003264795.1"",""GCF_003584685.1"",""GCF_003641185.1"",""GCF_003722275.1"",""GCF_003999355.1"",""GCF_004354645.1"",""GCF_004377635.1"",""GCF_005405405.1"",""GCF_005405465.1"",""GCF_007954605.1"",""GCF_007954785.1"",""GCF_008107645.1"",""GCF_008831485.1"",""GCF_009184845.1"",""GCF_009856565.1"",""GCF_009913655.1"",""GCF_009913995.1"",""GCF_009914015.1"",""GCF_009914035.1"",""GCF_010092385.1"",""GCF_011058775.1"",""GCF_011304355.1"",""GCF_013113695.1"",""GCF_013407595.1"",""GCF_014131735.1"",""GCF_014145545.1"",""GCF_014145555.1"",""GCF_014145615.1"",""GCF_014397255.1"",""GCF_014656585.1"",""GCF_014789145.1"",""GCF_016127255.1"",""GCF_016127815.1"",""GCF_016647595.1"",""GCF_016919665.1"",""GCF_017068355.1"",""GCF_017894345.1"",""GCF_018394055.1"",""GCF_018502505.1"",""GCF_019448175.1"",""GCF_019469265.1"",""GCF_019576155.1"",""GCF_019797825.1"",""GCF_020510245.1"",""GCF_020784695.1"",""GCF_020844005.1"",""GCF_021378055.1"",""GCF_023169905.1"",""GCF_023499275.1"",""GCF_023920145.1"",""GCF_024334065.1"",""GCF_024397795.1"",""GCF_024718545.1"",""GCF_025311495.1"",""GCF_025490915.1"",""GCF_025739325.1"",""GCF_025948295.1"",""GCF_026222675.1"",""GCF_028607025.1"",""GCF_028621815.1"",""GCF_028736235.1"",""GCF_029025825.1"",""GCF_029726355.1"",""GCF_029854335.1"",""GCF_029866985.1"",""GCF_030480545.1"",""GCF_030770265.1"",""GCF_030770295.1"",""GCF_030770335.1"",""GCF_032762665.1"",""GCF_033142085.1"",""GCF_033570435.1"",""GCF_034703025.1"",""GCF_035985965.1"",""GCF_036246165.1"",""GCF_036246185.1"",""GCF_036246225.1"",""GCF_036327715.1"",""GCF_037290055.1"",""GCF_037891785.1"",""GCF_037892375.1"",""GCF_038049945.1"",""GCF_039645515.1"",""GCF_039645575.1"",""GCF_039783225.1"",""GCF_039783785.1"",""GCF_039955095.1"",""GCF_041225485.1"",""GCF_041281755.1"",""GCF_041509385.1"",""GCF_041514285.1"",""GCF_041514295.1"",""GCF_041893975.1"",""GCF_042847315.1"",""GCF_042997415.1"",""GCF_045801155.1"",""GCF_045862825.1"",""GCF_046109915.1"",""GCF_047344935.1"",""GCF_050407965.1"",""GCF_050847345.1"",""GCF_051098045.1"",""GCF_052569745.1"",""GCF_052570115.1"",""GCF_052571685.1"",""GCF_054073565.1"",""GCF_054331775.1"",""GCF_054452875.2"",""GCF_054784775.1"",""GCF_054785075.1"",""GCF_055180435.1"",""GCF_055502585.1"",""GCF_055755075.1"",""GCF_056269605.1"",""GCF_056676095.1"",""GCF_057786735.1"",""GCF_058111805.1"",""GCF_059089415.1"",""GCF_060305805.1"",""GCF_060307215.1"",""GCF_900016205.1"",""GCF_900094835.1"",""GCF_900240275.1"",""GCF_900519455.1"",""GCF_900519475.1"",""GCF_900636965.1"",""GCF_903885985.1"",""GCF_903886345.1"",""GCF_903886475.1"",""GCF_903891025.1"",""GCF_903891205.1"",""GCF_947539375.1"",""GCF_963243495.1"",""GCF_963281025.1"",""GCF_964063315.1"",""GCF_965136965.1"",""GCF_965286035.1"",""GCF_965286295.1"",""GCF_965286585.1"",""GCF_982267005.1""]"	root/1/1/1/1/1/1/0/0/1	"[""root/1/1/1/1/1/1/0/0/1""]"	"[{""node"":""root/1/1/1/1/1/1/0/0/1"",""length_coalescent_units"":1.3862943611198908}]"	1.0	0.0	0.0	5.0	0.0	0.0	0.9945355191256833	0.002732240437158474	0.002732240437158474	193	5.0
cbe5f5f261add5c60fa2cb7ded383a63f4f179b89b2d3df2d170d85bcfff946b	"[""GCF_041281755.1"",""GCF_900094835.1""]"	"[""GCF_000009425.1"",""GCF_000010145.1"",""GCF_000011045.1"",""GCF_000014385.1"",""GCF_000014425.1"",""GCF_000014445.1"",""GCF_000014505.1"",""GCF_000014545.1"",""GCF_000015385.1"",""GCF_000016825.1"",""GCF_000023085.1"",""GCF_000025045.1"",""GCF_000026405.1"",""GCF_000092505.1"",""GCF_000148815.2"",""GCF_000155515.2"",""GCF_000160835.1"",""GCF_000203855.3"",""GCF_000237995.1"",""GCF_000241055.1"",""GCF_000269925.1"",""GCF_000269945.1"",""GCF_000298875.1"",""GCF_000468955.1"",""GCF_000691805.2"",""GCF_001434365.1"",""GCF_001434705.1"",""GCF_001435245.1"",""GCF_001436135.1"",""GCF_001436905.1"",""GCF_001437055.1"",""GCF_001437425.1"",""GCF_001438705.1"",""GCF_001536305.1"",""GCF_001618285.1"",""GCF_001702215.1"",""GCF_001702235.1"",""GCF_001752505.1"",""GCF_001752515.1"",""GCF_001752545.1"",""GCF_001761545.1"",""GCF_001767275.1"",""GCF_001888925.1"",""GCF_001891125.1"",""GCF_001932615.1"",""GCF_001998805.1"",""GCF_002174215.1"",""GCF_002950695.1"",""GCF_002970915.1"",""GCF_002970935.1"",""GCF_003150935.1"",""GCF_003151025.1"",""GCF_003173695.1"",""GCF_003176835.1"",""GCF_003264795.1"",""GCF_003584685.1"",""GCF_003641185.1"",""GCF_003722275.1"",""GCF_003999355.1"",""GCF_004354645.1"",""GCF_004377635.1"",""GCF_005405405.1"",""GCF_005405465.1"",""GCF_007954605.1"",""GCF_007954785.1"",""GCF_008107645.1"",""GCF_008831485.1"",""GCF_009184845.1"",""GCF_009856565.1"",""GCF_009913655.1"",""GCF_009913995.1"",""GCF_009914015.1"",""GCF_009914035.1"",""GCF_010092385.1"",""GCF_011058775.1"",""GCF_011304355.1"",""GCF_013113695.1"",""GCF_013407595.1"",""GCF_014131735.1"",""GCF_014145545.1"",""GCF_014145555.1"",""GCF_014145615.1"",""GCF_014397255.1"",""GCF_014656585.1"",""GCF_014789145.1"",""GCF_016127255.1"",""GCF_016127815.1"",""GCF_016647595.1"",""GCF_016919665.1"",""GCF_017068355.1"",""GCF_017894345.1"",""GCF_018394055.1"",""GCF_018502505.1"",""GCF_019448175.1"",""GCF_019469265.1"",""GCF_019576155.1"",""GCF_019797825.1"",""GCF_020510245.1"",""GCF_020784695.1"",""GCF_020844005.1"",""GCF_021378055.1"",""GCF_023169905.1"",""GCF_023499275.1"",""GCF_023920145.1"",""GCF_024334065.1"",""GCF_024397795.1"",""GCF_024718545.1"",""GCF_025311495.1"",""GCF_025490915.1"",""GCF_025739325.1"",""GCF_025948295.1"",""GCF_026222675.1"",""GCF_028607025.1"",""GCF_028621815.1"",""GCF_028736235.1"",""GCF_029025825.1"",""GCF_029726355.1"",""GCF_029854335.1"",""GCF_029866985.1"",""GCF_030480545.1"",""GCF_030770265.1"",""GCF_030770295.1"",""GCF_030770335.1"",""GCF_032762665.1"",""GCF_033142085.1"",""GCF_033570435.1"",""GCF_034703025.1"",""GCF_035985965.1"",""GCF_036246165.1"",""GCF_036246185.1"",""GCF_036246225.1"",""GCF_036327715.1"",""GCF_037290055.1"",""GCF_037891785.1"",""GCF_037892375.1"",""GCF_038049945.1"",""GCF_039645515.1"",""GCF_039645575.1"",""GCF_039783225.1"",""GCF_039783785.1"",""GCF_039955095.1"",""GCF_041225485.1"",""GCF_041225605.1"",""GCF_041509385.1"",""GCF_041514285.1"",""GCF_041514295.1"",""GCF_041893975.1"",""GCF_042847315.1"",""GCF_042997415.1"",""GCF_045760565.1"",""GCF_045801155.1"",""GCF_045862825.1"",""GCF_046109915.1"",""GCF_047344935.1"",""GCF_050407965.1"",""GCF_050847345.1"",""GCF_051098045.1"",""GCF_052569745.1"",""GCF_052570115.1"",""GCF_052571685.1"",""GCF_054073565.1"",""GCF_054331775.1"",""GCF_054452875.2"",""GCF_054784775.1"",""GCF_054785075.1"",""GCF_055180435.1"",""GCF_055502585.1"",""GCF_055755075.1"",""GCF_056269605.1"",""GCF_056676095.1"",""GCF_057786735.1"",""GCF_058111805.1"",""GCF_059089415.1"",""GCF_060305805.1"",""GCF_060307215.1"",""GCF_900016205.1"",""GCF_900240275.1"",""GCF_900519455.1"",""GCF_900519475.1"",""GCF_900636965.1"",""GCF_903885985.1"",""GCF_903886345.1"",""GCF_903886475.1"",""GCF_903891025.1"",""GCF_903891205.1"",""GCF_947539375.1"",""GCF_963243495.1"",""GCF_963281025.1"",""GCF_964063315.1"",""GCF_965136965.1"",""GCF_965286035.1"",""GCF_965286295.1"",""GCF_965286585.1"",""GCF_982267005.1""]"	root/1/1/1/1/1/1/1/0/0/0/1/1/1/1/0	"[""root/1/1/1/1/1/1/1/0/0/0/1/1/1/1/0""]"	"[{""node"":""root/1/1/1/1/1/1/1/0/0/0/1/1/1/1/0"",""length_coalescent_units"":0.826678573184468}]"	0.85	0.0	0.15	4.25	0.0	0.75	0.9601265801664818	0.016598687777880303	0.02327473205563784	760	5.0
1c8575c41b35a149b35752546df6493f5f469058659ce5b10e1db941ffc5a10b	"[""GCF_060305805.1"",""GCF_060307215.1""]"	"[""GCF_000009425.1"",""GCF_000010145.1"",""GCF_000011045.1"",""GCF_000014385.1"",""GCF_000014425.1"",""GCF_000014445.1"",""GCF_000014505.1"",""GCF_000014545.1"",""GCF_000015385.1"",""GCF_000016825.1"",""GCF_000023085.1"",""GCF_000025045.1"",""GCF_000026405.1"",""GCF_000092505.1"",""GCF_000148815.2"",""GCF_000155515.2"",""GCF_000160835.1"",""GCF_000203855.3"",""GCF_000237995.1"",""GCF_000241055.1"",""GCF_000269925.1"",""GCF_000269945.1"",""GCF_000298875.1"",""GCF_000468955.1"",""GCF_000691805.2"",""GCF_001434365.1"",""GCF_001434705.1"",""GCF_001435245.1"",""GCF_001436135.1"",""GCF_001436905.1"",""GCF_001437055.1"",""GCF_001437425.1"",""GCF_001438705.1"",""GCF_001536305.1"",""GCF_001618285.1"",""GCF_001702215.1"",""GCF_001702235.1"",""GCF_001752505.1"",""GCF_001752515.1"",""GCF_001752545.1"",""GCF_001761545.1"",""GCF_001767275.1"",""GCF_001888925.1"",""GCF_001891125.1"",""GCF_001932615.1"",""GCF_001998805.1"",""GCF_002174215.1"",""GCF_002950695.1"",""GCF_002970915.1"",""GCF_002970935.1"",""GCF_003150935.1"",""GCF_003151025.1"",""GCF_003173695.1"",""GCF_003176835.1"",""GCF_003264795.1"",""GCF_003584685.1"",""GCF_003641185.1"",""GCF_003722275.1"",""GCF_003999355.1"",""GCF_004354645.1"",""GCF_004377635.1"",""GCF_005405405.1"",""GCF_005405465.1"",""GCF_007954605.1"",""GCF_007954785.1"",""GCF_008107645.1"",""GCF_008831485.1"",""GCF_009184845.1"",""GCF_009856565.1"",""GCF_009913655.1"",""GCF_009913995.1"",""GCF_009914015.1"",""GCF_009914035.1"",""GCF_010092385.1"",""GCF_011058775.1"",""GCF_011304355.1"",""GCF_013113695.1"",""GCF_013407595.1"",""GCF_014131735.1"",""GCF_014145545.1"",""GCF_014145555.1"",""GCF_014145615.1"",""GCF_014397255.1"",""GCF_014656585.1"",""GCF_014789145.1"",""GCF_016127255.1"",""GCF_016127815.1"",""GCF_016647595.1"",""GCF_016919665.1"",""GCF_017068355.1"",""GCF_017894345.1"",""GCF_018394055.1"",""GCF_018502505.1"",""GCF_019448175.1"",""GCF_019469265.1"",""GCF_019576155.1"",""GCF_019797825.1"",""GCF_020510245.1"",""GCF_020784695.1"",""GCF_020844005.1"",""GCF_021378055.1"",""GCF_023169905.1"",""GCF_023499275.1"",""GCF_023920145.1"",""GCF_024334065.1"",""GCF_024397795.1"",""GCF_024718545.1"",""GCF_025311495.1"",""GCF_025490915.1"",""GCF_025739325.1"",""GCF_025948295.1"",""GCF_026222675.1"",""GCF_028607025.1"",""GCF_028621815.1"",""GCF_028736235.1"",""GCF_029025825.1"",""GCF_029726355.1"",""GCF_029854335.1"",""GCF_029866985.1"",""GCF_030480545.1"",""GCF_030770265.1"",""GCF_030770295.1"",""GCF_030770335.1"",""GCF_032762665.1"",""GCF_033142085.1"",""GCF_033570435.1"",""GCF_034703025.1"",""GCF_035985965.1"",""GCF_036246165.1"",""GCF_036246185.1"",""GCF_036246225.1"",""GCF_036327715.1"",""GCF_037290055.1"",""GCF_037891785.1"",""GCF_037892375.1"",""GCF_038049945.1"",""GCF_039645515.1"",""GCF_039645575.1"",""GCF_039783225.1"",""GCF_039783785.1"",""GCF_039955095.1"",""GCF_041225485.1"",""GCF_041225605.1"",""GCF_041281755.1"",""GCF_041509385.1"",""GCF_041514285.1"",""GCF_041514295.1"",""GCF_041893975.1"",""GCF_042847315.1"",""GCF_042997415.1"",""GCF_045760565.1"",""GCF_045801155.1"",""GCF_045862825.1"",""GCF_046109915.1"",""GCF_047344935.1"",""GCF_050407965.1"",""GCF_050847345.1"",""GCF_051098045.1"",""GCF_052569745.1"",""GCF_052570115.1"",""GCF_052571685.1"",""GCF_054073565.1"",""GCF_054331775.1"",""GCF_054452875.2"",""GCF_054784775.1"",""GCF_054785075.1"",""GCF_055180435.1"",""GCF_055502585.1"",""GCF_055755075.1"",""GCF_056269605.1"",""GCF_056676095.1"",""GCF_057786735.1"",""GCF_058111805.1"",""GCF_059089415.1"",""GCF_900016205.1"",""GCF_900094835.1"",""GCF_900240275.1"",""GCF_900519455.1"",""GCF_900519475.1"",""GCF_900636965.1"",""GCF_903885985.1"",""GCF_903886345.1"",""GCF_903886475.1"",""GCF_903891025.1"",""GCF_903891205.1"",""GCF_947539375.1"",""GCF_963243495.1"",""GCF_963281025.1"",""GCF_964063315.1"",""GCF_965136965.1"",""GCF_965286035.1"",""GCF_965286295.1"",""GCF_965286585.1"",""GCF_982267005.1""]"	root/1/1/1/1/0/1/1/1/1	"[""root/1/1/1/1/0/1/1/1/1""]"	"[{""node"":""root/1/1/1/1/0/1/1/1/1"",""length_coalescent_units"":0.2738956191196373}]"	0.591670845172433	0.4062566159674634	0.002072538860103627	2.958354225862165	2.031283079837317	0.010362694300518135	0.6512062016183404	0.26505064829524044	0.08374315008641908	193	5.0
78651c8c74d5bc948c64b8c385324acff30d76623a1f51adb44e383a5059ede9	"[""GCF_903885985.1"",""GCF_903886345.1""]"	"[""GCF_000009425.1"",""GCF_000010145.1"",""GCF_000011045.1"",""GCF_000014385.1"",""GCF_000014425.1"",""GCF_000014445.1"",""GCF_000014505.1"",""GCF_000014545.1"",""GCF_000015385.1"",""GCF_000016825.1"",""GCF_000023085.1"",""GCF_000025045.1"",""GCF_000026405.1"",""GCF_000092505.1"",""GCF_000148815.2"",""GCF_000155515.2"",""GCF_000160835.1"",""GCF_000203855.3"",""GCF_000237995.1"",""GCF_000241055.1"",""GCF_000269925.1"",""GCF_000269945.1"",""GCF_000298875.1"",""GCF_000468955.1"",""GCF_000691805.2"",""GCF_001434365.1"",""GCF_001434705.1"",""GCF_001435245.1"",""GCF_001436135.1"",""GCF_001436905.1"",""GCF_001437055.1"",""GCF_001437425.1"",""GCF_001438705.1"",""GCF_001536305.1"",""GCF_001618285.1"",""GCF_001702215.1"",""GCF_001702235.1"",""GCF_001752505.1"",""GCF_001752515.1"",""GCF_001752545.1"",""GCF_001761545.1"",""GCF_001767275.1"",""GCF_001888925.1"",""GCF_001891125.1"",""GCF_001932615.1"",""GCF_001998805.1"",""GCF_002174215.1"",""GCF_002950695.1"",""GCF_002970915.1"",""GCF_002970935.1"",""GCF_003150935.1"",""GCF_003151025.1"",""GCF_003173695.1"",""GCF_003176835.1"",""GCF_003264795.1"",""GCF_003584685.1"",""GCF_003641185.1"",""GCF_003722275.1"",""GCF_003999355.1"",""GCF_004354645.1"",""GCF_004377635.1"",""GCF_005405405.1"",""GCF_005405465.1"",""GCF_007954605.1"",""GCF_007954785.1"",""GCF_008107645.1"",""GCF_008831485.1"",""GCF_009184845.1"",""GCF_009856565.1"",""GCF_009913655.1"",""GCF_009913995.1"",""GCF_009914015.1"",""GCF_009914035.1"",""GCF_010092385.1"",""GCF_011058775.1"",""GCF_011304355.1"",""GCF_013113695.1"",""GCF_013407595.1"",""GCF_014131735.1"",""GCF_014145545.1"",""GCF_014145555.1"",""GCF_014145615.1"",""GCF_014397255.1"",""GCF_014656585.1"",""GCF_014789145.1"",""GCF_016127255.1"",""GCF_016127815.1"",""GCF_016647595.1"",""GCF_016919665.1"",""GCF_017068355.1"",""GCF_017894345.1"",""GCF_018394055.1"",""GCF_018502505.1"",""GCF_019448175.1"",""GCF_019469265.1"",""GCF_019576155.1"",""GCF_019797825.1"",""GCF_020510245.1"",""GCF_020784695.1"",""GCF_020844005.1"",""GCF_021378055.1"",""GCF_023169905.1"",""GCF_023499275.1"",""GCF_023920145.1"",""GCF_024334065.1"",""GCF_024397795.1"",""GCF_024718545.1"",""GCF_025311495.1"",""GCF_025490915.1"",""GCF_025739325.1"",""GCF_025948295.1"",""GCF_026222675.1"",""GCF_028607025.1"",""GCF_028621815.1"",""GCF_028736235.1"",""GCF_029025825.1"",""GCF_029726355.1"",""GCF_029854335.1"",""GCF_029866985.1"",""GCF_030480545.1"",""GCF_030770265.1"",""GCF_030770295.1"",""GCF_030770335.1"",""GCF_032762665.1"",""GCF_033142085.1"",""GCF_033570435.1"",""GCF_034703025.1"",""GCF_035985965.1"",""GCF_036246165.1"",""GCF_036246185.1"",""GCF_036246225.1"",""GCF_036327715.1"",""GCF_037290055.1"",""GCF_037891785.1"",""GCF_037892375.1"",""GCF_038049945.1"",""GCF_039645515.1"",""GCF_039645575.1"",""GCF_039783225.1"",""GCF_039783785.1"",""GCF_039955095.1"",""GCF_041225485.1"",""GCF_041225605.1"",""GCF_041281755.1"",""GCF_041509385.1"",""GCF_041514285.1"",""GCF_041514295.1"",""GCF_041893975.1"",""GCF_042847315.1"",""GCF_042997415.1"",""GCF_045760565.1"",""GCF_045801155.1"",""GCF_045862825.1"",""GCF_046109915.1"",""GCF_047344935.1"",""GCF_050407965.1"",""GCF_050847345.1"",""GCF_051098045.1"",""GCF_052569745.1"",""GCF_052570115.1"",""GCF_052571685.1"",""GCF_054073565.1"",""GCF_054331775.1"",""GCF_054452875.2"",""GCF_054784775.1"",""GCF_054785075.1"",""GCF_055180435.1"",""GCF_055502585.1"",""GCF_055755075.1"",""GCF_056269605.1"",""GCF_056676095.1"",""GCF_057786735.1"",""GCF_058111805.1"",""GCF_059089415.1"",""GCF_060305805.1"",""GCF_060307215.1"",""GCF_900016205.1"",""GCF_900094835.1"",""GCF_900240275.1"",""GCF_900519455.1"",""GCF_900519475.1"",""GCF_900636965.1"",""GCF_903886475.1"",""GCF_903891025.1"",""GCF_903891205.1"",""GCF_947539375.1"",""GCF_963243495.1"",""GCF_963281025.1"",""GCF_964063315.1"",""GCF_965136965.1"",""GCF_965286035.1"",""GCF_965286295.1"",""GCF_965286585.1"",""GCF_982267005.1""]"	root/1/1/1/1/1/1/1/1/1	"[""root/1/1/1/1/1/1/1/1/1""]"	"[{""node"":""root/1/1/1/1/1/1/1/1/1"",""length_coalescent_units"":0.38776553100876343}]"	0.6571428571428571	0.21904761904761902	0.12380952380952381	3.2857142857142856	1.0952380952380951	0.6190476190476191	0.796463097323212	0.11443025591608545	0.08910664676070258	3633	5.0
