accession	rm_type	inner_to_outer_ring	value	fill	state	angle_degrees	inner_radius	outer_radius	complete_count	partial_count	candidate_count	search_complete	conflict	review_ids	positive_invalidated	count_lower_bound
TEST_00000001.1	Type_I	1	1	#26828e	COMPLETE_PREDICTED_WITH_OTHER_PARTIAL	-90.0	334.0	346.0	1	1	0	false	false	[]	false	true
TEST_00000001.1	Type_II	2	0	#ffffff	NOT_DETECTED_AFTER_SUCCESSFUL_SEARCH	-90.0	349.0	361.0	0	0	0	true	false	[]	false	false
TEST_00000001.1	Type_III	3	NA	#9e9e9e	NOT_RUN_SYNTHETIC_UNKNOWN	-90.0	364.0	376.0	0	0	0	false	false	[]	false	true
TEST_00000001.1	Type_IV	4	1	#d55e00	COMPLETE_PREDICTED_WITH_OTHER_PARTIAL	-90.0	379.0	391.0	1	1	0	false	false	[]	false	true
TEST_00000002.1	Type_I	1	0	#ffffff	NOT_DETECTED_AFTER_SUCCESSFUL_SEARCH	-88.16326530612244	334.0	346.0	0	0	0	true	false	[]	false	false
TEST_00000002.1	Type_II	2	NA	#9e9e9e	NOT_RUN_SYNTHETIC_UNKNOWN	-88.16326530612244	349.0	361.0	0	0	0	false	false	[]	false	true
TEST_00000002.1	Type_III	3	1	#9467bd	COMPLETE_PREDICTED	-88.16326530612244	364.0	376.0	1	0	0	true	false	[]	false	false
TEST_00000002.1	Type_IV	4	0	#ffffff	NOT_DETECTED_AFTER_SUCCESSFUL_SEARCH	-88.16326530612244	379.0	391.0	0	0	0	true	false	[]	false	false
TEST_00000003.1	Type_I	1	NA	#9e9e9e	NOT_RUN_SYNTHETIC_UNKNOWN	-86.3265306122449	334.0	346.0	0	0	0	false	false	[]	false	true
TEST_00000003.1	Type_II	2	1	#e6a100	COMPLETE_PREDICTED	-86.3265306122449	349.0	361.0	1	0	0	true	false	[]	false	false
TEST_00000003.1	Type_III	3	0	#ffffff	NOT_DETECTED_AFTER_SUCCESSFUL_SEARCH	-86.3265306122449	364.0	376.0	0	0	0	true	false	[]	false	false
TEST_00000003.1	Type_IV	4	NA	#9e9e9e	NOT_RUN_SYNTHETIC_UNKNOWN	-86.3265306122449	379.0	391.0	0	0	0	false	false	[]	false	true
TEST_00000004.1	Type_I	1	1	#26828e	COMPLETE_PREDICTED	-84.48979591836735	334.0	346.0	1	0	0	true	false	[]	false	false
TEST_00000004.1	Type_II	2	0	#ffffff	NOT_DETECTED_AFTER_SUCCESSFUL_SEARCH	-84.48979591836735	349.0	361.0	0	0	0	true	false	[]	false	false
TEST_00000004.1	Type_III	3	NA	#9e9e9e	NOT_RUN_SYNTHETIC_UNKNOWN	-84.48979591836735	364.0	376.0	0	0	0	false	false	[]	false	true
TEST_00000004.1	Type_IV	4	1	#d55e00	COMPLETE_PREDICTED	-84.48979591836735	379.0	391.0	1	0	0	true	false	[]	false	false
TEST_00000005.1	Type_I	1	0	#ffffff	NOT_DETECTED_AFTER_SUCCESSFUL_SEARCH	-82.6530612244898	334.0	346.0	0	0	0	true	false	[]	false	false
TEST_00000005.1	Type_II	2	NA	#9e9e9e	NOT_RUN_SYNTHETIC_UNKNOWN	-82.6530612244898	349.0	361.0	0	0	0	false	false	[]	false	true
TEST_00000005.1	Type_III	3	1	#9467bd	COMPLETE_PREDICTED	-82.6530612244898	364.0	376.0	1	0	0	true	false	[]	false	false
TEST_00000005.1	Type_IV	4	0	#ffffff	NOT_DETECTED_AFTER_SUCCESSFUL_SEARCH	-82.6530612244898	379.0	391.0	0	0	0	true	false	[]	false	false
TEST_00000006.1	Type_I	1	NA	#9e9e9e	NOT_RUN_SYNTHETIC_UNKNOWN	-80.81632653061224	334.0	346.0	0	0	0	false	false	[]	false	true
TEST_00000006.1	Type_II	2	1	#e6a100	COMPLETE_PREDICTED_WITH_OTHER_PARTIAL	-80.81632653061224	349.0	361.0	1	1	0	false	false	[]	false	true
TEST_00000006.1	Type_III	3	0	#ffffff	NOT_DETECTED_AFTER_SUCCESSFUL_SEARCH	-80.81632653061224	364.0	376.0	0	0	0	true	false	[]	false	false
TEST_00000006.1	Type_IV	4	NA	#9e9e9e	NOT_RUN_SYNTHETIC_UNKNOWN	-80.81632653061224	379.0	391.0	0	0	0	false	false	[]	false	true
TEST_00000007.1	Type_I	1	1	#26828e	COMPLETE_PREDICTED	-78.9795918367347	334.0	346.0	1	0	0	true	false	[]	false	false
TEST_00000007.1	Type_II	2	0	#ffffff	NOT_DETECTED_AFTER_SUCCESSFUL_SEARCH	-78.9795918367347	349.0	361.0	0	0	0	true	false	[]	false	false
TEST_00000007.1	Type_III	3	NA	#9e9e9e	NOT_RUN_SYNTHETIC_UNKNOWN	-78.9795918367347	364.0	376.0	0	0	0	false	false	[]	false	true
TEST_00000007.1	Type_IV	4	1	#d55e00	COMPLETE_PREDICTED	-78.9795918367347	379.0	391.0	1	0	0	true	false	[]	false	false
TEST_00000008.1	Type_I	1	0	#ffffff	NOT_DETECTED_AFTER_SUCCESSFUL_SEARCH	-77.14285714285714	334.0	346.0	0	0	0	true	false	[]	false	false
TEST_00000008.1	Type_II	2	NA	#9e9e9e	NOT_RUN_SYNTHETIC_UNKNOWN	-77.14285714285714	349.0	361.0	0	0	0	false	false	[]	false	true
TEST_00000008.1	Type_III	3	1	#9467bd	COMPLETE_PREDICTED	-77.14285714285714	364.0	376.0	1	0	0	true	false	[]	false	false
TEST_00000008.1	Type_IV	4	0	#ffffff	NOT_DETECTED_AFTER_SUCCESSFUL_SEARCH	-77.14285714285714	379.0	391.0	0	0	0	true	false	[]	false	false
TEST_00000009.1	Type_I	1	NA	#9e9e9e	NOT_RUN_SYNTHETIC_UNKNOWN	-75.3061224489796	334.0	346.0	0	0	0	false	false	[]	false	true
TEST_00000009.1	Type_II	2	1	#e6a100	COMPLETE_PREDICTED	-75.3061224489796	349.0	361.0	1	0	0	true	false	[]	false	false
TEST_00000009.1	Type_III	3	0	#ffffff	NOT_DETECTED_AFTER_SUCCESSFUL_SEARCH	-75.3061224489796	364.0	376.0	0	0	0	true	false	[]	false	false
TEST_00000009.1	Type_IV	4	NA	#9e9e9e	NOT_RUN_SYNTHETIC_UNKNOWN	-75.3061224489796	379.0	391.0	0	0	0	false	false	[]	false	true
TEST_00000010.1	Type_I	1	1	#26828e	COMPLETE_PREDICTED	-73.46938775510205	334.0	346.0	1	0	0	true	false	[]	false	false
TEST_00000010.1	Type_II	2	0	#ffffff	NOT_DETECTED_AFTER_SUCCESSFUL_SEARCH	-73.46938775510205	349.0	361.0	0	0	0	true	false	[]	false	false
TEST_00000010.1	Type_III	3	NA	#9e9e9e	NOT_RUN_SYNTHETIC_UNKNOWN	-73.46938775510205	364.0	376.0	0	0	0	false	false	[]	false	true
TEST_00000010.1	Type_IV	4	1	#d55e00	COMPLETE_PREDICTED	-73.46938775510205	379.0	391.0	1	0	0	true	false	[]	false	false
TEST_00000011.1	Type_I	1	0	#ffffff	NOT_DETECTED_AFTER_SUCCESSFUL_SEARCH	-71.63265306122449	334.0	346.0	0	0	0	true	false	[]	false	false
TEST_00000011.1	Type_II	2	NA	#9e9e9e	NOT_RUN_SYNTHETIC_UNKNOWN	-71.63265306122449	349.0	361.0	0	0	0	false	false	[]	false	true
TEST_00000011.1	Type_III	3	1	#9467bd	COMPLETE_PREDICTED_WITH_OTHER_PARTIAL	-71.63265306122449	364.0	376.0	1	1	0	false	false	[]	false	true
TEST_00000011.1	Type_IV	4	0	#ffffff	NOT_DETECTED_AFTER_SUCCESSFUL_SEARCH	-71.63265306122449	379.0	391.0	0	0	0	true	false	[]	false	false
TEST_00000012.1	Type_I	1	NA	#9e9e9e	NOT_RUN_SYNTHETIC_UNKNOWN	-69.79591836734694	334.0	346.0	0	0	0	false	false	[]	false	true
TEST_00000012.1	Type_II	2	1	#e6a100	COMPLETE_PREDICTED	-69.79591836734694	349.0	361.0	1	0	0	true	false	[]	false	false
TEST_00000012.1	Type_III	3	0	#ffffff	NOT_DETECTED_AFTER_SUCCESSFUL_SEARCH	-69.79591836734694	364.0	376.0	0	0	0	true	false	[]	false	false
TEST_00000012.1	Type_IV	4	NA	#9e9e9e	NOT_RUN_SYNTHETIC_UNKNOWN	-69.79591836734694	379.0	391.0	0	0	0	false	false	[]	false	true
TEST_00000013.1	Type_I	1	1	#26828e	COMPLETE_PREDICTED	-67.95918367346938	334.0	346.0	1	0	0	true	false	[]	false	false
TEST_00000013.1	Type_II	2	0	#ffffff	NOT_DETECTED_AFTER_SUCCESSFUL_SEARCH	-67.95918367346938	349.0	361.0	0	0	0	true	false	[]	false	false
TEST_00000013.1	Type_III	3	NA	#9e9e9e	NOT_RUN_SYNTHETIC_UNKNOWN	-67.95918367346938	364.0	376.0	0	0	0	false	false	[]	false	true
TEST_00000013.1	Type_IV	4	1	#d55e00	COMPLETE_PREDICTED	-67.95918367346938	379.0	391.0	1	0	0	true	false	[]	false	false
TEST_00000014.1	Type_I	1	0	#ffffff	NOT_DETECTED_AFTER_SUCCESSFUL_SEARCH	-66.12244897959182	334.0	346.0	0	0	0	true	false	[]	false	false
TEST_00000014.1	Type_II	2	NA	#9e9e9e	NOT_RUN_SYNTHETIC_UNKNOWN	-66.12244897959182	349.0	361.0	0	0	0	false	false	[]	false	true
TEST_00000014.1	Type_III	3	1	#9467bd	COMPLETE_PREDICTED	-66.12244897959182	364.0	376.0	1	0	0	true	false	[]	false	false
TEST_00000014.1	Type_IV	4	0	#ffffff	NOT_DETECTED_AFTER_SUCCESSFUL_SEARCH	-66.12244897959182	379.0	391.0	0	0	0	true	false	[]	false	false
TEST_00000015.1	Type_I	1	NA	#9e9e9e	NOT_RUN_SYNTHETIC_UNKNOWN	-64.28571428571429	334.0	346.0	0	0	0	false	false	[]	false	true
TEST_00000015.1	Type_II	2	1	#e6a100	COMPLETE_PREDICTED	-64.28571428571429	349.0	361.0	1	0	0	true	false	[]	false	false
TEST_00000015.1	Type_III	3	0	#ffffff	NOT_DETECTED_AFTER_SUCCESSFUL_SEARCH	-64.28571428571429	364.0	376.0	0	0	0	true	false	[]	false	false
TEST_00000015.1	Type_IV	4	NA	#9e9e9e	NOT_RUN_SYNTHETIC_UNKNOWN	-64.28571428571429	379.0	391.0	0	0	0	false	false	[]	false	true
TEST_00000016.1	Type_I	1	1	#26828e	COMPLETE_PREDICTED_WITH_OTHER_PARTIAL	-62.44897959183674	334.0	346.0	1	1	0	false	false	[]	false	true
TEST_00000016.1	Type_II	2	0	#ffffff	NOT_DETECTED_AFTER_SUCCESSFUL_SEARCH	-62.44897959183674	349.0	361.0	0	0	0	true	false	[]	false	false
TEST_00000016.1	Type_III	3	NA	#9e9e9e	NOT_RUN_SYNTHETIC_UNKNOWN	-62.44897959183674	364.0	376.0	0	0	0	false	false	[]	false	true
TEST_00000016.1	Type_IV	4	1	#d55e00	COMPLETE_PREDICTED_WITH_OTHER_PARTIAL	-62.44897959183674	379.0	391.0	1	1	0	false	false	[]	false	true
TEST_00000017.1	Type_I	1	0	#ffffff	NOT_DETECTED_AFTER_SUCCESSFUL_SEARCH	-60.61224489795919	334.0	346.0	0	0	0	true	false	[]	false	false
TEST_00000017.1	Type_II	2	NA	#9e9e9e	NOT_RUN_SYNTHETIC_UNKNOWN	-60.61224489795919	349.0	361.0	0	0	0	false	false	[]	false	true
TEST_00000017.1	Type_III	3	1	#9467bd	COMPLETE_PREDICTED	-60.61224489795919	364.0	376.0	1	0	0	true	false	[]	false	false
TEST_00000017.1	Type_IV	4	0	#ffffff	NOT_DETECTED_AFTER_SUCCESSFUL_SEARCH	-60.61224489795919	379.0	391.0	0	0	0	true	false	[]	false	false
TEST_00000018.1	Type_I	1	NA	#9e9e9e	NOT_RUN_SYNTHETIC_UNKNOWN	-58.77551020408163	334.0	346.0	0	0	0	false	false	[]	false	true
TEST_00000018.1	Type_II	2	1	#e6a100	COMPLETE_PREDICTED	-58.77551020408163	349.0	361.0	1	0	0	true	false	[]	false	false
TEST_00000018.1	Type_III	3	0	#ffffff	NOT_DETECTED_AFTER_SUCCESSFUL_SEARCH	-58.77551020408163	364.0	376.0	0	0	0	true	false	[]	false	false
TEST_00000018.1	Type_IV	4	NA	#9e9e9e	NOT_RUN_SYNTHETIC_UNKNOWN	-58.77551020408163	379.0	391.0	0	0	0	false	false	[]	false	true
TEST_00000019.1	Type_I	1	1	#26828e	COMPLETE_PREDICTED	-56.93877551020408	334.0	346.0	1	0	0	true	false	[]	false	false
TEST_00000019.1	Type_II	2	0	#ffffff	NOT_DETECTED_AFTER_SUCCESSFUL_SEARCH	-56.93877551020408	349.0	361.0	0	0	0	true	false	[]	false	false
TEST_00000019.1	Type_III	3	NA	#9e9e9e	NOT_RUN_SYNTHETIC_UNKNOWN	-56.93877551020408	364.0	376.0	0	0	0	false	false	[]	false	true
TEST_00000019.1	Type_IV	4	1	#d55e00	COMPLETE_PREDICTED	-56.93877551020408	379.0	391.0	1	0	0	true	false	[]	false	false
TEST_00000020.1	Type_I	1	0	#ffffff	NOT_DETECTED_AFTER_SUCCESSFUL_SEARCH	-55.102040816326536	334.0	346.0	0	0	0	true	false	[]	false	false
TEST_00000020.1	Type_II	2	NA	#9e9e9e	NOT_RUN_SYNTHETIC_UNKNOWN	-55.102040816326536	349.0	361.0	0	0	0	false	false	[]	false	true
TEST_00000020.1	Type_III	3	1	#9467bd	COMPLETE_PREDICTED	-55.102040816326536	364.0	376.0	1	0	0	true	false	[]	false	false
TEST_00000020.1	Type_IV	4	0	#ffffff	NOT_DETECTED_AFTER_SUCCESSFUL_SEARCH	-55.102040816326536	379.0	391.0	0	0	0	true	false	[]	false	false
TEST_00000021.1	Type_I	1	NA	#9e9e9e	NOT_RUN_SYNTHETIC_UNKNOWN	-53.265306122448976	334.0	346.0	0	0	0	false	false	[]	false	true
TEST_00000021.1	Type_II	2	1	#e6a100	COMPLETE_PREDICTED_WITH_OTHER_PARTIAL	-53.265306122448976	349.0	361.0	1	1	0	false	false	[]	false	true
TEST_00000021.1	Type_III	3	0	#ffffff	NOT_DETECTED_AFTER_SUCCESSFUL_SEARCH	-53.265306122448976	364.0	376.0	0	0	0	true	false	[]	false	false
TEST_00000021.1	Type_IV	4	NA	#9e9e9e	NOT_RUN_SYNTHETIC_UNKNOWN	-53.265306122448976	379.0	391.0	0	0	0	false	false	[]	false	true
TEST_00000022.1	Type_I	1	1	#26828e	COMPLETE_PREDICTED	-51.42857142857143	334.0	346.0	1	0	0	true	false	[]	false	false
TEST_00000022.1	Type_II	2	0	#ffffff	NOT_DETECTED_AFTER_SUCCESSFUL_SEARCH	-51.42857142857143	349.0	361.0	0	0	0	true	false	[]	false	false
TEST_00000022.1	Type_III	3	NA	#9e9e9e	NOT_RUN_SYNTHETIC_UNKNOWN	-51.42857142857143	364.0	376.0	0	0	0	false	false	[]	false	true
TEST_00000022.1	Type_IV	4	1	#d55e00	COMPLETE_PREDICTED	-51.42857142857143	379.0	391.0	1	0	0	true	false	[]	false	false
TEST_00000023.1	Type_I	1	0	#ffffff	NOT_DETECTED_AFTER_SUCCESSFUL_SEARCH	-49.591836734693885	334.0	346.0	0	0	0	true	false	[]	false	false
TEST_00000023.1	Type_II	2	NA	#9e9e9e	NOT_RUN_SYNTHETIC_UNKNOWN	-49.591836734693885	349.0	361.0	0	0	0	false	false	[]	false	true
TEST_00000023.1	Type_III	3	1	#9467bd	COMPLETE_PREDICTED	-49.591836734693885	364.0	376.0	1	0	0	true	false	[]	false	false
TEST_00000023.1	Type_IV	4	0	#ffffff	NOT_DETECTED_AFTER_SUCCESSFUL_SEARCH	-49.591836734693885	379.0	391.0	0	0	0	true	false	[]	false	false
TEST_00000024.1	Type_I	1	NA	#9e9e9e	NOT_RUN_SYNTHETIC_UNKNOWN	-47.755102040816325	334.0	346.0	0	0	0	false	false	[]	false	true
TEST_00000024.1	Type_II	2	1	#e6a100	COMPLETE_PREDICTED	-47.755102040816325	349.0	361.0	1	0	0	true	false	[]	false	false
TEST_00000024.1	Type_III	3	0	#ffffff	NOT_DETECTED_AFTER_SUCCESSFUL_SEARCH	-47.755102040816325	364.0	376.0	0	0	0	true	false	[]	false	false
TEST_00000024.1	Type_IV	4	NA	#9e9e9e	NOT_RUN_SYNTHETIC_UNKNOWN	-47.755102040816325	379.0	391.0	0	0	0	false	false	[]	false	true
TEST_00000025.1	Type_I	1	1	#26828e	COMPLETE_PREDICTED	-45.91836734693878	334.0	346.0	1	0	0	true	false	[]	false	false
TEST_00000025.1	Type_II	2	0	#ffffff	NOT_DETECTED_AFTER_SUCCESSFUL_SEARCH	-45.91836734693878	349.0	361.0	0	0	0	true	false	[]	false	false
TEST_00000025.1	Type_III	3	NA	#9e9e9e	NOT_RUN_SYNTHETIC_UNKNOWN	-45.91836734693878	364.0	376.0	0	0	0	false	false	[]	false	true
TEST_00000025.1	Type_IV	4	1	#d55e00	COMPLETE_PREDICTED	-45.91836734693878	379.0	391.0	1	0	0	true	false	[]	false	false
TEST_00000026.1	Type_I	1	0	#ffffff	NOT_DETECTED_AFTER_SUCCESSFUL_SEARCH	-44.08163265306122	334.0	346.0	0	0	0	true	false	[]	false	false
TEST_00000026.1	Type_II	2	NA	#9e9e9e	NOT_RUN_SYNTHETIC_UNKNOWN	-44.08163265306122	349.0	361.0	0	0	0	false	false	[]	false	true
TEST_00000026.1	Type_III	3	1	#9467bd	COMPLETE_PREDICTED_WITH_OTHER_PARTIAL	-44.08163265306122	364.0	376.0	1	1	0	false	false	[]	false	true
TEST_00000026.1	Type_IV	4	0	#ffffff	NOT_DETECTED_AFTER_SUCCESSFUL_SEARCH	-44.08163265306122	379.0	391.0	0	0	0	true	false	[]	false	false
TEST_00000027.1	Type_I	1	NA	#9e9e9e	NOT_RUN_SYNTHETIC_UNKNOWN	-42.244897959183675	334.0	346.0	0	0	0	false	false	[]	false	true
TEST_00000027.1	Type_II	2	1	#e6a100	COMPLETE_PREDICTED	-42.244897959183675	349.0	361.0	1	0	0	true	false	[]	false	false
TEST_00000027.1	Type_III	3	0	#ffffff	NOT_DETECTED_AFTER_SUCCESSFUL_SEARCH	-42.244897959183675	364.0	376.0	0	0	0	true	false	[]	false	false
TEST_00000027.1	Type_IV	4	NA	#9e9e9e	NOT_RUN_SYNTHETIC_UNKNOWN	-42.244897959183675	379.0	391.0	0	0	0	false	false	[]	false	true
TEST_00000028.1	Type_I	1	1	#26828e	COMPLETE_PREDICTED	-40.40816326530612	334.0	346.0	1	0	0	true	false	[]	false	false
TEST_00000028.1	Type_II	2	0	#ffffff	NOT_DETECTED_AFTER_SUCCESSFUL_SEARCH	-40.40816326530612	349.0	361.0	0	0	0	true	false	[]	false	false
TEST_00000028.1	Type_III	3	NA	#9e9e9e	NOT_RUN_SYNTHETIC_UNKNOWN	-40.40816326530612	364.0	376.0	0	0	0	false	false	[]	false	true
TEST_00000028.1	Type_IV	4	1	#d55e00	COMPLETE_PREDICTED	-40.40816326530612	379.0	391.0	1	0	0	true	false	[]	false	false
TEST_00000029.1	Type_I	1	0	#ffffff	NOT_DETECTED_AFTER_SUCCESSFUL_SEARCH	-38.57142857142857	334.0	346.0	0	0	0	true	false	[]	false	false
TEST_00000029.1	Type_II	2	NA	#9e9e9e	NOT_RUN_SYNTHETIC_UNKNOWN	-38.57142857142857	349.0	361.0	0	0	0	false	false	[]	false	true
TEST_00000029.1	Type_III	3	1	#9467bd	COMPLETE_PREDICTED	-38.57142857142857	364.0	376.0	1	0	0	true	false	[]	false	false
TEST_00000029.1	Type_IV	4	0	#ffffff	NOT_DETECTED_AFTER_SUCCESSFUL_SEARCH	-38.57142857142857	379.0	391.0	0	0	0	true	false	[]	false	false
TEST_00000030.1	Type_I	1	NA	#9e9e9e	NOT_RUN_SYNTHETIC_UNKNOWN	-36.734693877551024	334.0	346.0	0	0	0	false	false	[]	false	true
TEST_00000030.1	Type_II	2	1	#e6a100	COMPLETE_PREDICTED	-36.734693877551024	349.0	361.0	1	0	0	true	false	[]	false	false
TEST_00000030.1	Type_III	3	0	#ffffff	NOT_DETECTED_AFTER_SUCCESSFUL_SEARCH	-36.734693877551024	364.0	376.0	0	0	0	true	false	[]	false	false
TEST_00000030.1	Type_IV	4	NA	#9e9e9e	NOT_RUN_SYNTHETIC_UNKNOWN	-36.734693877551024	379.0	391.0	0	0	0	false	false	[]	false	true
TEST_00000031.1	Type_I	1	1	#26828e	COMPLETE_PREDICTED_WITH_OTHER_PARTIAL	-34.89795918367347	334.0	346.0	1	1	0	false	false	[]	false	true
TEST_00000031.1	Type_II	2	0	#ffffff	NOT_DETECTED_AFTER_SUCCESSFUL_SEARCH	-34.89795918367347	349.0	361.0	0	0	0	true	false	[]	false	false
TEST_00000031.1	Type_III	3	NA	#9e9e9e	NOT_RUN_SYNTHETIC_UNKNOWN	-34.89795918367347	364.0	376.0	0	0	0	false	false	[]	false	true
TEST_00000031.1	Type_IV	4	1	#d55e00	COMPLETE_PREDICTED_WITH_OTHER_PARTIAL	-34.89795918367347	379.0	391.0	1	1	0	false	false	[]	false	true
TEST_00000032.1	Type_I	1	0	#ffffff	NOT_DETECTED_AFTER_SUCCESSFUL_SEARCH	-33.06122448979592	334.0	346.0	0	0	0	true	false	[]	false	false
TEST_00000032.1	Type_II	2	NA	#9e9e9e	NOT_RUN_SYNTHETIC_UNKNOWN	-33.06122448979592	349.0	361.0	0	0	0	false	false	[]	false	true
TEST_00000032.1	Type_III	3	1	#9467bd	COMPLETE_PREDICTED	-33.06122448979592	364.0	376.0	1	0	0	true	false	[]	false	false
TEST_00000032.1	Type_IV	4	0	#ffffff	NOT_DETECTED_AFTER_SUCCESSFUL_SEARCH	-33.06122448979592	379.0	391.0	0	0	0	true	false	[]	false	false
TEST_00000033.1	Type_I	1	NA	#9e9e9e	NOT_RUN_SYNTHETIC_UNKNOWN	-31.22448979591837	334.0	346.0	0	0	0	false	false	[]	false	true
TEST_00000033.1	Type_II	2	1	#e6a100	COMPLETE_PREDICTED	-31.22448979591837	349.0	361.0	1	0	0	true	false	[]	false	false
TEST_00000033.1	Type_III	3	0	#ffffff	NOT_DETECTED_AFTER_SUCCESSFUL_SEARCH	-31.22448979591837	364.0	376.0	0	0	0	true	false	[]	false	false
TEST_00000033.1	Type_IV	4	NA	#9e9e9e	NOT_RUN_SYNTHETIC_UNKNOWN	-31.22448979591837	379.0	391.0	0	0	0	false	false	[]	false	true
TEST_00000034.1	Type_I	1	1	#26828e	COMPLETE_PREDICTED	-29.387755102040813	334.0	346.0	1	0	0	true	false	[]	false	false
TEST_00000034.1	Type_II	2	0	#ffffff	NOT_DETECTED_AFTER_SUCCESSFUL_SEARCH	-29.387755102040813	349.0	361.0	0	0	0	true	false	[]	false	false
TEST_00000034.1	Type_III	3	NA	#9e9e9e	NOT_RUN_SYNTHETIC_UNKNOWN	-29.387755102040813	364.0	376.0	0	0	0	false	false	[]	false	true
TEST_00000034.1	Type_IV	4	1	#d55e00	COMPLETE_PREDICTED	-29.387755102040813	379.0	391.0	1	0	0	true	false	[]	false	false
TEST_00000035.1	Type_I	1	0	#ffffff	NOT_DETECTED_AFTER_SUCCESSFUL_SEARCH	-27.551020408163257	334.0	346.0	0	0	0	true	false	[]	false	false
TEST_00000035.1	Type_II	2	NA	#9e9e9e	NOT_RUN_SYNTHETIC_UNKNOWN	-27.551020408163257	349.0	361.0	0	0	0	false	false	[]	false	true
TEST_00000035.1	Type_III	3	1	#9467bd	COMPLETE_PREDICTED	-27.551020408163257	364.0	376.0	1	0	0	true	false	[]	false	false
TEST_00000035.1	Type_IV	4	0	#ffffff	NOT_DETECTED_AFTER_SUCCESSFUL_SEARCH	-27.551020408163257	379.0	391.0	0	0	0	true	false	[]	false	false
TEST_00000036.1	Type_I	1	NA	#9e9e9e	NOT_RUN_SYNTHETIC_UNKNOWN	-25.714285714285715	334.0	346.0	0	0	0	false	false	[]	false	true
TEST_00000036.1	Type_II	2	1	#e6a100	COMPLETE_PREDICTED_WITH_OTHER_PARTIAL	-25.714285714285715	349.0	361.0	1	1	0	false	false	[]	false	true
TEST_00000036.1	Type_III	3	0	#ffffff	NOT_DETECTED_AFTER_SUCCESSFUL_SEARCH	-25.714285714285715	364.0	376.0	0	0	0	true	false	[]	false	false
TEST_00000036.1	Type_IV	4	NA	#9e9e9e	NOT_RUN_SYNTHETIC_UNKNOWN	-25.714285714285715	379.0	391.0	0	0	0	false	false	[]	false	true
TEST_00000037.1	Type_I	1	1	#26828e	COMPLETE_PREDICTED	-23.87755102040816	334.0	346.0	1	0	0	true	false	[]	false	false
TEST_00000037.1	Type_II	2	0	#ffffff	NOT_DETECTED_AFTER_SUCCESSFUL_SEARCH	-23.87755102040816	349.0	361.0	0	0	0	true	false	[]	false	false
TEST_00000037.1	Type_III	3	NA	#9e9e9e	NOT_RUN_SYNTHETIC_UNKNOWN	-23.87755102040816	364.0	376.0	0	0	0	false	false	[]	false	true
TEST_00000037.1	Type_IV	4	1	#d55e00	COMPLETE_PREDICTED	-23.87755102040816	379.0	391.0	1	0	0	true	false	[]	false	false
TEST_00000038.1	Type_I	1	0	#ffffff	NOT_DETECTED_AFTER_SUCCESSFUL_SEARCH	-22.040816326530614	334.0	346.0	0	0	0	true	false	[]	false	false
TEST_00000038.1	Type_II	2	NA	#9e9e9e	NOT_RUN_SYNTHETIC_UNKNOWN	-22.040816326530614	349.0	361.0	0	0	0	false	false	[]	false	true
TEST_00000038.1	Type_III	3	1	#9467bd	COMPLETE_PREDICTED	-22.040816326530614	364.0	376.0	1	0	0	true	false	[]	false	false
TEST_00000038.1	Type_IV	4	0	#ffffff	NOT_DETECTED_AFTER_SUCCESSFUL_SEARCH	-22.040816326530614	379.0	391.0	0	0	0	true	false	[]	false	false
TEST_00000039.1	Type_I	1	NA	#9e9e9e	NOT_RUN_SYNTHETIC_UNKNOWN	-20.20408163265307	334.0	346.0	0	0	0	false	false	[]	false	true
TEST_00000039.1	Type_II	2	1	#e6a100	COMPLETE_PREDICTED	-20.20408163265307	349.0	361.0	1	0	0	true	false	[]	false	false
TEST_00000039.1	Type_III	3	0	#ffffff	NOT_DETECTED_AFTER_SUCCESSFUL_SEARCH	-20.20408163265307	364.0	376.0	0	0	0	true	false	[]	false	false
TEST_00000039.1	Type_IV	4	NA	#9e9e9e	NOT_RUN_SYNTHETIC_UNKNOWN	-20.20408163265307	379.0	391.0	0	0	0	false	false	[]	false	true
TEST_00000040.1	Type_I	1	1	#26828e	COMPLETE_PREDICTED	-18.367346938775515	334.0	346.0	1	0	0	true	false	[]	false	false
TEST_00000040.1	Type_II	2	0	#ffffff	NOT_DETECTED_AFTER_SUCCESSFUL_SEARCH	-18.367346938775515	349.0	361.0	0	0	0	true	false	[]	false	false
TEST_00000040.1	Type_III	3	NA	#9e9e9e	NOT_RUN_SYNTHETIC_UNKNOWN	-18.367346938775515	364.0	376.0	0	0	0	false	false	[]	false	true
TEST_00000040.1	Type_IV	4	1	#d55e00	COMPLETE_PREDICTED	-18.367346938775515	379.0	391.0	1	0	0	true	false	[]	false	false
TEST_00000041.1	Type_I	1	0	#ffffff	NOT_DETECTED_AFTER_SUCCESSFUL_SEARCH	-16.530612244897956	334.0	346.0	0	0	0	true	false	[]	false	false
TEST_00000041.1	Type_II	2	NA	#9e9e9e	NOT_RUN_SYNTHETIC_UNKNOWN	-16.530612244897956	349.0	361.0	0	0	0	false	false	[]	false	true
TEST_00000041.1	Type_III	3	1	#9467bd	COMPLETE_PREDICTED_WITH_OTHER_PARTIAL	-16.530612244897956	364.0	376.0	1	1	0	false	false	[]	false	true
TEST_00000041.1	Type_IV	4	0	#ffffff	NOT_DETECTED_AFTER_SUCCESSFUL_SEARCH	-16.530612244897956	379.0	391.0	0	0	0	true	false	[]	false	false
TEST_00000042.1	Type_I	1	NA	#9e9e9e	NOT_RUN_SYNTHETIC_UNKNOWN	-14.693877551020414	334.0	346.0	0	0	0	false	false	[]	false	true
TEST_00000042.1	Type_II	2	1	#e6a100	COMPLETE_PREDICTED	-14.693877551020414	349.0	361.0	1	0	0	true	false	[]	false	false
TEST_00000042.1	Type_III	3	0	#ffffff	NOT_DETECTED_AFTER_SUCCESSFUL_SEARCH	-14.693877551020414	364.0	376.0	0	0	0	true	false	[]	false	false
TEST_00000042.1	Type_IV	4	NA	#9e9e9e	NOT_RUN_SYNTHETIC_UNKNOWN	-14.693877551020414	379.0	391.0	0	0	0	false	false	[]	false	true
TEST_00000043.1	Type_I	1	1	#26828e	COMPLETE_PREDICTED	-12.857142857142858	334.0	346.0	1	0	0	true	false	[]	false	false
TEST_00000043.1	Type_II	2	0	#ffffff	NOT_DETECTED_AFTER_SUCCESSFUL_SEARCH	-12.857142857142858	349.0	361.0	0	0	0	true	false	[]	false	false
TEST_00000043.1	Type_III	3	NA	#9e9e9e	NOT_RUN_SYNTHETIC_UNKNOWN	-12.857142857142858	364.0	376.0	0	0	0	false	false	[]	false	true
TEST_00000043.1	Type_IV	4	1	#d55e00	COMPLETE_PREDICTED	-12.857142857142858	379.0	391.0	1	0	0	true	false	[]	false	false
TEST_00000044.1	Type_I	1	0	#ffffff	NOT_DETECTED_AFTER_SUCCESSFUL_SEARCH	-11.020408163265314	334.0	346.0	0	0	0	true	false	[]	false	false
TEST_00000044.1	Type_II	2	NA	#9e9e9e	NOT_RUN_SYNTHETIC_UNKNOWN	-11.020408163265314	349.0	361.0	0	0	0	false	false	[]	false	true
TEST_00000044.1	Type_III	3	1	#9467bd	COMPLETE_PREDICTED	-11.020408163265314	364.0	376.0	1	0	0	true	false	[]	false	false
TEST_00000044.1	Type_IV	4	0	#ffffff	NOT_DETECTED_AFTER_SUCCESSFUL_SEARCH	-11.020408163265314	379.0	391.0	0	0	0	true	false	[]	false	false
TEST_00000045.1	Type_I	1	NA	#9e9e9e	NOT_RUN_SYNTHETIC_UNKNOWN	-9.18367346938777	334.0	346.0	0	0	0	false	false	[]	false	true
TEST_00000045.1	Type_II	2	1	#e6a100	COMPLETE_PREDICTED	-9.18367346938777	349.0	361.0	1	0	0	true	false	[]	false	false
TEST_00000045.1	Type_III	3	0	#ffffff	NOT_DETECTED_AFTER_SUCCESSFUL_SEARCH	-9.18367346938777	364.0	376.0	0	0	0	true	false	[]	false	false
TEST_00000045.1	Type_IV	4	NA	#9e9e9e	NOT_RUN_SYNTHETIC_UNKNOWN	-9.18367346938777	379.0	391.0	0	0	0	false	false	[]	false	true
TEST_00000046.1	Type_I	1	1	#26828e	COMPLETE_PREDICTED_WITH_OTHER_PARTIAL	-7.346938775510201	334.0	346.0	1	1	0	false	false	[]	false	true
TEST_00000046.1	Type_II	2	0	#ffffff	NOT_DETECTED_AFTER_SUCCESSFUL_SEARCH	-7.346938775510201	349.0	361.0	0	0	0	true	false	[]	false	false
TEST_00000046.1	Type_III	3	NA	#9e9e9e	NOT_RUN_SYNTHETIC_UNKNOWN	-7.346938775510201	364.0	376.0	0	0	0	false	false	[]	false	true
TEST_00000046.1	Type_IV	4	1	#d55e00	COMPLETE_PREDICTED_WITH_OTHER_PARTIAL	-7.346938775510201	379.0	391.0	1	1	0	false	false	[]	false	true
TEST_00000047.1	Type_I	1	0	#ffffff	NOT_DETECTED_AFTER_SUCCESSFUL_SEARCH	-5.510204081632657	334.0	346.0	0	0	0	true	false	[]	false	false
TEST_00000047.1	Type_II	2	NA	#9e9e9e	NOT_RUN_SYNTHETIC_UNKNOWN	-5.510204081632657	349.0	361.0	0	0	0	false	false	[]	false	true
TEST_00000047.1	Type_III	3	1	#9467bd	COMPLETE_PREDICTED	-5.510204081632657	364.0	376.0	1	0	0	true	false	[]	false	false
TEST_00000047.1	Type_IV	4	0	#ffffff	NOT_DETECTED_AFTER_SUCCESSFUL_SEARCH	-5.510204081632657	379.0	391.0	0	0	0	true	false	[]	false	false
TEST_00000048.1	Type_I	1	NA	#9e9e9e	NOT_RUN_SYNTHETIC_UNKNOWN	-3.6734693877551003	334.0	346.0	0	0	0	false	false	[]	false	true
TEST_00000048.1	Type_II	2	1	#e6a100	COMPLETE_PREDICTED	-3.6734693877551003	349.0	361.0	1	0	0	true	false	[]	false	false
TEST_00000048.1	Type_III	3	0	#ffffff	NOT_DETECTED_AFTER_SUCCESSFUL_SEARCH	-3.6734693877551003	364.0	376.0	0	0	0	true	false	[]	false	false
TEST_00000048.1	Type_IV	4	NA	#9e9e9e	NOT_RUN_SYNTHETIC_UNKNOWN	-3.6734693877551003	379.0	391.0	0	0	0	false	false	[]	false	true
TEST_00000049.1	Type_I	1	1	#26828e	COMPLETE_PREDICTED	-1.8367346938775564	334.0	346.0	1	0	0	true	false	[]	false	false
TEST_00000049.1	Type_II	2	0	#ffffff	NOT_DETECTED_AFTER_SUCCESSFUL_SEARCH	-1.8367346938775564	349.0	361.0	0	0	0	true	false	[]	false	false
TEST_00000049.1	Type_III	3	NA	#9e9e9e	NOT_RUN_SYNTHETIC_UNKNOWN	-1.8367346938775564	364.0	376.0	0	0	0	false	false	[]	false	true
TEST_00000049.1	Type_IV	4	1	#d55e00	COMPLETE_PREDICTED	-1.8367346938775564	379.0	391.0	1	0	0	true	false	[]	false	false
TEST_00000050.1	Type_I	1	0	#ffffff	NOT_DETECTED_AFTER_SUCCESSFUL_SEARCH	0.0	334.0	346.0	0	0	0	true	false	[]	false	false
TEST_00000050.1	Type_II	2	NA	#9e9e9e	NOT_RUN_SYNTHETIC_UNKNOWN	0.0	349.0	361.0	0	0	0	false	false	[]	false	true
TEST_00000050.1	Type_III	3	1	#9467bd	COMPLETE_PREDICTED	0.0	364.0	376.0	1	0	0	true	false	[]	false	false
TEST_00000050.1	Type_IV	4	0	#ffffff	NOT_DETECTED_AFTER_SUCCESSFUL_SEARCH	0.0	379.0	391.0	0	0	0	true	false	[]	false	false
TEST_00000051.1	Type_I	1	NA	#9e9e9e	NOT_RUN_SYNTHETIC_UNKNOWN	1.8367346938775564	334.0	346.0	0	0	0	false	false	[]	false	true
TEST_00000051.1	Type_II	2	1	#e6a100	COMPLETE_PREDICTED_WITH_OTHER_PARTIAL	1.8367346938775564	349.0	361.0	1	1	0	false	false	[]	false	true
TEST_00000051.1	Type_III	3	0	#ffffff	NOT_DETECTED_AFTER_SUCCESSFUL_SEARCH	1.8367346938775564	364.0	376.0	0	0	0	true	false	[]	false	false
TEST_00000051.1	Type_IV	4	NA	#9e9e9e	NOT_RUN_SYNTHETIC_UNKNOWN	1.8367346938775564	379.0	391.0	0	0	0	false	false	[]	false	true
TEST_00000052.1	Type_I	1	1	#26828e	COMPLETE_PREDICTED	3.6734693877551003	334.0	346.0	1	0	0	true	false	[]	false	false
TEST_00000052.1	Type_II	2	0	#ffffff	NOT_DETECTED_AFTER_SUCCESSFUL_SEARCH	3.6734693877551003	349.0	361.0	0	0	0	true	false	[]	false	false
TEST_00000052.1	Type_III	3	NA	#9e9e9e	NOT_RUN_SYNTHETIC_UNKNOWN	3.6734693877551003	364.0	376.0	0	0	0	false	false	[]	false	true
TEST_00000052.1	Type_IV	4	1	#d55e00	COMPLETE_PREDICTED	3.6734693877551003	379.0	391.0	1	0	0	true	false	[]	false	false
TEST_00000053.1	Type_I	1	0	#ffffff	NOT_DETECTED_AFTER_SUCCESSFUL_SEARCH	5.510204081632657	334.0	346.0	0	0	0	true	false	[]	false	false
TEST_00000053.1	Type_II	2	NA	#9e9e9e	NOT_RUN_SYNTHETIC_UNKNOWN	5.510204081632657	349.0	361.0	0	0	0	false	false	[]	false	true
TEST_00000053.1	Type_III	3	1	#9467bd	COMPLETE_PREDICTED	5.510204081632657	364.0	376.0	1	0	0	true	false	[]	false	false
TEST_00000053.1	Type_IV	4	0	#ffffff	NOT_DETECTED_AFTER_SUCCESSFUL_SEARCH	5.510204081632657	379.0	391.0	0	0	0	true	false	[]	false	false
TEST_00000054.1	Type_I	1	NA	#9e9e9e	NOT_RUN_SYNTHETIC_UNKNOWN	7.346938775510201	334.0	346.0	0	0	0	false	false	[]	false	true
TEST_00000054.1	Type_II	2	1	#e6a100	COMPLETE_PREDICTED	7.346938775510201	349.0	361.0	1	0	0	true	false	[]	false	false
TEST_00000054.1	Type_III	3	0	#ffffff	NOT_DETECTED_AFTER_SUCCESSFUL_SEARCH	7.346938775510201	364.0	376.0	0	0	0	true	false	[]	false	false
TEST_00000054.1	Type_IV	4	NA	#9e9e9e	NOT_RUN_SYNTHETIC_UNKNOWN	7.346938775510201	379.0	391.0	0	0	0	false	false	[]	false	true
TEST_00000055.1	Type_I	1	1	#26828e	COMPLETE_PREDICTED	9.183673469387758	334.0	346.0	1	0	0	true	false	[]	false	false
TEST_00000055.1	Type_II	2	0	#ffffff	NOT_DETECTED_AFTER_SUCCESSFUL_SEARCH	9.183673469387758	349.0	361.0	0	0	0	true	false	[]	false	false
TEST_00000055.1	Type_III	3	NA	#9e9e9e	NOT_RUN_SYNTHETIC_UNKNOWN	9.183673469387758	364.0	376.0	0	0	0	false	false	[]	false	true
TEST_00000055.1	Type_IV	4	1	#d55e00	COMPLETE_PREDICTED	9.183673469387758	379.0	391.0	1	0	0	true	false	[]	false	false
TEST_00000056.1	Type_I	1	0	#ffffff	NOT_DETECTED_AFTER_SUCCESSFUL_SEARCH	11.020408163265314	334.0	346.0	0	0	0	true	false	[]	false	false
TEST_00000056.1	Type_II	2	NA	#9e9e9e	NOT_RUN_SYNTHETIC_UNKNOWN	11.020408163265314	349.0	361.0	0	0	0	false	false	[]	false	true
TEST_00000056.1	Type_III	3	1	#9467bd	COMPLETE_PREDICTED_WITH_OTHER_PARTIAL	11.020408163265314	364.0	376.0	1	1	0	false	false	[]	false	true
TEST_00000056.1	Type_IV	4	0	#ffffff	NOT_DETECTED_AFTER_SUCCESSFUL_SEARCH	11.020408163265314	379.0	391.0	0	0	0	true	false	[]	false	false
TEST_00000057.1	Type_I	1	NA	#9e9e9e	NOT_RUN_SYNTHETIC_UNKNOWN	12.857142857142858	334.0	346.0	0	0	0	false	false	[]	false	true
TEST_00000057.1	Type_II	2	1	#e6a100	COMPLETE_PREDICTED	12.857142857142858	349.0	361.0	1	0	0	true	false	[]	false	false
TEST_00000057.1	Type_III	3	0	#ffffff	NOT_DETECTED_AFTER_SUCCESSFUL_SEARCH	12.857142857142858	364.0	376.0	0	0	0	true	false	[]	false	false
TEST_00000057.1	Type_IV	4	NA	#9e9e9e	NOT_RUN_SYNTHETIC_UNKNOWN	12.857142857142858	379.0	391.0	0	0	0	false	false	[]	false	true
TEST_00000058.1	Type_I	1	1	#26828e	COMPLETE_PREDICTED	14.693877551020401	334.0	346.0	1	0	0	true	false	[]	false	false
TEST_00000058.1	Type_II	2	0	#ffffff	NOT_DETECTED_AFTER_SUCCESSFUL_SEARCH	14.693877551020401	349.0	361.0	0	0	0	true	false	[]	false	false
TEST_00000058.1	Type_III	3	NA	#9e9e9e	NOT_RUN_SYNTHETIC_UNKNOWN	14.693877551020401	364.0	376.0	0	0	0	false	false	[]	false	true
TEST_00000058.1	Type_IV	4	1	#d55e00	COMPLETE_PREDICTED	14.693877551020401	379.0	391.0	1	0	0	true	false	[]	false	false
TEST_00000059.1	Type_I	1	0	#ffffff	NOT_DETECTED_AFTER_SUCCESSFUL_SEARCH	16.530612244897956	334.0	346.0	0	0	0	true	false	[]	false	false
TEST_00000059.1	Type_II	2	NA	#9e9e9e	NOT_RUN_SYNTHETIC_UNKNOWN	16.530612244897956	349.0	361.0	0	0	0	false	false	[]	false	true
TEST_00000059.1	Type_III	3	1	#9467bd	COMPLETE_PREDICTED	16.530612244897956	364.0	376.0	1	0	0	true	false	[]	false	false
TEST_00000059.1	Type_IV	4	0	#ffffff	NOT_DETECTED_AFTER_SUCCESSFUL_SEARCH	16.530612244897956	379.0	391.0	0	0	0	true	false	[]	false	false
TEST_00000060.1	Type_I	1	NA	#9e9e9e	NOT_RUN_SYNTHETIC_UNKNOWN	18.367346938775515	334.0	346.0	0	0	0	false	false	[]	false	true
TEST_00000060.1	Type_II	2	1	#e6a100	COMPLETE_PREDICTED	18.367346938775515	349.0	361.0	1	0	0	true	false	[]	false	false
TEST_00000060.1	Type_III	3	0	#ffffff	NOT_DETECTED_AFTER_SUCCESSFUL_SEARCH	18.367346938775515	364.0	376.0	0	0	0	true	false	[]	false	false
TEST_00000060.1	Type_IV	4	NA	#9e9e9e	NOT_RUN_SYNTHETIC_UNKNOWN	18.367346938775515	379.0	391.0	0	0	0	false	false	[]	false	true
TEST_00000061.1	Type_I	1	1	#26828e	COMPLETE_PREDICTED_WITH_OTHER_PARTIAL	20.204081632653057	334.0	346.0	1	1	0	false	false	[]	false	true
TEST_00000061.1	Type_II	2	0	#ffffff	NOT_DETECTED_AFTER_SUCCESSFUL_SEARCH	20.204081632653057	349.0	361.0	0	0	0	true	false	[]	false	false
TEST_00000061.1	Type_III	3	NA	#9e9e9e	NOT_RUN_SYNTHETIC_UNKNOWN	20.204081632653057	364.0	376.0	0	0	0	false	false	[]	false	true
TEST_00000061.1	Type_IV	4	1	#d55e00	COMPLETE_PREDICTED_WITH_OTHER_PARTIAL	20.204081632653057	379.0	391.0	1	1	0	false	false	[]	false	true
TEST_00000062.1	Type_I	1	0	#ffffff	NOT_DETECTED_AFTER_SUCCESSFUL_SEARCH	22.040816326530614	334.0	346.0	0	0	0	true	false	[]	false	false
TEST_00000062.1	Type_II	2	NA	#9e9e9e	NOT_RUN_SYNTHETIC_UNKNOWN	22.040816326530614	349.0	361.0	0	0	0	false	false	[]	false	true
TEST_00000062.1	Type_III	3	1	#9467bd	COMPLETE_PREDICTED	22.040816326530614	364.0	376.0	1	0	0	true	false	[]	false	false
TEST_00000062.1	Type_IV	4	0	#ffffff	NOT_DETECTED_AFTER_SUCCESSFUL_SEARCH	22.040816326530614	379.0	391.0	0	0	0	true	false	[]	false	false
TEST_00000063.1	Type_I	1	NA	#9e9e9e	NOT_RUN_SYNTHETIC_UNKNOWN	23.87755102040816	334.0	346.0	0	0	0	false	false	[]	false	true
TEST_00000063.1	Type_II	2	1	#e6a100	COMPLETE_PREDICTED	23.87755102040816	349.0	361.0	1	0	0	true	false	[]	false	false
TEST_00000063.1	Type_III	3	0	#ffffff	NOT_DETECTED_AFTER_SUCCESSFUL_SEARCH	23.87755102040816	364.0	376.0	0	0	0	true	false	[]	false	false
TEST_00000063.1	Type_IV	4	NA	#9e9e9e	NOT_RUN_SYNTHETIC_UNKNOWN	23.87755102040816	379.0	391.0	0	0	0	false	false	[]	false	true
TEST_00000064.1	Type_I	1	1	#26828e	COMPLETE_PREDICTED	25.714285714285715	334.0	346.0	1	0	0	true	false	[]	false	false
TEST_00000064.1	Type_II	2	0	#ffffff	NOT_DETECTED_AFTER_SUCCESSFUL_SEARCH	25.714285714285715	349.0	361.0	0	0	0	true	false	[]	false	false
TEST_00000064.1	Type_III	3	NA	#9e9e9e	NOT_RUN_SYNTHETIC_UNKNOWN	25.714285714285715	364.0	376.0	0	0	0	false	false	[]	false	true
TEST_00000064.1	Type_IV	4	1	#d55e00	COMPLETE_PREDICTED	25.714285714285715	379.0	391.0	1	0	0	true	false	[]	false	false
TEST_00000065.1	Type_I	1	0	#ffffff	NOT_DETECTED_AFTER_SUCCESSFUL_SEARCH	27.551020408163257	334.0	346.0	0	0	0	true	false	[]	false	false
TEST_00000065.1	Type_II	2	NA	#9e9e9e	NOT_RUN_SYNTHETIC_UNKNOWN	27.551020408163257	349.0	361.0	0	0	0	false	false	[]	false	true
TEST_00000065.1	Type_III	3	1	#9467bd	COMPLETE_PREDICTED	27.551020408163257	364.0	376.0	1	0	0	true	false	[]	false	false
TEST_00000065.1	Type_IV	4	0	#ffffff	NOT_DETECTED_AFTER_SUCCESSFUL_SEARCH	27.551020408163257	379.0	391.0	0	0	0	true	false	[]	false	false
TEST_00000066.1	Type_I	1	NA	#9e9e9e	NOT_RUN_SYNTHETIC_UNKNOWN	29.387755102040803	334.0	346.0	0	0	0	false	false	[]	false	true
TEST_00000066.1	Type_II	2	1	#e6a100	COMPLETE_PREDICTED_WITH_OTHER_PARTIAL	29.387755102040803	349.0	361.0	1	1	0	false	false	[]	false	true
TEST_00000066.1	Type_III	3	0	#ffffff	NOT_DETECTED_AFTER_SUCCESSFUL_SEARCH	29.387755102040803	364.0	376.0	0	0	0	true	false	[]	false	false
TEST_00000066.1	Type_IV	4	NA	#9e9e9e	NOT_RUN_SYNTHETIC_UNKNOWN	29.387755102040803	379.0	391.0	0	0	0	false	false	[]	false	true
TEST_00000067.1	Type_I	1	1	#26828e	COMPLETE_PREDICTED	31.22448979591837	334.0	346.0	1	0	0	true	false	[]	false	false
TEST_00000067.1	Type_II	2	0	#ffffff	NOT_DETECTED_AFTER_SUCCESSFUL_SEARCH	31.22448979591837	349.0	361.0	0	0	0	true	false	[]	false	false
TEST_00000067.1	Type_III	3	NA	#9e9e9e	NOT_RUN_SYNTHETIC_UNKNOWN	31.22448979591837	364.0	376.0	0	0	0	false	false	[]	false	true
TEST_00000067.1	Type_IV	4	1	#d55e00	COMPLETE_PREDICTED	31.22448979591837	379.0	391.0	1	0	0	true	false	[]	false	false
TEST_00000068.1	Type_I	1	0	#ffffff	NOT_DETECTED_AFTER_SUCCESSFUL_SEARCH	33.06122448979591	334.0	346.0	0	0	0	true	false	[]	false	false
TEST_00000068.1	Type_II	2	NA	#9e9e9e	NOT_RUN_SYNTHETIC_UNKNOWN	33.06122448979591	349.0	361.0	0	0	0	false	false	[]	false	true
TEST_00000068.1	Type_III	3	1	#9467bd	COMPLETE_PREDICTED	33.06122448979591	364.0	376.0	1	0	0	true	false	[]	false	false
TEST_00000068.1	Type_IV	4	0	#ffffff	NOT_DETECTED_AFTER_SUCCESSFUL_SEARCH	33.06122448979591	379.0	391.0	0	0	0	true	false	[]	false	false
TEST_00000069.1	Type_I	1	NA	#9e9e9e	NOT_RUN_SYNTHETIC_UNKNOWN	34.897959183673485	334.0	346.0	0	0	0	false	false	[]	false	true
TEST_00000069.1	Type_II	2	1	#e6a100	COMPLETE_PREDICTED	34.897959183673485	349.0	361.0	1	0	0	true	false	[]	false	false
TEST_00000069.1	Type_III	3	0	#ffffff	NOT_DETECTED_AFTER_SUCCESSFUL_SEARCH	34.897959183673485	364.0	376.0	0	0	0	true	false	[]	false	false
TEST_00000069.1	Type_IV	4	NA	#9e9e9e	NOT_RUN_SYNTHETIC_UNKNOWN	34.897959183673485	379.0	391.0	0	0	0	false	false	[]	false	true
TEST_00000070.1	Type_I	1	1	#26828e	COMPLETE_PREDICTED	36.73469387755103	334.0	346.0	1	0	0	true	false	[]	false	false
TEST_00000070.1	Type_II	2	0	#ffffff	NOT_DETECTED_AFTER_SUCCESSFUL_SEARCH	36.73469387755103	349.0	361.0	0	0	0	true	false	[]	false	false
TEST_00000070.1	Type_III	3	NA	#9e9e9e	NOT_RUN_SYNTHETIC_UNKNOWN	36.73469387755103	364.0	376.0	0	0	0	false	false	[]	false	true
TEST_00000070.1	Type_IV	4	1	#d55e00	COMPLETE_PREDICTED	36.73469387755103	379.0	391.0	1	0	0	true	false	[]	false	false
TEST_00000071.1	Type_I	1	0	#ffffff	NOT_DETECTED_AFTER_SUCCESSFUL_SEARCH	38.57142857142857	334.0	346.0	0	0	0	true	false	[]	false	false
TEST_00000071.1	Type_II	2	NA	#9e9e9e	NOT_RUN_SYNTHETIC_UNKNOWN	38.57142857142857	349.0	361.0	0	0	0	false	false	[]	false	true
TEST_00000071.1	Type_III	3	1	#9467bd	COMPLETE_PREDICTED_WITH_OTHER_PARTIAL	38.57142857142857	364.0	376.0	1	1	0	false	false	[]	false	true
TEST_00000071.1	Type_IV	4	0	#ffffff	NOT_DETECTED_AFTER_SUCCESSFUL_SEARCH	38.57142857142857	379.0	391.0	0	0	0	true	false	[]	false	false
TEST_00000072.1	Type_I	1	NA	#9e9e9e	NOT_RUN_SYNTHETIC_UNKNOWN	40.40816326530614	334.0	346.0	0	0	0	false	false	[]	false	true
TEST_00000072.1	Type_II	2	1	#e6a100	COMPLETE_PREDICTED	40.40816326530614	349.0	361.0	1	0	0	true	false	[]	false	false
TEST_00000072.1	Type_III	3	0	#ffffff	NOT_DETECTED_AFTER_SUCCESSFUL_SEARCH	40.40816326530614	364.0	376.0	0	0	0	true	false	[]	false	false
TEST_00000072.1	Type_IV	4	NA	#9e9e9e	NOT_RUN_SYNTHETIC_UNKNOWN	40.40816326530614	379.0	391.0	0	0	0	false	false	[]	false	true
TEST_00000073.1	Type_I	1	1	#26828e	COMPLETE_PREDICTED	42.24489795918368	334.0	346.0	1	0	0	true	false	[]	false	false
TEST_00000073.1	Type_II	2	0	#ffffff	NOT_DETECTED_AFTER_SUCCESSFUL_SEARCH	42.24489795918368	349.0	361.0	0	0	0	true	false	[]	false	false
TEST_00000073.1	Type_III	3	NA	#9e9e9e	NOT_RUN_SYNTHETIC_UNKNOWN	42.24489795918368	364.0	376.0	0	0	0	false	false	[]	false	true
TEST_00000073.1	Type_IV	4	1	#d55e00	COMPLETE_PREDICTED	42.24489795918368	379.0	391.0	1	0	0	true	false	[]	false	false
TEST_00000074.1	Type_I	1	0	#ffffff	NOT_DETECTED_AFTER_SUCCESSFUL_SEARCH	44.08163265306123	334.0	346.0	0	0	0	true	false	[]	false	false
TEST_00000074.1	Type_II	2	NA	#9e9e9e	NOT_RUN_SYNTHETIC_UNKNOWN	44.08163265306123	349.0	361.0	0	0	0	false	false	[]	false	true
TEST_00000074.1	Type_III	3	1	#9467bd	COMPLETE_PREDICTED	44.08163265306123	364.0	376.0	1	0	0	true	false	[]	false	false
TEST_00000074.1	Type_IV	4	0	#ffffff	NOT_DETECTED_AFTER_SUCCESSFUL_SEARCH	44.08163265306123	379.0	391.0	0	0	0	true	false	[]	false	false
TEST_00000075.1	Type_I	1	NA	#9e9e9e	NOT_RUN_SYNTHETIC_UNKNOWN	45.91836734693877	334.0	346.0	0	0	0	false	false	[]	false	true
TEST_00000075.1	Type_II	2	1	#e6a100	COMPLETE_PREDICTED	45.91836734693877	349.0	361.0	1	0	0	true	false	[]	false	false
TEST_00000075.1	Type_III	3	0	#ffffff	NOT_DETECTED_AFTER_SUCCESSFUL_SEARCH	45.91836734693877	364.0	376.0	0	0	0	true	false	[]	false	false
TEST_00000075.1	Type_IV	4	NA	#9e9e9e	NOT_RUN_SYNTHETIC_UNKNOWN	45.91836734693877	379.0	391.0	0	0	0	false	false	[]	false	true
TEST_00000076.1	Type_I	1	1	#26828e	COMPLETE_PREDICTED_WITH_OTHER_PARTIAL	47.75510204081632	334.0	346.0	1	1	0	false	false	[]	false	true
TEST_00000076.1	Type_II	2	0	#ffffff	NOT_DETECTED_AFTER_SUCCESSFUL_SEARCH	47.75510204081632	349.0	361.0	0	0	0	true	false	[]	false	false
TEST_00000076.1	Type_III	3	NA	#9e9e9e	NOT_RUN_SYNTHETIC_UNKNOWN	47.75510204081632	364.0	376.0	0	0	0	false	false	[]	false	true
TEST_00000076.1	Type_IV	4	1	#d55e00	COMPLETE_PREDICTED_WITH_OTHER_PARTIAL	47.75510204081632	379.0	391.0	1	1	0	false	false	[]	false	true
TEST_00000077.1	Type_I	1	0	#ffffff	NOT_DETECTED_AFTER_SUCCESSFUL_SEARCH	49.59183673469386	334.0	346.0	0	0	0	true	false	[]	false	false
TEST_00000077.1	Type_II	2	NA	#9e9e9e	NOT_RUN_SYNTHETIC_UNKNOWN	49.59183673469386	349.0	361.0	0	0	0	false	false	[]	false	true
TEST_00000077.1	Type_III	3	1	#9467bd	COMPLETE_PREDICTED	49.59183673469386	364.0	376.0	1	0	0	true	false	[]	false	false
TEST_00000077.1	Type_IV	4	0	#ffffff	NOT_DETECTED_AFTER_SUCCESSFUL_SEARCH	49.59183673469386	379.0	391.0	0	0	0	true	false	[]	false	false
TEST_00000078.1	Type_I	1	NA	#9e9e9e	NOT_RUN_SYNTHETIC_UNKNOWN	51.42857142857143	334.0	346.0	0	0	0	false	false	[]	false	true
TEST_00000078.1	Type_II	2	1	#e6a100	COMPLETE_PREDICTED	51.42857142857143	349.0	361.0	1	0	0	true	false	[]	false	false
TEST_00000078.1	Type_III	3	0	#ffffff	NOT_DETECTED_AFTER_SUCCESSFUL_SEARCH	51.42857142857143	364.0	376.0	0	0	0	true	false	[]	false	false
TEST_00000078.1	Type_IV	4	NA	#9e9e9e	NOT_RUN_SYNTHETIC_UNKNOWN	51.42857142857143	379.0	391.0	0	0	0	false	false	[]	false	true
TEST_00000079.1	Type_I	1	1	#26828e	COMPLETE_PREDICTED	53.26530612244897	334.0	346.0	1	0	0	true	false	[]	false	false
TEST_00000079.1	Type_II	2	0	#ffffff	NOT_DETECTED_AFTER_SUCCESSFUL_SEARCH	53.26530612244897	349.0	361.0	0	0	0	true	false	[]	false	false
TEST_00000079.1	Type_III	3	NA	#9e9e9e	NOT_RUN_SYNTHETIC_UNKNOWN	53.26530612244897	364.0	376.0	0	0	0	false	false	[]	false	true
TEST_00000079.1	Type_IV	4	1	#d55e00	COMPLETE_PREDICTED	53.26530612244897	379.0	391.0	1	0	0	true	false	[]	false	false
TEST_00000080.1	Type_I	1	0	#ffffff	NOT_DETECTED_AFTER_SUCCESSFUL_SEARCH	55.10204081632654	334.0	346.0	0	0	0	true	false	[]	false	false
TEST_00000080.1	Type_II	2	NA	#9e9e9e	NOT_RUN_SYNTHETIC_UNKNOWN	55.10204081632654	349.0	361.0	0	0	0	false	false	[]	false	true
TEST_00000080.1	Type_III	3	1	#9467bd	COMPLETE_PREDICTED	55.10204081632654	364.0	376.0	1	0	0	true	false	[]	false	false
TEST_00000080.1	Type_IV	4	0	#ffffff	NOT_DETECTED_AFTER_SUCCESSFUL_SEARCH	55.10204081632654	379.0	391.0	0	0	0	true	false	[]	false	false
TEST_00000081.1	Type_I	1	NA	#9e9e9e	NOT_RUN_SYNTHETIC_UNKNOWN	56.93877551020409	334.0	346.0	0	0	0	false	false	[]	false	true
TEST_00000081.1	Type_II	2	1	#e6a100	COMPLETE_PREDICTED_WITH_OTHER_PARTIAL	56.93877551020409	349.0	361.0	1	1	0	false	false	[]	false	true
TEST_00000081.1	Type_III	3	0	#ffffff	NOT_DETECTED_AFTER_SUCCESSFUL_SEARCH	56.93877551020409	364.0	376.0	0	0	0	true	false	[]	false	false
TEST_00000081.1	Type_IV	4	NA	#9e9e9e	NOT_RUN_SYNTHETIC_UNKNOWN	56.93877551020409	379.0	391.0	0	0	0	false	false	[]	false	true
TEST_00000082.1	Type_I	1	1	#26828e	COMPLETE_PREDICTED	58.77551020408163	334.0	346.0	1	0	0	true	false	[]	false	false
TEST_00000082.1	Type_II	2	0	#ffffff	NOT_DETECTED_AFTER_SUCCESSFUL_SEARCH	58.77551020408163	349.0	361.0	0	0	0	true	false	[]	false	false
TEST_00000082.1	Type_III	3	NA	#9e9e9e	NOT_RUN_SYNTHETIC_UNKNOWN	58.77551020408163	364.0	376.0	0	0	0	false	false	[]	false	true
TEST_00000082.1	Type_IV	4	1	#d55e00	COMPLETE_PREDICTED	58.77551020408163	379.0	391.0	1	0	0	true	false	[]	false	false
TEST_00000083.1	Type_I	1	0	#ffffff	NOT_DETECTED_AFTER_SUCCESSFUL_SEARCH	60.61224489795917	334.0	346.0	0	0	0	true	false	[]	false	false
TEST_00000083.1	Type_II	2	NA	#9e9e9e	NOT_RUN_SYNTHETIC_UNKNOWN	60.61224489795917	349.0	361.0	0	0	0	false	false	[]	false	true
TEST_00000083.1	Type_III	3	1	#9467bd	COMPLETE_PREDICTED	60.61224489795917	364.0	376.0	1	0	0	true	false	[]	false	false
TEST_00000083.1	Type_IV	4	0	#ffffff	NOT_DETECTED_AFTER_SUCCESSFUL_SEARCH	60.61224489795917	379.0	391.0	0	0	0	true	false	[]	false	false
TEST_00000084.1	Type_I	1	NA	#9e9e9e	NOT_RUN_SYNTHETIC_UNKNOWN	62.44897959183674	334.0	346.0	0	0	0	false	false	[]	false	true
TEST_00000084.1	Type_II	2	1	#e6a100	COMPLETE_PREDICTED	62.44897959183674	349.0	361.0	1	0	0	true	false	[]	false	false
TEST_00000084.1	Type_III	3	0	#ffffff	NOT_DETECTED_AFTER_SUCCESSFUL_SEARCH	62.44897959183674	364.0	376.0	0	0	0	true	false	[]	false	false
TEST_00000084.1	Type_IV	4	NA	#9e9e9e	NOT_RUN_SYNTHETIC_UNKNOWN	62.44897959183674	379.0	391.0	0	0	0	false	false	[]	false	true
TEST_00000085.1	Type_I	1	1	#26828e	COMPLETE_PREDICTED	64.28571428571429	334.0	346.0	1	0	0	true	false	[]	false	false
TEST_00000085.1	Type_II	2	0	#ffffff	NOT_DETECTED_AFTER_SUCCESSFUL_SEARCH	64.28571428571429	349.0	361.0	0	0	0	true	false	[]	false	false
TEST_00000085.1	Type_III	3	NA	#9e9e9e	NOT_RUN_SYNTHETIC_UNKNOWN	64.28571428571429	364.0	376.0	0	0	0	false	false	[]	false	true
TEST_00000085.1	Type_IV	4	1	#d55e00	COMPLETE_PREDICTED	64.28571428571429	379.0	391.0	1	0	0	true	false	[]	false	false
TEST_00000086.1	Type_I	1	0	#ffffff	NOT_DETECTED_AFTER_SUCCESSFUL_SEARCH	66.12244897959182	334.0	346.0	0	0	0	true	false	[]	false	false
TEST_00000086.1	Type_II	2	NA	#9e9e9e	NOT_RUN_SYNTHETIC_UNKNOWN	66.12244897959182	349.0	361.0	0	0	0	false	false	[]	false	true
TEST_00000086.1	Type_III	3	1	#9467bd	COMPLETE_PREDICTED_WITH_OTHER_PARTIAL	66.12244897959182	364.0	376.0	1	1	0	false	false	[]	false	true
TEST_00000086.1	Type_IV	4	0	#ffffff	NOT_DETECTED_AFTER_SUCCESSFUL_SEARCH	66.12244897959182	379.0	391.0	0	0	0	true	false	[]	false	false
TEST_00000087.1	Type_I	1	NA	#9e9e9e	NOT_RUN_SYNTHETIC_UNKNOWN	67.95918367346937	334.0	346.0	0	0	0	false	false	[]	false	true
TEST_00000087.1	Type_II	2	1	#e6a100	COMPLETE_PREDICTED	67.95918367346937	349.0	361.0	1	0	0	true	false	[]	false	false
TEST_00000087.1	Type_III	3	0	#ffffff	NOT_DETECTED_AFTER_SUCCESSFUL_SEARCH	67.95918367346937	364.0	376.0	0	0	0	true	false	[]	false	false
TEST_00000087.1	Type_IV	4	NA	#9e9e9e	NOT_RUN_SYNTHETIC_UNKNOWN	67.95918367346937	379.0	391.0	0	0	0	false	false	[]	false	true
TEST_00000088.1	Type_I	1	1	#26828e	COMPLETE_PREDICTED	69.79591836734691	334.0	346.0	1	0	0	true	false	[]	false	false
TEST_00000088.1	Type_II	2	0	#ffffff	NOT_DETECTED_AFTER_SUCCESSFUL_SEARCH	69.79591836734691	349.0	361.0	0	0	0	true	false	[]	false	false
TEST_00000088.1	Type_III	3	NA	#9e9e9e	NOT_RUN_SYNTHETIC_UNKNOWN	69.79591836734691	364.0	376.0	0	0	0	false	false	[]	false	true
TEST_00000088.1	Type_IV	4	1	#d55e00	COMPLETE_PREDICTED	69.79591836734691	379.0	391.0	1	0	0	true	false	[]	false	false
TEST_00000089.1	Type_I	1	0	#ffffff	NOT_DETECTED_AFTER_SUCCESSFUL_SEARCH	71.63265306122446	334.0	346.0	0	0	0	true	false	[]	false	false
TEST_00000089.1	Type_II	2	NA	#9e9e9e	NOT_RUN_SYNTHETIC_UNKNOWN	71.63265306122446	349.0	361.0	0	0	0	false	false	[]	false	true
TEST_00000089.1	Type_III	3	1	#9467bd	COMPLETE_PREDICTED	71.63265306122446	364.0	376.0	1	0	0	true	false	[]	false	false
TEST_00000089.1	Type_IV	4	0	#ffffff	NOT_DETECTED_AFTER_SUCCESSFUL_SEARCH	71.63265306122446	379.0	391.0	0	0	0	true	false	[]	false	false
TEST_00000090.1	Type_I	1	NA	#9e9e9e	NOT_RUN_SYNTHETIC_UNKNOWN	73.46938775510206	334.0	346.0	0	0	0	false	false	[]	false	true
TEST_00000090.1	Type_II	2	1	#e6a100	COMPLETE_PREDICTED	73.46938775510206	349.0	361.0	1	0	0	true	false	[]	false	false
TEST_00000090.1	Type_III	3	0	#ffffff	NOT_DETECTED_AFTER_SUCCESSFUL_SEARCH	73.46938775510206	364.0	376.0	0	0	0	true	false	[]	false	false
TEST_00000090.1	Type_IV	4	NA	#9e9e9e	NOT_RUN_SYNTHETIC_UNKNOWN	73.46938775510206	379.0	391.0	0	0	0	false	false	[]	false	true
TEST_00000091.1	Type_I	1	1	#26828e	COMPLETE_PREDICTED_WITH_OTHER_PARTIAL	75.3061224489796	334.0	346.0	1	1	0	false	false	[]	false	true
TEST_00000091.1	Type_II	2	0	#ffffff	NOT_DETECTED_AFTER_SUCCESSFUL_SEARCH	75.3061224489796	349.0	361.0	0	0	0	true	false	[]	false	false
TEST_00000091.1	Type_III	3	NA	#9e9e9e	NOT_RUN_SYNTHETIC_UNKNOWN	75.3061224489796	364.0	376.0	0	0	0	false	false	[]	false	true
TEST_00000091.1	Type_IV	4	1	#d55e00	COMPLETE_PREDICTED_WITH_OTHER_PARTIAL	75.3061224489796	379.0	391.0	1	1	0	false	false	[]	false	true
TEST_00000092.1	Type_I	1	0	#ffffff	NOT_DETECTED_AFTER_SUCCESSFUL_SEARCH	77.14285714285714	334.0	346.0	0	0	0	true	false	[]	false	false
TEST_00000092.1	Type_II	2	NA	#9e9e9e	NOT_RUN_SYNTHETIC_UNKNOWN	77.14285714285714	349.0	361.0	0	0	0	false	false	[]	false	true
TEST_00000092.1	Type_III	3	1	#9467bd	COMPLETE_PREDICTED	77.14285714285714	364.0	376.0	1	0	0	true	false	[]	false	false
TEST_00000092.1	Type_IV	4	0	#ffffff	NOT_DETECTED_AFTER_SUCCESSFUL_SEARCH	77.14285714285714	379.0	391.0	0	0	0	true	false	[]	false	false
TEST_00000093.1	Type_I	1	NA	#9e9e9e	NOT_RUN_SYNTHETIC_UNKNOWN	78.97959183673468	334.0	346.0	0	0	0	false	false	[]	false	true
TEST_00000093.1	Type_II	2	1	#e6a100	COMPLETE_PREDICTED	78.97959183673468	349.0	361.0	1	0	0	true	false	[]	false	false
TEST_00000093.1	Type_III	3	0	#ffffff	NOT_DETECTED_AFTER_SUCCESSFUL_SEARCH	78.97959183673468	364.0	376.0	0	0	0	true	false	[]	false	false
TEST_00000093.1	Type_IV	4	NA	#9e9e9e	NOT_RUN_SYNTHETIC_UNKNOWN	78.97959183673468	379.0	391.0	0	0	0	false	false	[]	false	true
TEST_00000094.1	Type_I	1	1	#26828e	COMPLETE_PREDICTED	80.81632653061223	334.0	346.0	1	0	0	true	false	[]	false	false
TEST_00000094.1	Type_II	2	0	#ffffff	NOT_DETECTED_AFTER_SUCCESSFUL_SEARCH	80.81632653061223	349.0	361.0	0	0	0	true	false	[]	false	false
TEST_00000094.1	Type_III	3	NA	#9e9e9e	NOT_RUN_SYNTHETIC_UNKNOWN	80.81632653061223	364.0	376.0	0	0	0	false	false	[]	false	true
TEST_00000094.1	Type_IV	4	1	#d55e00	COMPLETE_PREDICTED	80.81632653061223	379.0	391.0	1	0	0	true	false	[]	false	false
TEST_00000095.1	Type_I	1	0	#ffffff	NOT_DETECTED_AFTER_SUCCESSFUL_SEARCH	82.6530612244898	334.0	346.0	0	0	0	true	false	[]	false	false
TEST_00000095.1	Type_II	2	NA	#9e9e9e	NOT_RUN_SYNTHETIC_UNKNOWN	82.6530612244898	349.0	361.0	0	0	0	false	false	[]	false	true
TEST_00000095.1	Type_III	3	1	#9467bd	COMPLETE_PREDICTED	82.6530612244898	364.0	376.0	1	0	0	true	false	[]	false	false
TEST_00000095.1	Type_IV	4	0	#ffffff	NOT_DETECTED_AFTER_SUCCESSFUL_SEARCH	82.6530612244898	379.0	391.0	0	0	0	true	false	[]	false	false
TEST_00000096.1	Type_I	1	NA	#9e9e9e	NOT_RUN_SYNTHETIC_UNKNOWN	84.48979591836735	334.0	346.0	0	0	0	false	false	[]	false	true
TEST_00000096.1	Type_II	2	1	#e6a100	COMPLETE_PREDICTED_WITH_OTHER_PARTIAL	84.48979591836735	349.0	361.0	1	1	0	false	false	[]	false	true
TEST_00000096.1	Type_III	3	0	#ffffff	NOT_DETECTED_AFTER_SUCCESSFUL_SEARCH	84.48979591836735	364.0	376.0	0	0	0	true	false	[]	false	false
TEST_00000096.1	Type_IV	4	NA	#9e9e9e	NOT_RUN_SYNTHETIC_UNKNOWN	84.48979591836735	379.0	391.0	0	0	0	false	false	[]	false	true
TEST_00000097.1	Type_I	1	1	#26828e	COMPLETE_PREDICTED	86.32653061224488	334.0	346.0	1	0	0	true	false	[]	false	false
TEST_00000097.1	Type_II	2	0	#ffffff	NOT_DETECTED_AFTER_SUCCESSFUL_SEARCH	86.32653061224488	349.0	361.0	0	0	0	true	false	[]	false	false
TEST_00000097.1	Type_III	3	NA	#9e9e9e	NOT_RUN_SYNTHETIC_UNKNOWN	86.32653061224488	364.0	376.0	0	0	0	false	false	[]	false	true
TEST_00000097.1	Type_IV	4	1	#d55e00	COMPLETE_PREDICTED	86.32653061224488	379.0	391.0	1	0	0	true	false	[]	false	false
TEST_00000098.1	Type_I	1	0	#ffffff	NOT_DETECTED_AFTER_SUCCESSFUL_SEARCH	88.16326530612243	334.0	346.0	0	0	0	true	false	[]	false	false
TEST_00000098.1	Type_II	2	NA	#9e9e9e	NOT_RUN_SYNTHETIC_UNKNOWN	88.16326530612243	349.0	361.0	0	0	0	false	false	[]	false	true
TEST_00000098.1	Type_III	3	1	#9467bd	COMPLETE_PREDICTED	88.16326530612243	364.0	376.0	1	0	0	true	false	[]	false	false
TEST_00000098.1	Type_IV	4	0	#ffffff	NOT_DETECTED_AFTER_SUCCESSFUL_SEARCH	88.16326530612243	379.0	391.0	0	0	0	true	false	[]	false	false
TEST_00000099.1	Type_I	1	NA	#9e9e9e	NOT_RUN_SYNTHETIC_UNKNOWN	90.0	334.0	346.0	0	0	0	false	false	[]	false	true
TEST_00000099.1	Type_II	2	1	#e6a100	COMPLETE_PREDICTED	90.0	349.0	361.0	1	0	0	true	false	[]	false	false
TEST_00000099.1	Type_III	3	0	#ffffff	NOT_DETECTED_AFTER_SUCCESSFUL_SEARCH	90.0	364.0	376.0	0	0	0	true	false	[]	false	false
TEST_00000099.1	Type_IV	4	NA	#9e9e9e	NOT_RUN_SYNTHETIC_UNKNOWN	90.0	379.0	391.0	0	0	0	false	false	[]	false	true
TEST_00000100.1	Type_I	1	1	#26828e	COMPLETE_PREDICTED	91.83673469387757	334.0	346.0	1	0	0	true	false	[]	false	false
TEST_00000100.1	Type_II	2	0	#ffffff	NOT_DETECTED_AFTER_SUCCESSFUL_SEARCH	91.83673469387757	349.0	361.0	0	0	0	true	false	[]	false	false
TEST_00000100.1	Type_III	3	NA	#9e9e9e	NOT_RUN_SYNTHETIC_UNKNOWN	91.83673469387757	364.0	376.0	0	0	0	false	false	[]	false	true
TEST_00000100.1	Type_IV	4	1	#d55e00	COMPLETE_PREDICTED	91.83673469387757	379.0	391.0	1	0	0	true	false	[]	false	false
TEST_00000101.1	Type_I	1	0	#ffffff	NOT_DETECTED_AFTER_SUCCESSFUL_SEARCH	93.67346938775512	334.0	346.0	0	0	0	true	false	[]	false	false
TEST_00000101.1	Type_II	2	NA	#9e9e9e	NOT_RUN_SYNTHETIC_UNKNOWN	93.67346938775512	349.0	361.0	0	0	0	false	false	[]	false	true
TEST_00000101.1	Type_III	3	1	#9467bd	COMPLETE_PREDICTED_WITH_OTHER_PARTIAL	93.67346938775512	364.0	376.0	1	1	0	false	false	[]	false	true
TEST_00000101.1	Type_IV	4	0	#ffffff	NOT_DETECTED_AFTER_SUCCESSFUL_SEARCH	93.67346938775512	379.0	391.0	0	0	0	true	false	[]	false	false
TEST_00000102.1	Type_I	1	NA	#9e9e9e	NOT_RUN_SYNTHETIC_UNKNOWN	95.51020408163265	334.0	346.0	0	0	0	false	false	[]	false	true
TEST_00000102.1	Type_II	2	1	#e6a100	COMPLETE_PREDICTED	95.51020408163265	349.0	361.0	1	0	0	true	false	[]	false	false
TEST_00000102.1	Type_III	3	0	#ffffff	NOT_DETECTED_AFTER_SUCCESSFUL_SEARCH	95.51020408163265	364.0	376.0	0	0	0	true	false	[]	false	false
TEST_00000102.1	Type_IV	4	NA	#9e9e9e	NOT_RUN_SYNTHETIC_UNKNOWN	95.51020408163265	379.0	391.0	0	0	0	false	false	[]	false	true
TEST_00000103.1	Type_I	1	1	#26828e	COMPLETE_PREDICTED	97.3469387755102	334.0	346.0	1	0	0	true	false	[]	false	false
TEST_00000103.1	Type_II	2	0	#ffffff	NOT_DETECTED_AFTER_SUCCESSFUL_SEARCH	97.3469387755102	349.0	361.0	0	0	0	true	false	[]	false	false
TEST_00000103.1	Type_III	3	NA	#9e9e9e	NOT_RUN_SYNTHETIC_UNKNOWN	97.3469387755102	364.0	376.0	0	0	0	false	false	[]	false	true
TEST_00000103.1	Type_IV	4	1	#d55e00	COMPLETE_PREDICTED	97.3469387755102	379.0	391.0	1	0	0	true	false	[]	false	false
TEST_00000104.1	Type_I	1	0	#ffffff	NOT_DETECTED_AFTER_SUCCESSFUL_SEARCH	99.18367346938774	334.0	346.0	0	0	0	true	false	[]	false	false
TEST_00000104.1	Type_II	2	NA	#9e9e9e	NOT_RUN_SYNTHETIC_UNKNOWN	99.18367346938774	349.0	361.0	0	0	0	false	false	[]	false	true
TEST_00000104.1	Type_III	3	1	#9467bd	COMPLETE_PREDICTED	99.18367346938774	364.0	376.0	1	0	0	true	false	[]	false	false
TEST_00000104.1	Type_IV	4	0	#ffffff	NOT_DETECTED_AFTER_SUCCESSFUL_SEARCH	99.18367346938774	379.0	391.0	0	0	0	true	false	[]	false	false
TEST_00000105.1	Type_I	1	NA	#9e9e9e	NOT_RUN_SYNTHETIC_UNKNOWN	101.02040816326532	334.0	346.0	0	0	0	false	false	[]	false	true
TEST_00000105.1	Type_II	2	1	#e6a100	COMPLETE_PREDICTED	101.02040816326532	349.0	361.0	1	0	0	true	false	[]	false	false
TEST_00000105.1	Type_III	3	0	#ffffff	NOT_DETECTED_AFTER_SUCCESSFUL_SEARCH	101.02040816326532	364.0	376.0	0	0	0	true	false	[]	false	false
TEST_00000105.1	Type_IV	4	NA	#9e9e9e	NOT_RUN_SYNTHETIC_UNKNOWN	101.02040816326532	379.0	391.0	0	0	0	false	false	[]	false	true
TEST_00000106.1	Type_I	1	1	#26828e	COMPLETE_PREDICTED_WITH_OTHER_PARTIAL	102.85714285714286	334.0	346.0	1	1	0	false	false	[]	false	true
TEST_00000106.1	Type_II	2	0	#ffffff	NOT_DETECTED_AFTER_SUCCESSFUL_SEARCH	102.85714285714286	349.0	361.0	0	0	0	true	false	[]	false	false
TEST_00000106.1	Type_III	3	NA	#9e9e9e	NOT_RUN_SYNTHETIC_UNKNOWN	102.85714285714286	364.0	376.0	0	0	0	false	false	[]	false	true
TEST_00000106.1	Type_IV	4	1	#d55e00	COMPLETE_PREDICTED_WITH_OTHER_PARTIAL	102.85714285714286	379.0	391.0	1	1	0	false	false	[]	false	true
TEST_00000107.1	Type_I	1	0	#ffffff	NOT_DETECTED_AFTER_SUCCESSFUL_SEARCH	104.6938775510204	334.0	346.0	0	0	0	true	false	[]	false	false
TEST_00000107.1	Type_II	2	NA	#9e9e9e	NOT_RUN_SYNTHETIC_UNKNOWN	104.6938775510204	349.0	361.0	0	0	0	false	false	[]	false	true
TEST_00000107.1	Type_III	3	1	#9467bd	COMPLETE_PREDICTED	104.6938775510204	364.0	376.0	1	0	0	true	false	[]	false	false
TEST_00000107.1	Type_IV	4	0	#ffffff	NOT_DETECTED_AFTER_SUCCESSFUL_SEARCH	104.6938775510204	379.0	391.0	0	0	0	true	false	[]	false	false
TEST_00000108.1	Type_I	1	NA	#9e9e9e	NOT_RUN_SYNTHETIC_UNKNOWN	106.53061224489794	334.0	346.0	0	0	0	false	false	[]	false	true
TEST_00000108.1	Type_II	2	1	#e6a100	COMPLETE_PREDICTED	106.53061224489794	349.0	361.0	1	0	0	true	false	[]	false	false
TEST_00000108.1	Type_III	3	0	#ffffff	NOT_DETECTED_AFTER_SUCCESSFUL_SEARCH	106.53061224489794	364.0	376.0	0	0	0	true	false	[]	false	false
TEST_00000108.1	Type_IV	4	NA	#9e9e9e	NOT_RUN_SYNTHETIC_UNKNOWN	106.53061224489794	379.0	391.0	0	0	0	false	false	[]	false	true
TEST_00000109.1	Type_I	1	1	#26828e	COMPLETE_PREDICTED	108.36734693877551	334.0	346.0	1	0	0	true	false	[]	false	false
TEST_00000109.1	Type_II	2	0	#ffffff	NOT_DETECTED_AFTER_SUCCESSFUL_SEARCH	108.36734693877551	349.0	361.0	0	0	0	true	false	[]	false	false
TEST_00000109.1	Type_III	3	NA	#9e9e9e	NOT_RUN_SYNTHETIC_UNKNOWN	108.36734693877551	364.0	376.0	0	0	0	false	false	[]	false	true
TEST_00000109.1	Type_IV	4	1	#d55e00	COMPLETE_PREDICTED	108.36734693877551	379.0	391.0	1	0	0	true	false	[]	false	false
TEST_00000110.1	Type_I	1	0	#ffffff	NOT_DETECTED_AFTER_SUCCESSFUL_SEARCH	110.20408163265306	334.0	346.0	0	0	0	true	false	[]	false	false
TEST_00000110.1	Type_II	2	NA	#9e9e9e	NOT_RUN_SYNTHETIC_UNKNOWN	110.20408163265306	349.0	361.0	0	0	0	false	false	[]	false	true
TEST_00000110.1	Type_III	3	1	#9467bd	COMPLETE_PREDICTED	110.20408163265306	364.0	376.0	1	0	0	true	false	[]	false	false
TEST_00000110.1	Type_IV	4	0	#ffffff	NOT_DETECTED_AFTER_SUCCESSFUL_SEARCH	110.20408163265306	379.0	391.0	0	0	0	true	false	[]	false	false
TEST_00000111.1	Type_I	1	NA	#9e9e9e	NOT_RUN_SYNTHETIC_UNKNOWN	112.04081632653063	334.0	346.0	0	0	0	false	false	[]	false	true
TEST_00000111.1	Type_II	2	1	#e6a100	COMPLETE_PREDICTED_WITH_OTHER_PARTIAL	112.04081632653063	349.0	361.0	1	1	0	false	false	[]	false	true
TEST_00000111.1	Type_III	3	0	#ffffff	NOT_DETECTED_AFTER_SUCCESSFUL_SEARCH	112.04081632653063	364.0	376.0	0	0	0	true	false	[]	false	false
TEST_00000111.1	Type_IV	4	NA	#9e9e9e	NOT_RUN_SYNTHETIC_UNKNOWN	112.04081632653063	379.0	391.0	0	0	0	false	false	[]	false	true
TEST_00000112.1	Type_I	1	1	#26828e	COMPLETE_PREDICTED	113.87755102040818	334.0	346.0	1	0	0	true	false	[]	false	false
TEST_00000112.1	Type_II	2	0	#ffffff	NOT_DETECTED_AFTER_SUCCESSFUL_SEARCH	113.87755102040818	349.0	361.0	0	0	0	true	false	[]	false	false
TEST_00000112.1	Type_III	3	NA	#9e9e9e	NOT_RUN_SYNTHETIC_UNKNOWN	113.87755102040818	364.0	376.0	0	0	0	false	false	[]	false	true
TEST_00000112.1	Type_IV	4	1	#d55e00	COMPLETE_PREDICTED	113.87755102040818	379.0	391.0	1	0	0	true	false	[]	false	false
TEST_00000113.1	Type_I	1	0	#ffffff	NOT_DETECTED_AFTER_SUCCESSFUL_SEARCH	115.71428571428571	334.0	346.0	0	0	0	true	false	[]	false	false
TEST_00000113.1	Type_II	2	NA	#9e9e9e	NOT_RUN_SYNTHETIC_UNKNOWN	115.71428571428571	349.0	361.0	0	0	0	false	false	[]	false	true
TEST_00000113.1	Type_III	3	1	#9467bd	COMPLETE_PREDICTED	115.71428571428571	364.0	376.0	1	0	0	true	false	[]	false	false
TEST_00000113.1	Type_IV	4	0	#ffffff	NOT_DETECTED_AFTER_SUCCESSFUL_SEARCH	115.71428571428571	379.0	391.0	0	0	0	true	false	[]	false	false
TEST_00000114.1	Type_I	1	NA	#9e9e9e	NOT_RUN_SYNTHETIC_UNKNOWN	117.55102040816325	334.0	346.0	0	0	0	false	false	[]	false	true
TEST_00000114.1	Type_II	2	1	#e6a100	COMPLETE_PREDICTED	117.55102040816325	349.0	361.0	1	0	0	true	false	[]	false	false
TEST_00000114.1	Type_III	3	0	#ffffff	NOT_DETECTED_AFTER_SUCCESSFUL_SEARCH	117.55102040816325	364.0	376.0	0	0	0	true	false	[]	false	false
TEST_00000114.1	Type_IV	4	NA	#9e9e9e	NOT_RUN_SYNTHETIC_UNKNOWN	117.55102040816325	379.0	391.0	0	0	0	false	false	[]	false	true
TEST_00000115.1	Type_I	1	1	#26828e	COMPLETE_PREDICTED	119.3877551020408	334.0	346.0	1	0	0	true	false	[]	false	false
TEST_00000115.1	Type_II	2	0	#ffffff	NOT_DETECTED_AFTER_SUCCESSFUL_SEARCH	119.3877551020408	349.0	361.0	0	0	0	true	false	[]	false	false
TEST_00000115.1	Type_III	3	NA	#9e9e9e	NOT_RUN_SYNTHETIC_UNKNOWN	119.3877551020408	364.0	376.0	0	0	0	false	false	[]	false	true
TEST_00000115.1	Type_IV	4	1	#d55e00	COMPLETE_PREDICTED	119.3877551020408	379.0	391.0	1	0	0	true	false	[]	false	false
TEST_00000116.1	Type_I	1	0	#ffffff	NOT_DETECTED_AFTER_SUCCESSFUL_SEARCH	121.22448979591837	334.0	346.0	0	0	0	true	false	[]	false	false
TEST_00000116.1	Type_II	2	NA	#9e9e9e	NOT_RUN_SYNTHETIC_UNKNOWN	121.22448979591837	349.0	361.0	0	0	0	false	false	[]	false	true
TEST_00000116.1	Type_III	3	1	#9467bd	COMPLETE_PREDICTED_WITH_OTHER_PARTIAL	121.22448979591837	364.0	376.0	1	1	0	false	false	[]	false	true
TEST_00000116.1	Type_IV	4	0	#ffffff	NOT_DETECTED_AFTER_SUCCESSFUL_SEARCH	121.22448979591837	379.0	391.0	0	0	0	true	false	[]	false	false
TEST_00000117.1	Type_I	1	NA	#9e9e9e	NOT_RUN_SYNTHETIC_UNKNOWN	123.06122448979592	334.0	346.0	0	0	0	false	false	[]	false	true
TEST_00000117.1	Type_II	2	1	#e6a100	COMPLETE_PREDICTED	123.06122448979592	349.0	361.0	1	0	0	true	false	[]	false	false
TEST_00000117.1	Type_III	3	0	#ffffff	NOT_DETECTED_AFTER_SUCCESSFUL_SEARCH	123.06122448979592	364.0	376.0	0	0	0	true	false	[]	false	false
TEST_00000117.1	Type_IV	4	NA	#9e9e9e	NOT_RUN_SYNTHETIC_UNKNOWN	123.06122448979592	379.0	391.0	0	0	0	false	false	[]	false	true
TEST_00000118.1	Type_I	1	1	#26828e	COMPLETE_PREDICTED	124.89795918367348	334.0	346.0	1	0	0	true	false	[]	false	false
TEST_00000118.1	Type_II	2	0	#ffffff	NOT_DETECTED_AFTER_SUCCESSFUL_SEARCH	124.89795918367348	349.0	361.0	0	0	0	true	false	[]	false	false
TEST_00000118.1	Type_III	3	NA	#9e9e9e	NOT_RUN_SYNTHETIC_UNKNOWN	124.89795918367348	364.0	376.0	0	0	0	false	false	[]	false	true
TEST_00000118.1	Type_IV	4	1	#d55e00	COMPLETE_PREDICTED	124.89795918367348	379.0	391.0	1	0	0	true	false	[]	false	false
TEST_00000119.1	Type_I	1	0	#ffffff	NOT_DETECTED_AFTER_SUCCESSFUL_SEARCH	126.73469387755102	334.0	346.0	0	0	0	true	false	[]	false	false
TEST_00000119.1	Type_II	2	NA	#9e9e9e	NOT_RUN_SYNTHETIC_UNKNOWN	126.73469387755102	349.0	361.0	0	0	0	false	false	[]	false	true
TEST_00000119.1	Type_III	3	1	#9467bd	COMPLETE_PREDICTED	126.73469387755102	364.0	376.0	1	0	0	true	false	[]	false	false
TEST_00000119.1	Type_IV	4	0	#ffffff	NOT_DETECTED_AFTER_SUCCESSFUL_SEARCH	126.73469387755102	379.0	391.0	0	0	0	true	false	[]	false	false
TEST_00000120.1	Type_I	1	NA	#9e9e9e	NOT_RUN_SYNTHETIC_UNKNOWN	128.57142857142858	334.0	346.0	0	0	0	false	false	[]	false	true
TEST_00000120.1	Type_II	2	1	#e6a100	COMPLETE_PREDICTED	128.57142857142858	349.0	361.0	1	0	0	true	false	[]	false	false
TEST_00000120.1	Type_III	3	0	#ffffff	NOT_DETECTED_AFTER_SUCCESSFUL_SEARCH	128.57142857142858	364.0	376.0	0	0	0	true	false	[]	false	false
TEST_00000120.1	Type_IV	4	NA	#9e9e9e	NOT_RUN_SYNTHETIC_UNKNOWN	128.57142857142858	379.0	391.0	0	0	0	false	false	[]	false	true
TEST_00000121.1	Type_I	1	1	#26828e	COMPLETE_PREDICTED_WITH_OTHER_PARTIAL	130.40816326530611	334.0	346.0	1	1	0	false	false	[]	false	true
TEST_00000121.1	Type_II	2	0	#ffffff	NOT_DETECTED_AFTER_SUCCESSFUL_SEARCH	130.40816326530611	349.0	361.0	0	0	0	true	false	[]	false	false
TEST_00000121.1	Type_III	3	NA	#9e9e9e	NOT_RUN_SYNTHETIC_UNKNOWN	130.40816326530611	364.0	376.0	0	0	0	false	false	[]	false	true
TEST_00000121.1	Type_IV	4	1	#d55e00	COMPLETE_PREDICTED_WITH_OTHER_PARTIAL	130.40816326530611	379.0	391.0	1	1	0	false	false	[]	false	true
TEST_00000122.1	Type_I	1	0	#ffffff	NOT_DETECTED_AFTER_SUCCESSFUL_SEARCH	132.24489795918367	334.0	346.0	0	0	0	true	false	[]	false	false
TEST_00000122.1	Type_II	2	NA	#9e9e9e	NOT_RUN_SYNTHETIC_UNKNOWN	132.24489795918367	349.0	361.0	0	0	0	false	false	[]	false	true
TEST_00000122.1	Type_III	3	1	#9467bd	COMPLETE_PREDICTED	132.24489795918367	364.0	376.0	1	0	0	true	false	[]	false	false
TEST_00000122.1	Type_IV	4	0	#ffffff	NOT_DETECTED_AFTER_SUCCESSFUL_SEARCH	132.24489795918367	379.0	391.0	0	0	0	true	false	[]	false	false
TEST_00000123.1	Type_I	1	NA	#9e9e9e	NOT_RUN_SYNTHETIC_UNKNOWN	134.08163265306123	334.0	346.0	0	0	0	false	false	[]	false	true
TEST_00000123.1	Type_II	2	1	#e6a100	COMPLETE_PREDICTED	134.08163265306123	349.0	361.0	1	0	0	true	false	[]	false	false
TEST_00000123.1	Type_III	3	0	#ffffff	NOT_DETECTED_AFTER_SUCCESSFUL_SEARCH	134.08163265306123	364.0	376.0	0	0	0	true	false	[]	false	false
TEST_00000123.1	Type_IV	4	NA	#9e9e9e	NOT_RUN_SYNTHETIC_UNKNOWN	134.08163265306123	379.0	391.0	0	0	0	false	false	[]	false	true
TEST_00000124.1	Type_I	1	1	#26828e	COMPLETE_PREDICTED	135.91836734693877	334.0	346.0	1	0	0	true	false	[]	false	false
TEST_00000124.1	Type_II	2	0	#ffffff	NOT_DETECTED_AFTER_SUCCESSFUL_SEARCH	135.91836734693877	349.0	361.0	0	0	0	true	false	[]	false	false
TEST_00000124.1	Type_III	3	NA	#9e9e9e	NOT_RUN_SYNTHETIC_UNKNOWN	135.91836734693877	364.0	376.0	0	0	0	false	false	[]	false	true
TEST_00000124.1	Type_IV	4	1	#d55e00	COMPLETE_PREDICTED	135.91836734693877	379.0	391.0	1	0	0	true	false	[]	false	false
TEST_00000125.1	Type_I	1	0	#ffffff	NOT_DETECTED_AFTER_SUCCESSFUL_SEARCH	137.75510204081633	334.0	346.0	0	0	0	true	false	[]	false	false
TEST_00000125.1	Type_II	2	NA	#9e9e9e	NOT_RUN_SYNTHETIC_UNKNOWN	137.75510204081633	349.0	361.0	0	0	0	false	false	[]	false	true
TEST_00000125.1	Type_III	3	1	#9467bd	COMPLETE_PREDICTED	137.75510204081633	364.0	376.0	1	0	0	true	false	[]	false	false
TEST_00000125.1	Type_IV	4	0	#ffffff	NOT_DETECTED_AFTER_SUCCESSFUL_SEARCH	137.75510204081633	379.0	391.0	0	0	0	true	false	[]	false	false
TEST_00000126.1	Type_I	1	NA	#9e9e9e	NOT_RUN_SYNTHETIC_UNKNOWN	139.59183673469389	334.0	346.0	0	0	0	false	false	[]	false	true
TEST_00000126.1	Type_II	2	1	#e6a100	COMPLETE_PREDICTED_WITH_OTHER_PARTIAL	139.59183673469389	349.0	361.0	1	1	0	false	false	[]	false	true
TEST_00000126.1	Type_III	3	0	#ffffff	NOT_DETECTED_AFTER_SUCCESSFUL_SEARCH	139.59183673469389	364.0	376.0	0	0	0	true	false	[]	false	false
TEST_00000126.1	Type_IV	4	NA	#9e9e9e	NOT_RUN_SYNTHETIC_UNKNOWN	139.59183673469389	379.0	391.0	0	0	0	false	false	[]	false	true
TEST_00000127.1	Type_I	1	1	#26828e	COMPLETE_PREDICTED	141.42857142857142	334.0	346.0	1	0	0	true	false	[]	false	false
TEST_00000127.1	Type_II	2	0	#ffffff	NOT_DETECTED_AFTER_SUCCESSFUL_SEARCH	141.42857142857142	349.0	361.0	0	0	0	true	false	[]	false	false
TEST_00000127.1	Type_III	3	NA	#9e9e9e	NOT_RUN_SYNTHETIC_UNKNOWN	141.42857142857142	364.0	376.0	0	0	0	false	false	[]	false	true
TEST_00000127.1	Type_IV	4	1	#d55e00	COMPLETE_PREDICTED	141.42857142857142	379.0	391.0	1	0	0	true	false	[]	false	false
TEST_00000128.1	Type_I	1	0	#ffffff	NOT_DETECTED_AFTER_SUCCESSFUL_SEARCH	143.26530612244898	334.0	346.0	0	0	0	true	false	[]	false	false
TEST_00000128.1	Type_II	2	NA	#9e9e9e	NOT_RUN_SYNTHETIC_UNKNOWN	143.26530612244898	349.0	361.0	0	0	0	false	false	[]	false	true
TEST_00000128.1	Type_III	3	1	#9467bd	COMPLETE_PREDICTED	143.26530612244898	364.0	376.0	1	0	0	true	false	[]	false	false
TEST_00000128.1	Type_IV	4	0	#ffffff	NOT_DETECTED_AFTER_SUCCESSFUL_SEARCH	143.26530612244898	379.0	391.0	0	0	0	true	false	[]	false	false
TEST_00000129.1	Type_I	1	NA	#9e9e9e	NOT_RUN_SYNTHETIC_UNKNOWN	145.1020408163265	334.0	346.0	0	0	0	false	false	[]	false	true
TEST_00000129.1	Type_II	2	1	#e6a100	COMPLETE_PREDICTED	145.1020408163265	349.0	361.0	1	0	0	true	false	[]	false	false
TEST_00000129.1	Type_III	3	0	#ffffff	NOT_DETECTED_AFTER_SUCCESSFUL_SEARCH	145.1020408163265	364.0	376.0	0	0	0	true	false	[]	false	false
TEST_00000129.1	Type_IV	4	NA	#9e9e9e	NOT_RUN_SYNTHETIC_UNKNOWN	145.1020408163265	379.0	391.0	0	0	0	false	false	[]	false	true
TEST_00000130.1	Type_I	1	1	#26828e	COMPLETE_PREDICTED	146.93877551020407	334.0	346.0	1	0	0	true	false	[]	false	false
TEST_00000130.1	Type_II	2	0	#ffffff	NOT_DETECTED_AFTER_SUCCESSFUL_SEARCH	146.93877551020407	349.0	361.0	0	0	0	true	false	[]	false	false
TEST_00000130.1	Type_III	3	NA	#9e9e9e	NOT_RUN_SYNTHETIC_UNKNOWN	146.93877551020407	364.0	376.0	0	0	0	false	false	[]	false	true
TEST_00000130.1	Type_IV	4	1	#d55e00	COMPLETE_PREDICTED	146.93877551020407	379.0	391.0	1	0	0	true	false	[]	false	false
TEST_00000131.1	Type_I	1	0	#ffffff	NOT_DETECTED_AFTER_SUCCESSFUL_SEARCH	148.7755102040816	334.0	346.0	0	0	0	true	false	[]	false	false
TEST_00000131.1	Type_II	2	NA	#9e9e9e	NOT_RUN_SYNTHETIC_UNKNOWN	148.7755102040816	349.0	361.0	0	0	0	false	false	[]	false	true
TEST_00000131.1	Type_III	3	1	#9467bd	COMPLETE_PREDICTED_WITH_OTHER_PARTIAL	148.7755102040816	364.0	376.0	1	1	0	false	false	[]	false	true
TEST_00000131.1	Type_IV	4	0	#ffffff	NOT_DETECTED_AFTER_SUCCESSFUL_SEARCH	148.7755102040816	379.0	391.0	0	0	0	true	false	[]	false	false
TEST_00000132.1	Type_I	1	NA	#9e9e9e	NOT_RUN_SYNTHETIC_UNKNOWN	150.6122448979592	334.0	346.0	0	0	0	false	false	[]	false	true
TEST_00000132.1	Type_II	2	1	#e6a100	COMPLETE_PREDICTED	150.6122448979592	349.0	361.0	1	0	0	true	false	[]	false	false
TEST_00000132.1	Type_III	3	0	#ffffff	NOT_DETECTED_AFTER_SUCCESSFUL_SEARCH	150.6122448979592	364.0	376.0	0	0	0	true	false	[]	false	false
TEST_00000132.1	Type_IV	4	NA	#9e9e9e	NOT_RUN_SYNTHETIC_UNKNOWN	150.6122448979592	379.0	391.0	0	0	0	false	false	[]	false	true
TEST_00000133.1	Type_I	1	1	#26828e	COMPLETE_PREDICTED	152.44897959183675	334.0	346.0	1	0	0	true	false	[]	false	false
TEST_00000133.1	Type_II	2	0	#ffffff	NOT_DETECTED_AFTER_SUCCESSFUL_SEARCH	152.44897959183675	349.0	361.0	0	0	0	true	false	[]	false	false
TEST_00000133.1	Type_III	3	NA	#9e9e9e	NOT_RUN_SYNTHETIC_UNKNOWN	152.44897959183675	364.0	376.0	0	0	0	false	false	[]	false	true
TEST_00000133.1	Type_IV	4	1	#d55e00	COMPLETE_PREDICTED	152.44897959183675	379.0	391.0	1	0	0	true	false	[]	false	false
TEST_00000134.1	Type_I	1	0	#ffffff	NOT_DETECTED_AFTER_SUCCESSFUL_SEARCH	154.28571428571428	334.0	346.0	0	0	0	true	false	[]	false	false
TEST_00000134.1	Type_II	2	NA	#9e9e9e	NOT_RUN_SYNTHETIC_UNKNOWN	154.28571428571428	349.0	361.0	0	0	0	false	false	[]	false	true
TEST_00000134.1	Type_III	3	1	#9467bd	COMPLETE_PREDICTED	154.28571428571428	364.0	376.0	1	0	0	true	false	[]	false	false
TEST_00000134.1	Type_IV	4	0	#ffffff	NOT_DETECTED_AFTER_SUCCESSFUL_SEARCH	154.28571428571428	379.0	391.0	0	0	0	true	false	[]	false	false
TEST_00000135.1	Type_I	1	NA	#9e9e9e	NOT_RUN_SYNTHETIC_UNKNOWN	156.12244897959184	334.0	346.0	0	0	0	false	false	[]	false	true
TEST_00000135.1	Type_II	2	1	#e6a100	COMPLETE_PREDICTED	156.12244897959184	349.0	361.0	1	0	0	true	false	[]	false	false
TEST_00000135.1	Type_III	3	0	#ffffff	NOT_DETECTED_AFTER_SUCCESSFUL_SEARCH	156.12244897959184	364.0	376.0	0	0	0	true	false	[]	false	false
TEST_00000135.1	Type_IV	4	NA	#9e9e9e	NOT_RUN_SYNTHETIC_UNKNOWN	156.12244897959184	379.0	391.0	0	0	0	false	false	[]	false	true
TEST_00000136.1	Type_I	1	1	#26828e	COMPLETE_PREDICTED_WITH_OTHER_PARTIAL	157.95918367346937	334.0	346.0	1	1	0	false	false	[]	false	true
TEST_00000136.1	Type_II	2	0	#ffffff	NOT_DETECTED_AFTER_SUCCESSFUL_SEARCH	157.95918367346937	349.0	361.0	0	0	0	true	false	[]	false	false
TEST_00000136.1	Type_III	3	NA	#9e9e9e	NOT_RUN_SYNTHETIC_UNKNOWN	157.95918367346937	364.0	376.0	0	0	0	false	false	[]	false	true
TEST_00000136.1	Type_IV	4	1	#d55e00	COMPLETE_PREDICTED_WITH_OTHER_PARTIAL	157.95918367346937	379.0	391.0	1	1	0	false	false	[]	false	true
TEST_00000137.1	Type_I	1	0	#ffffff	NOT_DETECTED_AFTER_SUCCESSFUL_SEARCH	159.79591836734696	334.0	346.0	0	0	0	true	false	[]	false	false
TEST_00000137.1	Type_II	2	NA	#9e9e9e	NOT_RUN_SYNTHETIC_UNKNOWN	159.79591836734696	349.0	361.0	0	0	0	false	false	[]	false	true
TEST_00000137.1	Type_III	3	1	#9467bd	COMPLETE_PREDICTED	159.79591836734696	364.0	376.0	1	0	0	true	false	[]	false	false
TEST_00000137.1	Type_IV	4	0	#ffffff	NOT_DETECTED_AFTER_SUCCESSFUL_SEARCH	159.79591836734696	379.0	391.0	0	0	0	true	false	[]	false	false
TEST_00000138.1	Type_I	1	NA	#9e9e9e	NOT_RUN_SYNTHETIC_UNKNOWN	161.63265306122452	334.0	346.0	0	0	0	false	false	[]	false	true
TEST_00000138.1	Type_II	2	1	#e6a100	COMPLETE_PREDICTED	161.63265306122452	349.0	361.0	1	0	0	true	false	[]	false	false
TEST_00000138.1	Type_III	3	0	#ffffff	NOT_DETECTED_AFTER_SUCCESSFUL_SEARCH	161.63265306122452	364.0	376.0	0	0	0	true	false	[]	false	false
TEST_00000138.1	Type_IV	4	NA	#9e9e9e	NOT_RUN_SYNTHETIC_UNKNOWN	161.63265306122452	379.0	391.0	0	0	0	false	false	[]	false	true
TEST_00000139.1	Type_I	1	1	#26828e	COMPLETE_PREDICTED	163.46938775510205	334.0	346.0	1	0	0	true	false	[]	false	false
TEST_00000139.1	Type_II	2	0	#ffffff	NOT_DETECTED_AFTER_SUCCESSFUL_SEARCH	163.46938775510205	349.0	361.0	0	0	0	true	false	[]	false	false
TEST_00000139.1	Type_III	3	NA	#9e9e9e	NOT_RUN_SYNTHETIC_UNKNOWN	163.46938775510205	364.0	376.0	0	0	0	false	false	[]	false	true
TEST_00000139.1	Type_IV	4	1	#d55e00	COMPLETE_PREDICTED	163.46938775510205	379.0	391.0	1	0	0	true	false	[]	false	false
TEST_00000140.1	Type_I	1	0	#ffffff	NOT_DETECTED_AFTER_SUCCESSFUL_SEARCH	165.3061224489796	334.0	346.0	0	0	0	true	false	[]	false	false
TEST_00000140.1	Type_II	2	NA	#9e9e9e	NOT_RUN_SYNTHETIC_UNKNOWN	165.3061224489796	349.0	361.0	0	0	0	false	false	[]	false	true
TEST_00000140.1	Type_III	3	1	#9467bd	COMPLETE_PREDICTED	165.3061224489796	364.0	376.0	1	0	0	true	false	[]	false	false
TEST_00000140.1	Type_IV	4	0	#ffffff	NOT_DETECTED_AFTER_SUCCESSFUL_SEARCH	165.3061224489796	379.0	391.0	0	0	0	true	false	[]	false	false
TEST_00000141.1	Type_I	1	NA	#9e9e9e	NOT_RUN_SYNTHETIC_UNKNOWN	167.14285714285714	334.0	346.0	0	0	0	false	false	[]	false	true
TEST_00000141.1	Type_II	2	1	#e6a100	COMPLETE_PREDICTED_WITH_OTHER_PARTIAL	167.14285714285714	349.0	361.0	1	1	0	false	false	[]	false	true
TEST_00000141.1	Type_III	3	0	#ffffff	NOT_DETECTED_AFTER_SUCCESSFUL_SEARCH	167.14285714285714	364.0	376.0	0	0	0	true	false	[]	false	false
TEST_00000141.1	Type_IV	4	NA	#9e9e9e	NOT_RUN_SYNTHETIC_UNKNOWN	167.14285714285714	379.0	391.0	0	0	0	false	false	[]	false	true
TEST_00000142.1	Type_I	1	1	#26828e	COMPLETE_PREDICTED	168.9795918367347	334.0	346.0	1	0	0	true	false	[]	false	false
TEST_00000142.1	Type_II	2	0	#ffffff	NOT_DETECTED_AFTER_SUCCESSFUL_SEARCH	168.9795918367347	349.0	361.0	0	0	0	true	false	[]	false	false
TEST_00000142.1	Type_III	3	NA	#9e9e9e	NOT_RUN_SYNTHETIC_UNKNOWN	168.9795918367347	364.0	376.0	0	0	0	false	false	[]	false	true
TEST_00000142.1	Type_IV	4	1	#d55e00	COMPLETE_PREDICTED	168.9795918367347	379.0	391.0	1	0	0	true	false	[]	false	false
TEST_00000143.1	Type_I	1	0	#ffffff	NOT_DETECTED_AFTER_SUCCESSFUL_SEARCH	170.8163265306123	334.0	346.0	0	0	0	true	false	[]	false	false
TEST_00000143.1	Type_II	2	NA	#9e9e9e	NOT_RUN_SYNTHETIC_UNKNOWN	170.8163265306123	349.0	361.0	0	0	0	false	false	[]	false	true
TEST_00000143.1	Type_III	3	1	#9467bd	COMPLETE_PREDICTED	170.8163265306123	364.0	376.0	1	0	0	true	false	[]	false	false
TEST_00000143.1	Type_IV	4	0	#ffffff	NOT_DETECTED_AFTER_SUCCESSFUL_SEARCH	170.8163265306123	379.0	391.0	0	0	0	true	false	[]	false	false
TEST_00000144.1	Type_I	1	NA	#9e9e9e	NOT_RUN_SYNTHETIC_UNKNOWN	172.65306122448982	334.0	346.0	0	0	0	false	false	[]	false	true
TEST_00000144.1	Type_II	2	1	#e6a100	COMPLETE_PREDICTED	172.65306122448982	349.0	361.0	1	0	0	true	false	[]	false	false
TEST_00000144.1	Type_III	3	0	#ffffff	NOT_DETECTED_AFTER_SUCCESSFUL_SEARCH	172.65306122448982	364.0	376.0	0	0	0	true	false	[]	false	false
TEST_00000144.1	Type_IV	4	NA	#9e9e9e	NOT_RUN_SYNTHETIC_UNKNOWN	172.65306122448982	379.0	391.0	0	0	0	false	false	[]	false	true
TEST_00000145.1	Type_I	1	1	#26828e	COMPLETE_PREDICTED	174.48979591836738	334.0	346.0	1	0	0	true	false	[]	false	false
TEST_00000145.1	Type_II	2	0	#ffffff	NOT_DETECTED_AFTER_SUCCESSFUL_SEARCH	174.48979591836738	349.0	361.0	0	0	0	true	false	[]	false	false
TEST_00000145.1	Type_III	3	NA	#9e9e9e	NOT_RUN_SYNTHETIC_UNKNOWN	174.48979591836738	364.0	376.0	0	0	0	false	false	[]	false	true
TEST_00000145.1	Type_IV	4	1	#d55e00	COMPLETE_PREDICTED	174.48979591836738	379.0	391.0	1	0	0	true	false	[]	false	false
TEST_00000146.1	Type_I	1	0	#ffffff	NOT_DETECTED_AFTER_SUCCESSFUL_SEARCH	176.3265306122449	334.0	346.0	0	0	0	true	false	[]	false	false
TEST_00000146.1	Type_II	2	NA	#9e9e9e	NOT_RUN_SYNTHETIC_UNKNOWN	176.3265306122449	349.0	361.0	0	0	0	false	false	[]	false	true
TEST_00000146.1	Type_III	3	1	#9467bd	COMPLETE_PREDICTED_WITH_OTHER_PARTIAL	176.3265306122449	364.0	376.0	1	1	0	false	false	[]	false	true
TEST_00000146.1	Type_IV	4	0	#ffffff	NOT_DETECTED_AFTER_SUCCESSFUL_SEARCH	176.3265306122449	379.0	391.0	0	0	0	true	false	[]	false	false
TEST_00000147.1	Type_I	1	NA	#9e9e9e	NOT_RUN_SYNTHETIC_UNKNOWN	178.16326530612247	334.0	346.0	0	0	0	false	false	[]	false	true
TEST_00000147.1	Type_II	2	1	#e6a100	COMPLETE_PREDICTED	178.16326530612247	349.0	361.0	1	0	0	true	false	[]	false	false
TEST_00000147.1	Type_III	3	0	#ffffff	NOT_DETECTED_AFTER_SUCCESSFUL_SEARCH	178.16326530612247	364.0	376.0	0	0	0	true	false	[]	false	false
TEST_00000147.1	Type_IV	4	NA	#9e9e9e	NOT_RUN_SYNTHETIC_UNKNOWN	178.16326530612247	379.0	391.0	0	0	0	false	false	[]	false	true
TEST_00000148.1	Type_I	1	1	#26828e	COMPLETE_PREDICTED	180.0	334.0	346.0	1	0	0	true	false	[]	false	false
TEST_00000148.1	Type_II	2	0	#ffffff	NOT_DETECTED_AFTER_SUCCESSFUL_SEARCH	180.0	349.0	361.0	0	0	0	true	false	[]	false	false
TEST_00000148.1	Type_III	3	NA	#9e9e9e	NOT_RUN_SYNTHETIC_UNKNOWN	180.0	364.0	376.0	0	0	0	false	false	[]	false	true
TEST_00000148.1	Type_IV	4	1	#d55e00	COMPLETE_PREDICTED	180.0	379.0	391.0	1	0	0	true	false	[]	false	false
TEST_00000149.1	Type_I	1	0	#ffffff	NOT_DETECTED_AFTER_SUCCESSFUL_SEARCH	181.83673469387753	334.0	346.0	0	0	0	true	false	[]	false	false
TEST_00000149.1	Type_II	2	NA	#9e9e9e	NOT_RUN_SYNTHETIC_UNKNOWN	181.83673469387753	349.0	361.0	0	0	0	false	false	[]	false	true
TEST_00000149.1	Type_III	3	1	#9467bd	COMPLETE_PREDICTED	181.83673469387753	364.0	376.0	1	0	0	true	false	[]	false	false
TEST_00000149.1	Type_IV	4	0	#ffffff	NOT_DETECTED_AFTER_SUCCESSFUL_SEARCH	181.83673469387753	379.0	391.0	0	0	0	true	false	[]	false	false
TEST_00000150.1	Type_I	1	NA	#9e9e9e	NOT_RUN_SYNTHETIC_UNKNOWN	183.6734693877551	334.0	346.0	0	0	0	false	false	[]	false	true
TEST_00000150.1	Type_II	2	1	#e6a100	COMPLETE_PREDICTED	183.6734693877551	349.0	361.0	1	0	0	true	false	[]	false	false
TEST_00000150.1	Type_III	3	0	#ffffff	NOT_DETECTED_AFTER_SUCCESSFUL_SEARCH	183.6734693877551	364.0	376.0	0	0	0	true	false	[]	false	false
TEST_00000150.1	Type_IV	4	NA	#9e9e9e	NOT_RUN_SYNTHETIC_UNKNOWN	183.6734693877551	379.0	391.0	0	0	0	false	false	[]	false	true
TEST_00000151.1	Type_I	1	1	#26828e	COMPLETE_PREDICTED_WITH_OTHER_PARTIAL	185.51020408163262	334.0	346.0	1	1	0	false	false	[]	false	true
TEST_00000151.1	Type_II	2	0	#ffffff	NOT_DETECTED_AFTER_SUCCESSFUL_SEARCH	185.51020408163262	349.0	361.0	0	0	0	true	false	[]	false	false
TEST_00000151.1	Type_III	3	NA	#9e9e9e	NOT_RUN_SYNTHETIC_UNKNOWN	185.51020408163262	364.0	376.0	0	0	0	false	false	[]	false	true
TEST_00000151.1	Type_IV	4	1	#d55e00	COMPLETE_PREDICTED_WITH_OTHER_PARTIAL	185.51020408163262	379.0	391.0	1	1	0	false	false	[]	false	true
TEST_00000152.1	Type_I	1	0	#ffffff	NOT_DETECTED_AFTER_SUCCESSFUL_SEARCH	187.34693877551018	334.0	346.0	0	0	0	true	false	[]	false	false
TEST_00000152.1	Type_II	2	NA	#9e9e9e	NOT_RUN_SYNTHETIC_UNKNOWN	187.34693877551018	349.0	361.0	0	0	0	false	false	[]	false	true
TEST_00000152.1	Type_III	3	1	#9467bd	COMPLETE_PREDICTED	187.34693877551018	364.0	376.0	1	0	0	true	false	[]	false	false
TEST_00000152.1	Type_IV	4	0	#ffffff	NOT_DETECTED_AFTER_SUCCESSFUL_SEARCH	187.34693877551018	379.0	391.0	0	0	0	true	false	[]	false	false
TEST_00000153.1	Type_I	1	NA	#9e9e9e	NOT_RUN_SYNTHETIC_UNKNOWN	189.1836734693877	334.0	346.0	0	0	0	false	false	[]	false	true
TEST_00000153.1	Type_II	2	1	#e6a100	COMPLETE_PREDICTED	189.1836734693877	349.0	361.0	1	0	0	true	false	[]	false	false
TEST_00000153.1	Type_III	3	0	#ffffff	NOT_DETECTED_AFTER_SUCCESSFUL_SEARCH	189.1836734693877	364.0	376.0	0	0	0	true	false	[]	false	false
TEST_00000153.1	Type_IV	4	NA	#9e9e9e	NOT_RUN_SYNTHETIC_UNKNOWN	189.1836734693877	379.0	391.0	0	0	0	false	false	[]	false	true
TEST_00000154.1	Type_I	1	1	#26828e	COMPLETE_PREDICTED	191.0204081632653	334.0	346.0	1	0	0	true	false	[]	false	false
TEST_00000154.1	Type_II	2	0	#ffffff	NOT_DETECTED_AFTER_SUCCESSFUL_SEARCH	191.0204081632653	349.0	361.0	0	0	0	true	false	[]	false	false
TEST_00000154.1	Type_III	3	NA	#9e9e9e	NOT_RUN_SYNTHETIC_UNKNOWN	191.0204081632653	364.0	376.0	0	0	0	false	false	[]	false	true
TEST_00000154.1	Type_IV	4	1	#d55e00	COMPLETE_PREDICTED	191.0204081632653	379.0	391.0	1	0	0	true	false	[]	false	false
TEST_00000155.1	Type_I	1	0	#ffffff	NOT_DETECTED_AFTER_SUCCESSFUL_SEARCH	192.85714285714286	334.0	346.0	0	0	0	true	false	[]	false	false
TEST_00000155.1	Type_II	2	NA	#9e9e9e	NOT_RUN_SYNTHETIC_UNKNOWN	192.85714285714286	349.0	361.0	0	0	0	false	false	[]	false	true
TEST_00000155.1	Type_III	3	1	#9467bd	COMPLETE_PREDICTED	192.85714285714286	364.0	376.0	1	0	0	true	false	[]	false	false
TEST_00000155.1	Type_IV	4	0	#ffffff	NOT_DETECTED_AFTER_SUCCESSFUL_SEARCH	192.85714285714286	379.0	391.0	0	0	0	true	false	[]	false	false
TEST_00000156.1	Type_I	1	NA	#9e9e9e	NOT_RUN_SYNTHETIC_UNKNOWN	194.6938775510204	334.0	346.0	0	0	0	false	false	[]	false	true
TEST_00000156.1	Type_II	2	1	#e6a100	COMPLETE_PREDICTED_WITH_OTHER_PARTIAL	194.6938775510204	349.0	361.0	1	1	0	false	false	[]	false	true
TEST_00000156.1	Type_III	3	0	#ffffff	NOT_DETECTED_AFTER_SUCCESSFUL_SEARCH	194.6938775510204	364.0	376.0	0	0	0	true	false	[]	false	false
TEST_00000156.1	Type_IV	4	NA	#9e9e9e	NOT_RUN_SYNTHETIC_UNKNOWN	194.6938775510204	379.0	391.0	0	0	0	false	false	[]	false	true
TEST_00000157.1	Type_I	1	1	#26828e	COMPLETE_PREDICTED	196.53061224489795	334.0	346.0	1	0	0	true	false	[]	false	false
TEST_00000157.1	Type_II	2	0	#ffffff	NOT_DETECTED_AFTER_SUCCESSFUL_SEARCH	196.53061224489795	349.0	361.0	0	0	0	true	false	[]	false	false
TEST_00000157.1	Type_III	3	NA	#9e9e9e	NOT_RUN_SYNTHETIC_UNKNOWN	196.53061224489795	364.0	376.0	0	0	0	false	false	[]	false	true
TEST_00000157.1	Type_IV	4	1	#d55e00	COMPLETE_PREDICTED	196.53061224489795	379.0	391.0	1	0	0	true	false	[]	false	false
TEST_00000158.1	Type_I	1	0	#ffffff	NOT_DETECTED_AFTER_SUCCESSFUL_SEARCH	198.36734693877548	334.0	346.0	0	0	0	true	false	[]	false	false
TEST_00000158.1	Type_II	2	NA	#9e9e9e	NOT_RUN_SYNTHETIC_UNKNOWN	198.36734693877548	349.0	361.0	0	0	0	false	false	[]	false	true
TEST_00000158.1	Type_III	3	1	#9467bd	COMPLETE_PREDICTED	198.36734693877548	364.0	376.0	1	0	0	true	false	[]	false	false
TEST_00000158.1	Type_IV	4	0	#ffffff	NOT_DETECTED_AFTER_SUCCESSFUL_SEARCH	198.36734693877548	379.0	391.0	0	0	0	true	false	[]	false	false
TEST_00000159.1	Type_I	1	NA	#9e9e9e	NOT_RUN_SYNTHETIC_UNKNOWN	200.20408163265307	334.0	346.0	0	0	0	false	false	[]	false	true
TEST_00000159.1	Type_II	2	1	#e6a100	COMPLETE_PREDICTED	200.20408163265307	349.0	361.0	1	0	0	true	false	[]	false	false
TEST_00000159.1	Type_III	3	0	#ffffff	NOT_DETECTED_AFTER_SUCCESSFUL_SEARCH	200.20408163265307	364.0	376.0	0	0	0	true	false	[]	false	false
TEST_00000159.1	Type_IV	4	NA	#9e9e9e	NOT_RUN_SYNTHETIC_UNKNOWN	200.20408163265307	379.0	391.0	0	0	0	false	false	[]	false	true
TEST_00000160.1	Type_I	1	1	#26828e	COMPLETE_PREDICTED	202.04081632653063	334.0	346.0	1	0	0	true	false	[]	false	false
TEST_00000160.1	Type_II	2	0	#ffffff	NOT_DETECTED_AFTER_SUCCESSFUL_SEARCH	202.04081632653063	349.0	361.0	0	0	0	true	false	[]	false	false
TEST_00000160.1	Type_III	3	NA	#9e9e9e	NOT_RUN_SYNTHETIC_UNKNOWN	202.04081632653063	364.0	376.0	0	0	0	false	false	[]	false	true
TEST_00000160.1	Type_IV	4	1	#d55e00	COMPLETE_PREDICTED	202.04081632653063	379.0	391.0	1	0	0	true	false	[]	false	false
TEST_00000161.1	Type_I	1	0	#ffffff	NOT_DETECTED_AFTER_SUCCESSFUL_SEARCH	203.87755102040816	334.0	346.0	0	0	0	true	false	[]	false	false
TEST_00000161.1	Type_II	2	NA	#9e9e9e	NOT_RUN_SYNTHETIC_UNKNOWN	203.87755102040816	349.0	361.0	0	0	0	false	false	[]	false	true
TEST_00000161.1	Type_III	3	1	#9467bd	COMPLETE_PREDICTED_WITH_OTHER_PARTIAL	203.87755102040816	364.0	376.0	1	1	0	false	false	[]	false	true
TEST_00000161.1	Type_IV	4	0	#ffffff	NOT_DETECTED_AFTER_SUCCESSFUL_SEARCH	203.87755102040816	379.0	391.0	0	0	0	true	false	[]	false	false
TEST_00000162.1	Type_I	1	NA	#9e9e9e	NOT_RUN_SYNTHETIC_UNKNOWN	205.71428571428572	334.0	346.0	0	0	0	false	false	[]	false	true
TEST_00000162.1	Type_II	2	1	#e6a100	COMPLETE_PREDICTED	205.71428571428572	349.0	361.0	1	0	0	true	false	[]	false	false
TEST_00000162.1	Type_III	3	0	#ffffff	NOT_DETECTED_AFTER_SUCCESSFUL_SEARCH	205.71428571428572	364.0	376.0	0	0	0	true	false	[]	false	false
TEST_00000162.1	Type_IV	4	NA	#9e9e9e	NOT_RUN_SYNTHETIC_UNKNOWN	205.71428571428572	379.0	391.0	0	0	0	false	false	[]	false	true
TEST_00000163.1	Type_I	1	1	#26828e	COMPLETE_PREDICTED	207.55102040816325	334.0	346.0	1	0	0	true	false	[]	false	false
TEST_00000163.1	Type_II	2	0	#ffffff	NOT_DETECTED_AFTER_SUCCESSFUL_SEARCH	207.55102040816325	349.0	361.0	0	0	0	true	false	[]	false	false
TEST_00000163.1	Type_III	3	NA	#9e9e9e	NOT_RUN_SYNTHETIC_UNKNOWN	207.55102040816325	364.0	376.0	0	0	0	false	false	[]	false	true
TEST_00000163.1	Type_IV	4	1	#d55e00	COMPLETE_PREDICTED	207.55102040816325	379.0	391.0	1	0	0	true	false	[]	false	false
TEST_00000164.1	Type_I	1	0	#ffffff	NOT_DETECTED_AFTER_SUCCESSFUL_SEARCH	209.3877551020408	334.0	346.0	0	0	0	true	false	[]	false	false
TEST_00000164.1	Type_II	2	NA	#9e9e9e	NOT_RUN_SYNTHETIC_UNKNOWN	209.3877551020408	349.0	361.0	0	0	0	false	false	[]	false	true
TEST_00000164.1	Type_III	3	1	#9467bd	COMPLETE_PREDICTED	209.3877551020408	364.0	376.0	1	0	0	true	false	[]	false	false
TEST_00000164.1	Type_IV	4	0	#ffffff	NOT_DETECTED_AFTER_SUCCESSFUL_SEARCH	209.3877551020408	379.0	391.0	0	0	0	true	false	[]	false	false
TEST_00000165.1	Type_I	1	NA	#9e9e9e	NOT_RUN_SYNTHETIC_UNKNOWN	211.22448979591834	334.0	346.0	0	0	0	false	false	[]	false	true
TEST_00000165.1	Type_II	2	1	#e6a100	COMPLETE_PREDICTED	211.22448979591834	349.0	361.0	1	0	0	true	false	[]	false	false
TEST_00000165.1	Type_III	3	0	#ffffff	NOT_DETECTED_AFTER_SUCCESSFUL_SEARCH	211.22448979591834	364.0	376.0	0	0	0	true	false	[]	false	false
TEST_00000165.1	Type_IV	4	NA	#9e9e9e	NOT_RUN_SYNTHETIC_UNKNOWN	211.22448979591834	379.0	391.0	0	0	0	false	false	[]	false	true
TEST_00000166.1	Type_I	1	1	#26828e	COMPLETE_PREDICTED_WITH_OTHER_PARTIAL	213.06122448979588	334.0	346.0	1	1	0	false	false	[]	false	true
TEST_00000166.1	Type_II	2	0	#ffffff	NOT_DETECTED_AFTER_SUCCESSFUL_SEARCH	213.06122448979588	349.0	361.0	0	0	0	true	false	[]	false	false
TEST_00000166.1	Type_III	3	NA	#9e9e9e	NOT_RUN_SYNTHETIC_UNKNOWN	213.06122448979588	364.0	376.0	0	0	0	false	false	[]	false	true
TEST_00000166.1	Type_IV	4	1	#d55e00	COMPLETE_PREDICTED_WITH_OTHER_PARTIAL	213.06122448979588	379.0	391.0	1	1	0	false	false	[]	false	true
TEST_00000167.1	Type_I	1	0	#ffffff	NOT_DETECTED_AFTER_SUCCESSFUL_SEARCH	214.8979591836735	334.0	346.0	0	0	0	true	false	[]	false	false
TEST_00000167.1	Type_II	2	NA	#9e9e9e	NOT_RUN_SYNTHETIC_UNKNOWN	214.8979591836735	349.0	361.0	0	0	0	false	false	[]	false	true
TEST_00000167.1	Type_III	3	1	#9467bd	COMPLETE_PREDICTED	214.8979591836735	364.0	376.0	1	0	0	true	false	[]	false	false
TEST_00000167.1	Type_IV	4	0	#ffffff	NOT_DETECTED_AFTER_SUCCESSFUL_SEARCH	214.8979591836735	379.0	391.0	0	0	0	true	false	[]	false	false
TEST_00000168.1	Type_I	1	NA	#9e9e9e	NOT_RUN_SYNTHETIC_UNKNOWN	216.73469387755102	334.0	346.0	0	0	0	false	false	[]	false	true
TEST_00000168.1	Type_II	2	1	#e6a100	COMPLETE_PREDICTED	216.73469387755102	349.0	361.0	1	0	0	true	false	[]	false	false
TEST_00000168.1	Type_III	3	0	#ffffff	NOT_DETECTED_AFTER_SUCCESSFUL_SEARCH	216.73469387755102	364.0	376.0	0	0	0	true	false	[]	false	false
TEST_00000168.1	Type_IV	4	NA	#9e9e9e	NOT_RUN_SYNTHETIC_UNKNOWN	216.73469387755102	379.0	391.0	0	0	0	false	false	[]	false	true
TEST_00000169.1	Type_I	1	1	#26828e	COMPLETE_PREDICTED	218.57142857142858	334.0	346.0	1	0	0	true	false	[]	false	false
TEST_00000169.1	Type_II	2	0	#ffffff	NOT_DETECTED_AFTER_SUCCESSFUL_SEARCH	218.57142857142858	349.0	361.0	0	0	0	true	false	[]	false	false
TEST_00000169.1	Type_III	3	NA	#9e9e9e	NOT_RUN_SYNTHETIC_UNKNOWN	218.57142857142858	364.0	376.0	0	0	0	false	false	[]	false	true
TEST_00000169.1	Type_IV	4	1	#d55e00	COMPLETE_PREDICTED	218.57142857142858	379.0	391.0	1	0	0	true	false	[]	false	false
TEST_00000170.1	Type_I	1	0	#ffffff	NOT_DETECTED_AFTER_SUCCESSFUL_SEARCH	220.40816326530611	334.0	346.0	0	0	0	true	false	[]	false	false
TEST_00000170.1	Type_II	2	NA	#9e9e9e	NOT_RUN_SYNTHETIC_UNKNOWN	220.40816326530611	349.0	361.0	0	0	0	false	false	[]	false	true
TEST_00000170.1	Type_III	3	1	#9467bd	COMPLETE_PREDICTED	220.40816326530611	364.0	376.0	1	0	0	true	false	[]	false	false
TEST_00000170.1	Type_IV	4	0	#ffffff	NOT_DETECTED_AFTER_SUCCESSFUL_SEARCH	220.40816326530611	379.0	391.0	0	0	0	true	false	[]	false	false
TEST_00000171.1	Type_I	1	NA	#9e9e9e	NOT_RUN_SYNTHETIC_UNKNOWN	222.24489795918365	334.0	346.0	0	0	0	false	false	[]	false	true
TEST_00000171.1	Type_II	2	1	#e6a100	COMPLETE_PREDICTED_WITH_OTHER_PARTIAL	222.24489795918365	349.0	361.0	1	1	0	false	false	[]	false	true
TEST_00000171.1	Type_III	3	0	#ffffff	NOT_DETECTED_AFTER_SUCCESSFUL_SEARCH	222.24489795918365	364.0	376.0	0	0	0	true	false	[]	false	false
TEST_00000171.1	Type_IV	4	NA	#9e9e9e	NOT_RUN_SYNTHETIC_UNKNOWN	222.24489795918365	379.0	391.0	0	0	0	false	false	[]	false	true
TEST_00000172.1	Type_I	1	1	#26828e	COMPLETE_PREDICTED	224.0816326530612	334.0	346.0	1	0	0	true	false	[]	false	false
TEST_00000172.1	Type_II	2	0	#ffffff	NOT_DETECTED_AFTER_SUCCESSFUL_SEARCH	224.0816326530612	349.0	361.0	0	0	0	true	false	[]	false	false
TEST_00000172.1	Type_III	3	NA	#9e9e9e	NOT_RUN_SYNTHETIC_UNKNOWN	224.0816326530612	364.0	376.0	0	0	0	false	false	[]	false	true
TEST_00000172.1	Type_IV	4	1	#d55e00	COMPLETE_PREDICTED	224.0816326530612	379.0	391.0	1	0	0	true	false	[]	false	false
TEST_00000173.1	Type_I	1	0	#ffffff	NOT_DETECTED_AFTER_SUCCESSFUL_SEARCH	225.91836734693874	334.0	346.0	0	0	0	true	false	[]	false	false
TEST_00000173.1	Type_II	2	NA	#9e9e9e	NOT_RUN_SYNTHETIC_UNKNOWN	225.91836734693874	349.0	361.0	0	0	0	false	false	[]	false	true
TEST_00000173.1	Type_III	3	1	#9467bd	COMPLETE_PREDICTED	225.91836734693874	364.0	376.0	1	0	0	true	false	[]	false	false
TEST_00000173.1	Type_IV	4	0	#ffffff	NOT_DETECTED_AFTER_SUCCESSFUL_SEARCH	225.91836734693874	379.0	391.0	0	0	0	true	false	[]	false	false
TEST_00000174.1	Type_I	1	NA	#9e9e9e	NOT_RUN_SYNTHETIC_UNKNOWN	227.7551020408163	334.0	346.0	0	0	0	false	false	[]	false	true
TEST_00000174.1	Type_II	2	1	#e6a100	COMPLETE_PREDICTED	227.7551020408163	349.0	361.0	1	0	0	true	false	[]	false	false
TEST_00000174.1	Type_III	3	0	#ffffff	NOT_DETECTED_AFTER_SUCCESSFUL_SEARCH	227.7551020408163	364.0	376.0	0	0	0	true	false	[]	false	false
TEST_00000174.1	Type_IV	4	NA	#9e9e9e	NOT_RUN_SYNTHETIC_UNKNOWN	227.7551020408163	379.0	391.0	0	0	0	false	false	[]	false	true
TEST_00000175.1	Type_I	1	1	#26828e	COMPLETE_PREDICTED	229.59183673469383	334.0	346.0	1	0	0	true	false	[]	false	false
TEST_00000175.1	Type_II	2	0	#ffffff	NOT_DETECTED_AFTER_SUCCESSFUL_SEARCH	229.59183673469383	349.0	361.0	0	0	0	true	false	[]	false	false
TEST_00000175.1	Type_III	3	NA	#9e9e9e	NOT_RUN_SYNTHETIC_UNKNOWN	229.59183673469383	364.0	376.0	0	0	0	false	false	[]	false	true
TEST_00000175.1	Type_IV	4	1	#d55e00	COMPLETE_PREDICTED	229.59183673469383	379.0	391.0	1	0	0	true	false	[]	false	false
TEST_00000176.1	Type_I	1	0	#ffffff	NOT_DETECTED_AFTER_SUCCESSFUL_SEARCH	231.4285714285714	334.0	346.0	0	0	0	true	false	[]	false	false
TEST_00000176.1	Type_II	2	NA	#9e9e9e	NOT_RUN_SYNTHETIC_UNKNOWN	231.4285714285714	349.0	361.0	0	0	0	false	false	[]	false	true
TEST_00000176.1	Type_III	3	1	#9467bd	COMPLETE_PREDICTED_WITH_OTHER_PARTIAL	231.4285714285714	364.0	376.0	1	1	0	false	false	[]	false	true
TEST_00000176.1	Type_IV	4	0	#ffffff	NOT_DETECTED_AFTER_SUCCESSFUL_SEARCH	231.4285714285714	379.0	391.0	0	0	0	true	false	[]	false	false
TEST_00000177.1	Type_I	1	NA	#9e9e9e	NOT_RUN_SYNTHETIC_UNKNOWN	233.26530612244892	334.0	346.0	0	0	0	false	false	[]	false	true
TEST_00000177.1	Type_II	2	1	#e6a100	COMPLETE_PREDICTED	233.26530612244892	349.0	361.0	1	0	0	true	false	[]	false	false
TEST_00000177.1	Type_III	3	0	#ffffff	NOT_DETECTED_AFTER_SUCCESSFUL_SEARCH	233.26530612244892	364.0	376.0	0	0	0	true	false	[]	false	false
TEST_00000177.1	Type_IV	4	NA	#9e9e9e	NOT_RUN_SYNTHETIC_UNKNOWN	233.26530612244892	379.0	391.0	0	0	0	false	false	[]	false	true
TEST_00000178.1	Type_I	1	1	#26828e	COMPLETE_PREDICTED	235.10204081632656	334.0	346.0	1	0	0	true	false	[]	false	false
TEST_00000178.1	Type_II	2	0	#ffffff	NOT_DETECTED_AFTER_SUCCESSFUL_SEARCH	235.10204081632656	349.0	361.0	0	0	0	true	false	[]	false	false
TEST_00000178.1	Type_III	3	NA	#9e9e9e	NOT_RUN_SYNTHETIC_UNKNOWN	235.10204081632656	364.0	376.0	0	0	0	false	false	[]	false	true
TEST_00000178.1	Type_IV	4	1	#d55e00	COMPLETE_PREDICTED	235.10204081632656	379.0	391.0	1	0	0	true	false	[]	false	false
TEST_00000179.1	Type_I	1	0	#ffffff	NOT_DETECTED_AFTER_SUCCESSFUL_SEARCH	236.9387755102041	334.0	346.0	0	0	0	true	false	[]	false	false
TEST_00000179.1	Type_II	2	NA	#9e9e9e	NOT_RUN_SYNTHETIC_UNKNOWN	236.9387755102041	349.0	361.0	0	0	0	false	false	[]	false	true
TEST_00000179.1	Type_III	3	1	#9467bd	COMPLETE_PREDICTED	236.9387755102041	364.0	376.0	1	0	0	true	false	[]	false	false
TEST_00000179.1	Type_IV	4	0	#ffffff	NOT_DETECTED_AFTER_SUCCESSFUL_SEARCH	236.9387755102041	379.0	391.0	0	0	0	true	false	[]	false	false
TEST_00000180.1	Type_I	1	NA	#9e9e9e	NOT_RUN_SYNTHETIC_UNKNOWN	238.77551020408166	334.0	346.0	0	0	0	false	false	[]	false	true
TEST_00000180.1	Type_II	2	1	#e6a100	COMPLETE_PREDICTED	238.77551020408166	349.0	361.0	1	0	0	true	false	[]	false	false
TEST_00000180.1	Type_III	3	0	#ffffff	NOT_DETECTED_AFTER_SUCCESSFUL_SEARCH	238.77551020408166	364.0	376.0	0	0	0	true	false	[]	false	false
TEST_00000180.1	Type_IV	4	NA	#9e9e9e	NOT_RUN_SYNTHETIC_UNKNOWN	238.77551020408166	379.0	391.0	0	0	0	false	false	[]	false	true
TEST_00000181.1	Type_I	1	1	#26828e	COMPLETE_PREDICTED_WITH_OTHER_PARTIAL	240.6122448979592	334.0	346.0	1	1	0	false	false	[]	false	true
TEST_00000181.1	Type_II	2	0	#ffffff	NOT_DETECTED_AFTER_SUCCESSFUL_SEARCH	240.6122448979592	349.0	361.0	0	0	0	true	false	[]	false	false
TEST_00000181.1	Type_III	3	NA	#9e9e9e	NOT_RUN_SYNTHETIC_UNKNOWN	240.6122448979592	364.0	376.0	0	0	0	false	false	[]	false	true
TEST_00000181.1	Type_IV	4	1	#d55e00	COMPLETE_PREDICTED_WITH_OTHER_PARTIAL	240.6122448979592	379.0	391.0	1	1	0	false	false	[]	false	true
TEST_00000182.1	Type_I	1	0	#ffffff	NOT_DETECTED_AFTER_SUCCESSFUL_SEARCH	242.44897959183675	334.0	346.0	0	0	0	true	false	[]	false	false
TEST_00000182.1	Type_II	2	NA	#9e9e9e	NOT_RUN_SYNTHETIC_UNKNOWN	242.44897959183675	349.0	361.0	0	0	0	false	false	[]	false	true
TEST_00000182.1	Type_III	3	1	#9467bd	COMPLETE_PREDICTED	242.44897959183675	364.0	376.0	1	0	0	true	false	[]	false	false
TEST_00000182.1	Type_IV	4	0	#ffffff	NOT_DETECTED_AFTER_SUCCESSFUL_SEARCH	242.44897959183675	379.0	391.0	0	0	0	true	false	[]	false	false
TEST_00000183.1	Type_I	1	NA	#9e9e9e	NOT_RUN_SYNTHETIC_UNKNOWN	244.28571428571428	334.0	346.0	0	0	0	false	false	[]	false	true
TEST_00000183.1	Type_II	2	1	#e6a100	COMPLETE_PREDICTED	244.28571428571428	349.0	361.0	1	0	0	true	false	[]	false	false
TEST_00000183.1	Type_III	3	0	#ffffff	NOT_DETECTED_AFTER_SUCCESSFUL_SEARCH	244.28571428571428	364.0	376.0	0	0	0	true	false	[]	false	false
TEST_00000183.1	Type_IV	4	NA	#9e9e9e	NOT_RUN_SYNTHETIC_UNKNOWN	244.28571428571428	379.0	391.0	0	0	0	false	false	[]	false	true
TEST_00000184.1	Type_I	1	1	#26828e	COMPLETE_PREDICTED	246.12244897959184	334.0	346.0	1	0	0	true	false	[]	false	false
TEST_00000184.1	Type_II	2	0	#ffffff	NOT_DETECTED_AFTER_SUCCESSFUL_SEARCH	246.12244897959184	349.0	361.0	0	0	0	true	false	[]	false	false
TEST_00000184.1	Type_III	3	NA	#9e9e9e	NOT_RUN_SYNTHETIC_UNKNOWN	246.12244897959184	364.0	376.0	0	0	0	false	false	[]	false	true
TEST_00000184.1	Type_IV	4	1	#d55e00	COMPLETE_PREDICTED	246.12244897959184	379.0	391.0	1	0	0	true	false	[]	false	false
TEST_00000185.1	Type_I	1	0	#ffffff	NOT_DETECTED_AFTER_SUCCESSFUL_SEARCH	247.95918367346937	334.0	346.0	0	0	0	true	false	[]	false	false
TEST_00000185.1	Type_II	2	NA	#9e9e9e	NOT_RUN_SYNTHETIC_UNKNOWN	247.95918367346937	349.0	361.0	0	0	0	false	false	[]	false	true
TEST_00000185.1	Type_III	3	1	#9467bd	COMPLETE_PREDICTED	247.95918367346937	364.0	376.0	1	0	0	true	false	[]	false	false
TEST_00000185.1	Type_IV	4	0	#ffffff	NOT_DETECTED_AFTER_SUCCESSFUL_SEARCH	247.95918367346937	379.0	391.0	0	0	0	true	false	[]	false	false
TEST_00000186.1	Type_I	1	NA	#9e9e9e	NOT_RUN_SYNTHETIC_UNKNOWN	249.79591836734693	334.0	346.0	0	0	0	false	false	[]	false	true
TEST_00000186.1	Type_II	2	1	#e6a100	COMPLETE_PREDICTED_WITH_OTHER_PARTIAL	249.79591836734693	349.0	361.0	1	1	0	false	false	[]	false	true
TEST_00000186.1	Type_III	3	0	#ffffff	NOT_DETECTED_AFTER_SUCCESSFUL_SEARCH	249.79591836734693	364.0	376.0	0	0	0	true	false	[]	false	false
TEST_00000186.1	Type_IV	4	NA	#9e9e9e	NOT_RUN_SYNTHETIC_UNKNOWN	249.79591836734693	379.0	391.0	0	0	0	false	false	[]	false	true
TEST_00000187.1	Type_I	1	1	#26828e	COMPLETE_PREDICTED	251.63265306122446	334.0	346.0	1	0	0	true	false	[]	false	false
TEST_00000187.1	Type_II	2	0	#ffffff	NOT_DETECTED_AFTER_SUCCESSFUL_SEARCH	251.63265306122446	349.0	361.0	0	0	0	true	false	[]	false	false
TEST_00000187.1	Type_III	3	NA	#9e9e9e	NOT_RUN_SYNTHETIC_UNKNOWN	251.63265306122446	364.0	376.0	0	0	0	false	false	[]	false	true
TEST_00000187.1	Type_IV	4	1	#d55e00	COMPLETE_PREDICTED	251.63265306122446	379.0	391.0	1	0	0	true	false	[]	false	false
TEST_00000188.1	Type_I	1	0	#ffffff	NOT_DETECTED_AFTER_SUCCESSFUL_SEARCH	253.46938775510205	334.0	346.0	0	0	0	true	false	[]	false	false
TEST_00000188.1	Type_II	2	NA	#9e9e9e	NOT_RUN_SYNTHETIC_UNKNOWN	253.46938775510205	349.0	361.0	0	0	0	false	false	[]	false	true
TEST_00000188.1	Type_III	3	1	#9467bd	COMPLETE_PREDICTED	253.46938775510205	364.0	376.0	1	0	0	true	false	[]	false	false
TEST_00000188.1	Type_IV	4	0	#ffffff	NOT_DETECTED_AFTER_SUCCESSFUL_SEARCH	253.46938775510205	379.0	391.0	0	0	0	true	false	[]	false	false
TEST_00000189.1	Type_I	1	NA	#9e9e9e	NOT_RUN_SYNTHETIC_UNKNOWN	255.3061224489796	334.0	346.0	0	0	0	false	false	[]	false	true
TEST_00000189.1	Type_II	2	1	#e6a100	COMPLETE_PREDICTED	255.3061224489796	349.0	361.0	1	0	0	true	false	[]	false	false
TEST_00000189.1	Type_III	3	0	#ffffff	NOT_DETECTED_AFTER_SUCCESSFUL_SEARCH	255.3061224489796	364.0	376.0	0	0	0	true	false	[]	false	false
TEST_00000189.1	Type_IV	4	NA	#9e9e9e	NOT_RUN_SYNTHETIC_UNKNOWN	255.3061224489796	379.0	391.0	0	0	0	false	false	[]	false	true
TEST_00000190.1	Type_I	1	1	#26828e	COMPLETE_PREDICTED	257.14285714285717	334.0	346.0	1	0	0	true	false	[]	false	false
TEST_00000190.1	Type_II	2	0	#ffffff	NOT_DETECTED_AFTER_SUCCESSFUL_SEARCH	257.14285714285717	349.0	361.0	0	0	0	true	false	[]	false	false
TEST_00000190.1	Type_III	3	NA	#9e9e9e	NOT_RUN_SYNTHETIC_UNKNOWN	257.14285714285717	364.0	376.0	0	0	0	false	false	[]	false	true
TEST_00000190.1	Type_IV	4	1	#d55e00	COMPLETE_PREDICTED	257.14285714285717	379.0	391.0	1	0	0	true	false	[]	false	false
TEST_00000191.1	Type_I	1	0	#ffffff	NOT_DETECTED_AFTER_SUCCESSFUL_SEARCH	258.9795918367347	334.0	346.0	0	0	0	true	false	[]	false	false
TEST_00000191.1	Type_II	2	NA	#9e9e9e	NOT_RUN_SYNTHETIC_UNKNOWN	258.9795918367347	349.0	361.0	0	0	0	false	false	[]	false	true
TEST_00000191.1	Type_III	3	1	#9467bd	COMPLETE_PREDICTED_WITH_OTHER_PARTIAL	258.9795918367347	364.0	376.0	1	1	0	false	false	[]	false	true
TEST_00000191.1	Type_IV	4	0	#ffffff	NOT_DETECTED_AFTER_SUCCESSFUL_SEARCH	258.9795918367347	379.0	391.0	0	0	0	true	false	[]	false	false
TEST_00000192.1	Type_I	1	NA	#9e9e9e	NOT_RUN_SYNTHETIC_UNKNOWN	260.81632653061223	334.0	346.0	0	0	0	false	false	[]	false	true
TEST_00000192.1	Type_II	2	1	#e6a100	COMPLETE_PREDICTED	260.81632653061223	349.0	361.0	1	0	0	true	false	[]	false	false
TEST_00000192.1	Type_III	3	0	#ffffff	NOT_DETECTED_AFTER_SUCCESSFUL_SEARCH	260.81632653061223	364.0	376.0	0	0	0	true	false	[]	false	false
TEST_00000192.1	Type_IV	4	NA	#9e9e9e	NOT_RUN_SYNTHETIC_UNKNOWN	260.81632653061223	379.0	391.0	0	0	0	false	false	[]	false	true
TEST_00000193.1	Type_I	1	1	#26828e	COMPLETE_PREDICTED	262.65306122448976	334.0	346.0	1	0	0	true	false	[]	false	false
TEST_00000193.1	Type_II	2	0	#ffffff	NOT_DETECTED_AFTER_SUCCESSFUL_SEARCH	262.65306122448976	349.0	361.0	0	0	0	true	false	[]	false	false
TEST_00000193.1	Type_III	3	NA	#9e9e9e	NOT_RUN_SYNTHETIC_UNKNOWN	262.65306122448976	364.0	376.0	0	0	0	false	false	[]	false	true
TEST_00000193.1	Type_IV	4	1	#d55e00	COMPLETE_PREDICTED	262.65306122448976	379.0	391.0	1	0	0	true	false	[]	false	false
TEST_00000194.1	Type_I	1	0	#ffffff	NOT_DETECTED_AFTER_SUCCESSFUL_SEARCH	264.4897959183673	334.0	346.0	0	0	0	true	false	[]	false	false
TEST_00000194.1	Type_II	2	NA	#9e9e9e	NOT_RUN_SYNTHETIC_UNKNOWN	264.4897959183673	349.0	361.0	0	0	0	false	false	[]	false	true
TEST_00000194.1	Type_III	3	1	#9467bd	COMPLETE_PREDICTED	264.4897959183673	364.0	376.0	1	0	0	true	false	[]	false	false
TEST_00000194.1	Type_IV	4	0	#ffffff	NOT_DETECTED_AFTER_SUCCESSFUL_SEARCH	264.4897959183673	379.0	391.0	0	0	0	true	false	[]	false	false
TEST_00000195.1	Type_I	1	NA	#9e9e9e	NOT_RUN_SYNTHETIC_UNKNOWN	266.3265306122449	334.0	346.0	0	0	0	false	false	[]	false	true
TEST_00000195.1	Type_II	2	1	#e6a100	COMPLETE_PREDICTED	266.3265306122449	349.0	361.0	1	0	0	true	false	[]	false	false
TEST_00000195.1	Type_III	3	0	#ffffff	NOT_DETECTED_AFTER_SUCCESSFUL_SEARCH	266.3265306122449	364.0	376.0	0	0	0	true	false	[]	false	false
TEST_00000195.1	Type_IV	4	NA	#9e9e9e	NOT_RUN_SYNTHETIC_UNKNOWN	266.3265306122449	379.0	391.0	0	0	0	false	false	[]	false	true
TEST_00000196.1	Type_I	1	1	#26828e	COMPLETE_PREDICTED_WITH_OTHER_PARTIAL	268.1632653061224	334.0	346.0	1	1	0	false	false	[]	false	true
TEST_00000196.1	Type_II	2	0	#ffffff	NOT_DETECTED_AFTER_SUCCESSFUL_SEARCH	268.1632653061224	349.0	361.0	0	0	0	true	false	[]	false	false
TEST_00000196.1	Type_III	3	NA	#9e9e9e	NOT_RUN_SYNTHETIC_UNKNOWN	268.1632653061224	364.0	376.0	0	0	0	false	false	[]	false	true
TEST_00000196.1	Type_IV	4	1	#d55e00	COMPLETE_PREDICTED_WITH_OTHER_PARTIAL	268.1632653061224	379.0	391.0	1	1	0	false	false	[]	false	true
