assembly_accession	member	bytes	sha256
GCF_000009425.1	README.md	1593	4b40504b9d718336b19ce451ff7e117494105e58e2351fee9563af7886320eec
GCF_000009425.1	ncbi_dataset/data/assembly_data_report.jsonl	3386	6b876869820d5bb0da3845fab4c70d9df804244f41dc099c9e9f14b2fa3a05d9
GCF_000009425.1	ncbi_dataset/data/GCF_000009425.1/cds_from_genomic.fna	2668471	0629b9084c5a8f0553214d884d0d0973df70bca1da68842d790e018659b6a2af
GCF_000009425.1	ncbi_dataset/data/GCF_000009425.1/genomic.gbff	6637505	40132533d80b27bf63c28c77bca20397a22cd95663e27795d1c9a2d6aaa6b36f
GCF_000009425.1	ncbi_dataset/data/GCF_000009425.1/GCF_000009425.1_ASM942v1_genomic.fna	2561173	6abb92b5ce35b0692b615d78345c416fdab256b72e5607aa69e6edfd63217521
GCF_000009425.1	ncbi_dataset/data/GCF_000009425.1/genomic.gff	1557920	2f23e488f6b18eba96c7c067dd0acf5112c4f711c657b87fe68912dee80479f3
GCF_000009425.1	ncbi_dataset/data/GCF_000009425.1/protein.faa	861020	acac74be510833ef881c7065c3b4873883e98f6ffbab889077a7e427acc81196
GCF_000009425.1	ncbi_dataset/data/GCF_000009425.1/sequence_report.jsonl	314	ce39dbae1666298058048b27af522fe77454932301908b886c88fad0bbcf89a9
GCF_000009425.1	ncbi_dataset/data/dataset_catalog.json	1143	d4d198726165ab171d1af1e5e9b5b5b394705632c22088ae8ea49ba8efa3ba09
GCF_000009425.1	md5sum.txt	677	8dc45faf901d76b91ac97a112c1c4e60a891bbf65abb62b4ace4592879b64b3b
GCF_000010145.1	README.md	1593	4b40504b9d718336b19ce451ff7e117494105e58e2351fee9563af7886320eec
GCF_000010145.1	ncbi_dataset/data/assembly_data_report.jsonl	2882	932569b8cd0abccf7047ecf66a1bff85dd47cc0b655226180cd4163e747282d1
GCF_000010145.1	ncbi_dataset/data/GCF_000010145.1/cds_from_genomic.fna	2224595	dcae6eefdbd390d8cb6abcdf88fff0ba1161c2ac7d8d427580ec496dd7375572
GCF_000010145.1	ncbi_dataset/data/GCF_000010145.1/genomic.gbff	5494221	c8c70f5effc1ec6e268c804db36da1be40a197430f05122a0ab5923204f1767d
GCF_000010145.1	ncbi_dataset/data/GCF_000010145.1/GCF_000010145.1_ASM1014v1_genomic.fna	2124990	5b8e1d8c514eca6cf1849b68904c5458998060d3f99f80530a09502e5c28fd39
GCF_000010145.1	ncbi_dataset/data/GCF_000010145.1/genomic.gff	1332508	d218e0bf9de22824c924db1cf6ab3a81a41b5c0f239442af74be8e3cb8b1a433
GCF_000010145.1	ncbi_dataset/data/GCF_000010145.1/protein.faa	728720	0a570a00b9c63eed6b4e52ec15f58c0331bb811b6b2eb76e5336a36b7acdd745
GCF_000010145.1	ncbi_dataset/data/GCF_000010145.1/sequence_report.jsonl	315	aae53a18e94c76a2dff6a3e8c7fa4887a67a942e2daae759555feee4864ed8f6
GCF_000010145.1	ncbi_dataset/data/dataset_catalog.json	1144	a69db250ca6c9215dd82e5d9a42ac9a98140851dc611f648b7f21036240fc784
GCF_000010145.1	md5sum.txt	678	e6027b21a7e77e74f94a623e8712e29900a42700e8f57097ee5f5a18ac9e4a1f
GCF_000011045.1	README.md	1593	4b40504b9d718336b19ce451ff7e117494105e58e2351fee9563af7886320eec
GCF_000011045.1	ncbi_dataset/data/assembly_data_report.jsonl	2943	b027bbf8b13348812fb7a2754ed66ea715dc05b97a6e1ea48993fc60dda20ff7
GCF_000011045.1	ncbi_dataset/data/GCF_000011045.1/cds_from_genomic.fna	3069773	5e0d504948ac06fde72a2f1aae1e532b806dec0cf3598aa830e710f7f40d138c
GCF_000011045.1	ncbi_dataset/data/GCF_000011045.1/genomic.gbff	7635646	e22abc716471e96f109c3be984d0ff0ac9fecf829aeb455063d7945550615a2f
GCF_000011045.1	ncbi_dataset/data/GCF_000011045.1/GCF_000011045.1_ASM1104v1_genomic.fna	3042679	3eb417f75e9abfd363f6b90208b11c407de779157bbb817ae2cbde115091a456
GCF_000011045.1	ncbi_dataset/data/GCF_000011045.1/genomic.gff	1745110	743f323fd3560cd2618f95f8cfb82a893110321b86dcf6c7ba0976d81bc38a30
GCF_000011045.1	ncbi_dataset/data/GCF_000011045.1/protein.faa	1037498	f4ef4657146342ce297b4f22d0ed5cb8b2a4cf0a13e19af177da2f8764fb0715
GCF_000011045.1	ncbi_dataset/data/GCF_000011045.1/sequence_report.jsonl	315	7fbeb51e351935f4613382d83d2f0964e61fc3e3da332bda5e42914e0e68481f
GCF_000011045.1	ncbi_dataset/data/dataset_catalog.json	1145	3b0dff789c418a210540cb2fa5f921834c2cbccf838e5a4bcc217a7dcdcd144c
GCF_000011045.1	md5sum.txt	678	ade47f216b1f39c191372e9e843b0786d114f7015deea754466e1beff11302fd
GCF_000014385.1	README.md	1593	4b40504b9d718336b19ce451ff7e117494105e58e2351fee9563af7886320eec
GCF_000014385.1	ncbi_dataset/data/assembly_data_report.jsonl	3805	52acebd034a48208db9f0a71b2760ae0dfb80cbb1789e15e0f186c109871cc53
GCF_000014385.1	ncbi_dataset/data/GCF_000014385.1/cds_from_genomic.fna	1926767	47405fa316edaa295e518e2e7bfbd1057344153b889938f4b06129d3a7788b09
GCF_000014385.1	ncbi_dataset/data/GCF_000014385.1/genomic.gbff	4758307	32e06836f728cab7dc2e8ad15ea676d398ff05a2f82a5543634ede7844f29dfc
GCF_000014385.1	ncbi_dataset/data/GCF_000014385.1/GCF_000014385.1_ASM1438v1_genomic.fna	1802828	51ae10d185682d1ffa24bddcd18dc2b9bb8a60f62e3b0118a9eb047c29eb9c99
GCF_000014385.1	ncbi_dataset/data/GCF_000014385.1/genomic.gff	1173574	0b9ef5361388cf34f82f2ab1f55520ad3c65f72850fc7f4e261c2ff0126db1a5
GCF_000014385.1	ncbi_dataset/data/GCF_000014385.1/protein.faa	619506	a5ee479d904ee55fb4576b0259f812df3a491742ff6d1f5ac8c7a7600c28385d
GCF_000014385.1	ncbi_dataset/data/GCF_000014385.1/sequence_report.jsonl	314	f62973feb10231551568403f2b79a660899d41cad2e8a2ddb6fd8b748527242d
GCF_000014385.1	ncbi_dataset/data/dataset_catalog.json	1144	2950bfce348973acf8f24cc9b6dd2d515393f1cd7ec0267fa7f7f6da654f0f6f
GCF_000014385.1	md5sum.txt	678	65bb31519d5913401277ade73fc1eca8fea8a172c2c09dfa89a5935d4cac640d
GCF_000014425.1	README.md	1593	4b40504b9d718336b19ce451ff7e117494105e58e2351fee9563af7886320eec
GCF_000014425.1	ncbi_dataset/data/assembly_data_report.jsonl	4327	01246c7f4db137e1228626cda57001ebc82b3831e1ff7a636b6e44bff8bb8ac3
GCF_000014425.1	ncbi_dataset/data/GCF_000014425.1/cds_from_genomic.fna	2096686	c0d2bb20e38b1679fd6f7cfcd1892f4e517b8f2d234255775463877aef3d7a06
GCF_000014425.1	ncbi_dataset/data/GCF_000014425.1/genomic.gbff	5160390	32e962f94736c44911ce3b38e3ad8f431df5115dcb45c97765bbdac47280b0ff
GCF_000014425.1	ncbi_dataset/data/GCF_000014425.1/GCF_000014425.1_ASM1442v1_genomic.fna	1918116	dd5875a7477a8f545533856276318220711bf30cee8c9460ce526740636eb6d2
GCF_000014425.1	ncbi_dataset/data/GCF_000014425.1/genomic.gff	1263293	7e66734cddc1591080897092f8da10bf68714bbbcb661b1c3b1d032f67c8e70d
GCF_000014425.1	ncbi_dataset/data/GCF_000014425.1/protein.faa	666811	a8e77589b70aef683736c4b000840432bd2fb297e7cf65764ba0f0cf35f40490
GCF_000014425.1	ncbi_dataset/data/GCF_000014425.1/sequence_report.jsonl	314	df61cd5c34a7c2bf3082678860e1375e7ac6ba559d83037d3168348d905cbb2f
GCF_000014425.1	ncbi_dataset/data/dataset_catalog.json	1144	d0ace84bc8698761374d076961e656faba399ecc65cb2b342c00fbb8f91631d2
GCF_000014425.1	md5sum.txt	678	7d601b7504d70012c831b3cc0efe13ae3e32dc26a880570e3442fc7e841c7c52
GCF_000014445.1	README.md	1593	4b40504b9d718336b19ce451ff7e117494105e58e2351fee9563af7886320eec
GCF_000014445.1	ncbi_dataset/data/assembly_data_report.jsonl	4247	dea50fcbe5cee86ecd6b3704b4c712a77555efaa5debf33eb8f5e1a5f5880e06
GCF_000014445.1	ncbi_dataset/data/GCF_000014445.1/cds_from_genomic.fna	2287519	fc1e3ef7fe39db9d3bd7a733cd5744005e571cdf0215d051a4a78cbb4b4e1dbe
GCF_000014445.1	ncbi_dataset/data/GCF_000014445.1/genomic.gbff	5724099	ff53d71396bf59f50eb1b356beb3c97e9627642dc9f41b1a727639e428214267
GCF_000014445.1	ncbi_dataset/data/GCF_000014445.1/GCF_000014445.1_ASM1444v1_genomic.fna	2101904	b351ae6f33cc5e561b70523f5a1fd3b2d227318b8a34cf01976534d664542ce2
GCF_000014445.1	ncbi_dataset/data/GCF_000014445.1/genomic.gff	1411764	9be892679b8ef0b17db591eb2c2379f01f1105d69b7291db589ff4317556e00f
GCF_000014445.1	ncbi_dataset/data/GCF_000014445.1/protein.faa	768240	8af795a97ecb3674327aedc61d83903e628a59d85388c0abcef0baa10751758d
GCF_000014445.1	ncbi_dataset/data/GCF_000014445.1/sequence_report.jsonl	628	6c4669b121461b55cf938d5c58535604513b13cae9cee3bf52ab2d66898a4c6a
GCF_000014445.1	ncbi_dataset/data/dataset_catalog.json	1144	f071385fd60b0b1419bf9adb4a7d694dc7dc989f32b4315d264c7511a1e75662
GCF_000014445.1	md5sum.txt	678	14ec37da3c050d518c973e7dcb2b41af0e6659f0e470402822577257e4367eb2
GCF_000014505.1	README.md	1593	4b40504b9d718336b19ce451ff7e117494105e58e2351fee9563af7886320eec
GCF_000014505.1	ncbi_dataset/data/assembly_data_report.jsonl	4112	595d2025e5dae138862a5708e5a1116e1fb619eea4aba4fa0ac48e4443edb54a
GCF_000014505.1	ncbi_dataset/data/GCF_000014505.1/cds_from_genomic.fna	2010654	ce6642d4f3082ad4ce50d019b59a731e358fe6142da48365eba3ab1d394121cf
GCF_000014505.1	ncbi_dataset/data/GCF_000014505.1/genomic.gbff	5021079	7c5e5143325e2bf7a16b34cf1bb0167e88b57f09c24ccfded7d5d450133b4a2b
GCF_000014505.1	ncbi_dataset/data/GCF_000014505.1/GCF_000014505.1_ASM1450v1_genomic.fna	1855359	6863549ebfa9da08be51ad101c4efc391b00767f5da164116389df2e87506526
GCF_000014505.1	ncbi_dataset/data/GCF_000014505.1/genomic.gff	1224317	a584b224003e5d6984fb49e009b8017130b6de313bd76d40f1e7bd086829ec5a
GCF_000014505.1	ncbi_dataset/data/GCF_000014505.1/protein.faa	675700	91c30e91756f5cd3d3aa693eb12ac8767d32660d98c578cdff3efb49c0c0583a
GCF_000014505.1	ncbi_dataset/data/GCF_000014505.1/sequence_report.jsonl	314	db991a966af252a92bb3945cc1d10fdd4e99efc8e98e7bee6f7a96a74de49806
GCF_000014505.1	ncbi_dataset/data/dataset_catalog.json	1144	2e0e24bb03a039ace8a30dbbe38ce90b32b6ba0550254deabf1c2a0eb857fa42
GCF_000014505.1	md5sum.txt	678	645c8915a39eb00a01e86079252795a26e7615a040e2e1f9b5931ca05c8f507e
GCF_000014545.1	README.md	1593	4b40504b9d718336b19ce451ff7e117494105e58e2351fee9563af7886320eec
GCF_000014545.1	ncbi_dataset/data/assembly_data_report.jsonl	3920	6eaaa79f5bdc29d7dcd05963c68cef1a1bc34c87b8102f0be244f959cf2dd5d0
GCF_000014545.1	ncbi_dataset/data/GCF_000014545.1/cds_from_genomic.fna	2733710	a89f15d5cb1f5156b9ca401bcc409c17f8042e209c9eda7ef87430ce83551c86
GCF_000014545.1	ncbi_dataset/data/GCF_000014545.1/genomic.gbff	6808876	f8a89afa47dff3962cf8444efebd8b9aa9f5a0ca7ab727867fb6a7b2aa617a22
GCF_000014545.1	ncbi_dataset/data/GCF_000014545.1/GCF_000014545.1_ASM1454v1_genomic.fna	2631325	52db9d8f2b92b5ce199397e14136cb452410ebb89abe955d29cea81729cc36ad
GCF_000014545.1	ncbi_dataset/data/GCF_000014545.1/genomic.gff	1670535	6880a5703c00bc50335af0fb77accc38f5f2be7f9cc1dc1cab4460757e813311
GCF_000014545.1	ncbi_dataset/data/GCF_000014545.1/protein.faa	863644	e8b22c677af88413942bcc6f88ac065d843add8df780861961452920b64e4b04
GCF_000014545.1	ncbi_dataset/data/GCF_000014545.1/sequence_report.jsonl	1830	b663391aa956f0418a4ee549be40aded98d83f9281a160f36d87cd4957241bd7
GCF_000014545.1	ncbi_dataset/data/dataset_catalog.json	1145	3ea553799cb1f497ead55a020f49fc69683a386e0a67f1bdeb4847ae29df7de1
GCF_000014545.1	md5sum.txt	678	99056904197c8054cff8f379a9a848cbb3e0e54cd24f94a4a02fe94a3b407140
GCF_000015385.1	README.md	1593	4b40504b9d718336b19ce451ff7e117494105e58e2351fee9563af7886320eec
GCF_000015385.1	ncbi_dataset/data/assembly_data_report.jsonl	3169	458c6851f198309620089db1e556cf270a4945499807972ae3d78af2572e300e
GCF_000015385.1	ncbi_dataset/data/GCF_000015385.1/cds_from_genomic.fna	2228873	d5df219a4c8bf21c4f6e49c4de5767f7d960b277dff3383d9b87fab931ba487b
GCF_000015385.1	ncbi_dataset/data/GCF_000015385.1/genomic.gbff	5382952	203aa8f99c2ae1d856b3231d8879f4ffbfcd6b9d18301e4d3a1036cfce17917c
GCF_000015385.1	ncbi_dataset/data/GCF_000015385.1/GCF_000015385.1_ASM1538v1_genomic.fna	2107009	35d8a197dcc169b53614d22dbaeea7218f914dcf5920d58e35e813c35a83f05d
GCF_000015385.1	ncbi_dataset/data/GCF_000015385.1/genomic.gff	1321876	efc0c8e62683e8dbd1b4f9283c0aab0429de32ae031c19eb4d9bf7218cde888a
GCF_000015385.1	ncbi_dataset/data/GCF_000015385.1/protein.faa	654537	5a2d55096c489859b54ec174694dd3be2d295d5b33982478ae65381826a02d70
GCF_000015385.1	ncbi_dataset/data/GCF_000015385.1/sequence_report.jsonl	314	bae3169e32d7d772b88d9028b437021c0c045a38487ed7f312bebce8f53e6d37
GCF_000015385.1	ncbi_dataset/data/dataset_catalog.json	1144	c0fb212befe196b2782c7c542ee919aa5e2b932ccbadac9a4fe3aafec50a43a8
GCF_000015385.1	md5sum.txt	678	e3a40a2bc7faa554c17d754928f1e64675332d7013a2a0236d601baea1914ff7
GCF_000016825.1	README.md	1593	4b40504b9d718336b19ce451ff7e117494105e58e2351fee9563af7886320eec
GCF_000016825.1	ncbi_dataset/data/assembly_data_report.jsonl	4294	32ea419761aa75bc5b7ea4faf6489aa33f318a091112c12dc8dac6172a7d12af
GCF_000016825.1	ncbi_dataset/data/GCF_000016825.1/cds_from_genomic.fna	2129328	9a78c0343afbc36fa7fc20a800ac9c8ad3302e82dd54d81fb76d3a91f3a80e55
GCF_000016825.1	ncbi_dataset/data/GCF_000016825.1/genomic.gbff	5287309	cf07f00af3ef374f62cac6849d948e94e3c714a76007ea2473ac56f179c95b77
GCF_000016825.1	ncbi_dataset/data/GCF_000016825.1/GCF_000016825.1_ASM1682v1_genomic.fna	2024710	4883e5f6965a0a42ca09a9c33021fe049dbecab965cc70141d3555f773927aad
GCF_000016825.1	ncbi_dataset/data/GCF_000016825.1/genomic.gff	1283010	4da119a883a0b8982a67679cf0418f824413deccbe60a88967e9ee78d5d2e048
GCF_000016825.1	ncbi_dataset/data/GCF_000016825.1/protein.faa	711889	1d55785c203ab5ca05bfacd6cbfa8cdd4d0e8bd0930f86aaf949ad637d7fe654
GCF_000016825.1	ncbi_dataset/data/GCF_000016825.1/sequence_report.jsonl	314	69dfae4b1a9ba2000550169637df3470e63f0a33ec57389c183a8d514cdbae84
GCF_000016825.1	ncbi_dataset/data/dataset_catalog.json	1144	340b0bfb97bea85752bb08603df90782e16d3f8310004b9c4bfde7b1af21ed90
GCF_000016825.1	md5sum.txt	678	5a5cd3c38b04cfd8deb650e3f71f62bfee9a8b2b1d652921e85c0db594e0f854
GCF_000023085.1	README.md	1593	4b40504b9d718336b19ce451ff7e117494105e58e2351fee9563af7886320eec
GCF_000023085.1	ncbi_dataset/data/assembly_data_report.jsonl	3260	8591fc00e9b2c70408661e4a9cba96ff61e9737ba13179c19b4c1c4cdfa175a7
GCF_000023085.1	ncbi_dataset/data/GCF_000023085.1/cds_from_genomic.fna	3274437	b4ae90d8ea43a3f254bc59674b651fc0b82deed1ff342f0032a21d6ff486f5a6
GCF_000023085.1	ncbi_dataset/data/GCF_000023085.1/genomic.gbff	8173338	dd3ea6c504bc0d00b6775d442669be602f4182e8aa994707c36a1083193e9b75
GCF_000023085.1	ncbi_dataset/data/GCF_000023085.1/GCF_000023085.1_ASM2308v1_genomic.fna	3237798	197a67d653f6d1b0b38f02911ce0752d4e5136a0e55f4c99723514d3f23b6c3e
GCF_000023085.1	ncbi_dataset/data/GCF_000023085.1/genomic.gff	1885127	63645a5a0ca3386d6abefffdad5cf5099fe4120142cadb5bcc44afcedc1333e1
GCF_000023085.1	ncbi_dataset/data/GCF_000023085.1/protein.faa	1134318	edcc0df90f5ac69d66674d57df90a76bc6cee6c6f192e0b5fea8deec49d5e878
GCF_000023085.1	ncbi_dataset/data/GCF_000023085.1/sequence_report.jsonl	315	300a019a664a4645a97f584caa7918f1c4bb8cd8db607a1eb0450ec644c55898
GCF_000023085.1	ncbi_dataset/data/dataset_catalog.json	1145	83fd7d0cd402de7beb1bbc21a035fa157ce7edd6cfdc786ee9c25e1f380795a2
GCF_000023085.1	md5sum.txt	678	5dfcab7ee7437038c7a9dca0d26c63341f622404162ed5b50012e1850f6d2bc0
GCF_000025045.1	README.md	1593	4b40504b9d718336b19ce451ff7e117494105e58e2351fee9563af7886320eec
GCF_000025045.1	ncbi_dataset/data/assembly_data_report.jsonl	3431	13e0c7883502419fc25d7ea398f53f9ee1c1c10c02fe97a3b17d9afdf65ffb0e
GCF_000025045.1	ncbi_dataset/data/GCF_000025045.1/cds_from_genomic.fna	2770621	6dc405cfdf442b40a4b6f0ed94034ec92edd024af845b6700822fbab97d8cca6
GCF_000025045.1	ncbi_dataset/data/GCF_000025045.1/genomic.gbff	6883210	b46da9ac98c41d48df04ea9a355c682e85919b7e9eda38106087465871ca563d
GCF_000025045.1	ncbi_dataset/data/GCF_000025045.1/GCF_000025045.1_ASM2504v1_genomic.fna	2668758	94a910d902284373d65aa66138263d13f4c7dc9a81b1ea075c36362c3a28b5c8
GCF_000025045.1	ncbi_dataset/data/GCF_000025045.1/genomic.gff	1631425	41c15a6079383d7918867f02c89cfd560a6b7a1ba2d83a56d1a00e1b732bc9d5
GCF_000025045.1	ncbi_dataset/data/GCF_000025045.1/protein.faa	934233	6567d2c9fd7f28c8781d77c76f2ddbd1093e4b8389b3f1b005f999609e9905c7
GCF_000025045.1	ncbi_dataset/data/GCF_000025045.1/sequence_report.jsonl	630	eb7cc46ffc01ca1e52f5b2d16987fd538d6b4c7300a9867d314863397b4f2ff1
GCF_000025045.1	ncbi_dataset/data/dataset_catalog.json	1144	10ca05f6ca340ae2c5948913cedcac5a194770c840be0fff394f7d32456a5f61
GCF_000025045.1	md5sum.txt	678	d37d1e949a5a61f1844b796ea0a47103e6af0475e3ebc76de5905b526a820523
GCF_000026405.1	README.md	1593	4b40504b9d718336b19ce451ff7e117494105e58e2351fee9563af7886320eec
GCF_000026405.1	ncbi_dataset/data/assembly_data_report.jsonl	3067	7e00eebc753e2210ede3f21c900f39ce7dba8afa7d970f6c4930646ce883c08a
GCF_000026405.1	ncbi_dataset/data/GCF_000026405.1/cds_from_genomic.fna	2045834	70707f643a3128408c5b5e1b79913ce48329ebd35d8305073fc84ddc9b3d3a59
GCF_000026405.1	ncbi_dataset/data/GCF_000026405.1/genomic.gbff	5058636	80ed9faa1267344336d133ea14d1078aa3fcb97877546d2b34462fcd4e8eedcf
GCF_000026405.1	ncbi_dataset/data/GCF_000026405.1/GCF_000026405.1_ASM2640v1_genomic.fna	1920665	473ff532c9cf090207132c8d6291516d286e330ba963d56144ac9df49d21a3ca
GCF_000026405.1	ncbi_dataset/data/GCF_000026405.1/genomic.gff	1213475	cc5b0a4147ea3b142cd5d9d78fcdea7c0774a021cd4d1a7c628c15d08c312918
GCF_000026405.1	ncbi_dataset/data/GCF_000026405.1/protein.faa	690371	f3af9f9ac0de4679cf41998ebaf4aafaaa289bbf703aaebc11692e3ba3338ab1
GCF_000026405.1	ncbi_dataset/data/GCF_000026405.1/sequence_report.jsonl	1560	bf7b57e3a888785c9758f57e8a7bed1b701e68889d2e6923af9e8131e6c92ac3
GCF_000026405.1	ncbi_dataset/data/dataset_catalog.json	1145	a2ffec472ac91f81b05abf441fa50e40837ef97f8d0a9423d6b3ee0906da2124
GCF_000026405.1	md5sum.txt	678	869e1dd30681372935716e21567b934ff1c59f71c4bcd9ca3e81c99bdf9075fb
GCF_000092505.1	README.md	1593	4b40504b9d718336b19ce451ff7e117494105e58e2351fee9563af7886320eec
GCF_000092505.1	ncbi_dataset/data/assembly_data_report.jsonl	3211	1e2c12e0aefeab9dccc99cf2b4a61c7815e6b3fdad2401a26b20ea1c1632f66e
GCF_000092505.1	ncbi_dataset/data/GCF_000092505.1/cds_from_genomic.fna	2252114	04d996b59eef886df73ddcc0fd6ecb8372574b768e89d04a128183e91df8ab59
GCF_000092505.1	ncbi_dataset/data/GCF_000092505.1/genomic.gbff	5612239	57858500a939174630e807bd5b7ed7195c4bea225ac4a84999db7d6ddbff067b
GCF_000092505.1	ncbi_dataset/data/GCF_000092505.1/GCF_000092505.1_ASM9250v1_genomic.fna	2128535	3b1fcb2780662692967821d9c3b52a01a16ead3e19b23622311c34ec81898be0
GCF_000092505.1	ncbi_dataset/data/GCF_000092505.1/genomic.gff	1349500	9bdab00465db7fd94db18b959b5ab42a5efe1940d99d0a93fbc26dc8a639ca26
GCF_000092505.1	ncbi_dataset/data/GCF_000092505.1/protein.faa	772782	94bb5efa67c4283984ea809ac06c0bfd4973f45815f21e03e1dc60dae834ec8e
GCF_000092505.1	ncbi_dataset/data/GCF_000092505.1/sequence_report.jsonl	1905	a45d969066ff83e3afe88b342d44fe900cc5d3cc537c35dbd1262b73232a22e7
GCF_000092505.1	ncbi_dataset/data/dataset_catalog.json	1145	b91317d1458ece54f9df9edde3eed447bb927e954089d2844cab7a7898ee9993
GCF_000092505.1	md5sum.txt	678	e4c666687f041bffbd0ceee33cf8c3f9673d6df65778420d5d9927f32d417086
GCF_000148815.2	README.md	1593	4b40504b9d718336b19ce451ff7e117494105e58e2351fee9563af7886320eec
GCF_000148815.2	ncbi_dataset/data/assembly_data_report.jsonl	4990	fe804bdeefc6a0bbcc800fae2075487eee772c2643f26175136f977de479be66
GCF_000148815.2	ncbi_dataset/data/GCF_000148815.2/cds_from_genomic.fna	3376458	5f768eca680f0e42af44800ffe7021f6bdfe8727af2db4b3e85f2a4f0245026e
GCF_000148815.2	ncbi_dataset/data/GCF_000148815.2/genomic.gbff	8486046	915bb08ec7bbd08bcbc1e2b01faa263e55d27dfc9b557a34b64f189f9fb02012
GCF_000148815.2	ncbi_dataset/data/GCF_000148815.2/GCF_000148815.2_ASM14881v1_genomic.fna	3349440	68848025460d94c7c5bed32e063d8d57cfb9bfa8086f8654765ff318f0dfba91
GCF_000148815.2	ncbi_dataset/data/GCF_000148815.2/genomic.gff	1963256	41223bb2c888a6d7f120f7279416476ee708a2510218a31e52df964d547a3fe4
GCF_000148815.2	ncbi_dataset/data/GCF_000148815.2/protein.faa	1173293	11921df99ad69b82aca5268dcbb2daeede00ba285e3f27a2121090699b540236
GCF_000148815.2	ncbi_dataset/data/GCF_000148815.2/sequence_report.jsonl	631	bb46fed8c35b2837a141b3a74eb9cc83a2eb4b31d53e62ec5261170141255f2a
GCF_000148815.2	ncbi_dataset/data/dataset_catalog.json	1308	2ca3c21ac734d31aa4cf0d212768042a33d9132eee6232f522768e76d75a52e8
GCF_000148815.2	md5sum.txt	679	1b225091330c8c0f801c35e347eed8bf281322de0a374710c8b90d5dab431cc6
GCF_000155515.2	README.md	1593	4b40504b9d718336b19ce451ff7e117494105e58e2351fee9563af7886320eec
GCF_000155515.2	ncbi_dataset/data/assembly_data_report.jsonl	7378	3daf81fb2282b2e53f0b8a27cb5dbce3077de6915b15a9b5748c08e5b52ed4e6
GCF_000155515.2	ncbi_dataset/data/GCF_000155515.2/cds_from_genomic.fna	3208835	7be12bf550cbe417e307f1c29c943cfafc83b70388fd43d8ff0978c4389d66ff
GCF_000155515.2	ncbi_dataset/data/GCF_000155515.2/genomic.gbff	8105658	f2f3806432de42c082a6f9ff5c800ddbcc0b30a474010afa90e9c951310ea31d
GCF_000155515.2	ncbi_dataset/data/GCF_000155515.2/GCF_000155515.2_ASM15551v2_genomic.fna	3063445	993a5324732db8c9641c4bbe27ceea8beae4c5c900f16b71b9017f651a5ceccc
GCF_000155515.2	ncbi_dataset/data/GCF_000155515.2/genomic.gff	1949065	ab5343685fe0bd127e50e3ec6dcada5fdbde1d338ece495e1876bc14debd4b07
GCF_000155515.2	ncbi_dataset/data/GCF_000155515.2/protein.faa	1070521	0cab4cf22827321836f12c6b87f0d5b2b1581e6ccaf104c9c063253e5476712d
GCF_000155515.2	ncbi_dataset/data/GCF_000155515.2/sequence_report.jsonl	922	09113dcef6b066144dddb369520c7897d699ab6e3b8c68bf069a12607ccd3c8d
GCF_000155515.2	ncbi_dataset/data/dataset_catalog.json	1308	f6a42887ca7ddc07e0a0cf21b2fffd8fb2ef192a8c08d64dce3016f546a63f48
GCF_000155515.2	md5sum.txt	679	963c26a19d8ade51d0c9ff99cc6ca5d7988d2a2a5f65c4cf041d8b1eca83a45c
GCF_000160835.1	README.md	1593	4b40504b9d718336b19ce451ff7e117494105e58e2351fee9563af7886320eec
GCF_000160835.1	ncbi_dataset/data/assembly_data_report.jsonl	9128	d5d49d241d848abcf22cc51d79f9048ced520407f7375c48087ccdb5d143def0
GCF_000160835.1	ncbi_dataset/data/GCF_000160835.1/cds_from_genomic.fna	2419308	fbdf836582210807a1da18951e62f962be710cb60c213a33dff30f18643140b8
GCF_000160835.1	ncbi_dataset/data/GCF_000160835.1/genomic.gbff	6198263	5b2bd5fcbd99d4bf8f1ed363af705cfab971f4b74494bbd3758a6b747f95ee25
GCF_000160835.1	ncbi_dataset/data/GCF_000160835.1/GCF_000160835.1_ASM16083v1_genomic.fna	2333543	80799a6e2702fd73fd60bce41a93558e0acc1cf75df3c70f8bd2b303b9b92fca
GCF_000160835.1	ncbi_dataset/data/GCF_000160835.1/genomic.gff	1464840	5f4d1f48e74bfc00b6b6e8b54ab193b4f9a30982631b6d86b110bc96ab031a44
GCF_000160835.1	ncbi_dataset/data/GCF_000160835.1/protein.faa	823607	328734acfb24ce35ae6ff799e4d0d6b4fe1804cee50b42a5dd87645bbd6e1797
GCF_000160835.1	ncbi_dataset/data/GCF_000160835.1/sequence_report.jsonl	5864	d55e74944aa50c4f5d37a230915245b5004701e6462aa5e5b3c94fcc6ee38e9c
GCF_000160835.1	ncbi_dataset/data/dataset_catalog.json	1146	c63ee3d9c13dedb659fc4dd08cca5f7c40695efbdfbb35e99c2ab0948f62f29b
GCF_000160835.1	md5sum.txt	679	1c104ffaf86fba30adc2faf7c0ba474cd23ec85b643c86240d9156ffcd57a925
GCF_000203855.3	README.md	1593	4b40504b9d718336b19ce451ff7e117494105e58e2351fee9563af7886320eec
GCF_000203855.3	ncbi_dataset/data/assembly_data_report.jsonl	8125	04905a5a5ceb5fd265eb3d794288b692ac843f75a96563f38a6cf4871810d241
GCF_000203855.3	ncbi_dataset/data/GCF_000203855.3/cds_from_genomic.fna	3420941	930de43a8f2c3289d60f474125ee75bfe6c7d8b2a368b2a6def46e66467af64d
GCF_000203855.3	ncbi_dataset/data/GCF_000203855.3/genomic.gbff	8560998	287259f644e52b71d1904bb4589d663c2b00012e8e4cfb8a7acd94e1ea310d05
GCF_000203855.3	ncbi_dataset/data/GCF_000203855.3/GCF_000203855.3_ASM20385v3_genomic.fna	3390806	ee5924b0aae7801395d0398979178527b9b5f7c78e72f7b633077daeb0d52e76
GCF_000203855.3	ncbi_dataset/data/GCF_000203855.3/genomic.gff	1939064	2f46de01c3d755e92f4a72a50883c4f9e4096578281d730680048c2856303784
GCF_000203855.3	ncbi_dataset/data/GCF_000203855.3/protein.faa	1194305	164208d4c380e9b655bbb1b1e4fd857e325b902945089d67c63b8d2943cad843
GCF_000203855.3	ncbi_dataset/data/GCF_000203855.3/sequence_report.jsonl	1263	51d18e544fa1d1f8cc1569a3a4933702071ab33909e1a8c92bc44c94709e39c2
GCF_000203855.3	ncbi_dataset/data/dataset_catalog.json	1471	3219229696f39e71aee458c5a016d53e22859a7394cb4aca18d4ebfb2aae7a05
GCF_000203855.3	md5sum.txt	679	553a064e1d8aa80c8444ef4feb01c8e48b46447ab410513ba009b607fad20085
GCF_000237995.1	README.md	1593	4b40504b9d718336b19ce451ff7e117494105e58e2351fee9563af7886320eec
GCF_000237995.1	ncbi_dataset/data/assembly_data_report.jsonl	3228	ceb284182b8023a5ad011008b8272b19446be732c3dd628c89a6120012e26c32
GCF_000237995.1	ncbi_dataset/data/GCF_000237995.1/cds_from_genomic.fna	2098229	d0582d874675eaa5ba6f39203d23100150ba70fa9dd3445cfb563c93a8ef548d
GCF_000237995.1	ncbi_dataset/data/GCF_000237995.1/genomic.gbff	5240266	e966e8bd36016a470ac1319c01de63c886bfb8a2a678bf0738aa677acce69c93
GCF_000237995.1	ncbi_dataset/data/GCF_000237995.1/GCF_000237995.1_ASM23799v2_genomic.fna	2004271	567e97723349a818ae2b1e869ab05d3b8c8640e2fb37354773526788d8f41baf
GCF_000237995.1	ncbi_dataset/data/GCF_000237995.1/genomic.gff	1245688	b95a3d0437193d5c932f64ebe5f13abd3dfef1395b272d1ff208263c10162835
GCF_000237995.1	ncbi_dataset/data/GCF_000237995.1/protein.faa	712535	60532d3d060b73437ccda3ad281cb7ec14d0744e5a6255c27c321c84f69efd5b
GCF_000237995.1	ncbi_dataset/data/GCF_000237995.1/sequence_report.jsonl	2832	68152479ca12ad361938f698992f843780d4bba1252989b951ce44bc3fb2dcdd
GCF_000237995.1	ncbi_dataset/data/dataset_catalog.json	1146	e44442216abebc80658463e4bfd9a9033180486dcbc94791210422b27e86a98e
GCF_000237995.1	md5sum.txt	679	c0d59b36540b1af25d1a3a95339c819172beb844a66218384b5e562908fc118f
GCF_000241055.1	README.md	1593	4b40504b9d718336b19ce451ff7e117494105e58e2351fee9563af7886320eec
GCF_000241055.1	ncbi_dataset/data/assembly_data_report.jsonl	3655	1fae5b704643232ab54f0635d83ad03295c9344fa0dada366ac323c0d0d8203f
GCF_000241055.1	ncbi_dataset/data/GCF_000241055.1/cds_from_genomic.fna	2076687	6a3b0d562a81c33ee5491d186c9d05286aaf37415a19e21a95928817f513c1b9
GCF_000241055.1	ncbi_dataset/data/GCF_000241055.1/genomic.gbff	5110449	2f6141e3faf265b88e906e9f2c8f4d51f6ee7908a170e90fb2d071cb19e17dea
GCF_000241055.1	ncbi_dataset/data/GCF_000241055.1/GCF_000241055.1_ASM24105v1_genomic.fna	1865448	5c5eaddb4d39be6b03bca5d08b4cb68b74bb0a07e102bf5c17c24c9700a626aa
GCF_000241055.1	ncbi_dataset/data/GCF_000241055.1/genomic.gff	1271079	30df1a0249c6811eef2d247597790d5807d4a2f81c2c1877a5289683b8b8bc9c
GCF_000241055.1	ncbi_dataset/data/GCF_000241055.1/protein.faa	686368	8bb7c412f862391a6ee269dc52cc40a289aefc4fb64b7df08e866a75af843c69
GCF_000241055.1	ncbi_dataset/data/GCF_000241055.1/sequence_report.jsonl	632	52ddbd0fa984ba04792b1d2be31ae1e72b32c0a7c6100ca8e9d04ff6f44da468
GCF_000241055.1	ncbi_dataset/data/dataset_catalog.json	1145	dc0f28ab38630064404f0804ff10d5182b06db45bf3283787eb947b813825169
GCF_000241055.1	md5sum.txt	679	11bb77f87619dfbad634f1f8a11b53e3905b083b6cf9bebf7f927d83759e9579
GCF_000269925.1	README.md	1593	4b40504b9d718336b19ce451ff7e117494105e58e2351fee9563af7886320eec
GCF_000269925.1	ncbi_dataset/data/assembly_data_report.jsonl	3446	47ea4df918ab989f301797d532c5ff266c92566bc1a1671f1eb1931ca0dc33c3
GCF_000269925.1	ncbi_dataset/data/GCF_000269925.1/cds_from_genomic.fna	2080001	8ddc60d2cb1bb95cc4c74c0bd8e0d59f15b51d155a00cdece63074fe44b7d0f0
GCF_000269925.1	ncbi_dataset/data/GCF_000269925.1/genomic.gbff	5153840	6f41cbb344a08d9b1aa61482193588288bb532e1fc612a9c3419e7e41f3946df
GCF_000269925.1	ncbi_dataset/data/GCF_000269925.1/GCF_000269925.1_ASM26992v1_genomic.fna	1974576	d7ee42345d67298a16a75b1a60d306e6bbdcb67c72d0bf08fcfc4a232c787b02
GCF_000269925.1	ncbi_dataset/data/GCF_000269925.1/genomic.gff	1246051	ad14270494aa0186c3bac168d9b6a6c31f84e0317510900d469d9bdb23ea777d
GCF_000269925.1	ncbi_dataset/data/GCF_000269925.1/protein.faa	694371	b49df2f9bf16b53ea53591f3951af95666cd44f528035779cb9812fd2278b0d1
GCF_000269925.1	ncbi_dataset/data/GCF_000269925.1/sequence_report.jsonl	314	bda0dda688008ba2350e8b140588076d08a1617eb8a8eca4825f2b4c9c16e5b1
GCF_000269925.1	ncbi_dataset/data/dataset_catalog.json	1145	f1c62a57a84e55c7deb1e2d258891bae20b6766a1f6407df471b60572b2070a6
GCF_000269925.1	md5sum.txt	679	780e212e66cbfec5efa2a0e3cd5312426c58597c48cb3938a9da193006c397ec
GCF_000269945.1	README.md	1593	4b40504b9d718336b19ce451ff7e117494105e58e2351fee9563af7886320eec
GCF_000269945.1	ncbi_dataset/data/assembly_data_report.jsonl	3217	211b7b3d83df5c288fee04ea83b362763dc107bc232e888c39056d69f647ded2
GCF_000269945.1	ncbi_dataset/data/GCF_000269945.1/cds_from_genomic.fna	2095841	50a914e1eacb034cdba44a4e1b4044fe33b7953c1d4dd09c33d77bb4ecb0c2b6
GCF_000269945.1	ncbi_dataset/data/GCF_000269945.1/genomic.gbff	5187556	03ff7966481fc28622a392dabdf6f62cc65cd7fd9292f831ecfab61096859092
GCF_000269945.1	ncbi_dataset/data/GCF_000269945.1/GCF_000269945.1_ASM26994v1_genomic.fna	1988571	1b0a7437212bfe940d8888ed83bd6cab51fdfa46260b6d894a319e9dfe0b30c3
GCF_000269945.1	ncbi_dataset/data/GCF_000269945.1/genomic.gff	1256788	020e7b0a7d7c06ff0b6d774c3282eec6698f7feef79dfa4c2c0bf9357f607b7b
GCF_000269945.1	ncbi_dataset/data/GCF_000269945.1/protein.faa	694938	eea2ece94cce3fdec437958386d786362a8febadd66cc5692b4a78c1fa53f6ac
GCF_000269945.1	ncbi_dataset/data/GCF_000269945.1/sequence_report.jsonl	314	ca31f32091a7f55c644cc043d3fb87180491c167735bebfc8686baf47f0932c0
GCF_000269945.1	ncbi_dataset/data/dataset_catalog.json	1145	fa3083254d6760241c2b8f2d21ce274f519f5dd498e7c51eaa92d0d4896ec0e3
GCF_000269945.1	md5sum.txt	679	1422354e9f64252dded97049ef21be8c41a62fd0d225acba9385efaae9d33e8a
GCF_000298875.1	README.md	1593	4b40504b9d718336b19ce451ff7e117494105e58e2351fee9563af7886320eec
GCF_000298875.1	ncbi_dataset/data/assembly_data_report.jsonl	3326	4c301a428bf0370b8e473eba0cd345d1de496b38f7b9b49792fcc1b4448f092b
GCF_000298875.1	ncbi_dataset/data/GCF_000298875.1/cds_from_genomic.fna	2044836	7a7bf6f88443d34f59db6fabae19f545ebc175a7577277d92854d3a1a9ee4ced
GCF_000298875.1	ncbi_dataset/data/GCF_000298875.1/genomic.gbff	5177313	fb0e6305d3b54af06c46d90cd308815b3fd7a02cc8513274561cfaa8fb7fcf5c
GCF_000298875.1	ncbi_dataset/data/GCF_000298875.1/GCF_000298875.1_ASM29887v1_genomic.fna	1917224	8786bcdb3098275093515d36d360ad5824a60ba61153a4a10d073590db1f60fc
GCF_000298875.1	ncbi_dataset/data/GCF_000298875.1/genomic.gff	1271224	f95b3295b638560cd78d04c93d5738bf6c0ca359f1eae2db53781a548469dc54
GCF_000298875.1	ncbi_dataset/data/GCF_000298875.1/protein.faa	685136	ae4f7819565a67c003f1d7ea32d0d949e6a3157b3e18b0d7055a7d747aa893c6
GCF_000298875.1	ncbi_dataset/data/GCF_000298875.1/sequence_report.jsonl	314	bb5686ef6671706a86bab77ff10fee630d7cae1510d1b8dcc49cbe2fba0d0287
GCF_000298875.1	ncbi_dataset/data/dataset_catalog.json	1145	92bee9d77a5c969c9a0709c433cb6c44e455cdaaa57941dc3d421741c6ab88dc
GCF_000298875.1	md5sum.txt	679	3cd989399abbddf3248fdab31755e9f910f5bad3f9dcd1d97f06a8bc9f773387
GCF_000468955.1	README.md	1593	4b40504b9d718336b19ce451ff7e117494105e58e2351fee9563af7886320eec
GCF_000468955.1	ncbi_dataset/data/assembly_data_report.jsonl	3186	24292e789693a2dd8ec15764d98aa05c8a438d93ab9dc251a8f1b21ec77b9fbb
GCF_000468955.1	ncbi_dataset/data/GCF_000468955.1/cds_from_genomic.fna	2613393	5ff144752fa6d815698b3fbc9585b6ebaa087d40e1f33f5526ea02139fd9042c
GCF_000468955.1	ncbi_dataset/data/GCF_000468955.1/genomic.gbff	6544754	7cf653d91f777bf61cdffb449dbedcf16c585fd1442ffbf928adff0a07f424e1
GCF_000468955.1	ncbi_dataset/data/GCF_000468955.1/GCF_000468955.1_ASM46895v1_genomic.fna	2457460	1f1ff3afa1be6df1f844aa4094dada34ebc86161f22c61c79f39f208734ad55a
GCF_000468955.1	ncbi_dataset/data/GCF_000468955.1/genomic.gff	1551556	88bd36fc06955da526c3cc4d3b5e61dc4ac802276f04d358027ac74d7ce107ff
GCF_000468955.1	ncbi_dataset/data/GCF_000468955.1/protein.faa	871973	f03a3d4c082bf0cd68a1a7a5e75d42a9b810bb9dc1538d8066b9d1cedc7dfde3
GCF_000468955.1	ncbi_dataset/data/GCF_000468955.1/sequence_report.jsonl	314	214cd8e341f251b9ba6e7f462f387d75d7d6c8ab5322ec0a8d2ec54514fe1b2c
GCF_000468955.1	ncbi_dataset/data/dataset_catalog.json	1145	84c2c3fc90fe037c7df8c87425e1124180052bf467937615bdbdbcea2aa84bd5
GCF_000468955.1	md5sum.txt	679	7c568c73585c6acd06700a165dd4351a621af1e6328cf0849210cddd22d3a6ac
GCF_000691805.2	README.md	1593	4b40504b9d718336b19ce451ff7e117494105e58e2351fee9563af7886320eec
GCF_000691805.2	ncbi_dataset/data/assembly_data_report.jsonl	4663	8d6aa101055eef32d0944a53ea8e8e6ea6b35991de015a4ba8e42dad68b66c8d
GCF_000691805.2	ncbi_dataset/data/GCF_000691805.2/cds_from_genomic.fna	2275271	ae2a216e769d89a7b2418257a3a3c7555aa54f3f28fbc839577881692319fe1b
GCF_000691805.2	ncbi_dataset/data/GCF_000691805.2/genomic.gbff	5938656	453082f2c4e4675b02eea1e84ab86f4d11403f1aa9508ebcba3c741c9b93cfb0
GCF_000691805.2	ncbi_dataset/data/GCF_000691805.2/GCF_000691805.2_ASM69180v2_genomic.fna	2160887	428b686fb674455d6dbf4e2eed22433cca8b218cd71213d4401cea6827a0cc2c
GCF_000691805.2	ncbi_dataset/data/GCF_000691805.2/genomic.gff	1387820	8fc20eeffb7da7ad82721476faed9b501f8fb62c4d22ac4d4bd9fe55488426cf
GCF_000691805.2	ncbi_dataset/data/GCF_000691805.2/protein.faa	758560	d42a3f2bc4d544a3115ab34f13b3501ef2b81bc41ba9d461853ec954d6a53ace
GCF_000691805.2	ncbi_dataset/data/GCF_000691805.2/sequence_report.jsonl	20515	5d88341ef0eaf1bb676a7e8fd39f9fa5b6c9673b1bd0ceeb2c8a24e1b845e3b9
GCF_000691805.2	ncbi_dataset/data/dataset_catalog.json	1147	15bc755177e4c4849f9bd86ab1dcf9f4eec45ec141496a946936192b94699888
GCF_000691805.2	md5sum.txt	679	1defcdb1a73eeb8aadb4dcc6a36081512585681d39e65b2c185aa950132ef165
GCF_001434365.1	README.md	1593	4b40504b9d718336b19ce451ff7e117494105e58e2351fee9563af7886320eec
GCF_001434365.1	ncbi_dataset/data/assembly_data_report.jsonl	3874	2e91441ea15aaf804327aef331b4d23024fdb891fbfb2d190e5551fb271387ac
GCF_001434365.1	ncbi_dataset/data/GCF_001434365.1/cds_from_genomic.fna	2045789	e019a7c3abe305e9aff62cc0b30b73776a2fef110e5919f3d1737036054e8df2
GCF_001434365.1	ncbi_dataset/data/GCF_001434365.1/genomic.gbff	5256996	f6b7fa54eb872dd13a184f4e1c854949a93795e17842c093b3e43b2621e91d5b
GCF_001434365.1	ncbi_dataset/data/GCF_001434365.1/GCF_001434365.1_ASM143436v1_genomic.fna	1878255	1dea9ebe3cc66a0714137ec5c96481a6b528a11240a32046eb2cf1bdc3bfcf4b
GCF_001434365.1	ncbi_dataset/data/GCF_001434365.1/genomic.gff	1246321	8bec718192bc6838947a595e0168291e026f78d54c6b22051a4b059daefb8434
GCF_001434365.1	ncbi_dataset/data/GCF_001434365.1/protein.faa	696552	2b95fc39b4ef5f1c15a15a6603e24311f225bc338e5fcc47d826d881c19fe556
GCF_001434365.1	ncbi_dataset/data/GCF_001434365.1/sequence_report.jsonl	19878	d7c77acb39b653ac77976399791bced262a04fc55b572afdee606022c702100a
GCF_001434365.1	ncbi_dataset/data/dataset_catalog.json	1148	5ebfede754d88f4a9e876b76debf967dd0c53385fb2b9741b33c4325a2842204
GCF_001434365.1	md5sum.txt	680	df9deabd21394fcd8aed4d06cee020025117bfc01a5d44e8c2029a9eb78dd9db
GCF_001434705.1	README.md	1593	4b40504b9d718336b19ce451ff7e117494105e58e2351fee9563af7886320eec
GCF_001434705.1	ncbi_dataset/data/assembly_data_report.jsonl	3936	aebc57e325e6a7213e30710d83ab626bb15ff009ea1c1526810df8f2b9e59853
GCF_001434705.1	ncbi_dataset/data/GCF_001434705.1/cds_from_genomic.fna	2481761	00be0ae3e50326f1ef63df5c5ca63593ff12050de9f934c5d31d86b625d0df1b
GCF_001434705.1	ncbi_dataset/data/GCF_001434705.1/genomic.gbff	6132505	e119cee0a8ea1abd5d4727483ca17fbc17900f052f4100b5c131957ca4743abe
GCF_001434705.1	ncbi_dataset/data/GCF_001434705.1/GCF_001434705.1_ASM143470v1_genomic.fna	2312154	6ba1dd68a60d1f6b54880bbec0b7670cd5bcb3861c16f6d3b7c00ed17e7552d2
GCF_001434705.1	ncbi_dataset/data/GCF_001434705.1/genomic.gff	1437177	6b371d81e398203997de797ad6947ea603f6cce0505e42616fec9bac8e249f43
GCF_001434705.1	ncbi_dataset/data/GCF_001434705.1/protein.faa	859320	f3e145e56d5649cd228c639caf79fb431caaf9a1f2faf121edb716bd33df3d7a
GCF_001434705.1	ncbi_dataset/data/GCF_001434705.1/sequence_report.jsonl	10432	589409e6ef4f2d23cf5a6c2890cf94b701693ceab4764d3f71a7f60f60fdca73
GCF_001434705.1	ncbi_dataset/data/dataset_catalog.json	1148	0c407d8dd7217555260acebfa7e0659d3295fb1218d30a4ab05a30a9a069ed99
GCF_001434705.1	md5sum.txt	680	9e42dd99f8ca163dcf5c976e27c6b02cacad1449ca128d533e201f3b3cac30b5
GCF_001435245.1	README.md	1593	4b40504b9d718336b19ce451ff7e117494105e58e2351fee9563af7886320eec
GCF_001435245.1	ncbi_dataset/data/assembly_data_report.jsonl	4038	b8598523c94bbe2ff94125ad4b8f97e7b33cbfa9225e99622642e2224519f101
GCF_001435245.1	ncbi_dataset/data/GCF_001435245.1/cds_from_genomic.fna	1738530	e64589cf08a5acc629271bf73889221c325942602336532e76ef23db5d28ddcc
GCF_001435245.1	ncbi_dataset/data/GCF_001435245.1/genomic.gbff	4556244	5e5e0de2732e2dd2cefb16a153679c96aa9496add10eaf84723e97e08f5b2acf
GCF_001435245.1	ncbi_dataset/data/GCF_001435245.1/GCF_001435245.1_ASM143524v1_genomic.fna	1628857	5d085d3e7879af081ce82ebe146db6fbe63fa4d4b552e5e897d430b28f79d58f
GCF_001435245.1	ncbi_dataset/data/GCF_001435245.1/genomic.gff	1057246	48aaa1818dcb1835efe47b53fc8314ae799752b9dd198e33024e8c8a47e1dc80
GCF_001435245.1	ncbi_dataset/data/GCF_001435245.1/protein.faa	603274	729e4f1eb2d1ff8a4eb6b9e9b1ff18c3f028e67caa094a1d93cf66d7395268e8
GCF_001435245.1	ncbi_dataset/data/GCF_001435245.1/sequence_report.jsonl	20280	9b5ede21031c3ea2552883c38b65f4c0ef94d2e9ee8d40b11fa83ef823f6041b
GCF_001435245.1	ncbi_dataset/data/dataset_catalog.json	1148	2dddcb64281169396117fc627f1b418008b9d590c32a062cba30d3b8c6bddc4b
GCF_001435245.1	md5sum.txt	680	ef33c342b2fc2b3a8c0ee4a2acc8462919a81abdb8d581d11eeb8baa76a4b4bd
GCF_001436135.1	README.md	1593	4b40504b9d718336b19ce451ff7e117494105e58e2351fee9563af7886320eec
GCF_001436135.1	ncbi_dataset/data/assembly_data_report.jsonl	4032	57ddece3c77e0de5005711dee84b3f38ae3977f4222bca7d75d97b3997c39fba
GCF_001436135.1	ncbi_dataset/data/GCF_001436135.1/cds_from_genomic.fna	2150427	f47234ed7d42f8a60a63f9f2aa45c893368a28c36d8deb606ec9f796ed8af5f2
GCF_001436135.1	ncbi_dataset/data/GCF_001436135.1/genomic.gbff	5412568	6bd240105b0ed6f7fdd70c4f29c8973f5ee681261f65fdf20fb8624952537af2
GCF_001436135.1	ncbi_dataset/data/GCF_001436135.1/GCF_001436135.1_ASM143613v1_genomic.fna	2089494	c0afaab91e058f19c78624aa60fcbf6bad67ce8737fad3647b53e9ca60a3bf79
GCF_001436135.1	ncbi_dataset/data/GCF_001436135.1/genomic.gff	1252627	7f720741a5ec08701bd6ebbe1995224e0a3d2a2e12b878a95a2a6db45594a8eb
GCF_001436135.1	ncbi_dataset/data/GCF_001436135.1/protein.faa	745747	29d3ada6af8ca24540741d80de8d9bf1b3b4fd20b3466f08d75c8a1601f5cb47
GCF_001436135.1	ncbi_dataset/data/GCF_001436135.1/sequence_report.jsonl	6926	ff2d6fee536113670a3e7b84c3746ed203d4b4167652afd9fbf2f32b39f6eea7
GCF_001436135.1	ncbi_dataset/data/dataset_catalog.json	1147	167f08d501d7ca9548eb8f34445a635752e78715cbdb5e7290da736e05444e48
GCF_001436135.1	md5sum.txt	680	50c74cdd20f5d215627cd14ab85e05cb51f9c7399a24c4eef536653b2c0896d3
GCF_001436905.1	README.md	1593	4b40504b9d718336b19ce451ff7e117494105e58e2351fee9563af7886320eec
GCF_001436905.1	ncbi_dataset/data/assembly_data_report.jsonl	4105	ca4dab52c9a97fb2e32edb9fee7ba80a124f175f191ddedd6f4f31872d0d83a4
GCF_001436905.1	ncbi_dataset/data/GCF_001436905.1/cds_from_genomic.fna	2023648	289d8b5eb445003642552e909fabc0966b5ab507cc36d07245f63b5a8c9a75ab
GCF_001436905.1	ncbi_dataset/data/GCF_001436905.1/genomic.gbff	5187823	9a3be62aad7b861124dcb7e21d602419db3fef6665e6f616e2a44f17ae224e25
GCF_001436905.1	ncbi_dataset/data/GCF_001436905.1/GCF_001436905.1_ASM143690v1_genomic.fna	1907299	36e172c8e2e78534e48cf45e04c52ac88afd9c68db7912bb5b45c8dc9ece425c
GCF_001436905.1	ncbi_dataset/data/GCF_001436905.1/genomic.gff	1236158	00eece9ad5a7f33590993978559bb87e3e514444724cd5d092461e9cfc671581
GCF_001436905.1	ncbi_dataset/data/GCF_001436905.1/protein.faa	685175	0ce720e181a1a06c0de5d5ab374a6cffd7dbe1c441de9645991c4f358c32048d
GCF_001436905.1	ncbi_dataset/data/GCF_001436905.1/sequence_report.jsonl	13238	c8c4a229850f52a8e7833f914147b9e6ca3045a585c6d6f38727c2fd972af63e
GCF_001436905.1	ncbi_dataset/data/dataset_catalog.json	1148	a2bd2b19c0be78f6c665c8af935bbfd0aabd3dc18150946971c0d79123e884ad
GCF_001436905.1	md5sum.txt	680	d81bf8f7ac42b52dbce1217b8c53a2f923f5742a02ea845204174da312bac3d6
GCF_001437055.1	README.md	1593	4b40504b9d718336b19ce451ff7e117494105e58e2351fee9563af7886320eec
GCF_001437055.1	ncbi_dataset/data/assembly_data_report.jsonl	4180	5e79edbc9131bdbbf8c0eb3ba16c26c5bbb15786a24f31d11ee04ccc24a0086b
GCF_001437055.1	ncbi_dataset/data/GCF_001437055.1/cds_from_genomic.fna	1770027	81d0b26db051b19aa674be1bb8a706e06aa2d9ff4c337672ca0b6c77297e1eb7
GCF_001437055.1	ncbi_dataset/data/GCF_001437055.1/genomic.gbff	4331185	3265a9fb8de03b5e059484692b91e991d711220293260c4e19592320a63d3875
GCF_001437055.1	ncbi_dataset/data/GCF_001437055.1/GCF_001437055.1_ASM143705v1_genomic.fna	1667908	3313bd72f76f909ddada12cdd4e46939fe1ae118a653ea4f50f2aed7a6814ae4
GCF_001437055.1	ncbi_dataset/data/GCF_001437055.1/genomic.gff	1009398	9e5e1d51b31f0e6e67d7542fd0e85d340658a41cd3460c70a70182147f8540a2
GCF_001437055.1	ncbi_dataset/data/GCF_001437055.1/protein.faa	614938	61028497f7f8a2eb9a37d37d0e66b64f545da6bab465f2ecdcc8c4f040abff14
GCF_001437055.1	ncbi_dataset/data/GCF_001437055.1/sequence_report.jsonl	3281	1357adb0537b9158ab956b519735848c561a30e4bf115b6853c33171f81fc029
GCF_001437055.1	ncbi_dataset/data/dataset_catalog.json	1147	520e1bdead2fced83590c09acc783163de934ce548d8e6f7cd362cd4d6c9b8f4
GCF_001437055.1	md5sum.txt	680	b948b38df12e539ede148b17ff221c355434c78bc1192c85e2d514afff4d5f72
GCF_001437425.1	README.md	1593	4b40504b9d718336b19ce451ff7e117494105e58e2351fee9563af7886320eec
GCF_001437425.1	ncbi_dataset/data/assembly_data_report.jsonl	4068	36ffc13e26148a7a5fc2e4e12b57aaa02943147f6e208d48c688667bfe9ade3b
GCF_001437425.1	ncbi_dataset/data/GCF_001437425.1/cds_from_genomic.fna	1928692	35507416da8acc9eddb5afad0f56877fcf56e259fa4789ea2735ee6bc11dd40f
GCF_001437425.1	ncbi_dataset/data/GCF_001437425.1/genomic.gbff	4880219	416d456ba3ded19cc113aa67a72500c18845122267725ca3c7c5ba55c113203c
GCF_001437425.1	ncbi_dataset/data/GCF_001437425.1/GCF_001437425.1_ASM143742v1_genomic.fna	1793446	aaf625f0c0375a382465e62b8a5d5e172675f04d35c07d0a24441f186f442b35
GCF_001437425.1	ncbi_dataset/data/GCF_001437425.1/genomic.gff	1194652	828d4dd4d1c83349cf9d849c6c9d89cc61156a123eb9d378d055a9a86f9f7c59
GCF_001437425.1	ncbi_dataset/data/GCF_001437425.1/protein.faa	648443	2cf870d485b984a596c57d06f67311e823edebea71cc4b5a6bf243b8a971d099
GCF_001437425.1	ncbi_dataset/data/GCF_001437425.1/sequence_report.jsonl	9250	97002a6e84bb1981192248af290d504934d48095aeb0bd185278115a55fcd88e
GCF_001437425.1	ncbi_dataset/data/dataset_catalog.json	1147	5e3b8e687d7a4a522651fba9ac7845e1e6056b44c4a73a4054ef5898556ff55d
GCF_001437425.1	md5sum.txt	680	faadceae031b7358edc4405bc230e51d6d76f173e6e796b2327ff7e8147cfe3c
GCF_001438705.1	README.md	1593	4b40504b9d718336b19ce451ff7e117494105e58e2351fee9563af7886320eec
GCF_001438705.1	ncbi_dataset/data/assembly_data_report.jsonl	4078	904169c4b430f3e80b030fb253cc04fb872980ece598f1479109ccfc7b2a8197
GCF_001438705.1	ncbi_dataset/data/GCF_001438705.1/cds_from_genomic.fna	1406866	df3d240895440b38db563fa9adbd915504e61c1b8d510d3a76025ec00268754b
GCF_001438705.1	ncbi_dataset/data/GCF_001438705.1/genomic.gbff	3586727	c6cacd1703ab06c7fc2b9cfd0850d21ba56c4a40738e4e0c29898a089a271ffa
GCF_001438705.1	ncbi_dataset/data/GCF_001438705.1/GCF_001438705.1_ASM143870v1_genomic.fna	1353155	ad20d6ddcc9c028eac3cb7efb381fed4a75f128d2a60a8e71dc7f7e46bf50a3b
GCF_001438705.1	ncbi_dataset/data/GCF_001438705.1/genomic.gff	848671	ac35e2d9c7f3085b326a9df201570cf915673e67be0339960aa61555ec810923
GCF_001438705.1	ncbi_dataset/data/GCF_001438705.1/protein.faa	474775	4337c80518d9d7186b8d069edb5e12e0998d7d37e3ceac8e419f7e1997cc6a3f
GCF_001438705.1	ncbi_dataset/data/GCF_001438705.1/sequence_report.jsonl	6320	2db0edbb40d18579730202dfb30b897a0798a57652d5d00a2eeb2ed548534df6
GCF_001438705.1	ncbi_dataset/data/dataset_catalog.json	1146	3b6d48173ec79df1fabce6bfe72534407433915fb213677b473ee2f3e3a1a6a7
GCF_001438705.1	md5sum.txt	680	a2677b871db41bce111555e51c60bec1dffb64c679935f6f2719c5eb0c11c707
GCF_001536305.1	README.md	1593	4b40504b9d718336b19ce451ff7e117494105e58e2351fee9563af7886320eec
GCF_001536305.1	ncbi_dataset/data/assembly_data_report.jsonl	3716	32c4622c892e74b5ab25b1f1e9aae9aebe06290c83cf04c2e2e8e3f21ea34cf4
GCF_001536305.1	ncbi_dataset/data/GCF_001536305.1/cds_from_genomic.fna	2196063	d4f482993a78e292f08d1620a6af61a3a99ba6dc0177243a6054b5737a4b1cbd
GCF_001536305.1	ncbi_dataset/data/GCF_001536305.1/genomic.gbff	5443677	b91ca7a0fb48ea72017ea2ba694f1d272ab9191f58b34b37d0b7849c8563e386
GCF_001536305.1	ncbi_dataset/data/GCF_001536305.1/GCF_001536305.1_Leuconostoc_gelidum_subsp._gasicomitatum_KG16-1_genomic.fna	2076740	b9842f50c234dd0d8fe341d5ad1106b75288678c1099b83d3c58573b4e2625bf
GCF_001536305.1	ncbi_dataset/data/GCF_001536305.1/genomic.gff	1317106	31099b1b8152588ff214410722741d685ac738ac598b4fc1cb48da63baebd919
GCF_001536305.1	ncbi_dataset/data/GCF_001536305.1/protein.faa	754038	e8629239fd780486ca032aa7ff363cc5391c0f9438c7983d4abd7b1f0a66ff33
GCF_001536305.1	ncbi_dataset/data/GCF_001536305.1/sequence_report.jsonl	1236	a45656afb9a4dc0dbf948a4dbc0d8bc78af34ecafabbe4121aabe1f214aa3113
GCF_001536305.1	ncbi_dataset/data/dataset_catalog.json	1183	3c5be6905f9aaf56b8faf233ec8aaf9c7c0a7d74dd4b0855962a2962c4543d3a
GCF_001536305.1	md5sum.txt	716	2d78a8e65ea01461e1b05a5e0f94713b08ed77c7d79bc051bd1f168e22fd2227
GCF_001618285.1	README.md	1593	4b40504b9d718336b19ce451ff7e117494105e58e2351fee9563af7886320eec
GCF_001618285.1	ncbi_dataset/data/assembly_data_report.jsonl	3781	3a1b42d4f6d67433192d284e3cb22693bfe82a695653d0b113041ce278ee45ae
GCF_001618285.1	ncbi_dataset/data/GCF_001618285.1/cds_from_genomic.fna	1918181	ece94500fd8eeeb6bff36735861ad7561e97f29efadfd5b12f357e2528152d26
GCF_001618285.1	ncbi_dataset/data/GCF_001618285.1/genomic.gbff	4805634	4104f78a39e472e0286bd4ae7755ee57df98e0468b7346dac6f7733d97f0e14b
GCF_001618285.1	ncbi_dataset/data/GCF_001618285.1/GCF_001618285.1_ooeni_v2_genomic.fna	1792078	580390681e1cb228ac8f9f3c122f9ef48603bdebb6c38d9583534d21ea9af91a
GCF_001618285.1	ncbi_dataset/data/GCF_001618285.1/genomic.gff	1199253	2901a0994f98e884a16aed3cbe573e201b1cedfecedbe3c2c6dafc776976cf3e
GCF_001618285.1	ncbi_dataset/data/GCF_001618285.1/protein.faa	615455	b8b7708a290b59317bcbfafd412caefd275a8c2c4d7a6cd3ef89633e668893fb
GCF_001618285.1	ncbi_dataset/data/GCF_001618285.1/sequence_report.jsonl	3792	a47f86cda487a700bc919711cb6e6d318497ee960cc2dc4f043ecc34c9592cc1
GCF_001618285.1	ncbi_dataset/data/dataset_catalog.json	1144	2eab2e9854aedb215f2e571d6488084384fe64000c41a575e1eec08d13e6ef3f
GCF_001618285.1	md5sum.txt	677	30acf983b0ec7bcddac1bc0cd1cf7b4e959df5814c516ca983e1c699bfc02cd7
GCF_001702215.1	README.md	1593	4b40504b9d718336b19ce451ff7e117494105e58e2351fee9563af7886320eec
GCF_001702215.1	ncbi_dataset/data/assembly_data_report.jsonl	3791	6d2c0fccf50a5c7710a0ccfe7034ccd8858b4b75f5ac5581291b37405f5ac5d3
GCF_001702215.1	ncbi_dataset/data/GCF_001702215.1/cds_from_genomic.fna	2080615	aeee41a5f1d9ffcb75522c5a7b2585825b1228c94aaafb19492fc2f4caf51495
GCF_001702215.1	ncbi_dataset/data/GCF_001702215.1/genomic.gbff	5163566	f98d1e5718de74c30e27c555f745c2e8c41a608beed414fc51486cf14dde0a75
GCF_001702215.1	ncbi_dataset/data/GCF_001702215.1/GCF_001702215.1_ASM170221v1_genomic.fna	1974672	7bc5e94a013579c4d1350be3adc688ee6501ed702e8e92b3af151934e5e21e48
GCF_001702215.1	ncbi_dataset/data/GCF_001702215.1/genomic.gff	1255461	fb0de3743b7fea03543e29eb070a1b8533e2e98134c0f210ba89e1fce4208a9d
GCF_001702215.1	ncbi_dataset/data/GCF_001702215.1/protein.faa	703619	aa04af5433d355ff8327fab30b7b59609609cd830d0d4e33ce8ae3d9c533659b
GCF_001702215.1	ncbi_dataset/data/GCF_001702215.1/sequence_report.jsonl	952	3a8da04c76e84bfe4ecd6a70b195f749e78abe2abd668ff96c6085dc67e25179
GCF_001702215.1	ncbi_dataset/data/dataset_catalog.json	1146	b6b1ae4fc71942cd03cfdcf933b64ff25e68bd3f86a1df333b8c3995b6b69b6c
GCF_001702215.1	md5sum.txt	680	0ff15384424536456b625a0efe29c17ff7f242a0da4fdea3073b037309bf32fa
GCF_001702235.1	README.md	1593	4b40504b9d718336b19ce451ff7e117494105e58e2351fee9563af7886320eec
GCF_001702235.1	ncbi_dataset/data/assembly_data_report.jsonl	3747	10bf377e77a8aa384765a0d3fe41d0fc366a5b5f12a533a5d88ace89fae1c829
GCF_001702235.1	ncbi_dataset/data/GCF_001702235.1/cds_from_genomic.fna	2120632	1139a0c3819d510c85de69a45a91120dbb727ca462b7ee0c475b71c008f741d3
GCF_001702235.1	ncbi_dataset/data/GCF_001702235.1/genomic.gbff	5265855	ff5302cc7e1a7f2f2aecfb3f416f5aed4cc6b30c9f87a2fb469c5ba5a6296072
GCF_001702235.1	ncbi_dataset/data/GCF_001702235.1/GCF_001702235.1_ASM170223v1_genomic.fna	2013129	6050e59266b70d7608d9d13706553c8467e2949c61e470a9a48951f99a2b72ff
GCF_001702235.1	ncbi_dataset/data/GCF_001702235.1/genomic.gff	1280795	4a628e61a87fd283a36a76004ae5fd8f974064482515bea370b92c3265eef103
GCF_001702235.1	ncbi_dataset/data/GCF_001702235.1/protein.faa	715050	1c820d0ebb4ab18a172af727e9f56fa2f0b7f3e495cec19fab5ea918b9387f2f
GCF_001702235.1	ncbi_dataset/data/GCF_001702235.1/sequence_report.jsonl	1270	345791da8b49f0e13a177d699b4a87131c27c35e2739f629446a62d9e8b1f5e9
GCF_001702235.1	ncbi_dataset/data/dataset_catalog.json	1147	67ee442252c9a92edf5d2430177003510a3dca83efa67134d84a508168ee65ae
GCF_001702235.1	md5sum.txt	680	0c64b176c44b4028fd8dae0201b961e1b9aca4a3e10a1c5f455e75a5f0617d45
GCF_001752505.1	README.md	1593	4b40504b9d718336b19ce451ff7e117494105e58e2351fee9563af7886320eec
GCF_001752505.1	ncbi_dataset/data/assembly_data_report.jsonl	4056	2beba3794effa9c830d07436a511ddf0827f82cfa3cf755ea47d662424140803
GCF_001752505.1	ncbi_dataset/data/GCF_001752505.1/cds_from_genomic.fna	1982054	bdb91e162ee92cee181f59d38ec5421d0f02d5965d6bcf3271b58b4245556368
GCF_001752505.1	ncbi_dataset/data/GCF_001752505.1/genomic.gbff	4836058	d66974437690894a9337a1c093ebe192fe0fdc698443f6fd55a85f30fff15fae
GCF_001752505.1	ncbi_dataset/data/GCF_001752505.1/GCF_001752505.1_ASM175250v1_genomic.fna	1809202	f93f0a27498a2854550dd9ccab725e21a6f70d57e649e96ae5b745a8f4ec1e89
GCF_001752505.1	ncbi_dataset/data/GCF_001752505.1/genomic.gff	1173577	a72285dfe16acf0dde96d08c408234ccfd5d2e3699575b02124bf47880b9a09f
GCF_001752505.1	ncbi_dataset/data/GCF_001752505.1/protein.faa	670473	35dd551777cacbb6d322bd3a75e7c68178010bdd85347cefc34e0b3706ad9fb8
GCF_001752505.1	ncbi_dataset/data/GCF_001752505.1/sequence_report.jsonl	4820	710f6c688448528808e0b56fcda28190339b075f5c2099ec45d31144d384a49b
GCF_001752505.1	ncbi_dataset/data/dataset_catalog.json	1147	db3b900a2ea8aa7c411fc231f35f2f101cbe1919203ed9194cc13da6d58bca6b
GCF_001752505.1	md5sum.txt	680	6f4bb34f795399e75a540bbb7502ea2514f4b6e63cf73de83a64a37944d4e625
GCF_001752515.1	README.md	1593	4b40504b9d718336b19ce451ff7e117494105e58e2351fee9563af7886320eec
GCF_001752515.1	ncbi_dataset/data/assembly_data_report.jsonl	4058	b3660e0466433822fa5760fd8791e4a1b87ceebd3c4c9c140a9bc8ddd960c614
GCF_001752515.1	ncbi_dataset/data/GCF_001752515.1/cds_from_genomic.fna	2029824	5ae9bafc92e24e8fa6af0dba8628c10a71925a8a0ef5bbeecfa46026e6d5e1b6
GCF_001752515.1	ncbi_dataset/data/GCF_001752515.1/genomic.gbff	4947135	78c374852d723cc9a2d72b3f53073c6c75f4c2b616912b0889b262aba25151bb
GCF_001752515.1	ncbi_dataset/data/GCF_001752515.1/GCF_001752515.1_ASM175251v1_genomic.fna	1850014	914b8c366aabb2ffc3c0d16e716228449355969ff5aea5dc92eb06131022a983
GCF_001752515.1	ncbi_dataset/data/GCF_001752515.1/genomic.gff	1199577	f8eb84dda61ba06b3d32a5512acb87ee0a449b2c5c668ab8357c016075bbc1ff
GCF_001752515.1	ncbi_dataset/data/GCF_001752515.1/protein.faa	684327	70aa72d6db336e8c764f298e19d1ff48d6f915753ac1dfed84d1003ed65c3238
GCF_001752515.1	ncbi_dataset/data/GCF_001752515.1/sequence_report.jsonl	4838	f6389b4ca80cbbf1d6347c84287dc614ff455cf24a4502c7cba52f78e958c771
GCF_001752515.1	ncbi_dataset/data/dataset_catalog.json	1147	ddb564c9501a1b25acc816992cd1fdd32fe7794dc786322b9900a8a24363a7d4
GCF_001752515.1	md5sum.txt	680	f8a9b7b15245d931f171686abaeb97d909bf6c3091f0e743bbe4ceaaffdfb421
GCF_001752545.1	README.md	1593	4b40504b9d718336b19ce451ff7e117494105e58e2351fee9563af7886320eec
GCF_001752545.1	ncbi_dataset/data/assembly_data_report.jsonl	4054	664007a0d3db11a4857805bcec3a098507a322ed3f69517107504f0f40c1ed60
GCF_001752545.1	ncbi_dataset/data/GCF_001752545.1/cds_from_genomic.fna	2041816	3623570ee3d60377b024288f78413d20a4ccf70ed5a0681f51d0813b9a471853
GCF_001752545.1	ncbi_dataset/data/GCF_001752545.1/genomic.gbff	5022396	7494d98317a6d36c457e36f1efe791d43d783140b4c3eb1b75de6a73232a9b6e
GCF_001752545.1	ncbi_dataset/data/GCF_001752545.1/GCF_001752545.1_ASM175254v1_genomic.fna	1864713	7aa1e0305a6fcc7287b4c6d57115d9a9d75b9c714977836314305a582a1f0f92
GCF_001752545.1	ncbi_dataset/data/GCF_001752545.1/genomic.gff	1215420	7d863ff5d69230cbbb7dbdbd8b99ab28bcfd634ae7540a170c900b59ca815168
GCF_001752545.1	ncbi_dataset/data/GCF_001752545.1/protein.faa	686759	74591f6d335b4ed071bb7b9647e1f55db697655deaba2e3f2d7552a8c89a3b42
GCF_001752545.1	ncbi_dataset/data/GCF_001752545.1/sequence_report.jsonl	8121	22771e1336c3a48b13d7609c159a7a7aabb5c3a9e0ca788da393b0b2c72484e2
GCF_001752545.1	ncbi_dataset/data/dataset_catalog.json	1147	2ae2245453dcaf33a83c099224029f925c4b5d197e85176eac74ddd71a2e040f
GCF_001752545.1	md5sum.txt	680	cf28fdb3a530c6a23b715716116da8be54d67e6433e01810f8c2ad243248c772
GCF_001761545.1	README.md	1593	4b40504b9d718336b19ce451ff7e117494105e58e2351fee9563af7886320eec
GCF_001761545.1	ncbi_dataset/data/assembly_data_report.jsonl	3678	84e7795ded40ca807b9525bd170e2df6256ba298565770ecdb23306ee7503c96
GCF_001761545.1	ncbi_dataset/data/GCF_001761545.1/cds_from_genomic.fna	1813393	ae940de5a882333fbb564d3c637524800af53cf6a162d8aece248738ab8d91ef
GCF_001761545.1	ncbi_dataset/data/GCF_001761545.1/genomic.gbff	4574119	0286d1c9341086eb2bee787b182fb1d85a65db2d5c7a66282d40217e76465d21
GCF_001761545.1	ncbi_dataset/data/GCF_001761545.1/GCF_001761545.1_ASM176154v1_genomic.fna	1704300	b086701828d253ff79b1eb69b4742f694d76e47013f45bfc32e8736e58a3fd90
GCF_001761545.1	ncbi_dataset/data/GCF_001761545.1/genomic.gff	1116417	72c94463c98f1bd6b2db830a53891181928905547c5d1047fb3e65b5a5b0c69b
GCF_001761545.1	ncbi_dataset/data/GCF_001761545.1/protein.faa	594635	52721a9225f5e5caee9a2bd6b2f226ad949c82b7f9adcfc22520879dc3e43fbf
GCF_001761545.1	ncbi_dataset/data/GCF_001761545.1/sequence_report.jsonl	316	e48fc00009bd4ace4d7cc6872a065e1df4b702b6142ba780192e2e9334e01ed1
GCF_001761545.1	ncbi_dataset/data/dataset_catalog.json	1146	f4c693a8cafb4892a8e85e5499e179b17f50e8c081331dc3ab7ec9d92dfe7919
GCF_001761545.1	md5sum.txt	680	c676aed8b0e7b6c8e20ec86894ce708eba63204a15ba9b64d9adfeb0f7280cef
GCF_001767275.1	README.md	1593	4b40504b9d718336b19ce451ff7e117494105e58e2351fee9563af7886320eec
GCF_001767275.1	ncbi_dataset/data/assembly_data_report.jsonl	3807	4634e91e7125d844d716da741d6f096e1e12d3f561e7cabcea6ab9a4f036b204
GCF_001767275.1	ncbi_dataset/data/GCF_001767275.1/cds_from_genomic.fna	2233859	9bd29d6fa2efc9073dfddbdbcee79c716fe202e215bda8c62fc85eeae5591013
GCF_001767275.1	ncbi_dataset/data/GCF_001767275.1/genomic.gbff	5569330	3e39080d068f680fafde04e0b5ed5e138bd747f3c1c13737ab9064bf15c4739a
GCF_001767275.1	ncbi_dataset/data/GCF_001767275.1/GCF_001767275.1_ASM176727v1_genomic.fna	2158086	1814d1bcaf99e48d53a3bd4b9addec18041c497f502b3fceb79939a20e45adc8
GCF_001767275.1	ncbi_dataset/data/GCF_001767275.1/genomic.gff	1327250	f82a13a7bf1b8bcdbc7bf696652520151ce9aa3dc8d562c4cb103bd155703990
GCF_001767275.1	ncbi_dataset/data/GCF_001767275.1/protein.faa	762393	94add029177660dded01e7e2dc7ca8f0a6b518524d21f4e814549ff0cfdf01b0
GCF_001767275.1	ncbi_dataset/data/GCF_001767275.1/sequence_report.jsonl	316	59986c49f1e2afe02f6c6b9ecbd80dd9961d32e44111413a1d2aa8b25a13f738
GCF_001767275.1	ncbi_dataset/data/dataset_catalog.json	1146	f8da091ef68934ddda9b5c2ab418e3f3b1c080f182e6c029c5e6b074b764019f
GCF_001767275.1	md5sum.txt	680	4259dfbf20aaa8532152e574e8258a3cc202a7e1a900710e1520ea3b8d2dd9ff
GCF_001888925.1	README.md	1593	4b40504b9d718336b19ce451ff7e117494105e58e2351fee9563af7886320eec
GCF_001888925.1	ncbi_dataset/data/assembly_data_report.jsonl	3933	b8d0cc77a21b1867483311326788e67036d9498e0c75a7d368fc3239892bd12c
GCF_001888925.1	ncbi_dataset/data/GCF_001888925.1/cds_from_genomic.fna	2016600	8e0461901bdedcdf6773143ec58e0b6231d7cc4237e26718335e2827a822720e
GCF_001888925.1	ncbi_dataset/data/GCF_001888925.1/genomic.gbff	5166540	ae8ec7ffbd6c2d5cd0e9a948f0d0d0972708b73cefc709ecb016024878c1df8d
GCF_001888925.1	ncbi_dataset/data/GCF_001888925.1/GCF_001888925.1_ASM188892v1_genomic.fna	1915550	859539658e6e799d78b6e01dee50fea522766b2c895b0516d830fdb0916967e1
GCF_001888925.1	ncbi_dataset/data/GCF_001888925.1/genomic.gff	1333708	5a9c21621337d9f98c80c6eaad3a4e10494c27cdc9f42bb517c25a58c60f365b
GCF_001888925.1	ncbi_dataset/data/GCF_001888925.1/protein.faa	627508	9c9d5731f2cdd50a0da1c623edc270abd32f08daf9519b47d2b779d3df2f777c
GCF_001888925.1	ncbi_dataset/data/GCF_001888925.1/sequence_report.jsonl	316	448382c045657ce7a679fdc937e11dfc51321401b736e73b4ed13342507bedbe
GCF_001888925.1	ncbi_dataset/data/dataset_catalog.json	1146	eac84aefd84b6191b70feff47bab88882a0fe2ee8e82816da6457d1d4d911bae
GCF_001888925.1	md5sum.txt	680	170c5e2433576f028da6ae8eca2e8eb612bfed49d786fd391b161f152002fd88
GCF_001891125.1	README.md	1593	4b40504b9d718336b19ce451ff7e117494105e58e2351fee9563af7886320eec
GCF_001891125.1	ncbi_dataset/data/assembly_data_report.jsonl	3570	29a7dbba80cc55b11c959c254068b58652d1d99b3570e0c5ebe023d7fff9f378
GCF_001891125.1	ncbi_dataset/data/GCF_001891125.1/cds_from_genomic.fna	2260441	b7218d853e6e3123bcecef122c67f9252aba060bdee680e9f966f27eac0d8a11
GCF_001891125.1	ncbi_dataset/data/GCF_001891125.1/genomic.gbff	5636654	c136d246cc29c8aa059328f2c99b30ebb693dce32ab086bd4f9d36cf3b866d7e
GCF_001891125.1	ncbi_dataset/data/GCF_001891125.1/GCF_001891125.1_ASM189112v1_genomic.fna	2074615	d47ccc761396918bef27a339bfb16bc515e88afd258fac7f41c5917c041f65e8
GCF_001891125.1	ncbi_dataset/data/GCF_001891125.1/genomic.gff	1407794	779badc9229e90dc58f9e6ffcd4e4ada701e953c95ec7475fc2227d5252b11c6
GCF_001891125.1	ncbi_dataset/data/GCF_001891125.1/protein.faa	746473	71dc4db1097814366cc86216c93a903997f969c34878cae5be269a04bb4a6a4f
GCF_001891125.1	ncbi_dataset/data/GCF_001891125.1/sequence_report.jsonl	608	da86ab2179e5e31a67f602f0d952cd77ab26793c7bb612b09e51d14f104b2761
GCF_001891125.1	ncbi_dataset/data/dataset_catalog.json	1146	64ef55854077a4ba933ba03e6399518e55a2edeb3164a2d1cd4bfb57181b8d77
GCF_001891125.1	md5sum.txt	680	f7b13894d941e32ca2076a185338aa4f1b78fce9a633570c8dc4494fb3560585
GCF_001932615.1	README.md	1593	4b40504b9d718336b19ce451ff7e117494105e58e2351fee9563af7886320eec
GCF_001932615.1	ncbi_dataset/data/assembly_data_report.jsonl	3697	432cedb46df47d75174ea53dd4b72e4bea50ef1116671e1a8d9427348271bed8
GCF_001932615.1	ncbi_dataset/data/GCF_001932615.1/cds_from_genomic.fna	2259283	e26fa04749036e0d9e793087b1bf1fe050681288eb177da88144e4061664a10e
GCF_001932615.1	ncbi_dataset/data/GCF_001932615.1/genomic.gbff	5637215	8efc961aa8f90a9102968161513386cb34d7d7e050d7ffea7d7433b3c0f32f99
GCF_001932615.1	ncbi_dataset/data/GCF_001932615.1/GCF_001932615.1_ASM193261v1_genomic.fna	2176582	d7b895fbbc492610f9a5f65af0201f28e8456521cc2f2bd789062a8868e0337e
GCF_001932615.1	ncbi_dataset/data/GCF_001932615.1/genomic.gff	1375996	1d4946493c59f59f0bb5b57dff1923f4f0cff25f313579df68548b5ef15f004d
GCF_001932615.1	ncbi_dataset/data/GCF_001932615.1/protein.faa	755622	8f663075335299c25b22e3b0b1f47f011cc83d2d63dc6cf823c8f76a3d955f74
GCF_001932615.1	ncbi_dataset/data/GCF_001932615.1/sequence_report.jsonl	632	a9228c1d6047fe7eb0be50307d01f9ceebeebe01e55699bebbb1541030999508
GCF_001932615.1	ncbi_dataset/data/dataset_catalog.json	1146	1fb3de7a4d439ce5004f933456ab8e027ddcc06ac2d11a3fbae259443d6523b1
GCF_001932615.1	md5sum.txt	680	557d046a4faff94d7e498685dacaa8fe32a46ff5ebebb8aced9ee7bf80f3a067
GCF_001998805.1	README.md	1593	4b40504b9d718336b19ce451ff7e117494105e58e2351fee9563af7886320eec
GCF_001998805.1	ncbi_dataset/data/assembly_data_report.jsonl	3262	6d7978cee56e1e1b48447770fd5533cd3d943f69394cd847b98055fe5eddd324
GCF_001998805.1	ncbi_dataset/data/GCF_001998805.1/cds_from_genomic.fna	1850515	90575058de9a7b46a7d75c49aec71b91ae44ad14ac5805fcbbfa03c280d67074
GCF_001998805.1	ncbi_dataset/data/GCF_001998805.1/genomic.gbff	4586299	5a5ec402a684a3bca0ce382d3f375c3b69d4f1e6de404df6d14f11735c6897ec
GCF_001998805.1	ncbi_dataset/data/GCF_001998805.1/GCF_001998805.1_ASM199880v1_genomic.fna	1736882	f9ccdf68833c58b9ac1e870e06872c5965c799b2db22b7fc68e1d19f4d6d4510
GCF_001998805.1	ncbi_dataset/data/GCF_001998805.1/genomic.gff	1128324	9c749e244111e13eeaa2e81c4f1e8992bf26b15e78ae5b5de5af8a0bc29eb999
GCF_001998805.1	ncbi_dataset/data/GCF_001998805.1/protein.faa	621035	a7d9ad298a6bec261644aebf87fd992909080b3b9b1f734ef9dfa5019abc5fba
GCF_001998805.1	ncbi_dataset/data/GCF_001998805.1/sequence_report.jsonl	955	63d3a65ae701f5a0e352ad2039b6bae17ce13092c4b6638edb193099e1333d72
GCF_001998805.1	ncbi_dataset/data/dataset_catalog.json	1146	a561f0d1a1dc701bfbada89c41b4f953eeb22967c820ac114b68b148711b44c8
GCF_001998805.1	md5sum.txt	680	dc122a1016cee505622a26c923c5bb7252cbf0b0ed400293989ccee166c0c85f
GCF_002174215.1	README.md	1593	4b40504b9d718336b19ce451ff7e117494105e58e2351fee9563af7886320eec
GCF_002174215.1	ncbi_dataset/data/assembly_data_report.jsonl	3627	786f86a9d9d45537d477adba28fdeca2b9c30b356e8a6e405129b8d1d7440005
GCF_002174215.1	ncbi_dataset/data/GCF_002174215.1/cds_from_genomic.fna	2210236	e0b8245d3f90ffba1b67107bac75a01903e125883ec51733b0a9f3185d81007b
GCF_002174215.1	ncbi_dataset/data/GCF_002174215.1/genomic.gbff	5522418	e3bc7700eab4e2c99343a8387e26a17af0978e3dd789f188b7f2c7fe88e9fca0
GCF_002174215.1	ncbi_dataset/data/GCF_002174215.1/GCF_002174215.1_ASM217421v1_genomic.fna	2121197	e48c81d430d6aee9756e7f80710b13f9a11a60c208ba86a227781f9e1fc19d78
GCF_002174215.1	ncbi_dataset/data/GCF_002174215.1/genomic.gff	1349845	4a0799f7132ff2ba9bda68560178862eddd69c590aef2deae24133247e8a9817
GCF_002174215.1	ncbi_dataset/data/GCF_002174215.1/protein.faa	750045	eca69801a93ccee2482c405ab011f2232935c474b9dbfd748d7cfbba4aecc0b6
GCF_002174215.1	ncbi_dataset/data/GCF_002174215.1/sequence_report.jsonl	958	6f65351ba367fd70d60c18d0328662df09f1f0b9c0615bd401c71f5d2c41a0c2
GCF_002174215.1	ncbi_dataset/data/dataset_catalog.json	1146	6efdf4f172022915dc55758a7bb4a1e6c51838f14a01b057093a0e4f7d81bee0
GCF_002174215.1	md5sum.txt	680	ef43bc81e8e38bacdecc036ed20b7e516f95396d34260ddb252bfcc4b3a1d9bc
GCF_002950695.1	README.md	1593	4b40504b9d718336b19ce451ff7e117494105e58e2351fee9563af7886320eec
GCF_002950695.1	ncbi_dataset/data/assembly_data_report.jsonl	3509	bc5ea4e7ef31d5ff33a9972165394b650544b5cf8c1a66bbccea49632e1e4156
GCF_002950695.1	ncbi_dataset/data/GCF_002950695.1/cds_from_genomic.fna	1592371	26d5cb7f9742db59f208c44f0ea6ccab4c8956f0613f29a70be32100492273a5
GCF_002950695.1	ncbi_dataset/data/GCF_002950695.1/genomic.gbff	4015500	529c0104ca42fe103ae9c079aea15ebaec1fcfd7317b068305e1559cfa6b615f
GCF_002950695.1	ncbi_dataset/data/GCF_002950695.1/GCF_002950695.1_ASM295069v1_genomic.fna	1556480	281507065c4c0faba8fff5bbd18aabf48d78d51f889a844a3d65b413d4adb907
GCF_002950695.1	ncbi_dataset/data/GCF_002950695.1/genomic.gff	962077	703375cde55fb7dff5455168a28b94b194b1676d166b773bdedff672a917a3ba
GCF_002950695.1	ncbi_dataset/data/GCF_002950695.1/protein.faa	530787	c575170bbd26650aa54f8061533a58f70c532a3d00b829ed8ef929a77a58f942
GCF_002950695.1	ncbi_dataset/data/GCF_002950695.1/sequence_report.jsonl	946	acf343dd65e93506532ec1285c9965d0675c2826d25f98c05449d5839fdf16c9
GCF_002950695.1	ncbi_dataset/data/dataset_catalog.json	1145	4ef1fb9ca0fd8de29c869c2cf501e971679e30fcf329f6befcf6abfad74c92ff
GCF_002950695.1	md5sum.txt	680	f39c7a2535c5220cca85d0cb30c2e1f4e5f63e748081ef654cd94bc09e60c1d6
GCF_002970915.1	README.md	1593	4b40504b9d718336b19ce451ff7e117494105e58e2351fee9563af7886320eec
GCF_002970915.1	ncbi_dataset/data/assembly_data_report.jsonl	3864	41fbdf1628027231c8565756f010d9f1e36cdeb5c29cefa4595bf5f645d019af
GCF_002970915.1	ncbi_dataset/data/GCF_002970915.1/cds_from_genomic.fna	2693635	73c9f3a9abb7201aef370506309e1d6d718722b5c0d93031fbb09daafbe80cce
GCF_002970915.1	ncbi_dataset/data/GCF_002970915.1/genomic.gbff	6693771	4bba3f0de16695760e8a97a4b6d6ecc3e1272523cf6182e12f4d3739fe56b822
GCF_002970915.1	ncbi_dataset/data/GCF_002970915.1/GCF_002970915.1_ASM297091v1_genomic.fna	2584876	eee67b98a9e0dc0ee99d400cdf1ea34d5cc3158cb4a2d372c4f644cae4245efc
GCF_002970915.1	ncbi_dataset/data/GCF_002970915.1/genomic.gff	1602290	a3e4cb33e144159af69e357ee099e9de7c3d1b0a098e64e02a5a753b90f2f365
GCF_002970915.1	ncbi_dataset/data/GCF_002970915.1/protein.faa	928596	dc4512b0610c17c7d77e4aff005ea9cbc231689bffba7f8b1f72127f4e11f6c1
GCF_002970915.1	ncbi_dataset/data/GCF_002970915.1/sequence_report.jsonl	1286	0d74bfeb9166cfd586a5ed41a82dfd56db54d9a77b6c143ef69dbcec61207386
GCF_002970915.1	ncbi_dataset/data/dataset_catalog.json	1147	77662be84d5eb1dcd22e95f7335a8517d27ecc1982fde79c5b5fc925474bae97
GCF_002970915.1	md5sum.txt	680	450d37ce0e7631b61577a1a5970eb83bdeb4d11403d78e5ac0c97bb57d823c63
GCF_002970935.1	README.md	1593	4b40504b9d718336b19ce451ff7e117494105e58e2351fee9563af7886320eec
GCF_002970935.1	ncbi_dataset/data/assembly_data_report.jsonl	3788	4a7727160ee6e2a70c267aa83a04e9f68320bd2b4581c3536e97171dddc9b8e1
GCF_002970935.1	ncbi_dataset/data/GCF_002970935.1/cds_from_genomic.fna	2698876	6224b34b6bf8a1db43ce5ad1ee079c9a2a6af9645bb010a525de77a20d1ee5e6
GCF_002970935.1	ncbi_dataset/data/GCF_002970935.1/genomic.gbff	6704008	a13076aea050f5f6055c79a7269f1bcee8bb301ee2b0150673c389c13b7b47b4
GCF_002970935.1	ncbi_dataset/data/GCF_002970935.1/GCF_002970935.1_ASM297093v1_genomic.fna	2592110	a60f287ed9d7692815779b9c3969a6f11cb0ab8a4bb62316c0799e7c31874b9c
GCF_002970935.1	ncbi_dataset/data/GCF_002970935.1/genomic.gff	1604727	5252718f8464d759b10c479c9cc8fd3e9ab49878a2b628dde2e7aba565b21dac
GCF_002970935.1	ncbi_dataset/data/GCF_002970935.1/protein.faa	921085	b1551335c6efe2fb9c71f9cf901b2822d2660dfce797a78efd9c06786c000553
GCF_002970935.1	ncbi_dataset/data/GCF_002970935.1/sequence_report.jsonl	1288	fa0bace3881a82edbed774eb3d87fa3cc73a89196e5602bda0772dc1fdb306e4
GCF_002970935.1	ncbi_dataset/data/dataset_catalog.json	1147	10930c949b408474f73c13109a9a86d305c383cfe755412f6cdd9c7d33e0ba0c
GCF_002970935.1	md5sum.txt	680	aa40bda07bcbfcc5d54ac167569509931e84f652109256b99bac57536596865f
GCF_003150935.1	README.md	1593	4b40504b9d718336b19ce451ff7e117494105e58e2351fee9563af7886320eec
GCF_003150935.1	ncbi_dataset/data/assembly_data_report.jsonl	4015	208be4ce9367a0f2c7ee04d51f833d39aedaf8211cd7b47f3d70129ef6e96ea1
GCF_003150935.1	ncbi_dataset/data/GCF_003150935.1/cds_from_genomic.fna	1833915	e462eccec56662420c4a0f2a96dfb5fd7913b5eee9bc16216942c114a9120c57
GCF_003150935.1	ncbi_dataset/data/GCF_003150935.1/genomic.gbff	4533696	496cafff49f145a7166cca63d1b4cc364cbb97855dda402904cbaa978219f8ec
GCF_003150935.1	ncbi_dataset/data/GCF_003150935.1/GCF_003150935.1_ASM315093v1_genomic.fna	1704218	2e81b4a16a87d945fb22cb1fb7af24d6d192732849674b58abfa435bd88db286
GCF_003150935.1	ncbi_dataset/data/GCF_003150935.1/genomic.gff	1088474	4516e7b8079b5dd2fb13c39609820a3332518694c87cee4d993d1f6b18363d3f
GCF_003150935.1	ncbi_dataset/data/GCF_003150935.1/protein.faa	611177	4ff45537df8aecf262c1c3d065bea9928056dbc5ace40d001ab77e21df703141
GCF_003150935.1	ncbi_dataset/data/GCF_003150935.1/sequence_report.jsonl	316	3542bf9b5f63262069133885f34a9145c8c00abe430fc32bd5f57fb1a6c8ce84
GCF_003150935.1	ncbi_dataset/data/dataset_catalog.json	1146	b315e9b5c57235e0037231df352b824741f741bf335ca50e31bd6b99ac870984
GCF_003150935.1	md5sum.txt	680	113e086402c95eb39259d66421fa31ae675967370f2fddad9ebf3f92cb852848
GCF_003151025.1	README.md	1593	4b40504b9d718336b19ce451ff7e117494105e58e2351fee9563af7886320eec
GCF_003151025.1	ncbi_dataset/data/assembly_data_report.jsonl	4081	a3f30c6c1fc358a9fecf73ae51b7d1b4883cd15a90a081c92b25607197ae75df
GCF_003151025.1	ncbi_dataset/data/GCF_003151025.1/cds_from_genomic.fna	2146416	0dacdfed83d8b668a539049edfd0e34c95d591948b58a56766af6911d86a74a5
GCF_003151025.1	ncbi_dataset/data/GCF_003151025.1/genomic.gbff	5264225	0263c1a9713083acd6974d5db4ff87da61f5b5e386f56aca153a963640233dee
GCF_003151025.1	ncbi_dataset/data/GCF_003151025.1/GCF_003151025.1_ASM315102v1_genomic.fna	2044268	817c1839689f15e886584b1d289452f2de6eb1b3fd1859dbf8b98346159bbfc9
GCF_003151025.1	ncbi_dataset/data/GCF_003151025.1/genomic.gff	1242500	d3652285768f08e6ee52e6ef9b7c635e3efc35065fd12f50bc69e4bdab2de4ee
GCF_003151025.1	ncbi_dataset/data/GCF_003151025.1/protein.faa	738392	4aafe6e885499f72bfd4425e379769a17ab34ce6c8eb18251ccabf458ddb9489
GCF_003151025.1	ncbi_dataset/data/GCF_003151025.1/sequence_report.jsonl	316	5c95d619a21cb227ce88ea4a3c28bb5bf3e1cbad8bd98fd3b5323e4b2ae40b66
GCF_003151025.1	ncbi_dataset/data/dataset_catalog.json	1146	b5af9cedb9408e6f11eb2d484fc6ba9ba8c467c54e176012d45f912e04a891c9
GCF_003151025.1	md5sum.txt	680	dd82078c5789e2642890bbe4f335be4592966c656d6ed8225f3e996d1a501f9e
GCF_003173695.1	README.md	1593	4b40504b9d718336b19ce451ff7e117494105e58e2351fee9563af7886320eec
GCF_003173695.1	ncbi_dataset/data/assembly_data_report.jsonl	4061	af73ae227ecd0689397dcbb1a32a3d448fa0b0332721b609c74fbd4cdb0a9b95
GCF_003173695.1	ncbi_dataset/data/GCF_003173695.1/cds_from_genomic.fna	2027597	e5c0a2531cb7a1134229d8e0a7f4f4703b5b980c65c5d65f4cff7d081743e207
GCF_003173695.1	ncbi_dataset/data/GCF_003173695.1/genomic.gbff	5033519	da6b9cc8b634af2ac5df5682a941dcb71a1fc2bfe192471d85a5d96a259afa69
GCF_003173695.1	ncbi_dataset/data/GCF_003173695.1/GCF_003173695.1_ASM317369v1_genomic.fna	1890740	582dec1eaef7d551e2a1460c288a5ed89dc6f187f507ebf70021856cda58ee4e
GCF_003173695.1	ncbi_dataset/data/GCF_003173695.1/genomic.gff	1212780	fe9443dfb8c52e8e1318feaf5bcb0e224ba1732faf87b71a3d9dcdaf43f49d08
GCF_003173695.1	ncbi_dataset/data/GCF_003173695.1/protein.faa	684882	bf594f3959a4ac89aeab1753d792fc96c55aeeca3511e51cf6da196498262543
GCF_003173695.1	ncbi_dataset/data/GCF_003173695.1/sequence_report.jsonl	608	b774d94889711c64891698220b6bc6abfa174a5fc1f33b17d5d44745ef9226cb
GCF_003173695.1	ncbi_dataset/data/dataset_catalog.json	1146	9fa411192a4980b293bdc35185f058e3f1835d07db1833534e03e61896bbccc8
GCF_003173695.1	md5sum.txt	680	45e66caf3b7b8a96cbdef2083eaa46f1aa1e6438f5765f32eb0d48d9f2f38243
GCF_003176835.1	README.md	1593	4b40504b9d718336b19ce451ff7e117494105e58e2351fee9563af7886320eec
GCF_003176835.1	ncbi_dataset/data/assembly_data_report.jsonl	4052	17df9f54a0e507446e6e2a69bde20ec91d92e5e493cbb015c57dc798f8406b37
GCF_003176835.1	ncbi_dataset/data/GCF_003176835.1/cds_from_genomic.fna	2868314	4da02448a9aee87a013a85bc356783eff0a26c4bed60425e2460eeb90c31258c
GCF_003176835.1	ncbi_dataset/data/GCF_003176835.1/genomic.gbff	7154347	1f70d205e2b353739d1baac4ba50bf5f2c959c081a73cfa1146fdb7aac079f4f
GCF_003176835.1	ncbi_dataset/data/GCF_003176835.1/GCF_003176835.1_ASM317683v1_genomic.fna	2672252	14fd27a78980115a1844b5c7b041f74add8ba4a5a1953ba2e668faac9f057637
GCF_003176835.1	ncbi_dataset/data/GCF_003176835.1/genomic.gff	1764972	243e44e3d4b9ad398679cd663083e5d7003205f13aee7b08aa0fe2706b845c7a
GCF_003176835.1	ncbi_dataset/data/GCF_003176835.1/protein.faa	953847	fdf54e507bef687f380339fd8f742181f150d7c430f714b1790fbe883370431a
GCF_003176835.1	ncbi_dataset/data/GCF_003176835.1/sequence_report.jsonl	630	453cd41fd64d25c49489e28bf659abecfb02d4dce106b478419520aed4fa3aba
GCF_003176835.1	ncbi_dataset/data/dataset_catalog.json	1146	6bcf953f9759b6c8783b523b1e4e7b8b0504b5f745e107d3d3bfe9bb45394313
GCF_003176835.1	md5sum.txt	680	b5cce329ca8c308a8d98b76fc78860170eb4c41db8f5ea71fb4d4d52bb95a972
GCF_003264795.1	README.md	1593	4b40504b9d718336b19ce451ff7e117494105e58e2351fee9563af7886320eec
GCF_003264795.1	ncbi_dataset/data/assembly_data_report.jsonl	3674	7717e43f3cb7a293badbdf77851815a61b30ddb6a8c8d6672222a686d800eb43
GCF_003264795.1	ncbi_dataset/data/GCF_003264795.1/cds_from_genomic.fna	1986520	e9ebb99d3f7466a07461f460e75c5b73592f24482144f8cdcfdea1df88865c01
GCF_003264795.1	ncbi_dataset/data/GCF_003264795.1/genomic.gbff	4896073	6f0535961cfd46ba0138b7da7a89f70d4a9d83ea38fc367e30e0cad721ba5f23
GCF_003264795.1	ncbi_dataset/data/GCF_003264795.1/GCF_003264795.1_ASM326479v1_genomic.fna	1849729	d88d7c5b3ad410be256ee381889d0cedcf481420f0e7d4e4e6b56b5434d8f367
GCF_003264795.1	ncbi_dataset/data/GCF_003264795.1/genomic.gff	1224636	ce91eee1220c86718948bfaa13d97be70dbea9578b67020b8ecd5a7ba68a2bbf
GCF_003264795.1	ncbi_dataset/data/GCF_003264795.1/protein.faa	636138	65e18ac09996c920854973f2602dada348ffa9929b56700b628aff5b51f5d57f
GCF_003264795.1	ncbi_dataset/data/GCF_003264795.1/sequence_report.jsonl	316	6a83f4be5d86bd79405bf55645e77cf0e57fb0d54581ba7ea56b0888171ed164
GCF_003264795.1	ncbi_dataset/data/dataset_catalog.json	1146	9c421060c20d858b7ed267771ca8e6323c04ade37a434a70409dfdbbb0f5f7f0
GCF_003264795.1	md5sum.txt	680	dfb5d7c998e55e95dfe08a869949fe3a8fc3a3ac0de37c6a5bf768daa8bc5f74
GCF_003584685.1	README.md	1593	4b40504b9d718336b19ce451ff7e117494105e58e2351fee9563af7886320eec
GCF_003584685.1	ncbi_dataset/data/assembly_data_report.jsonl	4400	d0c7eb836b8b55ed0112de92aeb4d773cb612996f8dd82d54d2f3d76eaa018ed
GCF_003584685.1	ncbi_dataset/data/GCF_003584685.1/cds_from_genomic.fna	2158450	0f93b99601ebc2f977571a21baa970e7bf5ddb883952d3ecbea50a0645086f62
GCF_003584685.1	ncbi_dataset/data/GCF_003584685.1/genomic.gbff	5308422	6372e85983aaa9d30d47b65c10c5eba94d5ece2a8d009ea28332bf8323297fdb
GCF_003584685.1	ncbi_dataset/data/GCF_003584685.1/GCF_003584685.1_ASM358468v1_genomic.fna	1961938	93233b9493e8bc917c088e7be4c769b00f4930003795b5373d8557a71dae9cb8
GCF_003584685.1	ncbi_dataset/data/GCF_003584685.1/genomic.gff	1346306	27e0120636297caa370ade17254501e74dd27d3b09e8e11a76672a65744cb606
GCF_003584685.1	ncbi_dataset/data/GCF_003584685.1/protein.faa	712199	1b66bf25e166a7b76ef30a6436a8b0c8dc734b4d53daab117a6b1f925dd9383b
GCF_003584685.1	ncbi_dataset/data/GCF_003584685.1/sequence_report.jsonl	316	dc488893a899063f77c68b0ca4c043bfe046e7a0c958c14020c5aa9a34f61ec7
GCF_003584685.1	ncbi_dataset/data/dataset_catalog.json	1146	f18cab6c882a84a0bdd5972b56cd5adba9d07f9149f693e3e15bd729b38842b6
GCF_003584685.1	md5sum.txt	680	3213ee4c1270cf48f684bb3bc20561364324f8c46e6ff9fb77d523675f31b76a
GCF_003641185.1	README.md	1593	4b40504b9d718336b19ce451ff7e117494105e58e2351fee9563af7886320eec
GCF_003641185.1	ncbi_dataset/data/assembly_data_report.jsonl	3691	f1ddb7758c995e5b2d2ff3bd9504db75945d87416c7e10a90d2e5cd2e3f03db2
GCF_003641185.1	ncbi_dataset/data/GCF_003641185.1/cds_from_genomic.fna	3692400	89bc2c73c4b977b36a18a5b3ba14aa95db6dd7ef16e19a63968ce3d6618adbe2
GCF_003641185.1	ncbi_dataset/data/GCF_003641185.1/genomic.gbff	9517593	da6917115615e9d61c8276935b94031e72fa31c47af6a10b92f7c18ee5c3b74d
GCF_003641185.1	ncbi_dataset/data/GCF_003641185.1/GCF_003641185.1_ASM364118v1_genomic.fna	3717452	4d88ad2b586c92a9b617cf92e907af57673112b84d6cd26a689e760c85b324af
GCF_003641185.1	ncbi_dataset/data/GCF_003641185.1/genomic.gff	2242847	c29e40082959d48ac7b33dec910837f82598390cc22259f1499a2c63f119c038
GCF_003641185.1	ncbi_dataset/data/GCF_003641185.1/protein.faa	1242805	fb94034080cf0980be97896cbe07435c6edefb498cf1782d62cee6f2f397217e
GCF_003641185.1	ncbi_dataset/data/GCF_003641185.1/sequence_report.jsonl	637	8e380a27c52bc6acc939ec111ac8787e3bf05e6d57587beefd440af34ba019a8
GCF_003641185.1	ncbi_dataset/data/dataset_catalog.json	1147	629b5301033d900572e73db94fc89c087e43abcd9f62936006c40376092f9b1b
GCF_003641185.1	md5sum.txt	680	52b7c20893222ccffd3090f65189573e3ed52c45d3266e9eb44cdd2b2e1a03fa
GCF_003722275.1	README.md	1593	4b40504b9d718336b19ce451ff7e117494105e58e2351fee9563af7886320eec
GCF_003722275.1	ncbi_dataset/data/assembly_data_report.jsonl	3592	f28eeecb525b23100b973d392e987c6d5449f7ae7a2ca2209ce727380d45af15
GCF_003722275.1	ncbi_dataset/data/GCF_003722275.1/cds_from_genomic.fna	2514009	933ba38ff6a00776bfe5285fe256d2c4e328975a62ce5f82341b501b0ba9eb8b
GCF_003722275.1	ncbi_dataset/data/GCF_003722275.1/genomic.gbff	6224737	daeb58811444212dbd1ffe60691928bcac36aeea8bb40440b3fa2eb58661b1b2
GCF_003722275.1	ncbi_dataset/data/GCF_003722275.1/GCF_003722275.1_ASM372227v1_genomic.fna	2395302	1b84c96a70cd94daba7f7b13e4054d9f425f4babad53ef4e2e1eb47ed197d967
GCF_003722275.1	ncbi_dataset/data/GCF_003722275.1/genomic.gff	1529574	4ff56ea4669c7ff06be508bb844845ffdb30577fc15d53832252ad001c71e05e
GCF_003722275.1	ncbi_dataset/data/GCF_003722275.1/protein.faa	825062	b4f97fbd809df064ff0cdfca264e0dfcda54ecf6fab610d80c157a0a99726344
GCF_003722275.1	ncbi_dataset/data/GCF_003722275.1/sequence_report.jsonl	316	405eb7d3d0edc1052ffd913c02a003ed1d65f74e1e967d5922df2914fa4ae46a
GCF_003722275.1	ncbi_dataset/data/dataset_catalog.json	1146	ecb6c7199098c75e34717cc2cd042171aaea27dbb50ecf8bfde0d86fc91473a8
GCF_003722275.1	md5sum.txt	680	cef012dc2785ca6948109cf195dc855f8ece6ac217eda828d4ac11fea0fcaaae
GCF_003999355.1	README.md	1593	4b40504b9d718336b19ce451ff7e117494105e58e2351fee9563af7886320eec
GCF_003999355.1	ncbi_dataset/data/assembly_data_report.jsonl	3530	ae0c542edb0b59618bba0257134b4592324f7256f6935312cad7c525b825d8db
GCF_003999355.1	ncbi_dataset/data/GCF_003999355.1/cds_from_genomic.fna	1723604	25d277b3c79baccd3fd61bfb6fa015db40a5462ff6ed09614dd3c65426573672
GCF_003999355.1	ncbi_dataset/data/GCF_003999355.1/genomic.gbff	4119618	0dfd0ada0618f9c7084cbbc9edf773970ecd994b6fb3144f322526be3a5eb6a8
GCF_003999355.1	ncbi_dataset/data/GCF_003999355.1/GCF_003999355.1_ASM399935v1_genomic.fna	1621370	b07709db94f51d27035771dd88507c914326c37ee9100bcd1119dbda31fa1528
GCF_003999355.1	ncbi_dataset/data/GCF_003999355.1/genomic.gff	1035506	575b3bdc68752908d9fa893e42b72fc12068ec24b985dc4865e747640416c74c
GCF_003999355.1	ncbi_dataset/data/GCF_003999355.1/protein.faa	556629	51f3061aea466799ec9da53efe07d4bf46a715904f73e924b8187281aceab84d
GCF_003999355.1	ncbi_dataset/data/GCF_003999355.1/sequence_report.jsonl	625	65c05567d9b1f5f67fabcc186968e27d9587fe8cc9b7df40cd2025ded2631390
GCF_003999355.1	ncbi_dataset/data/dataset_catalog.json	1146	47cb12fe80b19e733adf89564a358676a939d9569f82d32ce32dfe85acf6f394
GCF_003999355.1	md5sum.txt	680	ecd6e151151c205b44dadb9e551f4a31b20d042c720ce5bb4b2bb4efbdd9b5c2
GCF_004354645.1	README.md	1593	4b40504b9d718336b19ce451ff7e117494105e58e2351fee9563af7886320eec
GCF_004354645.1	ncbi_dataset/data/assembly_data_report.jsonl	3717	fbe372a49dbd813ea513f76ab9b358df1e983f4c1bcbd60afd6f0ab6ef29706a
GCF_004354645.1	ncbi_dataset/data/GCF_004354645.1/cds_from_genomic.fna	1795666	d1d718754ea3322aa8cce75fe6dec7320dcdc19dfa627bf81777dcbd9bd5ba91
GCF_004354645.1	ncbi_dataset/data/GCF_004354645.1/genomic.gbff	4494711	06e1ce7ba302d494ef3668bffa3e9697ecb6da068c940753bc57c801184078d0
GCF_004354645.1	ncbi_dataset/data/GCF_004354645.1/GCF_004354645.1_ASM435464v1_genomic.fna	1682754	1d7301627c03555f4f49b752586d754ad232f493e6877b72bdc738d9cf2d94fd
GCF_004354645.1	ncbi_dataset/data/GCF_004354645.1/genomic.gff	1112792	42d9d0beac4a6d831698032557107f284ac0a414a510d8675c53a0ac05b0f19b
GCF_004354645.1	ncbi_dataset/data/GCF_004354645.1/protein.faa	607837	5faa267260d6f3bfd965da8662981bdfce8cf2097e2e8b8d0de1c03ae8b7e804
GCF_004354645.1	ncbi_dataset/data/GCF_004354645.1/sequence_report.jsonl	4717	ded50ee588972d743c8652bbe3286bf48a3880985b8bff746b70ab9facf3720b
GCF_004354645.1	ncbi_dataset/data/dataset_catalog.json	1147	f86ecad0f27ce3ede5b07d0cd292dacc86ef7dbc5ae0ca0b697cb34e4081156a
GCF_004354645.1	md5sum.txt	680	32a70fa39236c84735af1e7d9d9b389c3625d25a6076da7786b8421f78bff41a
GCF_004377635.1	README.md	1593	4b40504b9d718336b19ce451ff7e117494105e58e2351fee9563af7886320eec
GCF_004377635.1	ncbi_dataset/data/assembly_data_report.jsonl	3624	f94f425483303eb71aa8f154498c7d74c7def2767262ad9b32f77ea7311fbb83
GCF_004377635.1	ncbi_dataset/data/GCF_004377635.1/cds_from_genomic.fna	2008085	859e524c576bb04288aa2a2015e37cf03db33de49792b1e30f9cbb628f78e321
GCF_004377635.1	ncbi_dataset/data/GCF_004377635.1/genomic.gbff	5080250	92ee3c65e1d08eb02605b98066d9a34955cfb454a72890f8790bb5772bf878fb
GCF_004377635.1	ncbi_dataset/data/GCF_004377635.1/GCF_004377635.1_ASM437763v1_genomic.fna	1868636	e07198a4eece74d5dda4706d3e5e7afb70d060df7beb9ee0f5c1bacdc3373d17
GCF_004377635.1	ncbi_dataset/data/GCF_004377635.1/genomic.gff	1253163	ff3019e90b7b08b99e0eb18cd40b1bf1fcc3ab349a303cc4332660a20bc80c82
GCF_004377635.1	ncbi_dataset/data/GCF_004377635.1/protein.faa	649764	dbbd20f23426e1ea8a24bcddbb652e5de242003e2a1b87d8148b1681649b8a26
GCF_004377635.1	ncbi_dataset/data/GCF_004377635.1/sequence_report.jsonl	12039	3ced40d57bca5c1acb65a9dbeaab4afdfd7da1a84320b6a734043ce065e11199
GCF_004377635.1	ncbi_dataset/data/dataset_catalog.json	1148	eac6da795190104d6d3808ddb1285e399ab4f6f981fa6c6ddc8ad1b8a2d77d0e
GCF_004377635.1	md5sum.txt	680	e6d32e6eb4b354087c8aa392209b11fbd15ade083e81bd78a3cfed43457bc0cb
GCF_005405405.1	README.md	1593	4b40504b9d718336b19ce451ff7e117494105e58e2351fee9563af7886320eec
GCF_005405405.1	ncbi_dataset/data/assembly_data_report.jsonl	4119	666b929495d6154c35f8d66ed085eb643faeb10132fddb098169672aec53ad17
GCF_005405405.1	ncbi_dataset/data/GCF_005405405.1/cds_from_genomic.fna	2897679	94d53bf6b8fc8f2b5210bc83ff45265fcb09a01643f2101427b8764549c5c0e5
GCF_005405405.1	ncbi_dataset/data/GCF_005405405.1/genomic.gbff	7217166	84595e2ac2675c4166ff14138dd5a523f2b6d8f01d94bb5121f8e6c8c74b5cd8
GCF_005405405.1	ncbi_dataset/data/GCF_005405405.1/GCF_005405405.1_ASM540540v1_genomic.fna	2804934	b1d46744012bd3568e7bb40aceafa27d4a80f30527a29c149ca2323a601b12e8
GCF_005405405.1	ncbi_dataset/data/GCF_005405405.1/genomic.gff	1689117	467f5a8eed936d6c7f3ed4575beb881d83696baf6091433f7dad635f8f702436
GCF_005405405.1	ncbi_dataset/data/GCF_005405405.1/protein.faa	988833	bbf9ce9efd09cf43e168ecfa3bbe1625d88694c90125d571863e55442c3f355f
GCF_005405405.1	ncbi_dataset/data/GCF_005405405.1/sequence_report.jsonl	23208	9ff6c9aae0213a7959927dd5efd15bf2b4677b7437bab08b06e9c8a552944833
GCF_005405405.1	ncbi_dataset/data/dataset_catalog.json	1148	a36cf951fd353c4110b19d0f14b45d868dc0600b5b07624195609c96133baba0
GCF_005405405.1	md5sum.txt	680	5c9d33228041b324a54a2f993c1a2c24dd7a19dc3122b37effbd373be70f4ea8
GCF_005405465.1	README.md	1593	4b40504b9d718336b19ce451ff7e117494105e58e2351fee9563af7886320eec
GCF_005405465.1	ncbi_dataset/data/assembly_data_report.jsonl	4099	6139d4b582b4a6537b2d0b42138ca58437b0da11bc23ac1e0fb0b9b1ae5438e8
GCF_005405465.1	ncbi_dataset/data/GCF_005405465.1/cds_from_genomic.fna	2107719	c7cda7276289ab04b3bd61cd8434f6728e09f32b154ebf5834e8666b443c54f5
GCF_005405465.1	ncbi_dataset/data/GCF_005405465.1/genomic.gbff	5199959	f4b2f69f1d8100e496ce55f14abdeb96380e9441f0838c16eb6d1a4b931155e4
GCF_005405465.1	ncbi_dataset/data/GCF_005405465.1/GCF_005405465.1_ASM540546v1_genomic.fna	2003695	d165e14f37b7e3aad793a529b16c92ddba65209c407290fa7a20dbe347188190
GCF_005405465.1	ncbi_dataset/data/GCF_005405465.1/genomic.gff	1268973	7e9379c79eb36eb6adde828647608ec243863bd026e03b803cec1f1e0cdae3bf
GCF_005405465.1	ncbi_dataset/data/GCF_005405465.1/protein.faa	710519	c0c11fd591cd0eed3d15147eb43e1aeba02fc8203d48c5c5a5f401e196c2f40b
GCF_005405465.1	ncbi_dataset/data/GCF_005405465.1/sequence_report.jsonl	12967	d91455e91a263a6c9aeb6a28a4a5e77d23627231009788e6ab62f707f90dc347
GCF_005405465.1	ncbi_dataset/data/dataset_catalog.json	1148	9bf455dab4aee8ba4b68486605581da6149355f29d975a25c2df2e2946876d54
GCF_005405465.1	md5sum.txt	680	021c48ae0b6343f107e05d377648c9262b4dced513aa06255476ccc34e42a72d
GCF_007954605.1	README.md	1593	4b40504b9d718336b19ce451ff7e117494105e58e2351fee9563af7886320eec
GCF_007954605.1	ncbi_dataset/data/assembly_data_report.jsonl	3482	44124eae91f7c980662c7974126c92dd9d6556ebe2bdfcc91ba3869aec7262c1
GCF_007954605.1	ncbi_dataset/data/GCF_007954605.1/cds_from_genomic.fna	1987745	396579b99325f4d7b56ee9f89b9a63bb43ff88bc5d2bf346d2d55d4eb7e175ba
GCF_007954605.1	ncbi_dataset/data/GCF_007954605.1/genomic.gbff	4965931	c742880fc02109cf4ca272852328825ce6f980c6d1d930fa6852bd2bf370176d
GCF_007954605.1	ncbi_dataset/data/GCF_007954605.1/GCF_007954605.1_ASM795460v1_genomic.fna	1814165	59cfe0da790e5ed396784ab9af917365a37fc0272c67ad34b7faffabda977417
GCF_007954605.1	ncbi_dataset/data/GCF_007954605.1/genomic.gff	1247531	0ea1198f5eb9c9e54dfd64e21aa41642ff821f9394bf5962c16be4e0a91437ef
GCF_007954605.1	ncbi_dataset/data/GCF_007954605.1/protein.faa	654442	d06a734bdf636f7975f4c1518cf90bef4be2c09dedb55c2912ffaeaa17cbb672
GCF_007954605.1	ncbi_dataset/data/GCF_007954605.1/sequence_report.jsonl	608	d72ca7cd6d397fc45153cc05aa6913d080cef9bcd20adf543e6f5fc0b8ce620f
GCF_007954605.1	ncbi_dataset/data/dataset_catalog.json	1146	c35e9bca90d3c9fee630175f8c1b5a1ee0980c95cedd8824fafe83f477e7f9bb
GCF_007954605.1	md5sum.txt	680	3455376724c5c0856a90d9062e2aa240e492bb6a29b788a58550acb1ab471b3c
GCF_007954785.1	README.md	1593	4b40504b9d718336b19ce451ff7e117494105e58e2351fee9563af7886320eec
GCF_007954785.1	ncbi_dataset/data/assembly_data_report.jsonl	3501	050c8d526a0169021125cd695b5b589ca9847e6946436d14a461bad1665ded50
GCF_007954785.1	ncbi_dataset/data/GCF_007954785.1/cds_from_genomic.fna	2119304	a64e69c4b518e95849cab0320a6d49cca3cdb9597e3c0d78a930288a7cd4b862
GCF_007954785.1	ncbi_dataset/data/GCF_007954785.1/genomic.gbff	5273530	81f6d1b4dcb72abe1e6a8ce0c848f1585cffb51c11af949f659b86f9eddd0d0b
GCF_007954785.1	ncbi_dataset/data/GCF_007954785.1/GCF_007954785.1_ASM795478v1_genomic.fna	1927204	0c88139f51514d122ec01b2687ff003423421501b69594ab6e830b88fed187a6
GCF_007954785.1	ncbi_dataset/data/GCF_007954785.1/genomic.gff	1323230	1b93329bf6f08abfff2e54dae6eacf4d94563f7ada37d7459009acca310b8ef5
GCF_007954785.1	ncbi_dataset/data/GCF_007954785.1/protein.faa	701892	fc9fb6c18b38271cec642a43894e2be29ab310f0db2df2f5f04a8a7f2dcc648b
GCF_007954785.1	ncbi_dataset/data/GCF_007954785.1/sequence_report.jsonl	609	e066a0d161a8bbec382c997f6fa8931f600717e0af7167f8b84665d123f80b5c
GCF_007954785.1	ncbi_dataset/data/dataset_catalog.json	1146	39d60db044de730c97de5d8963f46e9ed7a64fd48d51e9ab659bbf3d7873b6c9
GCF_007954785.1	md5sum.txt	680	e71abc7607601adce1922cd9a72cd9fe8c6ec0149c92f5beaeb12da3d82bdabc
GCF_008107645.1	README.md	1593	4b40504b9d718336b19ce451ff7e117494105e58e2351fee9563af7886320eec
GCF_008107645.1	ncbi_dataset/data/assembly_data_report.jsonl	3772	ae61dd2d8d5a5c0405b114478e70807e90c7e2f568a450d76288e36067d043eb
GCF_008107645.1	ncbi_dataset/data/GCF_008107645.1/cds_from_genomic.fna	2040914	f03fc21af9883a2fb87229aacc1c2d8c44b6dd5d26622ffa8b6e4a464d247a77
GCF_008107645.1	ncbi_dataset/data/GCF_008107645.1/genomic.gbff	5035654	a25273c35bdecd7ae456954a2d751e96d57eb576fc6239a7eaa179f794effad2
GCF_008107645.1	ncbi_dataset/data/GCF_008107645.1/GCF_008107645.1_ASM810764v1_genomic.fna	1890360	fe18a7abdde9315512f687c9d3704bda5c44f1f9d506fd603e6202f096303d55
GCF_008107645.1	ncbi_dataset/data/GCF_008107645.1/genomic.gff	1229086	3d1577a6fcaa228f6d126657fd3dcf974035c47fda8f99d39fabfc9324cf04c1
GCF_008107645.1	ncbi_dataset/data/GCF_008107645.1/protein.faa	689351	050e04f270c2ccdbcf3ae2d0ceedfa30894a15b59f9381c4e153d0d05e6df22d
GCF_008107645.1	ncbi_dataset/data/GCF_008107645.1/sequence_report.jsonl	3904	8d95c73869078df2a86096dd8518074aff2997a6c01b9172d050726a7e52cb52
GCF_008107645.1	ncbi_dataset/data/dataset_catalog.json	1147	4459b7db65c8f7c169a138120bbde1d52b049dc56242f8306bf648bdbe4246d9
GCF_008107645.1	md5sum.txt	680	43b74b7c41871a087b31d7c6064da25877205f4954b524587a8b597e740b0f5a
GCF_008831485.1	README.md	1593	4b40504b9d718336b19ce451ff7e117494105e58e2351fee9563af7886320eec
GCF_008831485.1	ncbi_dataset/data/assembly_data_report.jsonl	3505	f13e921c3d485990425f91b826e5cd3a7e963a4d109f0f889d28f25d509fe17b
GCF_008831485.1	ncbi_dataset/data/GCF_008831485.1/cds_from_genomic.fna	1848795	e25469b8c80e5567c68bca7532dbe7ac081c267b5caaa750d73422685d3db858
GCF_008831485.1	ncbi_dataset/data/GCF_008831485.1/genomic.gbff	4587782	f51aa1cabacfb5dce8698137203582165ce5bca4eb893a6473cb61bcf4de01fb
GCF_008831485.1	ncbi_dataset/data/GCF_008831485.1/GCF_008831485.1_ASM883148v1_genomic.fna	1705038	d44bb481f77c2a15aa806a062ee7a2c041def43a7d128facdef186028fc5a289
GCF_008831485.1	ncbi_dataset/data/GCF_008831485.1/genomic.gff	1136287	c4f726c88f6d8de0808d46754b8b28884fa1210ec2b2f31161744db178fcec54
GCF_008831485.1	ncbi_dataset/data/GCF_008831485.1/protein.faa	593460	7124d513ae9be32400843ac6cce34bbf0d10491f289e7bac66a362b76faf4743
GCF_008831485.1	ncbi_dataset/data/GCF_008831485.1/sequence_report.jsonl	316	9ef4a20031688c57558144f897556d87599098ca998d648f97a9e4bdd2b46729
GCF_008831485.1	ncbi_dataset/data/dataset_catalog.json	1146	82935720e50e8caca49a3d68e0cc2929d984bd13d19e0ec86caa74a263b18652
GCF_008831485.1	md5sum.txt	680	baecc825cc402e3adced1571952965ebe9bea5c86835e12f591d93d144a46359
GCF_009184845.1	README.md	1593	4b40504b9d718336b19ce451ff7e117494105e58e2351fee9563af7886320eec
GCF_009184845.1	ncbi_dataset/data/assembly_data_report.jsonl	3602	44b9f69617045c21467fc28628161910463e4af5f54b61862b201648b12b10e4
GCF_009184845.1	ncbi_dataset/data/GCF_009184845.1/cds_from_genomic.fna	3619045	a2af558abf07cdc2ce8de60017a3d11f9f0144f39719dfc60296bd685f76fffd
GCF_009184845.1	ncbi_dataset/data/GCF_009184845.1/genomic.gbff	8910991	bcc609cab8a93740fa6d572c08b0cfe4424a0a0a54fbd967db1a5ed59d317cb0
GCF_009184845.1	ncbi_dataset/data/GCF_009184845.1/GCF_009184845.1_ASM918484v1_genomic.fna	3502084	475aa6fde768128077b812777b430fadd0dcdf762143cea1e7a9dc1ab0374729
GCF_009184845.1	ncbi_dataset/data/GCF_009184845.1/genomic.gff	2130286	08c0734b92baf3ec2b598ba8a54a24c3ee50270651f4ef71f91d2f29a3ca63fb
GCF_009184845.1	ncbi_dataset/data/GCF_009184845.1/protein.faa	1157186	61822df33ffd82b9241d7360e2c08c9971729f3659f2cbdac3e12100a3dd9b6a
GCF_009184845.1	ncbi_dataset/data/GCF_009184845.1/sequence_report.jsonl	637	64541da9fa87af5342d32e49d4f9a00b8778ac110fd600eaf731a2e3f465eaa6
GCF_009184845.1	ncbi_dataset/data/dataset_catalog.json	1147	c3d582943e6f03cefd11fcaa84e2e24f1d1d867dcf993bc46ef9d6a21c3db210
GCF_009184845.1	md5sum.txt	680	3089d7b26ef7b06e99f129b0a8beb17618752415563e59495f9239fc21c2aeeb
GCF_009856565.1	README.md	1593	4b40504b9d718336b19ce451ff7e117494105e58e2351fee9563af7886320eec
GCF_009856565.1	ncbi_dataset/data/assembly_data_report.jsonl	3483	2d6b8142a0556169bdeec017ace98601fc2ce5bef5ade6c3ff93f02e9af9ad85
GCF_009856565.1	ncbi_dataset/data/GCF_009856565.1/cds_from_genomic.fna	2050835	4b9d221927d2939cb2fa37e86f117945ca169c3e315767421ebd534b17607b6a
GCF_009856565.1	ncbi_dataset/data/GCF_009856565.1/genomic.gbff	5085969	96cd76264e5689f7defd3a48dd4ee8fde22846f5081905c2551612fc3cf93e54
GCF_009856565.1	ncbi_dataset/data/GCF_009856565.1/GCF_009856565.1_ASM985656v1_genomic.fna	1973130	f42eea292da66b29867012d7e9ddbe6b004b05a70b78b5b3ea53dc62ea45deca
GCF_009856565.1	ncbi_dataset/data/GCF_009856565.1/genomic.gff	1280300	e2e6865ee0686b7178d2bac4a42e8fe58f4c46c94f4d1052efdc7c2bc5845ec4
GCF_009856565.1	ncbi_dataset/data/GCF_009856565.1/protein.faa	621220	2c8cbcd4f1cdd4e732e8caa78be3c1ebb6e5f44c752519c7737b661314e8ffcb
GCF_009856565.1	ncbi_dataset/data/GCF_009856565.1/sequence_report.jsonl	316	e555bff2ad3176bfe902919770518e9f32b5849577bb7f64237cfdef8bb544cf
GCF_009856565.1	ncbi_dataset/data/dataset_catalog.json	1146	76b8cf541780bc239d9027b4de750b4ea70f059ebc0019fdd07f0e37a541c629
GCF_009856565.1	md5sum.txt	680	2dca7012d7a31bef21841cca989ac732efee2e97678f27d6bcccccfddcc1f8b6
GCF_009913655.1	README.md	1593	4b40504b9d718336b19ce451ff7e117494105e58e2351fee9563af7886320eec
GCF_009913655.1	ncbi_dataset/data/assembly_data_report.jsonl	3593	c5fac6c86c0c8b1974450e5d5ce36036de1d3c963de1c0ebb358b2704cdcc272
GCF_009913655.1	ncbi_dataset/data/GCF_009913655.1/cds_from_genomic.fna	3372608	03b22ce67f143e632c92257c5adb325672a995138a41f5a761b4c34df66b7dc9
GCF_009913655.1	ncbi_dataset/data/GCF_009913655.1/genomic.gbff	8544314	1aa4046c1f217c83312f97b9cbc35a6c09af636286c147c94e98c80a3ac22e47
GCF_009913655.1	ncbi_dataset/data/GCF_009913655.1/GCF_009913655.1_ASM991365v1_genomic.fna	3264030	0682b207d0e03c32856cb143de5ef631fa094b80ed1ca0c798709d81519b3e8b
GCF_009913655.1	ncbi_dataset/data/GCF_009913655.1/genomic.gff	2041438	a86fec99ddc6943f0f4140435a3c2153e214cf26ea008c3a1bf06383536f9113
GCF_009913655.1	ncbi_dataset/data/GCF_009913655.1/protein.faa	1149545	01a8850216b7ab2066179273b59ba50fbb9bf05ea08bfec1c3d81f1b57eb43c2
GCF_009913655.1	ncbi_dataset/data/GCF_009913655.1/sequence_report.jsonl	317	4edf76cf353129d69f9c7a3c979b5e73991c9b8015b0660c86b8279c45d7f2a0
GCF_009913655.1	ncbi_dataset/data/dataset_catalog.json	1147	357e46275db6ce6eeca13dd83170d8c9ba8e83e805a416cbe7cac48c9141d855
GCF_009913655.1	md5sum.txt	680	1d73452bc3b17ec736684fa98d8953ecfac9575d1b6ff23dbe163826fa8d253c
GCF_009913995.1	README.md	1593	4b40504b9d718336b19ce451ff7e117494105e58e2351fee9563af7886320eec
GCF_009913995.1	ncbi_dataset/data/assembly_data_report.jsonl	3548	1dedfb4c7addffea0865a7e24ef69c6edf12bccd665b431c30a0e9cb3aa595a9
GCF_009913995.1	ncbi_dataset/data/GCF_009913995.1/cds_from_genomic.fna	2016279	4634d48516f5b5ab4c89e25a1e892762408600ab45a626447fea17c38fec8fc8
GCF_009913995.1	ncbi_dataset/data/GCF_009913995.1/genomic.gbff	4978182	ebc5e2136a2b507beba4172dc2e32dd0aa50f507ce5cee299c114e336b35079f
GCF_009913995.1	ncbi_dataset/data/GCF_009913995.1/GCF_009913995.1_ASM991399v1_genomic.fna	1899162	f1a90acac6f4713f70b17b97c89c1e32365551383294d159cdf9b9c0052cce47
GCF_009913995.1	ncbi_dataset/data/GCF_009913995.1/genomic.gff	1209126	ee1fd25e394091e39cf96ab183ba4f98593c61b1f24247b34973db28f6cc33cf
GCF_009913995.1	ncbi_dataset/data/GCF_009913995.1/protein.faa	688094	73498c96b8fee7bdf3ea8660b489b05160afeb0e3d98d96ca9bd067091bbdd61
GCF_009913995.1	ncbi_dataset/data/GCF_009913995.1/sequence_report.jsonl	636	78aab08d123acc59e7781adabf067d9c29d59b94a842a0089f8cf299353bd4eb
GCF_009913995.1	ncbi_dataset/data/dataset_catalog.json	1146	0569f2763b67aea7fc39acb70a30f834a19e6d3361f4915829dbea7efe46bf33
GCF_009913995.1	md5sum.txt	680	0ea56eed96eb7392cbf24d5dccf63c4f4927efea2de2566667651f621caf81b5
GCF_009914015.1	README.md	1593	4b40504b9d718336b19ce451ff7e117494105e58e2351fee9563af7886320eec
GCF_009914015.1	ncbi_dataset/data/assembly_data_report.jsonl	3546	4674f3412bf6740bb1a827300e72ceded2e0e23cb09fc81cc1edb434c60e1972
GCF_009914015.1	ncbi_dataset/data/GCF_009914015.1/cds_from_genomic.fna	2040757	a356d96d3d169f874de03fe346614fc301bf120e016f39d3d9417b549ce6b7be
GCF_009914015.1	ncbi_dataset/data/GCF_009914015.1/genomic.gbff	5039786	a80472f3946cf80fb4a9b630835e0ed328757de7a65e9b5b5164846cdc4a1b00
GCF_009914015.1	ncbi_dataset/data/GCF_009914015.1/GCF_009914015.1_ASM991401v1_genomic.fna	1923196	bb682430ed836db5dc27b5e4dcc9adb1380666a1c5c894fa93391d808202a016
GCF_009914015.1	ncbi_dataset/data/GCF_009914015.1/genomic.gff	1222599	c0934306dff05474f880dd8a65682c1f89e44c25969bac9d9af15e9dde8e1cc4
GCF_009914015.1	ncbi_dataset/data/GCF_009914015.1/protein.faa	695570	dab7922328fd9f2136c6b91d3d831076d1e267ef753fcaf5d46bb1ca4d568c91
GCF_009914015.1	ncbi_dataset/data/GCF_009914015.1/sequence_report.jsonl	955	045c7c1951290911433b68adb4f0dc7c2c24c4ee469bf152cba6f2ab5103a118
GCF_009914015.1	ncbi_dataset/data/dataset_catalog.json	1146	2bf424cd71e0715c95cd87c74892f60d4f39079e661c4d2b1e51c355e789a741
GCF_009914015.1	md5sum.txt	680	1569c16333c0b64d9365aab8709021af10a9aaab76f7f728fdc0a32d52d4f618
GCF_009914035.1	README.md	1593	4b40504b9d718336b19ce451ff7e117494105e58e2351fee9563af7886320eec
GCF_009914035.1	ncbi_dataset/data/assembly_data_report.jsonl	3548	e3fce964f3b2157c9cd5529c8f8ac6d6437582c68faa5472893fd08909607d27
GCF_009914035.1	ncbi_dataset/data/GCF_009914035.1/cds_from_genomic.fna	2014715	860052f03df67cf037b438e4c08257f037ee109a9a5d3d29149b8410b4926e8f
GCF_009914035.1	ncbi_dataset/data/GCF_009914035.1/genomic.gbff	4976558	ef3520776355a74c3d945adbc2de5ee152a8668ebf05b8aa04762a9f0570243c
GCF_009914035.1	ncbi_dataset/data/GCF_009914035.1/GCF_009914035.1_ASM991403v1_genomic.fna	1899163	40d9f5a1ce048ce95327b77f2099ba352c6502e7f8ab1afca093d5e205f82b16
GCF_009914035.1	ncbi_dataset/data/GCF_009914035.1/genomic.gff	1207005	a718261321d3265dad7ff7ddfe58c50967874367fad8f5af5068537e20f6a9ab
GCF_009914035.1	ncbi_dataset/data/GCF_009914035.1/protein.faa	687267	bd750c86d964e04cba44b0b1f758e260b951d122cd8b7e8c36f92b4d76293469
GCF_009914035.1	ncbi_dataset/data/GCF_009914035.1/sequence_report.jsonl	636	817436c46bc673153bf43b93d6cc2e2f3e088fea6887fedd4c4f934163e0a517
GCF_009914035.1	ncbi_dataset/data/dataset_catalog.json	1146	4e3db2762a1a5bd1ad476dc2f2518f77207819838c9b0718e5b1287676e609a5
GCF_009914035.1	md5sum.txt	680	35eb90c1f03168dc8dc4ca6288354c82212115e430b20cc54e5a016d98664483
GCF_010092385.1	README.md	1593	4b40504b9d718336b19ce451ff7e117494105e58e2351fee9563af7886320eec
GCF_010092385.1	ncbi_dataset/data/assembly_data_report.jsonl	3790	0504dcf7076a1d09d75a919e24c20fa6fa9d3d9d79b93c3899a43fe99d587b3a
GCF_010092385.1	ncbi_dataset/data/GCF_010092385.1/cds_from_genomic.fna	2133861	90454cdaeb673fa0751fff613908bf13ce971d27c2a4c20bc180e7be523df843
GCF_010092385.1	ncbi_dataset/data/GCF_010092385.1/genomic.gbff	5322950	b18a1cc5fe04bccb1a533de736676e43244fa298a542b81b64c4c3f3030437c7
GCF_010092385.1	ncbi_dataset/data/GCF_010092385.1/GCF_010092385.1_ASM1009238v1_genomic.fna	2061518	83dc7bc3737c9515c6a74736efae37d684fec994848add3ce8a9b826ff05bf37
GCF_010092385.1	ncbi_dataset/data/GCF_010092385.1/genomic.gff	1270308	0230063b17a80b77467808b2096679cbe4ab587f82173da7a6034cf409eceefb
GCF_010092385.1	ncbi_dataset/data/GCF_010092385.1/protein.faa	729500	4652e0010cf2d8f0f45125ce57c3c37915dbc8e3d75ff23d8698a1be4eac5173
GCF_010092385.1	ncbi_dataset/data/GCF_010092385.1/sequence_report.jsonl	316	7787603fd0f9daf3322e282c11166192e89169d375852823b60993daacbd8fbe
GCF_010092385.1	ncbi_dataset/data/dataset_catalog.json	1147	6b67fc0e2d907012c5bb2639c176f0676edc651b662514578c04aa4298c555e8
GCF_010092385.1	md5sum.txt	681	1f636453bd9a4aba9b1d3839ecdd939606dab037ff1d2dcfd48b5dfd1796654a
GCF_011058775.1	README.md	1593	4b40504b9d718336b19ce451ff7e117494105e58e2351fee9563af7886320eec
GCF_011058775.1	ncbi_dataset/data/assembly_data_report.jsonl	3665	d032c534107389149f7b6c09607cdbaddaceb8ffa099a751c361f3c2937feea5
GCF_011058775.1	ncbi_dataset/data/GCF_011058775.1/cds_from_genomic.fna	1443996	5431bcffc60a95bd8b142b2594414b32b5d12058f2907fb314990ea7169164cb
GCF_011058775.1	ncbi_dataset/data/GCF_011058775.1/genomic.gbff	3611090	9999dfa8eac27ed8111cf88dfb3ca38c4f22977e89b817095af8e657ae76b7ee
GCF_011058775.1	ncbi_dataset/data/GCF_011058775.1/GCF_011058775.1_ASM1105877v1_genomic.fna	1335262	8498ed200e94c24ca2fbce9d94d010bbf22e2779ada50f82988a3d54bbe66730
GCF_011058775.1	ncbi_dataset/data/GCF_011058775.1/genomic.gff	898298	6daad80dd60cc39fa1ec0f00f30e9541ba916494968ebfe5e7bf0127e4796815
GCF_011058775.1	ncbi_dataset/data/GCF_011058775.1/protein.faa	473767	dc89b73366585e78558f1c0ac5e3e80f71a471c75a91a4f587d626a17e5bfe22
GCF_011058775.1	ncbi_dataset/data/GCF_011058775.1/sequence_report.jsonl	316	bbda443720434d7379f5ce8c280c3250d7ff62b8fb15b5376a63df93273fa94c
GCF_011058775.1	ncbi_dataset/data/dataset_catalog.json	1146	b9d1f71cff1258e535f08487099c94093744ef3fa9347398e524564eab1971ee
GCF_011058775.1	md5sum.txt	681	8a19591650a3f3f853d9e5615794fd3ebbbd33a25ce633cf307f1aad999b5f37
GCF_011304355.1	README.md	1593	4b40504b9d718336b19ce451ff7e117494105e58e2351fee9563af7886320eec
GCF_011304355.1	ncbi_dataset/data/assembly_data_report.jsonl	3709	6f6b52b42dcb415da0a440138e0367ecfb9b034bf5dad5af4668c0a2c31e67c4
GCF_011304355.1	ncbi_dataset/data/GCF_011304355.1/cds_from_genomic.fna	1697000	d4785d9bbfa66ba1236cb7320d044288fddab5a190a5678759d336ffce4dbf8c
GCF_011304355.1	ncbi_dataset/data/GCF_011304355.1/genomic.gbff	4228228	d5e5db74d9968f40c8e5f9cf17b16a29ed2cc7cf47e11f62b55c40de41accf4b
GCF_011304355.1	ncbi_dataset/data/GCF_011304355.1/GCF_011304355.1_ASM1130435v1_genomic.fna	1639196	98c14c85c3f8c2e6ccc93e97c65bcbab06b2101690ac36f910a60d88f95adcff
GCF_011304355.1	ncbi_dataset/data/GCF_011304355.1/genomic.gff	1041166	ac43275f9dde0116fa8760a28b5d3d60c576b1cad70b7f490d645b4f740f83a9
GCF_011304355.1	ncbi_dataset/data/GCF_011304355.1/protein.faa	553361	95cf271b57955cf081565f2ba9012e1a1128ad96c44da217edd552d86c081bf7
GCF_011304355.1	ncbi_dataset/data/GCF_011304355.1/sequence_report.jsonl	316	5bc3046597ccf7c38dbc78091d75815099958c0675f4a56f0d3a8452d3a19df9
GCF_011304355.1	ncbi_dataset/data/dataset_catalog.json	1147	763b4aebceb86e5b9269439e69f83e0bc530fa5949fe38e6b0f50b02445f9a7b
GCF_011304355.1	md5sum.txt	681	881462c02f9b09bcac036b525ac11f1d3167abbc7f7d6388b6cad4455d2d4e6c
GCF_013113695.1	README.md	1593	4b40504b9d718336b19ce451ff7e117494105e58e2351fee9563af7886320eec
GCF_013113695.1	ncbi_dataset/data/assembly_data_report.jsonl	3453	0f19ebd1ea401f570a041af9c64888ae6d74fe42e278d961891f5f52db6420db
GCF_013113695.1	ncbi_dataset/data/GCF_013113695.1/cds_from_genomic.fna	1859473	557a43211c2d81465f5980fda0e647e03c53a4837d20d9043af501ef87a2acf3
GCF_013113695.1	ncbi_dataset/data/GCF_013113695.1/genomic.gbff	4606732	323c20eb78951d9bbc8c49f1bc526407f081d6fd5e31dd08bb3466b6315c8e75
GCF_013113695.1	ncbi_dataset/data/GCF_013113695.1/GCF_013113695.1_ASM1311369v1_genomic.fna	1740240	0b78b694402b80944b41578933ab68caf4d6748e2897f0a9fbe620501946f92e
GCF_013113695.1	ncbi_dataset/data/GCF_013113695.1/genomic.gff	1153069	264f15b214c2ff81a289c6a3985467128f082625d82174d1b7b69b1588968bf4
GCF_013113695.1	ncbi_dataset/data/GCF_013113695.1/protein.faa	595105	57358eb2db61b504e52cec8d301ca872fe9f94251f46967f54a9d64dfa74042c
GCF_013113695.1	ncbi_dataset/data/GCF_013113695.1/sequence_report.jsonl	316	b61150f0cccba66f71399524da0430bcff0df3409ff2b861143a958221576665
GCF_013113695.1	ncbi_dataset/data/dataset_catalog.json	1147	50c678616efac981a8f8d10e8e9c2c2d632ab86ec476f9a7705b1bf9bac9b43b
GCF_013113695.1	md5sum.txt	681	82a211dabb61148a73a5a5a840cca644c3b1116258ef561a2fdba2143c6f24f1
GCF_013407595.1	README.md	1593	4b40504b9d718336b19ce451ff7e117494105e58e2351fee9563af7886320eec
GCF_013407595.1	ncbi_dataset/data/assembly_data_report.jsonl	4003	0a5e482f6410747d64b8cc5d26c03ce610e525d568ffb2f3eb2ea0060602212f
GCF_013407595.1	ncbi_dataset/data/GCF_013407595.1/cds_from_genomic.fna	3049010	07038c4df87ab8b94a288e1c9d66691c6f4468bd745f595ecba11102790b15fb
GCF_013407595.1	ncbi_dataset/data/GCF_013407595.1/genomic.gbff	7128264	b88430b5d80a1d3aa1c84ca0fce8b6c536a7d721f13e55660c90f7987469cf9e
GCF_013407595.1	ncbi_dataset/data/GCF_013407595.1/GCF_013407595.1_ASM1340759v1_genomic.fna	2879842	9d55273367db327cdd5c69679435cea2bb81509aa0ee90a2de87581c69b254c9
GCF_013407595.1	ncbi_dataset/data/GCF_013407595.1/genomic.gff	1693181	1d62c42d102d931694d94a4b3f309903b50d84a0df6b0aa5138caf9985ce7e4b
GCF_013407595.1	ncbi_dataset/data/GCF_013407595.1/protein.faa	1038159	9e2417fd9fe8832a095fcf21a5e5d6deb7943bd943d282aab406297ea7782371
GCF_013407595.1	ncbi_dataset/data/GCF_013407595.1/sequence_report.jsonl	3359	ae76543175061144ced4439441cbc375140bf6061dc6aa87eb9aa31f17e84e3e
GCF_013407595.1	ncbi_dataset/data/dataset_catalog.json	1149	134c43ba80b5fd7de80be92740a10d701a0510a5d24416be1ce11fefaa0cade5
GCF_013407595.1	md5sum.txt	681	ac5040200d13b0aa18bfeaa757c1f9d88c1a93989916339338513de307d8a8e1
GCF_014131735.1	README.md	1593	4b40504b9d718336b19ce451ff7e117494105e58e2351fee9563af7886320eec
GCF_014131735.1	ncbi_dataset/data/assembly_data_report.jsonl	3795	93c7891183e5cc05755428d9728bfeced5e88ddf53827ad39c5aa925dfe3d42a
GCF_014131735.1	ncbi_dataset/data/GCF_014131735.1/cds_from_genomic.fna	3320740	cbe77a81384919150f0ff13f140ab49a807356185edd7fce5abd9b90977de1b8
GCF_014131735.1	ncbi_dataset/data/GCF_014131735.1/genomic.gbff	8331025	d7b949aeec9bffc17624492bfdc1ddb5171e47318b6a0d492db3489535cb1316
GCF_014131735.1	ncbi_dataset/data/GCF_014131735.1/GCF_014131735.1_ASM1413173v1_genomic.fna	3290966	dca1bed457d999ac83f66ab73967252b241ae65c80e6e7d6a116a393e03dd5fc
GCF_014131735.1	ncbi_dataset/data/GCF_014131735.1/genomic.gff	1950182	4bbe445ab4efbf86290a6abe1efad99d8f6bffa6982c6f3a2ddae7cf3b8b2082
GCF_014131735.1	ncbi_dataset/data/GCF_014131735.1/protein.faa	1153641	c8c37973cbaefa4c67c32f0b525f4559085d2103422c7c23f547a6273b027271
GCF_014131735.1	ncbi_dataset/data/GCF_014131735.1/sequence_report.jsonl	627	308f7da7e148cc09ecb49d72feef0c710c42754f7ab5a694140e24fd76b18402
GCF_014131735.1	ncbi_dataset/data/dataset_catalog.json	1148	a30a3520cc1ab039953c59ba0848c90c5e4f1679bf1a9eacfada3c4b245aa2df
GCF_014131735.1	md5sum.txt	681	63f15581848c53f896aa70708635d5e75f707d4953f39b97a4f8f6b10a566dd3
GCF_014145545.1	README.md	1593	4b40504b9d718336b19ce451ff7e117494105e58e2351fee9563af7886320eec
GCF_014145545.1	ncbi_dataset/data/assembly_data_report.jsonl	3726	5c7220353bc65ed8ac774e4234e7c2fbaa7f6b724024081ea67905dba20b5c82
GCF_014145545.1	ncbi_dataset/data/GCF_014145545.1/cds_from_genomic.fna	1985907	c7251394085901f38e2af4423d0736d143cf14d48891eedd2fe8f291bdbab03f
GCF_014145545.1	ncbi_dataset/data/GCF_014145545.1/genomic.gbff	5206317	05212be0e8306c0c02ff6b7e86b047d08d0f12b4ee35c3f6e484e54895e3baea
GCF_014145545.1	ncbi_dataset/data/GCF_014145545.1/GCF_014145545.1_ASM1414554v1_genomic.fna	1894243	f8f351cd258611592629afb057f5887b241b831ab4fb83bc930eebde407fc0d4
GCF_014145545.1	ncbi_dataset/data/GCF_014145545.1/genomic.gff	1245279	233f8dddf0d3bf1a466b15c35bca7fd0ab213038fc7f9d8a55c469ac4a80083a
GCF_014145545.1	ncbi_dataset/data/GCF_014145545.1/protein.faa	679688	a2ebd21db83e3bb3e0e68d7dfb19f23b99727096ea176138efa54edfcb95dc30
GCF_014145545.1	ncbi_dataset/data/GCF_014145545.1/sequence_report.jsonl	20552	9553fb2ee051afb7abbfd9e5de43d15abfbe167c0cab165ea77019ec7e29a3c0
GCF_014145545.1	ncbi_dataset/data/dataset_catalog.json	1149	f00d6c26ae51b4223549a93e8ff66e9adbb5f495879def7b406b720de5204592
GCF_014145545.1	md5sum.txt	681	47c821ff20164032d667498198c89ae08292e9d764aa3bbda3c6a14d81e16bb3
GCF_014145555.1	README.md	1593	4b40504b9d718336b19ce451ff7e117494105e58e2351fee9563af7886320eec
GCF_014145555.1	ncbi_dataset/data/assembly_data_report.jsonl	3764	1f9ecf2415b343e40518236ea8deb75be017461bef62c1c29968f561474958e6
GCF_014145555.1	ncbi_dataset/data/GCF_014145555.1/cds_from_genomic.fna	2647465	5a69d786c55c47298400bf7ed1ea28cc2b5a9ffdac12e35bc447b089da63fcd2
GCF_014145555.1	ncbi_dataset/data/GCF_014145555.1/genomic.gbff	6728258	b7fbe627e042846305482f7d1861ff6892f76e8fd89d717a2f008ffe4cd48981
GCF_014145555.1	ncbi_dataset/data/GCF_014145555.1/GCF_014145555.1_ASM1414555v1_genomic.fna	2491621	7af9347e6523254d1c554f409b88332b5c268d0a7b623966de45958a48e22e29
GCF_014145555.1	ncbi_dataset/data/GCF_014145555.1/genomic.gff	1562762	a41715bb6a52e1eec57ab4db7c11495bf5afc587c01244dbbbfcaf3dea9950fe
GCF_014145555.1	ncbi_dataset/data/GCF_014145555.1/protein.faa	899641	8f10e4ec081c6b649c131072a5b32ae25db5a8a9e8a5ca2f5f1b3da089b8a985
GCF_014145555.1	ncbi_dataset/data/GCF_014145555.1/sequence_report.jsonl	23940	d57a7f277045720ab0d90975623636f6cb09636e6fd205c4ac7a9f3f47be682f
GCF_014145555.1	ncbi_dataset/data/dataset_catalog.json	1149	0925ecccc24bbc46c77ec56c3bec4f4790125c3286b6415420dbfe10d954e76e
GCF_014145555.1	md5sum.txt	681	74560d017088030ff63ca244950ba0f71496f3287074c482874f8c19140de469
GCF_014145615.1	README.md	1593	4b40504b9d718336b19ce451ff7e117494105e58e2351fee9563af7886320eec
GCF_014145615.1	ncbi_dataset/data/assembly_data_report.jsonl	3804	be68877ad87302c120391888c458414ed590d93b205f09823dcc9d8d3f1181cc
GCF_014145615.1	ncbi_dataset/data/GCF_014145615.1/cds_from_genomic.fna	2244377	4a49e5335267def20029e3dfbcf5f93ac26056a6002517d4fde0e9a38a760d1d
GCF_014145615.1	ncbi_dataset/data/GCF_014145615.1/genomic.gbff	5819346	e02f5f3b1dc598ec8c5954f2e7722201011ee362d24abb92188280d833f3adf4
GCF_014145615.1	ncbi_dataset/data/GCF_014145615.1/GCF_014145615.1_ASM1414561v1_genomic.fna	2123383	385817a6af037f6f6fca05d06b8b7f89486fc648ef61da914f4f780d7debddaf
GCF_014145615.1	ncbi_dataset/data/GCF_014145615.1/genomic.gff	1363902	3c2b9032efc0440ceda7f4c4d8f57fb85c72ebbafe79c2c6e69e977ecfb08a46
GCF_014145615.1	ncbi_dataset/data/GCF_014145615.1/protein.faa	774175	2893243dafd645ddd9142d749497bfbbccf8bceb9d6cb8e225e63c9a4540a60e
GCF_014145615.1	ncbi_dataset/data/GCF_014145615.1/sequence_report.jsonl	23304	d7c5c80d69641ca6d37295bcc65157c743f9d4a4c4c6a18c0b97bb460f2884f0
GCF_014145615.1	ncbi_dataset/data/dataset_catalog.json	1149	b8ecb0c04dabeddbe98cfc5972cbef8520fd384708ad886e8b97e51a9854d93d
GCF_014145615.1	md5sum.txt	681	34f5730a2a15cdedc07b796b1579dd1d0d1b04f968fed0b38cb63904ab435adb
GCF_014397255.1	README.md	1593	4b40504b9d718336b19ce451ff7e117494105e58e2351fee9563af7886320eec
GCF_014397255.1	ncbi_dataset/data/assembly_data_report.jsonl	3727	5f655a7fb9503977061b43548b47493c22829d425f6228365a8fe7c0a2d3adc6
GCF_014397255.1	ncbi_dataset/data/GCF_014397255.1/cds_from_genomic.fna	1744273	4b9b98dafc2e73d1f360d11047f459e92f12d666b326c5c5cc110e60760845df
GCF_014397255.1	ncbi_dataset/data/GCF_014397255.1/genomic.gbff	4344533	4d21c94d1e0681d94097528f7580d9ef4b4be9d7b037f28dd9cea99a2d420347
GCF_014397255.1	ncbi_dataset/data/GCF_014397255.1/GCF_014397255.1_ASM1439725v1_genomic.fna	1680209	bd0d1b8c669dfe6d1418e6f476314a745c4362d8c4cc5c6368b94d40107ebd05
GCF_014397255.1	ncbi_dataset/data/GCF_014397255.1/genomic.gff	1052844	816edda8bb74d0bdba187ce2cf019f8b2bd7ac710360ca68b972c9960efc97c7
GCF_014397255.1	ncbi_dataset/data/GCF_014397255.1/protein.faa	584642	ab9ad175c9b02522a501089a97cfada75372b972d7cf82e9accc49cc95a46e9d
GCF_014397255.1	ncbi_dataset/data/GCF_014397255.1/sequence_report.jsonl	316	4218faa4f71a02a78618eb04bef4583608e307265311355af9d08f74ed3d788c
GCF_014397255.1	ncbi_dataset/data/dataset_catalog.json	1147	e419626347e8c51557a6e997181e86c25275ea6b158155d89139b9d10e83755a
GCF_014397255.1	md5sum.txt	681	3cac0f4c82a6d1b1255761208843f366e5aa7fa06ec7f3cad2979e382040a1a4
GCF_014656585.1	README.md	1593	4b40504b9d718336b19ce451ff7e117494105e58e2351fee9563af7886320eec
GCF_014656585.1	ncbi_dataset/data/assembly_data_report.jsonl	3576	8e900d3015cbcf47abdb03419caf26d48c224eef1d85fd578ad1abf3750c26ee
GCF_014656585.1	ncbi_dataset/data/GCF_014656585.1/cds_from_genomic.fna	2388726	6f5752379476a60ea13b47aa1f6697844d5b64a1c1a6f67fc74bc3ab4890f736
GCF_014656585.1	ncbi_dataset/data/GCF_014656585.1/genomic.gbff	5884506	b88a73f08a0ba2610f522b2b6cfe664338a712298cf496b47036a30cac1b3342
GCF_014656585.1	ncbi_dataset/data/GCF_014656585.1/GCF_014656585.1_ASM1465658v1_genomic.fna	2201076	cbd5705021588d4f54c4a4753a181e53eea63d4b230bcfd6a0ad6a5c8e7005a6
GCF_014656585.1	ncbi_dataset/data/GCF_014656585.1/genomic.gff	1463634	e73e7e1143807109f6949b2301b078839a05ed0e8a96c8a2d2b2ef22d5dff4dc
GCF_014656585.1	ncbi_dataset/data/GCF_014656585.1/protein.faa	750111	fe0eb32c6b4824a88e6cb1015419a02b42fdbc1e99b84835d85014a01a0a6eae
GCF_014656585.1	ncbi_dataset/data/GCF_014656585.1/sequence_report.jsonl	953	24de8ee44f3a85ebb6c463b3590eb0c457296abefd61b2e85fc7c23a63d9b8a7
GCF_014656585.1	ncbi_dataset/data/dataset_catalog.json	1147	1218164f910bef6fdb7351a1e5030102d3c67ffab637576469a287b2657299a9
GCF_014656585.1	md5sum.txt	681	cf3ef344e25020b9f336375424daa5f3c4e0e7aff9fb088e3da08cdf98bc1902
GCF_014789145.1	README.md	1593	4b40504b9d718336b19ce451ff7e117494105e58e2351fee9563af7886320eec
GCF_014789145.1	ncbi_dataset/data/assembly_data_report.jsonl	3455	c20cecb179ae2980bf1fa1bfea62b4d6bcdb2187990f1fe5478b2990f341ad34
GCF_014789145.1	ncbi_dataset/data/GCF_014789145.1/cds_from_genomic.fna	1717723	f3db4d16e2287a588bee2021bab17dfb8a5dd4f5f1d2e51ae9781341579c46a2
GCF_014789145.1	ncbi_dataset/data/GCF_014789145.1/genomic.gbff	4346789	575e3a806965755edb659e0da07d022eb3927e75b6fb3d65e0a27f1fc7bb61f9
GCF_014789145.1	ncbi_dataset/data/GCF_014789145.1/GCF_014789145.1_ASM1478914v1_genomic.fna	1613235	71e0bf15b6b96607734fea67363e8ad5169b0f922437960d6a1da5206630c154
GCF_014789145.1	ncbi_dataset/data/GCF_014789145.1/genomic.gff	1080481	8f6d9d1f1b40dd7ccdaf09c0f90422fc3c0dbbe34b202cac966675bd76ba9ee6
GCF_014789145.1	ncbi_dataset/data/GCF_014789145.1/protein.faa	573207	0576907eb8d6f7715932a93ad1a4a0d3411bf6d86ff6d0b8f7241678722c911a
GCF_014789145.1	ncbi_dataset/data/GCF_014789145.1/sequence_report.jsonl	316	b2c0bd7c379622cba1085c3973dcadd0b52e65e81549b0e84dc78c2028384a8e
GCF_014789145.1	ncbi_dataset/data/dataset_catalog.json	1147	8e76681d98c24318ce445a9f48762c22ed5d3e4d532ce08fd4e0bd646e1a576c
GCF_014789145.1	md5sum.txt	681	6a1bc54f062cdf2b5f4f5da845e29b9eb858d61af8c2e24bacb1a5bd76d4273a
GCF_016127255.1	README.md	1593	4b40504b9d718336b19ce451ff7e117494105e58e2351fee9563af7886320eec
GCF_016127255.1	ncbi_dataset/data/assembly_data_report.jsonl	4635	9765afa48da053c6cbdda7e977893bacb91067314b66c4466ccc6e920f8910c5
GCF_016127255.1	ncbi_dataset/data/GCF_016127255.1/cds_from_genomic.fna	2343403	8879d3fcaba955d480e717c3f53c9e1bb0ca0cead4066097b8fa66c5d0f5d956
GCF_016127255.1	ncbi_dataset/data/GCF_016127255.1/genomic.gbff	5815322	8f2e715eb9ab30af256e61cea9b248d8813300cc7cf72d63fda83eda738acfb9
GCF_016127255.1	ncbi_dataset/data/GCF_016127255.1/GCF_016127255.1_ASM1612725v1_genomic.fna	2141187	05ea8e0784a2c21ec1c663e84f209678448057abc887acdec7e039baef7a25b6
GCF_016127255.1	ncbi_dataset/data/GCF_016127255.1/genomic.gff	1442555	a620a7911bc8217b4bf772163941ad03e67725418d8c15c49cd89ee9eed303c8
GCF_016127255.1	ncbi_dataset/data/GCF_016127255.1/protein.faa	773717	899e4b6ef2c0a598e3dccd5c753dd8247ea3f448ba95db25274bbb74caac3e4a
GCF_016127255.1	ncbi_dataset/data/GCF_016127255.1/sequence_report.jsonl	316	9e1cdf07fc0653dce3595799075793912917ec9f9e0fabd48cf30e92118070ad
GCF_016127255.1	ncbi_dataset/data/dataset_catalog.json	1147	f231d36e4acb4f16552761f92b7afef558e1ebea059c8430749d7c552495d659
GCF_016127255.1	md5sum.txt	681	1f6f79cdc7e8b060615fd6b74eb535fb0a9090c70f5293abfe04e075381a6906
GCF_016127815.1	README.md	1593	4b40504b9d718336b19ce451ff7e117494105e58e2351fee9563af7886320eec
GCF_016127815.1	ncbi_dataset/data/assembly_data_report.jsonl	4617	7fed5f48ec26ca57cb10a8d894de93819f1a009a46c4b8891d56bf72b27c8b4c
GCF_016127815.1	ncbi_dataset/data/GCF_016127815.1/cds_from_genomic.fna	2234743	459ff52f9da7415c5bc2895cfac478ff972d6c103b38d13e5afec1a262419a55
GCF_016127815.1	ncbi_dataset/data/GCF_016127815.1/genomic.gbff	5632685	6f2ca9a40c0f9e0f3179bbec67ff9a7be42347caa3e38f7c3b256dda1159ff92
GCF_016127815.1	ncbi_dataset/data/GCF_016127815.1/GCF_016127815.1_ASM1612781v1_genomic.fna	2094239	ba85709c87621a8d7a540d619d1a0b5b20a1dac740d47426e75b0a9bd86b9806
GCF_016127815.1	ncbi_dataset/data/GCF_016127815.1/genomic.gff	1391370	236cfdf3786ed1d2b744f9140cf10382de80c76afc0bbd58e004d1da7f3d3af5
GCF_016127815.1	ncbi_dataset/data/GCF_016127815.1/protein.faa	744090	83a3b74496269986780db4b745e1c857224825e6462c264c049d808b145a3052
GCF_016127815.1	ncbi_dataset/data/GCF_016127815.1/sequence_report.jsonl	316	49e568bd0c5b2203125837d90fb13f68567ed3ff965c4ed0bca84476f8cbf197
GCF_016127815.1	ncbi_dataset/data/dataset_catalog.json	1147	8784100a306239e839b0f1ff3fbcb26d92efffc6971ec9dd3f75ebc3b6499e5f
GCF_016127815.1	md5sum.txt	681	3bc1648af40493c6f9683e5db552f9d47511e3c37a205a4d3c9fbed99714a87e
GCF_016647595.1	README.md	1593	4b40504b9d718336b19ce451ff7e117494105e58e2351fee9563af7886320eec
GCF_016647595.1	ncbi_dataset/data/assembly_data_report.jsonl	3635	a104aa0b4ef93a0b9271f337e90cb6a553d5de07cb1a3de8fb268f88db571a89
GCF_016647595.1	ncbi_dataset/data/GCF_016647595.1/cds_from_genomic.fna	2422985	f6d29c5739b15e758fb5b3dc863c0c6c03e2232859cf192039328f4afe620e69
GCF_016647595.1	ncbi_dataset/data/GCF_016647595.1/genomic.gbff	5871759	a03a4809a174600874430891ee5ae6a57da4d80979e20628954a3ce5f4787a3a
GCF_016647595.1	ncbi_dataset/data/GCF_016647595.1/GCF_016647595.1_ASM1664759v1_genomic.fna	2274624	9b10b6d30ffc9e7deea43a673e9a7f426a76d3cf8465ad4675bb446a33193cb4
GCF_016647595.1	ncbi_dataset/data/GCF_016647595.1/genomic.gff	1403554	ed0a20f880d6b7d0e9008212fcc8a31f06a4f224b1880c6546a29d1476f7db1e
GCF_016647595.1	ncbi_dataset/data/GCF_016647595.1/protein.faa	789084	e834e62d734e0c0b5ebfc097339ad9fdf4064b4d57b19301d748961aeb27f979
GCF_016647595.1	ncbi_dataset/data/GCF_016647595.1/sequence_report.jsonl	609	c9f71e2fa409d1b630ce4a6f74dfebe9982e41255182cc691ccb75d4dbd7e053
GCF_016647595.1	ncbi_dataset/data/dataset_catalog.json	1147	c83857b265c95e0dce8aea6ac7d7de4cd2f9bc86b6ebf6a91c1b692c3cd413e6
GCF_016647595.1	md5sum.txt	681	4d2a42b651d2bac8840b025c4fc12022657afb0b3bb8b58ed759899f4cb9c0d3
GCF_016919665.1	README.md	1593	4b40504b9d718336b19ce451ff7e117494105e58e2351fee9563af7886320eec
GCF_016919665.1	ncbi_dataset/data/assembly_data_report.jsonl	3477	dc13b7f6a59627eff675ca55f2d331f12bfb66fa716483a513686d3c1c4ad455
GCF_016919665.1	ncbi_dataset/data/GCF_016919665.1/cds_from_genomic.fna	2138446	d980eaa5acbb323862ac11fbd1a26bafd1434959a0870d35cefdd24c10af1054
GCF_016919665.1	ncbi_dataset/data/GCF_016919665.1/genomic.gbff	5310255	cb60cad1f17a87a83d14516f5943656f76cea496b41d5f71dfc8c0335c8d4bf7
GCF_016919665.1	ncbi_dataset/data/GCF_016919665.1/GCF_016919665.1_ASM1691966v1_genomic.fna	2043570	572604d68fdbde39a2156ceb0b7dce6bf67516a937d273032a66ddcf3ed09b8f
GCF_016919665.1	ncbi_dataset/data/GCF_016919665.1/genomic.gff	1281509	a85ac513ef00cc02a210660285ef10b9a9033a54c36affb1e1948de0e65b6ded
GCF_016919665.1	ncbi_dataset/data/GCF_016919665.1/protein.faa	727757	f64c7ba091acf28ca9414b7814ba2765e3044ea21a3641495cbbdf6297deece1
GCF_016919665.1	ncbi_dataset/data/GCF_016919665.1/sequence_report.jsonl	316	a5b6bf2426416fae0fecd7f09c88bdf5d08767b244a0149562b23595756aa2fb
GCF_016919665.1	ncbi_dataset/data/dataset_catalog.json	1147	db23e55c7940770e91eefe908b13de6b85e1987f6e44855a39ec976b9209349f
GCF_016919665.1	md5sum.txt	681	b6d32b57cb84fce11eb72a33d48e145931eb47f1fb0677fd3cff436164869689
GCF_017068355.1	README.md	1593	4b40504b9d718336b19ce451ff7e117494105e58e2351fee9563af7886320eec
GCF_017068355.1	ncbi_dataset/data/assembly_data_report.jsonl	3521	04d40c982eeb3a0f0af75653dcef0413f96a975fbb9a45d4debb6521744c491e
GCF_017068355.1	ncbi_dataset/data/GCF_017068355.1/cds_from_genomic.fna	2154953	503f877b57b5b34abfb76a1b9fedaa4321f9bc0a149618c4e5654ccfbcd026e4
GCF_017068355.1	ncbi_dataset/data/GCF_017068355.1/genomic.gbff	5422347	8869da3b50fd441b8fda6d9b771434091e64e7ed59a29b886bbce10e3376547e
GCF_017068355.1	ncbi_dataset/data/GCF_017068355.1/GCF_017068355.1_ASM1706835v1_genomic.fna	2020120	4ec261b36de1a7be98dbc6d4d8acf689ae11c57e3ba435494a181c675596203a
GCF_017068355.1	ncbi_dataset/data/GCF_017068355.1/genomic.gff	1332073	b40105edb866659b6d503f7e8bbc17ad2098c8a4594c948cd6f86b8a1de302ce
GCF_017068355.1	ncbi_dataset/data/GCF_017068355.1/protein.faa	719392	12185aefedc351309c0f5978301fd6cdffeb0c4d91b42254a48535c319c3df19
GCF_017068355.1	ncbi_dataset/data/GCF_017068355.1/sequence_report.jsonl	316	b15c5e4482a7d4d9fcf5d38632dff9e8659b948626551ce51c7a308b1fa46502
GCF_017068355.1	ncbi_dataset/data/dataset_catalog.json	1147	23dfd7696971d44662fa534de33e1be94c965676e6eb6a43251aed352edc1900
GCF_017068355.1	md5sum.txt	681	4e28349a641bf6155cfb0dcc2fef9c32e92925acbd6fc32437f4df391e229fd9
GCF_017894345.1	README.md	1593	4b40504b9d718336b19ce451ff7e117494105e58e2351fee9563af7886320eec
GCF_017894345.1	ncbi_dataset/data/assembly_data_report.jsonl	3741	4614152d13182ad05ccb2b04eb3b2fa61b9e98b7a330325f7abce50107c0647f
GCF_017894345.1	ncbi_dataset/data/GCF_017894345.1/cds_from_genomic.fna	2219798	bf0381541efee8e8975c7cf0e99ac26e7e768922a575ba9e1f0383c042aa3f03
GCF_017894345.1	ncbi_dataset/data/GCF_017894345.1/genomic.gbff	5523330	5a31a68699c28010d7024430d9d1f1d5f9254279936c5c6cce015abcee7e9cd8
GCF_017894345.1	ncbi_dataset/data/GCF_017894345.1/GCF_017894345.1_ASM1789434v1_genomic.fna	2067549	19c72ba57c80ff6b5b170130546fbe37268e8826ff981dc233064d248f8ebaa3
GCF_017894345.1	ncbi_dataset/data/GCF_017894345.1/genomic.gff	1363423	8733f6721c306dbe9881bd1fa251a3da77f06439fc5dfdbdf2999e97241204cf
GCF_017894345.1	ncbi_dataset/data/GCF_017894345.1/protein.faa	719359	94377ca0c6d6fbd3a6d01f900faca8e646c71ede956a56631c549a58641baabe
GCF_017894345.1	ncbi_dataset/data/GCF_017894345.1/sequence_report.jsonl	956	7ae6c3792260ac53c2ad90ac8513d7b6c6da018c4045ceefe4445d2fdecc4dba
GCF_017894345.1	ncbi_dataset/data/dataset_catalog.json	1147	066df17050684b3bcae65007f19a09da9258658df033617a9954b559ccfff221
GCF_017894345.1	md5sum.txt	681	a3c4c2467dd72bb43329a76b2041809814777338a4dc274ebad0d32d374fde6c
GCF_018394055.1	README.md	1593	4b40504b9d718336b19ce451ff7e117494105e58e2351fee9563af7886320eec
GCF_018394055.1	ncbi_dataset/data/assembly_data_report.jsonl	3487	54c7ac0d53c75d67f7638eb656e62619c6978cfbf930b0cc8125d46807505e8c
GCF_018394055.1	ncbi_dataset/data/GCF_018394055.1/cds_from_genomic.fna	1594960	1c782d3bec1cb8a365663b801fa56d70bcba139231f022219e1e7167911cdf07
GCF_018394055.1	ncbi_dataset/data/GCF_018394055.1/genomic.gbff	4011669	09dcd472d1cea0fb45def6e7a1ddbcc40454c64c20842d6a6368232697fbf1f3
GCF_018394055.1	ncbi_dataset/data/GCF_018394055.1/GCF_018394055.1_ASM1839405v1_genomic.fna	1524689	aae82e52dbf0e5feee2a29cfdcfa3cd95d55811869cd7d2714acd2d6888bee3b
GCF_018394055.1	ncbi_dataset/data/GCF_018394055.1/genomic.gff	992562	5bfb887bcc82b705328b3c4caeed81f60aa9850b85335bd69ea85a093e4087d5
GCF_018394055.1	ncbi_dataset/data/GCF_018394055.1/protein.faa	533140	edc5f52dfb3138805c342b735015076e3162956b9c631080b6d63106d5ac83d4
GCF_018394055.1	ncbi_dataset/data/GCF_018394055.1/sequence_report.jsonl	316	74b68309668038af56fb9136727ab33e29e1f44feeb0aad72d0849b8d0de855b
GCF_018394055.1	ncbi_dataset/data/dataset_catalog.json	1146	fc8e156a1bdbef14b687f2206c74c8b4378e0e3163564cc8d385116807dd5df3
GCF_018394055.1	md5sum.txt	681	59a81c16d80e7257b651cea4da13f52aee1781d4dac58fe31535f3e9530b1e3a
GCF_018502505.1	README.md	1593	4b40504b9d718336b19ce451ff7e117494105e58e2351fee9563af7886320eec
GCF_018502505.1	ncbi_dataset/data/assembly_data_report.jsonl	3648	045eb2b326b16d286aafd5abd4bb1ebb2ef2223423580556d90e0f705d68c51b
GCF_018502505.1	ncbi_dataset/data/GCF_018502505.1/cds_from_genomic.fna	1499481	aa3080630ee4175528b07081fbb2c2e47f7b9a89f8495e4368293458816cb2d8
GCF_018502505.1	ncbi_dataset/data/GCF_018502505.1/genomic.gbff	3822280	0d4dc0341efc26483f6f9a3095ccc61918489b07dc1e9530b0cd376b8e6873c1
GCF_018502505.1	ncbi_dataset/data/GCF_018502505.1/GCF_018502505.1_ASM1850250v1_genomic.fna	1403442	2e546928d815b17c2ab0802971a8eda9e54988e1070b0e35edd236ed5ad6db9c
GCF_018502505.1	ncbi_dataset/data/GCF_018502505.1/genomic.gff	962943	482ae4489760cb1281a9d8ef004204ae8992fbcf81e5c21ecca5810dc7fed175
GCF_018502505.1	ncbi_dataset/data/GCF_018502505.1/protein.faa	501392	9246881c1b406eb6827f28883678d5b318cad5e3e5e3d38e0c11f49a511ea91a
GCF_018502505.1	ncbi_dataset/data/GCF_018502505.1/sequence_report.jsonl	316	d7450dd24c1c109163ffde1a907b91516975cd675980936f93b60b7cc9dc2b9c
GCF_018502505.1	ncbi_dataset/data/dataset_catalog.json	1146	602c9585d657959c72783340e5c95334ce22098e8abe82a6678cce93f8d687c9
GCF_018502505.1	md5sum.txt	681	2f60e90eac9c93f6f03d1fcbbcd42f7e8d5d21754db959c8f76b9997710ecd12
GCF_019448175.1	README.md	1593	4b40504b9d718336b19ce451ff7e117494105e58e2351fee9563af7886320eec
GCF_019448175.1	ncbi_dataset/data/assembly_data_report.jsonl	3611	e3880360b4a7ddf8ed2e18e515f7b197f632c18c972cefcac4253e840118572e
GCF_019448175.1	ncbi_dataset/data/GCF_019448175.1/cds_from_genomic.fna	2154658	06520ea00a08d9f94c28ffb1f753b5ba9fe7d9cf3eac07913b241e5600a8b068
GCF_019448175.1	ncbi_dataset/data/GCF_019448175.1/genomic.gbff	5386120	6afc16fab64ee1835874fd370c977505410ecf32ebb66f65d4584c1bda934cb9
GCF_019448175.1	ncbi_dataset/data/GCF_019448175.1/GCF_019448175.1_ASM1944817v1_genomic.fna	2069745	3022ee222246b8aec59d08e5b2fc498a85f2bc95973bf562e9d61d8aa3198016
GCF_019448175.1	ncbi_dataset/data/GCF_019448175.1/genomic.gff	1302555	c1083fb6cbc76870789495c655e0508a68908aec9ad0aa77954155ac08b5845b
GCF_019448175.1	ncbi_dataset/data/GCF_019448175.1/protein.faa	736537	3f4964309e3d0b59059a2e7f33fe265cb0c7f068445bda0165bfae44717fdabb
GCF_019448175.1	ncbi_dataset/data/GCF_019448175.1/sequence_report.jsonl	316	8374c9ec4640e05bba5c2f8abe61179cb5b0eff9683cf021c191e5ecb8cccf62
GCF_019448175.1	ncbi_dataset/data/dataset_catalog.json	1147	7e68f32ff7ee083f96d3ce7ae1e9bb3d65dff0f8259990a91c681bbfe46a40ba
GCF_019448175.1	md5sum.txt	681	a04a35ae6f72e893433be9a5952056a97d2590b65d8e5a1d0040670b341f5eb2
GCF_019469265.1	README.md	1593	4b40504b9d718336b19ce451ff7e117494105e58e2351fee9563af7886320eec
GCF_019469265.1	ncbi_dataset/data/assembly_data_report.jsonl	3793	2900c73b079f528e263ca825f7f41d227379220fcc4b17675dca13fe4e867f66
GCF_019469265.1	ncbi_dataset/data/GCF_019469265.1/cds_from_genomic.fna	2325680	d7ba5f3eb3ce78f64d1c89180ef0e7ab77119c70f7fd34ba8ed12e9979cfeff6
GCF_019469265.1	ncbi_dataset/data/GCF_019469265.1/genomic.gbff	5713044	2ffb861de45802cfec1ec209331848caba792c1b8e6baa6e8789936d60b60a98
GCF_019469265.1	ncbi_dataset/data/GCF_019469265.1/GCF_019469265.1_ASM1946926v1_genomic.fna	2215551	bc05c90747b03689fe65e50fd31abeef7c84470df63f430c7823e80ffee298f0
GCF_019469265.1	ncbi_dataset/data/GCF_019469265.1/genomic.gff	1350352	26b938063fa55a50152f306c4d33beb84d0787ad960ed11589bc82f35f4b1f17
GCF_019469265.1	ncbi_dataset/data/GCF_019469265.1/protein.faa	799121	91455857f0c9d57bcfe252d2b478e1bc0c9cb342641f4b823b22a10ff7ebc5ef
GCF_019469265.1	ncbi_dataset/data/GCF_019469265.1/sequence_report.jsonl	316	286e495a9b04fe6796f5c4f0876c7b8668334fa2f1e23066e997115140e8a169
GCF_019469265.1	ncbi_dataset/data/dataset_catalog.json	1147	5e76b92ae9d037a01506c7ca3b706e57f3fd259fc9f09505c2ede642a6f2f85d
GCF_019469265.1	md5sum.txt	681	fb6f592b385a90448ee8e132fdf8fc5842c71d5ff57dc9fb198fd494d18bc9ae
GCF_019576155.1	README.md	1593	4b40504b9d718336b19ce451ff7e117494105e58e2351fee9563af7886320eec
GCF_019576155.1	ncbi_dataset/data/assembly_data_report.jsonl	3480	618f9c8bd286a8397eb2c5c15ae7341caee8b49c52ba402a233eae3dec4fcb94
GCF_019576155.1	ncbi_dataset/data/GCF_019576155.1/cds_from_genomic.fna	2655619	4f08611cd41a332549f671b1fe7add64f30576da9c666eb7dc63cdb3a346225e
GCF_019576155.1	ncbi_dataset/data/GCF_019576155.1/genomic.gbff	6511019	8bff835565804ca1ca2800387f280c99de08dc72568a000d16947058f5e5f80b
GCF_019576155.1	ncbi_dataset/data/GCF_019576155.1/GCF_019576155.1_ASM1957615v1_genomic.fna	2561203	0c52c3d9c2930d27b15870dfb3118b0cef8e83cf51d5cf64c02016c7f73bea66
GCF_019576155.1	ncbi_dataset/data/GCF_019576155.1/genomic.gff	1520726	7a7f4b1a30b5c265553d3c6f04e8634abda297dd7cb74b6acb7f7b62d6c82c6e
GCF_019576155.1	ncbi_dataset/data/GCF_019576155.1/protein.faa	889212	7d00227d5e88301ec4ed41e27914f6edd5f74bb87c6c25e7265da2e524175904
GCF_019576155.1	ncbi_dataset/data/GCF_019576155.1/sequence_report.jsonl	609	faa6054d90d8db53274019e9f86f57c7886b98895e5df68b9b6022c4bedc383e
GCF_019576155.1	ncbi_dataset/data/dataset_catalog.json	1147	35bf4f6bdac79c268603289e742a64f466570f9024957c9f6ab85f39596ed1c5
GCF_019576155.1	md5sum.txt	681	b8d3172fe38b752b66eca4a041c186a90059114f2beb4cc08cbf4d8e1a3ded17
GCF_019797825.1	README.md	1593	4b40504b9d718336b19ce451ff7e117494105e58e2351fee9563af7886320eec
GCF_019797825.1	ncbi_dataset/data/assembly_data_report.jsonl	3466	34c690e09e86c3793b46f86e04f1e1f67ee56a92b4c01fd6a55aaff9419b05b5
GCF_019797825.1	ncbi_dataset/data/GCF_019797825.1/cds_from_genomic.fna	2242369	0d1bcd2f2f7a44dd9d293a152d0007dd4235f9a515600f6cb7f4b162feb2fe9c
GCF_019797825.1	ncbi_dataset/data/GCF_019797825.1/genomic.gbff	5506934	82d60626ef25f55f8a2f0c786b3d95e96c4ee658ddd008c19d2c6129a0ec2222
GCF_019797825.1	ncbi_dataset/data/GCF_019797825.1/GCF_019797825.1_ASM1979782v1_genomic.fna	2155962	397c18050e06cd68a34e0b5117b7960bd9208a75208644815645bf103ef5de3e
GCF_019797825.1	ncbi_dataset/data/GCF_019797825.1/genomic.gff	1303491	41c66222690caba069d9697b2b858fa9fa59e4abf5952234aeab092f57600396
GCF_019797825.1	ncbi_dataset/data/GCF_019797825.1/protein.faa	723537	8dc1bbd3c02bbefab45f0d1c268ebb7b6ee39ecab015cc6b94c011e83aaae357
GCF_019797825.1	ncbi_dataset/data/GCF_019797825.1/sequence_report.jsonl	975	3b1b6272d1dd1bf2fad99119a7e74c3ccf6ca9b1a145d93c5c31c83bbfa81d3a
GCF_019797825.1	ncbi_dataset/data/dataset_catalog.json	1147	8efff682332eca9ba983aedacb27a9df581661862194b952ed93274dd3f28c3e
GCF_019797825.1	md5sum.txt	681	9ef8b48d5937d2902965d0b754b1c0ea60025e56a47a4dc8c1de1bee29beebb0
GCF_020510245.1	README.md	1593	4b40504b9d718336b19ce451ff7e117494105e58e2351fee9563af7886320eec
GCF_020510245.1	ncbi_dataset/data/assembly_data_report.jsonl	3641	63681cac80f932904f4ab8f24952bee994d3f7f3ee4ba9e5c10f5af2dc305bc6
GCF_020510245.1	ncbi_dataset/data/GCF_020510245.1/cds_from_genomic.fna	2111929	cea0e725adcda12926bb02b704eb9b7060d6068436a682db0ae5cb6d417fe664
GCF_020510245.1	ncbi_dataset/data/GCF_020510245.1/genomic.gbff	5257466	0399650fa3a069c2514941339ee1d670f66d892dfa0de40f782fe4f347bf361b
GCF_020510245.1	ncbi_dataset/data/GCF_020510245.1/GCF_020510245.1_ASM2051024v1_genomic.fna	1915883	0f69e6bbf98f6a8d98ab99c58fc90b57781eef191039a0471e1b9ca0462a628b
GCF_020510245.1	ncbi_dataset/data/GCF_020510245.1/genomic.gff	1341295	10aa7c734441076fb634682f3240ef59883742db674d1f0e4eae011fbae4df0b
GCF_020510245.1	ncbi_dataset/data/GCF_020510245.1/protein.faa	663622	b052b6d34d7d5df342e9ecfa6a03e4cc251babae9f75ac82e4362794433b1ccf
GCF_020510245.1	ncbi_dataset/data/GCF_020510245.1/sequence_report.jsonl	608	25b4bd1b8a9b472305d9188aa641fa3717c4f5b4dfe253dd3dfa01b5bd6f56aa
GCF_020510245.1	ncbi_dataset/data/dataset_catalog.json	1147	18e76b695b39d8bd8052540d6accdab71ab7d698c26dbe23a5ee10705431a349
GCF_020510245.1	md5sum.txt	681	f5f8d056eb2b97dfb485760e994fb03a8a5ee39ae56c2fba8d441ae4ca0686f0
GCF_020784695.1	README.md	1593	4b40504b9d718336b19ce451ff7e117494105e58e2351fee9563af7886320eec
GCF_020784695.1	ncbi_dataset/data/assembly_data_report.jsonl	4237	5134ca9b50042123b1d7a66030ca3e2d4c8c6ab0de50f834974f137f0cffcc93
GCF_020784695.1	ncbi_dataset/data/GCF_020784695.1/cds_from_genomic.fna	2169784	a208f00b0229f486f4f248b04c38bb61f2abec7488cee23b6ba3af95ec8ce3f7
GCF_020784695.1	ncbi_dataset/data/GCF_020784695.1/genomic.gbff	5463142	c50fb5c2b1eef4ace082b447df2807b6d1f360bc1ed7ee9e452294c1f3c7aeb2
GCF_020784695.1	ncbi_dataset/data/GCF_020784695.1/GCF_020784695.1_ASM2078469v1_genomic.fna	2044435	d0b6399a0b17d499ef750497e87343cb41c9aa4f1a6650bf4b019fe7f12ecaf0
GCF_020784695.1	ncbi_dataset/data/GCF_020784695.1/genomic.gff	1297085	903464702e0f95b267ebaff898eaed239dc18485446a4cf13e1e472891976cbc
GCF_020784695.1	ncbi_dataset/data/GCF_020784695.1/protein.faa	746136	ca5fd77b116a46ad9003b133e0e41ba6e98724315d80bfdb568a8681cb88b5d5
GCF_020784695.1	ncbi_dataset/data/GCF_020784695.1/sequence_report.jsonl	14127	dd80cb57976e246de3f3ec35e6512202047fb9653393111c629f42539272e6f0
GCF_020784695.1	ncbi_dataset/data/dataset_catalog.json	1149	5729364efc196571bb7785ef7825b5312bbc63167b7452e4ab5493b4d2b2c9e1
GCF_020784695.1	md5sum.txt	681	a6b441d0f6993f533c799ff8327f362fa417453a46c9bfde6654fe15d579f31b
GCF_020844005.1	README.md	1593	4b40504b9d718336b19ce451ff7e117494105e58e2351fee9563af7886320eec
GCF_020844005.1	ncbi_dataset/data/assembly_data_report.jsonl	4138	4611bec92a09aeca83b62303e6c7728c38ca9c546802d7367788400aed7158ad
GCF_020844005.1	ncbi_dataset/data/GCF_020844005.1/cds_from_genomic.fna	1939202	a7235652c78327ad5c21ac973613a4fe4e37e01777bba556f99882fb6339e8f0
GCF_020844005.1	ncbi_dataset/data/GCF_020844005.1/genomic.gbff	4834554	54b9a7ec270d019e9ab8aec12f7f6d239da674d2a1afb97cd17d660173161107
GCF_020844005.1	ncbi_dataset/data/GCF_020844005.1/GCF_020844005.1_ASM2084400v1_genomic.fna	1860895	27987b9dd94024191cc41a654761a14a4085fcd1a180568163c7425a4439d7c7
GCF_020844005.1	ncbi_dataset/data/GCF_020844005.1/genomic.gff	1236982	44c4a8d091d165573ef44282402aed46e02bcbdef83c14276d1a42b987989b92
GCF_020844005.1	ncbi_dataset/data/GCF_020844005.1/protein.faa	592437	d155aba70f6da721e3301d725ef30656533088e695482e509a6737ec72a87861
GCF_020844005.1	ncbi_dataset/data/GCF_020844005.1/sequence_report.jsonl	316	6cda6b3d0426d6aff8579555051b1185888d7f692dd5da108b18e8ea6f29a476
GCF_020844005.1	ncbi_dataset/data/dataset_catalog.json	1147	bc0aa4eda42edec265bda5ae05d281756b3e8962a498a023a760b06686f8dfdf
GCF_020844005.1	md5sum.txt	681	74da104280ed48eb537f1cc4366f51ace685c719d77fb2ea2f481474f4893fe0
GCF_021378055.1	README.md	1593	4b40504b9d718336b19ce451ff7e117494105e58e2351fee9563af7886320eec
GCF_021378055.1	ncbi_dataset/data/assembly_data_report.jsonl	3699	59e58bb406783ef02d086c0e21ec938661426c53adffd3476f98a43d0b718939
GCF_021378055.1	ncbi_dataset/data/GCF_021378055.1/cds_from_genomic.fna	1979108	a497e7135ce10662972498f017d8ca79653f6304b09e6d82028a47d6dcb97f64
GCF_021378055.1	ncbi_dataset/data/GCF_021378055.1/genomic.gbff	4917089	107d7dc5f38583b9d7c7481a1e09304356d649d2011f7fa1ff92258cf922071c
GCF_021378055.1	ncbi_dataset/data/GCF_021378055.1/GCF_021378055.1_ASM2137805v1_genomic.fna	1843254	ddff6c511ecc180031a3e47cc763acc6f353c735cfd1c0546ba5f42e0d2e4658
GCF_021378055.1	ncbi_dataset/data/GCF_021378055.1/genomic.gff	1209082	37b0fb6bf5770e2f4296147291c50beb8ff8c0f1519a2ce02de4ef41ca052816
GCF_021378055.1	ncbi_dataset/data/GCF_021378055.1/protein.faa	672660	b6acc0691f07e149f9ffcc5680bb353e56710132e182832b2a6fe5e31fcfac6d
GCF_021378055.1	ncbi_dataset/data/GCF_021378055.1/sequence_report.jsonl	5325	7f366cc12d32f800032780a54ab942ad09eeff04a8477f7482906a0313daf569
GCF_021378055.1	ncbi_dataset/data/dataset_catalog.json	1148	40c0361d7fd9536c98f9b205796e2a6a7d7b03e410d2b40f3a457ad768c2f2ba
GCF_021378055.1	md5sum.txt	681	c3c3158888f90bd02fb78dbbf167b33357a01e9bbce9b5e1e51257352ccfa8db
GCF_023169905.1	README.md	1593	4b40504b9d718336b19ce451ff7e117494105e58e2351fee9563af7886320eec
GCF_023169905.1	ncbi_dataset/data/assembly_data_report.jsonl	4251	8c3bfd579d7d8ac67ff3e869f092274dda8c4f0e09e01ea208d80af957f570fc
GCF_023169905.1	ncbi_dataset/data/GCF_023169905.1/cds_from_genomic.fna	2839085	9ca061c52c3c508e49f9cc24660be205c0785651d40d1b14dd13f2ef6262b12d
GCF_023169905.1	ncbi_dataset/data/GCF_023169905.1/genomic.gbff	7102139	5930cefa4f8f860031d43e26e4701f826d18505bd554618505f0fe9b9be435ce
GCF_023169905.1	ncbi_dataset/data/GCF_023169905.1/GCF_023169905.1_ASM2316990v1_genomic.fna	2721248	b0d176190c7dd5d83ad0517ba5675e4caaf1b1924ef3425e157c2bd01d7d4321
GCF_023169905.1	ncbi_dataset/data/GCF_023169905.1/genomic.gff	1740181	1badf4285b729130b34da8c117954fc6b7684f255d691d6e7bf198717b53e190
GCF_023169905.1	ncbi_dataset/data/GCF_023169905.1/protein.faa	929766	2e6a419e6e430c90509f6aa51759cabede3115960622e0b989ce145f15fbc375
GCF_023169905.1	ncbi_dataset/data/GCF_023169905.1/sequence_report.jsonl	948	28e60aee69313dc8c340ca7c5516676f43cf2fa20969783bb7fed7f326282a65
GCF_023169905.1	ncbi_dataset/data/dataset_catalog.json	1147	c2075f02414cb6f488d07a0f43710045aa957a2d4932fae1d4cb60862f665c3d
GCF_023169905.1	md5sum.txt	681	19dc5b74b6c877f90845b757d2f789794cdd86c5f2a3c60ca3256455fb5e2b55
GCF_023499275.1	README.md	1593	4b40504b9d718336b19ce451ff7e117494105e58e2351fee9563af7886320eec
GCF_023499275.1	ncbi_dataset/data/assembly_data_report.jsonl	3494	f6b9d5e4649cc597138cca82c962d2d7ed9a11c270032bc777a785a4f4ec51a9
GCF_023499275.1	ncbi_dataset/data/GCF_023499275.1/cds_from_genomic.fna	2304187	a191e912824ecdedc31512e3aef36d11f59eef4f3ec323a9b6518b44febc8e33
GCF_023499275.1	ncbi_dataset/data/GCF_023499275.1/genomic.gbff	5700431	dc2f87cb44a023693e52cf10053cb62563f37f44c17be39f6ea4a31867522334
GCF_023499275.1	ncbi_dataset/data/GCF_023499275.1/GCF_023499275.1_ASM2349927v1_genomic.fna	2132664	05ae738479396bd2940f2ee41725ee35fdf046501fda60f4b5b763ec0ca9ed5f
GCF_023499275.1	ncbi_dataset/data/GCF_023499275.1/genomic.gff	1367540	d9fd3d66435f6056889c796d88052175594d8fb47db4f9e5cd47363dc58d7e50
GCF_023499275.1	ncbi_dataset/data/GCF_023499275.1/protein.faa	770987	4344d0d8e6bdd597bf45b29b5484ebf17c0a74e02600b30e5177c08bee88fbf9
GCF_023499275.1	ncbi_dataset/data/GCF_023499275.1/sequence_report.jsonl	311	16872e99f99d4c7de0ef623592bc8173c362e56bb0ba7a45ec9f2b6592ce4c26
GCF_023499275.1	ncbi_dataset/data/dataset_catalog.json	1147	b9b742e8605fbc80f6906909345939c6755abf692399fecf4c5412232eac92c3
GCF_023499275.1	md5sum.txt	681	72183820b0655ab0b264ef87a458fd4b8f0ab623b8b6ebce63b2d6c513619211
GCF_023920145.1	README.md	1593	4b40504b9d718336b19ce451ff7e117494105e58e2351fee9563af7886320eec
GCF_023920145.1	ncbi_dataset/data/assembly_data_report.jsonl	3381	4cb2b8efade0e6e8a794981053b5cc2f8435bd0a47494eceda068e563275ec3c
GCF_023920145.1	ncbi_dataset/data/GCF_023920145.1/cds_from_genomic.fna	2170079	381972693639cc06547cf8cc6f6db68050a41a13efd901d30b86422650115f14
GCF_023920145.1	ncbi_dataset/data/GCF_023920145.1/genomic.gbff	5331309	6320d634f9ccc89d4284175133d77209ee63492dfc925dab3c874f219a3db928
GCF_023920145.1	ncbi_dataset/data/GCF_023920145.1/GCF_023920145.1_ASM2392014v1_genomic.fna	2014647	9f7c02ff9e52ce91863cf616389703dbcbbdd1cf0ca689e9e3812e172dd55640
GCF_023920145.1	ncbi_dataset/data/GCF_023920145.1/genomic.gff	1320078	d06e73cd269e6e4b0871203ded782df947a26542619e125795d754f69b674def
GCF_023920145.1	ncbi_dataset/data/GCF_023920145.1/protein.faa	652605	898196c68a5fee74fde2183e446ebdc8d801723373bd85e590901c002bb7cf05
GCF_023920145.1	ncbi_dataset/data/GCF_023920145.1/sequence_report.jsonl	316	7e7aefb85dd53fd7ad6e165b1262ac1163150e774bded141cedfb5d765ef8ee3
GCF_023920145.1	ncbi_dataset/data/dataset_catalog.json	1147	f08cf50bdb101e6a5233f1b441e84c72a2eb694ca584caf154c297df1099b6a3
GCF_023920145.1	md5sum.txt	681	5d0d7bc0db24c24d7df5a229ed2b463b1092fbe1e0d99d441ddf5cb53c7f26fb
GCF_024334065.1	README.md	1593	4b40504b9d718336b19ce451ff7e117494105e58e2351fee9563af7886320eec
GCF_024334065.1	ncbi_dataset/data/assembly_data_report.jsonl	3503	489e9e290a803c70ac2daa5d97131a245e45c13dcb6aebc379c74578cdf7ebbe
GCF_024334065.1	ncbi_dataset/data/GCF_024334065.1/cds_from_genomic.fna	1954016	e498e5e9889a68be598a5cb4e47ff2c4d473cf802d176b7c8f0ca0be3073730b
GCF_024334065.1	ncbi_dataset/data/GCF_024334065.1/genomic.gbff	4871961	737f44f29647170d8798693bba7e156b74b08ab1f8e417a086d28c6705416f2d
GCF_024334065.1	ncbi_dataset/data/GCF_024334065.1/GCF_024334065.1_ASM2433406v1_genomic.fna	1877204	3ee383b726c1babfc3f4f3908b9d34369780f6a376dc5b53296a729a54508151
GCF_024334065.1	ncbi_dataset/data/GCF_024334065.1/genomic.gff	1248665	5a9610cd36961c54e5faf95035683dd79ca28084145c5730d905820f849757ec
GCF_024334065.1	ncbi_dataset/data/GCF_024334065.1/protein.faa	577338	2f2191c7e694bb0f27770d3286d57fda9e92f01fff9e14d3371dd1467c304e88
GCF_024334065.1	ncbi_dataset/data/GCF_024334065.1/sequence_report.jsonl	316	16bfd2f9b578a55265f05b07950c4e1029ae8b8e0a97fa8432ab9940c2b69487
GCF_024334065.1	ncbi_dataset/data/dataset_catalog.json	1147	31edc7feacbb65ba3817d75fc2e9dec7f643dbd5549d24c01ce008c1361b5fcd
GCF_024334065.1	md5sum.txt	681	6f628ada233f4509144aea3ec82585c89a1d5cc4364eb8d81e118a2b39a4eebc
GCF_024397795.1	README.md	1593	4b40504b9d718336b19ce451ff7e117494105e58e2351fee9563af7886320eec
GCF_024397795.1	ncbi_dataset/data/assembly_data_report.jsonl	4423	fddd941f9983decf29e554b72fb256242cbdc488aa29d842e66cd529bc2a8698
GCF_024397795.1	ncbi_dataset/data/GCF_024397795.1/cds_from_genomic.fna	2229561	c2906a4b89c15d95ef585ec6db5008b6a6f6b8c8ca46d3986f4bdbb31d7c69d1
GCF_024397795.1	ncbi_dataset/data/GCF_024397795.1/genomic.gbff	5471074	35cbd35a2bdc4aa17ac405d62f8cfb2bc22d5687e04d752c65715721c341f4a6
GCF_024397795.1	ncbi_dataset/data/GCF_024397795.1/GCF_024397795.1_ASM2439779v1_genomic.fna	2064433	60c001f1fce5d201e31806257ef759656f204aff891779aeb6bf99730bb74ceb
GCF_024397795.1	ncbi_dataset/data/GCF_024397795.1/genomic.gff	1307536	9cceff809dd1c0f9ef5116a73f0f96902e5a50e36e3186765961fd1bf95013f2
GCF_024397795.1	ncbi_dataset/data/GCF_024397795.1/protein.faa	740584	9b19f04cbae91c04f46c9d167314cf4915a6b9d4d03dc244e39bca1cdabcf39e
GCF_024397795.1	ncbi_dataset/data/GCF_024397795.1/sequence_report.jsonl	957	83dd7451ab1153345ae6cd2db1b8a72cf282e844d4a9fde7c85f01279c0734f0
GCF_024397795.1	ncbi_dataset/data/dataset_catalog.json	1147	ec77e703a9cadd0634515942007d2cbadd956d4de9c68a0b289ffc3518d6996e
GCF_024397795.1	md5sum.txt	681	7449867562960954a79c8116b846a72e71e23621ca96bade4a18f88e3d2553d6
GCF_024718545.1	README.md	1593	4b40504b9d718336b19ce451ff7e117494105e58e2351fee9563af7886320eec
GCF_024718545.1	ncbi_dataset/data/assembly_data_report.jsonl	4049	40c67b635764ad2a2daf1ea7e45e6f01260122d9630b292bf0ae8a9acb4fb87c
GCF_024718545.1	ncbi_dataset/data/GCF_024718545.1/cds_from_genomic.fna	2095665	58525c6bd0783b4878a8d0d4b9c8678f07d16014cb1e6543fd16bc550438146f
GCF_024718545.1	ncbi_dataset/data/GCF_024718545.1/genomic.gbff	5322701	720da3974de98dc33c0b638b74b14e174d90a69ae347fcc4eeac85d7419fa55d
GCF_024718545.1	ncbi_dataset/data/GCF_024718545.1/GCF_024718545.1_ASM2471854v1_genomic.fna	2002558	d1169147f875207d5e16feecf50cb60a8b1c100fafa3f09b40f1c4638e399415
GCF_024718545.1	ncbi_dataset/data/GCF_024718545.1/genomic.gff	1289010	88cb2aaadcb009df87fdac4f5f434846c0ccf5c1916678e5afae691294afb948
GCF_024718545.1	ncbi_dataset/data/GCF_024718545.1/protein.faa	694410	c2694c8ef205b5816ca88effb4933809c7ab533b22c5e638051d7c36663cba3c
GCF_024718545.1	ncbi_dataset/data/GCF_024718545.1/sequence_report.jsonl	24427	aa14ace938fb04ab4c9c7b2fb0a8c4f7a9d32036314258688a2ace348cffeebd
GCF_024718545.1	ncbi_dataset/data/dataset_catalog.json	1149	fa78d3cb9282987921f2948eef27c4850bc347ff6de4fdb348f62b2d69dd9184
GCF_024718545.1	md5sum.txt	681	2ad69c459d8313a70c17179d0eb67a2ff02b8eecf701602584ae6cd345a3e5c3
GCF_025311495.1	README.md	1593	4b40504b9d718336b19ce451ff7e117494105e58e2351fee9563af7886320eec
GCF_025311495.1	ncbi_dataset/data/assembly_data_report.jsonl	3821	a7c23c34d9f0c29efbeed5ee55c7bf757ba0428cb91d0235be3445076f15376d
GCF_025311495.1	ncbi_dataset/data/GCF_025311495.1/cds_from_genomic.fna	2175703	d99c9d010b483d1c542b9b684bfe691ae63f897271fe1d675bf940cb87815bea
GCF_025311495.1	ncbi_dataset/data/GCF_025311495.1/genomic.gbff	5445535	20c5601d04afcbfa8354e40cb99ffb8007e952156ab84aa6a9ddc3f807436c26
GCF_025311495.1	ncbi_dataset/data/GCF_025311495.1/GCF_025311495.1_ASM2531149v1_genomic.fna	2033065	a87b1c403b4ede7845d3eafa1dd62ced307f8da08eafc69de89dcd352f65ff80
GCF_025311495.1	ncbi_dataset/data/GCF_025311495.1/genomic.gff	1343924	0b959a38efa592dbe0eeb591ecc002a86b6f82526581ee21ad56da4b6b29ac2a
GCF_025311495.1	ncbi_dataset/data/GCF_025311495.1/protein.faa	707296	73201b0bc7b28bb833272cd0169c9f44ab7be2b10b3b36d2fd461b1ac97d1ada
GCF_025311495.1	ncbi_dataset/data/GCF_025311495.1/sequence_report.jsonl	316	6b1cf33b355bb5846cc71d7e6ee2f9b86fa7e05bd8d7db5f1361e4a79126a82b
GCF_025311495.1	ncbi_dataset/data/dataset_catalog.json	1147	2684bd0aaea3a991503e465e6ad061999cf091ee1a0da494eb06223603bc14b3
GCF_025311495.1	md5sum.txt	681	be8758b22310291a3759e2ebf1931338fa9afa1c0ac2999600ffd5eca66685e6
GCF_025490915.1	README.md	1593	4b40504b9d718336b19ce451ff7e117494105e58e2351fee9563af7886320eec
GCF_025490915.1	ncbi_dataset/data/assembly_data_report.jsonl	4094	5aa8f439608b4d1f3b322bfade83966510ef83e8e4eae09b32bbb665eb9a098e
GCF_025490915.1	ncbi_dataset/data/GCF_025490915.1/cds_from_genomic.fna	2944776	7e78342b4e392dd430f9478a70ef6178b165b1883d42bc55a29309637de0a13a
GCF_025490915.1	ncbi_dataset/data/GCF_025490915.1/genomic.gbff	7026589	e2e4c6e5f1d440810942f00148a71e7f25ced7c1e006fc93554b2ecb85831bf6
GCF_025490915.1	ncbi_dataset/data/GCF_025490915.1/GCF_025490915.1_ASM2549091v1_genomic.fna	2859403	ff4db01e01600e772d2db8057e46be39c3d9db65c5337f9e82c31316e0fd91b0
GCF_025490915.1	ncbi_dataset/data/GCF_025490915.1/genomic.gff	1610105	be582b4247ecd0becc6cbbaf5e10cc2cc9a496926292ec6c22b74d334dcea56e
GCF_025490915.1	ncbi_dataset/data/GCF_025490915.1/protein.faa	1022393	5db6d0c7aa7d3818a7972e25390f0edf97d884e660d8f3936c57de168f76207a
GCF_025490915.1	ncbi_dataset/data/GCF_025490915.1/sequence_report.jsonl	9785	9ee498386bbfb60a9378716ce4ffc3d4f410dd030a760d881788ff8b536a703f
GCF_025490915.1	ncbi_dataset/data/dataset_catalog.json	1149	0b46acdb41c8ec6d090a68c493a0c1d5e45c0e1b641d5ec17325e8912c403455
GCF_025490915.1	md5sum.txt	681	aeee2cbaeb5bc6e22f57734a1a40a97d2285a03c01b0bf1aea893b9ec308e0c3
GCF_025739325.1	README.md	1593	4b40504b9d718336b19ce451ff7e117494105e58e2351fee9563af7886320eec
GCF_025739325.1	ncbi_dataset/data/assembly_data_report.jsonl	4174	05de6dc08b70985a9976ea94e7dff52a9a9df62ac8e68178a045cc4cbccfdb95
GCF_025739325.1	ncbi_dataset/data/GCF_025739325.1/cds_from_genomic.fna	1901544	687b9e861a76f965f4d84d9acd9f82cc2641f7f8ded22359b9e606313cca6655
GCF_025739325.1	ncbi_dataset/data/GCF_025739325.1/genomic.gbff	4731477	d4e0145b01a0b353f27153f6890cd4c9250ca8f8905d287e524d48bb0fbae57a
GCF_025739325.1	ncbi_dataset/data/GCF_025739325.1/GCF_025739325.1_ASM2573932v1_genomic.fna	1816785	b44097cc282c6ee26f88424fe4a680d87aff6e38fea3357a60b27d50b9dfeeef
GCF_025739325.1	ncbi_dataset/data/GCF_025739325.1/genomic.gff	1243777	a2b98133d61d49bc1550292ae806ba4e4b779cc36304608d4b0ad04e6e503d06
GCF_025739325.1	ncbi_dataset/data/GCF_025739325.1/protein.faa	572524	c84ba5bc14d1e760a0843d68fd176d3bead3759637f77a051d412a2911062012
GCF_025739325.1	ncbi_dataset/data/GCF_025739325.1/sequence_report.jsonl	316	b4ff2ba249b9118a04d1bd411e900cb60fd5dc2a8634c62f03a83d13d2d53d84
GCF_025739325.1	ncbi_dataset/data/dataset_catalog.json	1147	0b9d05aee7df81a95de4229fe62146ca41872730fd7d120d7ed07bed67a83057
GCF_025739325.1	md5sum.txt	681	a18890f806bd5240362209bc8957f5c6fda9188b4a435e8965107b0def62e5c2
GCF_025948295.1	README.md	1593	4b40504b9d718336b19ce451ff7e117494105e58e2351fee9563af7886320eec
GCF_025948295.1	ncbi_dataset/data/assembly_data_report.jsonl	4171	756f1a548fffab944ce645a669122ad15683f4b93c2fd19745c1698ff93aa8f4
GCF_025948295.1	ncbi_dataset/data/GCF_025948295.1/cds_from_genomic.fna	2010615	d6a947fecc08955be8603c09c6e8357ef1e1e2a7fb4ce36ac81175464426aa91
GCF_025948295.1	ncbi_dataset/data/GCF_025948295.1/genomic.gbff	4986067	7aac45f306e46f9cdf42cc3709c38407f3f919bbdc313b8c0af288039990d721
GCF_025948295.1	ncbi_dataset/data/GCF_025948295.1/GCF_025948295.1_ASM2594829v1_genomic.fna	1920807	e889c0f70426c082cb92e7d352de605756eac69d78245db495e95ddfe5637128
GCF_025948295.1	ncbi_dataset/data/GCF_025948295.1/genomic.gff	1298582	eb9a46141e33659a1c4648d894ef07176cdd47ba870197cf41a0877f2e4a7298
GCF_025948295.1	ncbi_dataset/data/GCF_025948295.1/protein.faa	604346	38be9829b662b226cdcdbd9f5cd349d11278ef5a0f7834565fac089e1addf8ce
GCF_025948295.1	ncbi_dataset/data/GCF_025948295.1/sequence_report.jsonl	316	33b015890a10c89cfe719be7f0ee1209dc10e6d1231f41ecfc09f6bb3cf93af3
GCF_025948295.1	ncbi_dataset/data/dataset_catalog.json	1147	5f44e0730805216aee4f15b782de01d66b2b498e44114d666f7f7e96f20730ca
GCF_025948295.1	md5sum.txt	681	f56c7e7fd0b8353ebc17eba584fd41103a0c49b7f2346cb0e33c93a4416d4f1d
GCF_026222675.1	README.md	1593	4b40504b9d718336b19ce451ff7e117494105e58e2351fee9563af7886320eec
GCF_026222675.1	ncbi_dataset/data/assembly_data_report.jsonl	4305	1b7f8f57a655356ff30c4256e185529f17d733aca4745a5d89618bfab6daa9e8
GCF_026222675.1	ncbi_dataset/data/GCF_026222675.1/cds_from_genomic.fna	3559184	6b29f9129a25e92803fdf5119f040c3ef6f86a9bc7521d4a1c1e787052b0c1c0
GCF_026222675.1	ncbi_dataset/data/GCF_026222675.1/genomic.gbff	9096454	0b3502386efe86d3c7055ee311a144e44b4aebf959bef566766826de5f84b013
GCF_026222675.1	ncbi_dataset/data/GCF_026222675.1/GCF_026222675.1_ASM2622267v1_genomic.fna	3667399	69317f94f56057176fc0072d1e7d137657448239bc7ebe834eaa42437bac8371
GCF_026222675.1	ncbi_dataset/data/GCF_026222675.1/genomic.gff	2088499	7e4c1ab7a2e8c51388dc00af34bf162dee21d2244a6bcc2d18282fc0d5b677ed
GCF_026222675.1	ncbi_dataset/data/GCF_026222675.1/protein.faa	1230041	3a0becfd5c3e69ae7527a64221b94ee81de78bbeebb1abb30949082f4b51bbc2
GCF_026222675.1	ncbi_dataset/data/GCF_026222675.1/sequence_report.jsonl	317	3efcc62b9569519479eb8d5280b0bb548db8db6530eb2563b709adb1e6f0d3dd
GCF_026222675.1	ncbi_dataset/data/dataset_catalog.json	1148	07bb7ee5613d965fa8f091893aa6b2f819b7f9ea17ce56cf9729d47f13cfc505
GCF_026222675.1	md5sum.txt	681	76f0b65109b27b7b488ce74fb773d6ef7a13d2817c632538f85d40057f167f98
GCF_028607025.1	README.md	1593	4b40504b9d718336b19ce451ff7e117494105e58e2351fee9563af7886320eec
GCF_028607025.1	ncbi_dataset/data/assembly_data_report.jsonl	4290	afe03ed90be55f76e02dbb7ef678918d0674c47cb883f90ec590e520b5ea6d81
GCF_028607025.1	ncbi_dataset/data/GCF_028607025.1/cds_from_genomic.fna	2174042	a190a9dd4b06bfca0e0bbd08154855292973ff717e62342cc49254007551a39c
GCF_028607025.1	ncbi_dataset/data/GCF_028607025.1/genomic.gbff	5438372	b6175dda28a43290afe3e27f6984ae25e5fb704f09ec394882bcaf8ef88bae81
GCF_028607025.1	ncbi_dataset/data/GCF_028607025.1/GCF_028607025.1_ASM2860702v1_genomic.fna	2015788	5a74bf54ed27bc57120aa76ae4d00383bc5b66930ad1f7b2bc227c54302218d4
GCF_028607025.1	ncbi_dataset/data/GCF_028607025.1/genomic.gff	1352146	7b030bee980810dade4592b10bbfa7d64edc97ae6d428de3561286ec8b2e1d04
GCF_028607025.1	ncbi_dataset/data/GCF_028607025.1/protein.faa	716770	aaf70e4db315975318de4c28c61299985e1af6e359ac6cd232e96ac2d7add1d9
GCF_028607025.1	ncbi_dataset/data/GCF_028607025.1/sequence_report.jsonl	628	fe2504d982857113e3c16d64732ae5b06d197cfaae581d8d3b62ee7bc1f05cf3
GCF_028607025.1	ncbi_dataset/data/dataset_catalog.json	1147	5d009aa28bcd96e3a2c11659edc658d4f6d09e1e99e87806000aeba05c04ee0c
GCF_028607025.1	md5sum.txt	681	f3190ad3f6c22c56deacc2b429367f4234d779c80bb6db8a34171a9358478f60
GCF_028621815.1	README.md	1593	4b40504b9d718336b19ce451ff7e117494105e58e2351fee9563af7886320eec
GCF_028621815.1	ncbi_dataset/data/assembly_data_report.jsonl	3622	e9dbac9f565543d67f91aecc10d4ed0f9d804b03f1e969b1ebf8b66948f197fa
GCF_028621815.1	ncbi_dataset/data/GCF_028621815.1/cds_from_genomic.fna	2206493	1a3bcc7ca7d174a1b731e359efd49a45a7d5205d7e8a882a701c2ed3c317d938
GCF_028621815.1	ncbi_dataset/data/GCF_028621815.1/genomic.gbff	5519821	8b5906326e164ea267a3ad67c81b7b89575fa3bb5be12b5f63a96a3f7307d245
GCF_028621815.1	ncbi_dataset/data/GCF_028621815.1/GCF_028621815.1_ASM2862181v1_genomic.fna	2121214	c06d364b45a106e9b579caf193a166bc6f310f37515cc4df6024cd5c3184c637
GCF_028621815.1	ncbi_dataset/data/GCF_028621815.1/genomic.gff	1331276	48ad88ac992eda3a96a9fd500d7d3d325374c512fc4f227ceb635256e138d9cf
GCF_028621815.1	ncbi_dataset/data/GCF_028621815.1/protein.faa	750369	3f9a558108592fcfd787c0530e7472b5bdb0d4221a4d6ace22063f3fb81e4d93
GCF_028621815.1	ncbi_dataset/data/GCF_028621815.1/sequence_report.jsonl	954	ed375526ddad8296018cb263bfa43058c9256ec45989b5c926a69b7438ba6935
GCF_028621815.1	ncbi_dataset/data/dataset_catalog.json	1147	d409542ff28e914134bb3eb25158894d9fd94a14595f26683a1f79795b378abb
GCF_028621815.1	md5sum.txt	681	907568a3a0fbb77abcb9ec6d150476f6d743e6c8982aa165698af234397bc030
GCF_028736235.1	README.md	1593	4b40504b9d718336b19ce451ff7e117494105e58e2351fee9563af7886320eec
GCF_028736235.1	ncbi_dataset/data/assembly_data_report.jsonl	3811	d6cc49246bb556f1c552c7605136e2c229c2916e71e0fe3278bec7d418b7997a
GCF_028736235.1	ncbi_dataset/data/GCF_028736235.1/cds_from_genomic.fna	2704419	4172305226a9e4eab97e9df114d52e8a0b976207875b766ecae5cd5abc753f5a
GCF_028736235.1	ncbi_dataset/data/GCF_028736235.1/genomic.gbff	6691265	cf1e02904c9ffb9b2939a052af14e52f99a992fde406ba9f8d79ee99b2576fdb
GCF_028736235.1	ncbi_dataset/data/GCF_028736235.1/GCF_028736235.1_ASM2873623v1_genomic.fna	2614606	842bc73cbda555428b67358e6c765ef57a7b0bd0fdc0d4d61c4a3b49fdb8ceca
GCF_028736235.1	ncbi_dataset/data/GCF_028736235.1/genomic.gff	1583748	7a8b149c52f742a6cb422300a3ab9f84b74ddb9297be0eb8b5e6264d9bc2f0a9
GCF_028736235.1	ncbi_dataset/data/GCF_028736235.1/protein.faa	917300	bd38a0a1d81c93f5cfc53bc18681ee6cb9d1313f28d1f1c8c64fbf39fe018fe9
GCF_028736235.1	ncbi_dataset/data/GCF_028736235.1/sequence_report.jsonl	637	40269863a03dc1523ef15f9f89acadd559c2e6af0189ca5bc09773147fb65bc2
GCF_028736235.1	ncbi_dataset/data/dataset_catalog.json	1147	16a0f7f7ca372064d360ae7f3707e0fe862cb846a9ac5109358fa816508dc23c
GCF_028736235.1	md5sum.txt	681	7442306ef1009f18bf1c108ea2c29cdaf0da1b9d5e4cd8c7a338b29dddaf8bf1
GCF_029025825.1	README.md	1593	4b40504b9d718336b19ce451ff7e117494105e58e2351fee9563af7886320eec
GCF_029025825.1	ncbi_dataset/data/assembly_data_report.jsonl	3622	a575320a774c5709f52eecaa7d29ae5a5605ac88111a2b46dd9c9969e8cca3df
GCF_029025825.1	ncbi_dataset/data/GCF_029025825.1/cds_from_genomic.fna	3376490	0eefbc40f3073249e56b859af6d996df8f916301bb2a0fe3391f5009234ccacd
GCF_029025825.1	ncbi_dataset/data/GCF_029025825.1/genomic.gbff	8613185	cabdb3c9f3d0a670761657c4f0fbbc4dffedc2adcab6f15dcbdc7ffb93766852
GCF_029025825.1	ncbi_dataset/data/GCF_029025825.1/GCF_029025825.1_ASM2902582v1_genomic.fna	3285895	2d39df705b8991be55a53481c04dd377da5b2f440f450d2b5861a55d55b07cf4
GCF_029025825.1	ncbi_dataset/data/GCF_029025825.1/genomic.gff	2063053	68ebed99db8608e4121fb5e48b14d00dc7d3077fb2a763fde54e04c4de2892a8
GCF_029025825.1	ncbi_dataset/data/GCF_029025825.1/protein.faa	1157656	78973b263b53df8a95651105d0810f7ca934134388628f6ea6a35297ff8d7b30
GCF_029025825.1	ncbi_dataset/data/GCF_029025825.1/sequence_report.jsonl	635	3b7c0887cf49bb679e57ec5e8602e7cde6edcd2e382b158b73710d6c98f7b448
GCF_029025825.1	ncbi_dataset/data/dataset_catalog.json	1148	fe94a76758744c53613759f7584e48cb14351420b661656c0b1ed1b642aec480
GCF_029025825.1	md5sum.txt	681	481274f1754af0e54a2e6f7d173fc424bd62fc5dcc00faf6b15db1af8f6ee705
GCF_029726355.1	README.md	1593	4b40504b9d718336b19ce451ff7e117494105e58e2351fee9563af7886320eec
GCF_029726355.1	ncbi_dataset/data/assembly_data_report.jsonl	4105	5247ebf5a92af67d089ff5c8f0082828359cfcd43876730edf0c7d75a4ffd76b
GCF_029726355.1	ncbi_dataset/data/GCF_029726355.1/cds_from_genomic.fna	3185110	9f944ec11f0d53119eaf095d16fedbe638e7988b2a07c72c13b77647e4452051
GCF_029726355.1	ncbi_dataset/data/GCF_029726355.1/genomic.gbff	7904641	39968227a3c496f66e7d66032867fe0c5da126dad1502adf3858f45c2a85b837
GCF_029726355.1	ncbi_dataset/data/GCF_029726355.1/GCF_029726355.1_ASM2972635v1_genomic.fna	3133104	c587787810489f7043c1c5097fc10e074f7724761375ccac15a238ff851fc8c4
GCF_029726355.1	ncbi_dataset/data/GCF_029726355.1/genomic.gff	1826497	99ce65da8e68bf30be31e1f0aaa2c6ebeffd523d8f45fdb5b2073f4dd6489239
GCF_029726355.1	ncbi_dataset/data/GCF_029726355.1/protein.faa	1102460	7481cbafd301b164a84c392093c42958dac960ea08c0f85376182ad3c778346f
GCF_029726355.1	ncbi_dataset/data/GCF_029726355.1/sequence_report.jsonl	322	ec187edebf039da665afc6c4985303b3049f532f65ea7972fce129bba49d103f
GCF_029726355.1	ncbi_dataset/data/dataset_catalog.json	1148	51897cff89b8fc0125a6973dc650573e5c20130256400aee807d01d9abf7e84d
GCF_029726355.1	md5sum.txt	681	28e89ee19cda2733772ce23d1403eaf776c4f144b760b83822d15df5895c897d
GCF_029854335.1	README.md	1593	4b40504b9d718336b19ce451ff7e117494105e58e2351fee9563af7886320eec
GCF_029854335.1	ncbi_dataset/data/assembly_data_report.jsonl	3481	868ac90f3a3b7b61b35f01c472762d9c90d5fc5c7387ce9c2b97043f818dd9d6
GCF_029854335.1	ncbi_dataset/data/GCF_029854335.1/cds_from_genomic.fna	3564380	629fc7d83b1cca55382f78de14b661c458ff95a94e00817adf31e8b29f883d3d
GCF_029854335.1	ncbi_dataset/data/GCF_029854335.1/genomic.gbff	8999768	319322cf8022e6595d113f9a3b7e6cb61a1b2c1f22dad53134406285c66eb679
GCF_029854335.1	ncbi_dataset/data/GCF_029854335.1/GCF_029854335.1_ASM2985433v1_genomic.fna	3520144	9f72c4aef82ea2ee00ba690dfd46c37bd2902e0190956341c7327ac02523016b
GCF_029854335.1	ncbi_dataset/data/GCF_029854335.1/genomic.gff	2185285	91487a8e5138e345e661b69aae0d4a3c39f2b76dee787823d662d7504ee220a1
GCF_029854335.1	ncbi_dataset/data/GCF_029854335.1/protein.faa	1154206	9d49079f62e143bf6ceb54dc61a5f5d3ae897919e9b33219f6113cef2c406d97
GCF_029854335.1	ncbi_dataset/data/GCF_029854335.1/sequence_report.jsonl	2555	ad409f2b1b08f330881efa7df005ae8efba56aba8f67938621cc4126cbfcd88c
GCF_029854335.1	ncbi_dataset/data/dataset_catalog.json	1149	a50c344a2696f8cfbde71c702210b4d408c8a22ef42607feb818c54bf1ac28e7
GCF_029854335.1	md5sum.txt	681	5ecde05f295aee573dd280e0b7affb508a11abd3314135c945ee93d905be6dca
GCF_029866985.1	README.md	1593	4b40504b9d718336b19ce451ff7e117494105e58e2351fee9563af7886320eec
GCF_029866985.1	ncbi_dataset/data/assembly_data_report.jsonl	3566	549bb73c2ae9c3ae3d2dfb618cc2487cf75e4583afc3c070d4de3be62696f601
GCF_029866985.1	ncbi_dataset/data/GCF_029866985.1/cds_from_genomic.fna	1963252	6e9b0dd8527c4db7ac9bb2919f4d9b41e94394add63ea96d1caf707bcdf6fed1
GCF_029866985.1	ncbi_dataset/data/GCF_029866985.1/genomic.gbff	4883293	d91a5286961a520e768ea2b77db032b7ea16506a42c34cd6ea1cf992e60512b2
GCF_029866985.1	ncbi_dataset/data/GCF_029866985.1/GCF_029866985.1_ASM2986698v1_genomic.fna	1888591	091a2793800067bd17452401f171d7cfc909d9de6f4f034f84d3da9a541081db
GCF_029866985.1	ncbi_dataset/data/GCF_029866985.1/genomic.gff	1233579	f157c2efe83e1e24eb8c23da62f2e36f9d46ac60a12b483667c9489a8e969f17
GCF_029866985.1	ncbi_dataset/data/GCF_029866985.1/protein.faa	590271	047d99aceead3bb4bab95c6d000fd7ab798d92f76569a47e9fa95aed6e30cf14
GCF_029866985.1	ncbi_dataset/data/GCF_029866985.1/sequence_report.jsonl	316	e0109a94179d2980c3918bad8a55b1e277e55245925df14b7a84d1e136e73d73
GCF_029866985.1	ncbi_dataset/data/dataset_catalog.json	1147	81eee6e3ad935a5b69ae47ae3855a41811f520a5319805daba92cb283489f100
GCF_029866985.1	md5sum.txt	681	8b95b3d93c30fb2c6d6eb6faa4c513dc99cbf3fef610f1bb4dfcec2abce3da4e
GCF_030480545.1	README.md	1593	4b40504b9d718336b19ce451ff7e117494105e58e2351fee9563af7886320eec
GCF_030480545.1	ncbi_dataset/data/assembly_data_report.jsonl	4450	c4cf30111f6a77315f419cd2f8f08bf8bde103a3ad95b55c58ec0f28f06121cc
GCF_030480545.1	ncbi_dataset/data/GCF_030480545.1/cds_from_genomic.fna	2701826	270b5ea17caedf4217987579765ffde66554af5d0daee9c363c02a9534cd8406
GCF_030480545.1	ncbi_dataset/data/GCF_030480545.1/genomic.gbff	6810176	59ef3a86545404c7d1f4c1604580dc4e42d31f9ff8bdbc07cce73272c4e7fdf5
GCF_030480545.1	ncbi_dataset/data/GCF_030480545.1/GCF_030480545.1_ASM3048054v1_genomic.fna	2720436	7746ce736153986e2687344c09876447d80400aac255714f9ae9188b7da323b2
GCF_030480545.1	ncbi_dataset/data/GCF_030480545.1/genomic.gff	1570519	04923c7da60aae7cffce9ee7c8b57950f2a8e112492d42d6b2e9acb7abff9e73
GCF_030480545.1	ncbi_dataset/data/GCF_030480545.1/protein.faa	925966	c296e58293159e1aac5aedcb32a4c73f6fc6ae669122d1b04b67f722904f3140
GCF_030480545.1	ncbi_dataset/data/GCF_030480545.1/sequence_report.jsonl	317	83b79d16058d673f303d518007a34bc3eac982d6e0dbbc8642698a0f2fdde709
GCF_030480545.1	ncbi_dataset/data/dataset_catalog.json	1147	d3dd6921ca9b1d5872bce0b196c4742213518ba5281a43a2cc1290b82757963b
GCF_030480545.1	md5sum.txt	681	3a91ef31951eab9ada7acbf1ae1f653efe97cdb19229616c9541bd0f0ebf9bfe
GCF_030770265.1	README.md	1593	4b40504b9d718336b19ce451ff7e117494105e58e2351fee9563af7886320eec
GCF_030770265.1	ncbi_dataset/data/assembly_data_report.jsonl	4011	c6ada7f762b4d8052307dc4d7cc30b483fa102c37ffa797d3298410086a5fa71
GCF_030770265.1	ncbi_dataset/data/GCF_030770265.1/cds_from_genomic.fna	3183760	f2c77608bf2a8df61e2b238ccdb35835ffc848448b72d3d154e4f4c5e177ce38
GCF_030770265.1	ncbi_dataset/data/GCF_030770265.1/genomic.gbff	7888377	74b023b1308682ec022bb75496e7c9433d5447154e41043a70838b2c162c9cdd
GCF_030770265.1	ncbi_dataset/data/GCF_030770265.1/GCF_030770265.1_ASM3077026v1_genomic.fna	3094174	b67f9e4ad11a5fd2f0d7b3cc3337baa6d75bdc4340bb1402bd5e6f49495e4c84
GCF_030770265.1	ncbi_dataset/data/GCF_030770265.1/genomic.gff	1841540	1da0a2d9769ae8a0832ce922cea5b694ddfa02fdf0f1259bdb73b6cea2a20a9e
GCF_030770265.1	ncbi_dataset/data/GCF_030770265.1/protein.faa	1110006	6384bef8adddb709162e684df448dea43d90b7939e0f6ac0fb5702f5ba637856
GCF_030770265.1	ncbi_dataset/data/GCF_030770265.1/sequence_report.jsonl	322	e16485a68e06f6de04e86316e262722320ecc6fa422b58cd48f10e9aea54e18e
GCF_030770265.1	ncbi_dataset/data/dataset_catalog.json	1148	c5214c27e4111c62651036a12d90a97f24cc579bf3e822b780d23dbb5aa1da05
GCF_030770265.1	md5sum.txt	681	71bcbd3036fa649d5088615235db7a0e45eebc7fb46909129771944c975a9218
GCF_030770295.1	README.md	1593	4b40504b9d718336b19ce451ff7e117494105e58e2351fee9563af7886320eec
GCF_030770295.1	ncbi_dataset/data/assembly_data_report.jsonl	3948	5e3498a3f335465681be7e66a6ac00517543daf6abe6ef77ce7da1674da6480b
GCF_030770295.1	ncbi_dataset/data/GCF_030770295.1/cds_from_genomic.fna	3263763	442d824a8376398424fe6bd007d0c7afe62aab5cf5e0c1b04e37ee152220a7d4
GCF_030770295.1	ncbi_dataset/data/GCF_030770295.1/genomic.gbff	8109291	637cdf3e6e728be1585598b75df756d6c85ef0530b33ab4cad53149a2dcaa086
GCF_030770295.1	ncbi_dataset/data/GCF_030770295.1/GCF_030770295.1_ASM3077029v1_genomic.fna	3173321	f4d85fab4bf8d5268b1bb00f6ccd2d481b71379aea1c216cc198a2be2e16403c
GCF_030770295.1	ncbi_dataset/data/GCF_030770295.1/genomic.gff	1912504	fcc0b1499798e0c76b1b4bc55c7f46be565eada525c280e577149b34a127d35b
GCF_030770295.1	ncbi_dataset/data/GCF_030770295.1/protein.faa	1135610	11e6d80e04368918a5455d057316d307b8d204c9adce880eecae6cb2bb3aac84
GCF_030770295.1	ncbi_dataset/data/GCF_030770295.1/sequence_report.jsonl	322	6988c93eeb4998c1a4bf6d9c15609c55aa0a606f2298adecddf45742c30038fa
GCF_030770295.1	ncbi_dataset/data/dataset_catalog.json	1148	ace8008ff561c1c768ef98f2e98028c347a8d2272803e0e321bc992466734a09
GCF_030770295.1	md5sum.txt	681	b6f54afc3112116faa1281899c1f2402194b8a6323a37c80ff1a72a2f3faf649
GCF_030770335.1	README.md	1593	4b40504b9d718336b19ce451ff7e117494105e58e2351fee9563af7886320eec
GCF_030770335.1	ncbi_dataset/data/assembly_data_report.jsonl	3960	265c6e84872bcde4d39ab561921ff2d3441ca40acca79c7ddcf9d9f4ee638ff2
GCF_030770335.1	ncbi_dataset/data/GCF_030770335.1/cds_from_genomic.fna	3206824	e9dc648212b68ff9c2da78d6ca30ecdd32a3ffbf07c8ab450debebb4dc721aa6
GCF_030770335.1	ncbi_dataset/data/GCF_030770335.1/genomic.gbff	8105025	c1ca4acae454c2bb4b42dab261e876e315f1db844179ffe7867ca513e587994e
GCF_030770335.1	ncbi_dataset/data/GCF_030770335.1/GCF_030770335.1_ASM3077033v1_genomic.fna	3084536	2e35ad49042af23dc88c58ba0ee38cce3dcc9b27744f67bd67bc4877d5ce617c
GCF_030770335.1	ncbi_dataset/data/GCF_030770335.1/genomic.gff	1952504	f5363dc5fc2872fb6c9ea54eb7a47b4433223eb3b240880b69ddca77fd6946a8
GCF_030770335.1	ncbi_dataset/data/GCF_030770335.1/protein.faa	1070741	8428315e0f0ef7d0f6a9623089266c01bc358f7a20af57429e562ac01195573b
GCF_030770335.1	ncbi_dataset/data/GCF_030770335.1/sequence_report.jsonl	322	0e7163d8b14cd778e50e97550bae1197d7cfaaa9b8e9061f78b77a540ee2134e
GCF_030770335.1	ncbi_dataset/data/dataset_catalog.json	1148	3818b1cac6a52ebbc23da5cef4889982b8e6a9e99f386e1d7520de050ab9c67b
GCF_030770335.1	md5sum.txt	681	1fd61a0664a81dcf1ab6ecf4eacb71e7e5e0e2cfd99317d2523fe3b561fb87b3
GCF_032762665.1	README.md	1593	4b40504b9d718336b19ce451ff7e117494105e58e2351fee9563af7886320eec
GCF_032762665.1	ncbi_dataset/data/assembly_data_report.jsonl	3751	0027b193fd225ff06be7893d96d40decffcc6808fe5de23b5c0864ed7ca5cb53
GCF_032762665.1	ncbi_dataset/data/GCF_032762665.1/cds_from_genomic.fna	2017933	74e196946a028fbd11fe764f5860fe8f7d66f19e2659c614f49c597202d6b127
GCF_032762665.1	ncbi_dataset/data/GCF_032762665.1/genomic.gbff	4963676	c1d8c98e3e89ca57e312aeee16c60000986b51c474823ad0ed2c0c630dbdbdc0
GCF_032762665.1	ncbi_dataset/data/GCF_032762665.1/GCF_032762665.1_ASM3276266v1_genomic.fna	1885436	f8b5a178c6f65823eba6d2dfe7f713d8e8c384ce5df96d771e9db6486512a13e
GCF_032762665.1	ncbi_dataset/data/GCF_032762665.1/genomic.gff	1221417	0427bc3c450dcfbe8c20cbc4824a723308e59a12a129a6ebccb5b5f45603ef8b
GCF_032762665.1	ncbi_dataset/data/GCF_032762665.1/protein.faa	655894	6529d078ab9d24f9c0b8c78d57baabcda790fa709e0cf8426e23a21750dcc237
GCF_032762665.1	ncbi_dataset/data/GCF_032762665.1/sequence_report.jsonl	316	749e9fc38e770c8a459cfcd7bebf6c5f0c33e885de7f95bf8a025956aa50555a
GCF_032762665.1	ncbi_dataset/data/dataset_catalog.json	1147	78124a5cfff2615648fe939c1cb6f4c29323a3a9a7fe9e871987ff76da30f28c
GCF_032762665.1	md5sum.txt	681	dbf7a1351151af38a8667f0d13a8d759ec2037b65ec935e9212b24be4276a6b7
GCF_033142085.1	README.md	1593	4b40504b9d718336b19ce451ff7e117494105e58e2351fee9563af7886320eec
GCF_033142085.1	ncbi_dataset/data/assembly_data_report.jsonl	3574	2975ab41fe1c845e5f1d5c0c12244cbf17eed6c34fff89768d4be09b75bb1c88
GCF_033142085.1	ncbi_dataset/data/GCF_033142085.1/cds_from_genomic.fna	2040489	a0ff7d7794ac7fce31f805de6315e99c56776e827d83512a06a4bf6aaff2bc91
GCF_033142085.1	ncbi_dataset/data/GCF_033142085.1/genomic.gbff	5069136	8ba692d7b7424afd68bb072842e21e3b6ba8fc66838dd00f213eaf5bbbf9c74f
GCF_033142085.1	ncbi_dataset/data/GCF_033142085.1/GCF_033142085.1_ASM3314208v1_genomic.fna	1904618	99738979bb2fe1e75f17f01a46bf146c78b39efa25d715ad95dda02085bdf959
GCF_033142085.1	ncbi_dataset/data/GCF_033142085.1/genomic.gff	1238124	f445d208c0f8553eef4f468dfe92fb3ab7a0d517c6728cc60f27e45298a50d96
GCF_033142085.1	ncbi_dataset/data/GCF_033142085.1/protein.faa	674396	d1b74b45b5bb65add3ddbe6c4fe79e1b41c5f7f4cd0f8a56365abdb054b4783c
GCF_033142085.1	ncbi_dataset/data/GCF_033142085.1/sequence_report.jsonl	6493	46fdc8a821c6a3e30a819b6d48ad57ccc5059259ec8e309fd3d60b7a47bdc52b
GCF_033142085.1	ncbi_dataset/data/dataset_catalog.json	1148	10151b2ce83888432fa76be04e508701907dafa28be8d69187b85552e441e955
GCF_033142085.1	md5sum.txt	681	8a956c4c3009c2920cdeeeeafbeb2f8c69aeecd36aa552cdb059545fa50446ea
GCF_033570435.1	README.md	1593	4b40504b9d718336b19ce451ff7e117494105e58e2351fee9563af7886320eec
GCF_033570435.1	ncbi_dataset/data/assembly_data_report.jsonl	3780	dc62037b8251ccff8078e035febcc97df88fc700acf56a30e862189f62e1cba0
GCF_033570435.1	ncbi_dataset/data/GCF_033570435.1/cds_from_genomic.fna	2278514	dde91f390f38c5c3f4f856e695ed6e2a3be77315b817a5360d151c6f59cbcea8
GCF_033570435.1	ncbi_dataset/data/GCF_033570435.1/genomic.gbff	5565883	e302bcc18db7cf0e5237453f82e240f90544dcf37d17209dc55462d5e5705b50
GCF_033570435.1	ncbi_dataset/data/GCF_033570435.1/GCF_033570435.1_ASM3357043v1_genomic.fna	2175178	487b2fc1551539eb4c5a7cff3dc8d9bd1f47ca4511c481f1f0070ba0782860f5
GCF_033570435.1	ncbi_dataset/data/GCF_033570435.1/genomic.gff	1313758	f8e04855d53bae4dac75bafef9a9132c0344d41758ace71e791225575094683c
GCF_033570435.1	ncbi_dataset/data/GCF_033570435.1/protein.faa	767712	01d20ce9d6df597a3421dbe034bf0ddbb0778e30431ff2b3b7ad822826ff64d3
GCF_033570435.1	ncbi_dataset/data/GCF_033570435.1/sequence_report.jsonl	316	8c671bcd5930af45b55bde4493c41294989749371f81f8ed16783d1c6ea1863f
GCF_033570435.1	ncbi_dataset/data/dataset_catalog.json	1147	b4b420360902b3788e0da336577ec0efb77cd18bc09e9a0cb1f2d6e0c50750a2
GCF_033570435.1	md5sum.txt	681	a0428597f8269ce6c173c01e34359425755a6a2b28ce35e2dd5f5e546255a7ab
GCF_034703025.1	README.md	1593	4b40504b9d718336b19ce451ff7e117494105e58e2351fee9563af7886320eec
GCF_034703025.1	ncbi_dataset/data/assembly_data_report.jsonl	3670	82f6a692667035acc2ea0cc9d43aba2ecf3c6fbacdddf95a780654a4cf44a5c8
GCF_034703025.1	ncbi_dataset/data/GCF_034703025.1/cds_from_genomic.fna	2352572	8bf3e3ae32d23b7eb6465672fd2bcaaba103274ff48a076cf5a3116065298998
GCF_034703025.1	ncbi_dataset/data/GCF_034703025.1/genomic.gbff	5849460	75b43934014e9bd8942f4010de4f67d59c6686b49d731a249418a926baa52280
GCF_034703025.1	ncbi_dataset/data/GCF_034703025.1/GCF_034703025.1_ASM3470302v1_genomic.fna	2248176	06b388d31396f7bf6b741f182120256f89d90b84b6131e7328d18d8e0a08f5fb
GCF_034703025.1	ncbi_dataset/data/GCF_034703025.1/genomic.gff	1416071	7757a230de3d01959b50d084a7080efc64f73ec4907f6d56e9f6b4954dcff0c8
GCF_034703025.1	ncbi_dataset/data/GCF_034703025.1/protein.faa	791189	7ba2bd0c60052bf3f132d2036dcc13cf8689b73212da7b23d7375c98cd41e270
GCF_034703025.1	ncbi_dataset/data/GCF_034703025.1/sequence_report.jsonl	1275	42f8a1bbad9a8eb6605548fa64e97678bc1fbde52c6f8cc515967003153ce230
GCF_034703025.1	ncbi_dataset/data/dataset_catalog.json	1148	460c7946e568efced6f170ad9ceb7b3325dea5ecf4affe1bb59f7263df3562ab
GCF_034703025.1	md5sum.txt	681	959765a2f8007e486d9df0af4eddc8ac6aa4b3f2a9bd53771b71cfed995c605b
GCF_035985965.1	README.md	1593	4b40504b9d718336b19ce451ff7e117494105e58e2351fee9563af7886320eec
GCF_035985965.1	ncbi_dataset/data/assembly_data_report.jsonl	3427	32af519034766b357b756a445b8fc83c4e79665c13dc921977518410c1fad76d
GCF_035985965.1	ncbi_dataset/data/GCF_035985965.1/cds_from_genomic.fna	2553989	9c04bf01b06b4c868b26066f365ffcd73423af3be60355a0b0fabdbaf74a4fe5
GCF_035985965.1	ncbi_dataset/data/GCF_035985965.1/genomic.gbff	6339050	9b204d47bb219b84c48de79b944574a5f318e161ac364a8b640a41aa2c5f29c0
GCF_035985965.1	ncbi_dataset/data/GCF_035985965.1/GCF_035985965.1_ASM3598596v1_genomic.fna	2446555	5cb26ac149d8e169953a30015d4c964eb36acefc318e2d2bfe9a9dfb82356f8b
GCF_035985965.1	ncbi_dataset/data/GCF_035985965.1/genomic.gff	1533999	cb1a9700dbbf45155c9b406607f98050b5021fbdf78b8d28b310b79091540c16
GCF_035985965.1	ncbi_dataset/data/GCF_035985965.1/protein.faa	857232	65e1fbdd3dc4d7f9b819a362662db020627ce1e1b13169796bd508f6dbbd7555
GCF_035985965.1	ncbi_dataset/data/GCF_035985965.1/sequence_report.jsonl	316	1210c41cc0baf8498731b0882f0e4a2f3e0f7c25be5a4dafbd661be213aeb2e6
GCF_035985965.1	ncbi_dataset/data/dataset_catalog.json	1147	e3437cf273957c548bf135767d3e1e451f9cd0acf5581968fba9c0ad3d826693
GCF_035985965.1	md5sum.txt	681	7ada36902f783d055d3ed642a43dec1160b61fe8640acdbf0abecc6203a93278
GCF_036246165.1	README.md	1593	4b40504b9d718336b19ce451ff7e117494105e58e2351fee9563af7886320eec
GCF_036246165.1	ncbi_dataset/data/assembly_data_report.jsonl	3770	054486c7090672b0b95c02afa878a32f3b0192acf0ea7d276083edcf86603862
GCF_036246165.1	ncbi_dataset/data/GCF_036246165.1/cds_from_genomic.fna	3143264	f2c1fe0dc9acbadfc0676ddc9fae0c7ac94bbdddd218130f8c8c003d059c701d
GCF_036246165.1	ncbi_dataset/data/GCF_036246165.1/genomic.gbff	7735195	adc7a262bcd58994bf4178f238a5edc1cd75fd73f6e4327dd4f27806637c23c5
GCF_036246165.1	ncbi_dataset/data/GCF_036246165.1/GCF_036246165.1_ASM3624616v1_genomic.fna	3079825	bf801e1eb0a4825b8b1333612763ea320ca95e56af48bfabc45d2d808ae8f09f
GCF_036246165.1	ncbi_dataset/data/GCF_036246165.1/genomic.gff	1801925	fb01a48b66714f7eb626e44323bbc86875b12e6fac1acec9e380d566c3bfb186
GCF_036246165.1	ncbi_dataset/data/GCF_036246165.1/protein.faa	1108064	70555433fd21410cf5762aeccbcf0bd5fba72f15af355622efc3f3422d2a388a
GCF_036246165.1	ncbi_dataset/data/GCF_036246165.1/sequence_report.jsonl	16782	3feeb527e9a6c55fe143cb8a71d623a0f37eef674dc23ea39169689bb0622cf8
GCF_036246165.1	ncbi_dataset/data/dataset_catalog.json	1150	9afa7d899f3c8491f65e748af928f4c4696b4b9a13b285045ebb55931c62a846
GCF_036246165.1	md5sum.txt	681	541662d9a0b5d17559713818ab745d0a76a1c59b4030a417845082a36c59e921
GCF_036246185.1	README.md	1593	4b40504b9d718336b19ce451ff7e117494105e58e2351fee9563af7886320eec
GCF_036246185.1	ncbi_dataset/data/assembly_data_report.jsonl	3844	520d47adb4151e14fb83b722ff411045ad83579b825b830158ff18912d7bc8dd
GCF_036246185.1	ncbi_dataset/data/GCF_036246185.1/cds_from_genomic.fna	3235034	ed92a6733d00ce3a4eb9742226be94fb563d0efbab685eb91a5d025783e06f92
GCF_036246185.1	ncbi_dataset/data/GCF_036246185.1/genomic.gbff	7959605	39a30c1c820c8b314a9f017e58d117ecae8c76e2121a2d858f86bae87168ee6a
GCF_036246185.1	ncbi_dataset/data/GCF_036246185.1/GCF_036246185.1_ASM3624618v1_genomic.fna	3157006	ae8416e01bd635b88dc0943ead5b43b113ed61f60ce4d7733b388e37ff435389
GCF_036246185.1	ncbi_dataset/data/GCF_036246185.1/genomic.gff	1869199	fb39051774bb298b92597de6403af8cf8b8cbff33bfda8f46df4fa6b9a1347fe
GCF_036246185.1	ncbi_dataset/data/GCF_036246185.1/protein.faa	1141804	a66b833122f6e7e110e78d647a6b3079e4d4e723cb293e7c5a4bf0c5f0f61ada
GCF_036246185.1	ncbi_dataset/data/GCF_036246185.1/sequence_report.jsonl	17990	78bd4fafaa6544c7c3e95d05da1023822906be56f4adc78ba6fef7d9e2200bcc
GCF_036246185.1	ncbi_dataset/data/dataset_catalog.json	1150	c7aa6d12103f731224440af221ae359fba37dfb24881f1336e0476677a9f48b3
GCF_036246185.1	md5sum.txt	681	83ecbcbd49c95f2cb8d9e20024146bdf70ba36ef05f8ad1f8d7920fcd4e8df92
GCF_036246225.1	README.md	1593	4b40504b9d718336b19ce451ff7e117494105e58e2351fee9563af7886320eec
GCF_036246225.1	ncbi_dataset/data/assembly_data_report.jsonl	3806	2db23087c07382ea6a67dfb47bdeeccf61bd3519e975d9c8829e55e85ce7a120
GCF_036246225.1	ncbi_dataset/data/GCF_036246225.1/cds_from_genomic.fna	2808555	8fc8d0bd1e2ab77be89fa616583d72acab76488f3d98cb6574935622fd7c0b49
GCF_036246225.1	ncbi_dataset/data/GCF_036246225.1/genomic.gbff	6740719	d1c0de41d9efa3d9b8b1e11843dc19c6d5c4de20dba55f1994a1a232b5463a5c
GCF_036246225.1	ncbi_dataset/data/GCF_036246225.1/GCF_036246225.1_ASM3624622v1_genomic.fna	2649005	4be6d200b5052240bf49e868640e1949a980ffccbff84452ece82c7ff0cba275
GCF_036246225.1	ncbi_dataset/data/GCF_036246225.1/genomic.gff	1593447	9cd2be786f97528d231f587f684efcd61d3a2674c58cd62c6f54c5c8110a748f
GCF_036246225.1	ncbi_dataset/data/GCF_036246225.1/protein.faa	974673	16540b5f996ad4a8a5c2d1f8d55cb5d31fc0165d8f77d9e902c8976d3daec6c3
GCF_036246225.1	ncbi_dataset/data/GCF_036246225.1/sequence_report.jsonl	13482	68f9a33735c787797dbdcf4848bcc37dba3f92ec56260438f8ba3accd7c1899e
GCF_036246225.1	ncbi_dataset/data/dataset_catalog.json	1149	9c273c17c3c03b70a1c7faf85fa90ed77c334f0ada5c06f086b9caec8c90835a
GCF_036246225.1	md5sum.txt	681	2481925df0c73a7d0f4b082876fa05d40b2972e0b27af8ab34bc0732f1e3f064
GCF_036327715.1	README.md	1593	4b40504b9d718336b19ce451ff7e117494105e58e2351fee9563af7886320eec
GCF_036327715.1	ncbi_dataset/data/assembly_data_report.jsonl	3596	87e92e15bbf448a927628501b8ce4d0467699491ecbef16cf93d77ea4f9e210f
GCF_036327715.1	ncbi_dataset/data/GCF_036327715.1/cds_from_genomic.fna	2172220	f5ae14d13219107a1efe32159a7b2f101d62b07a673fed88be543650ccf23cc3
GCF_036327715.1	ncbi_dataset/data/GCF_036327715.1/genomic.gbff	5505566	7a39b96490fb6db9b6394ddfbc7f90714f65cf0595bc24f37d33a1d62f511d95
GCF_036327715.1	ncbi_dataset/data/GCF_036327715.1/GCF_036327715.1_ASM3632771v1_genomic.fna	2032687	d5f5823698b74cf3fdf5bf7b7b55419fd95bd65e4ffed2ba7b9c793dec7973a6
GCF_036327715.1	ncbi_dataset/data/GCF_036327715.1/genomic.gff	1374916	6bad2b798f28956d003ed6032e08309885147c72c52de663183db166891e44df
GCF_036327715.1	ncbi_dataset/data/GCF_036327715.1/protein.faa	733962	fd90fe748b1207dc78255c9c5336f85a5069bd49340870de64e947aeff250d75
GCF_036327715.1	ncbi_dataset/data/GCF_036327715.1/sequence_report.jsonl	638	29a31371e5e05674a8df362a962d943400bf382b6a05a50590d098bf25490210
GCF_036327715.1	ncbi_dataset/data/dataset_catalog.json	1147	00688842716ea5282ab72b2a887a5154d323dd5ee3d045fbb852211c7f43b73c
GCF_036327715.1	md5sum.txt	681	8cd05dee2a1fab4557f593c40b99cee70903d37285b236cebaa1673bf43105b6
GCF_037290055.1	README.md	1593	4b40504b9d718336b19ce451ff7e117494105e58e2351fee9563af7886320eec
GCF_037290055.1	ncbi_dataset/data/assembly_data_report.jsonl	3642	36872bb759a7ee82b7b6ded26541c7666820a779c7b481af5e70fcb48628f0ca
GCF_037290055.1	ncbi_dataset/data/GCF_037290055.1/cds_from_genomic.fna	3148841	4a751423b2f0e1c2f9f2f665d5ee091cb43d53408708ca6f11601bc2ce05d759
GCF_037290055.1	ncbi_dataset/data/GCF_037290055.1/genomic.gbff	7704631	e633a22afe08369b59e0bce3f6dd3dbe2f928c284681c4c411824575c4fa5887
GCF_037290055.1	ncbi_dataset/data/GCF_037290055.1/GCF_037290055.1_ASM3729005v1_genomic.fna	3054462	747fa22c75b638d86638f539d5884cdce467ce1e8d4baa34287f817737af567c
GCF_037290055.1	ncbi_dataset/data/GCF_037290055.1/genomic.gff	1845186	40cc542ac3dbf5d06dff0826953b3eedbe3ad27c4a614fb947ab800d41c7d54a
GCF_037290055.1	ncbi_dataset/data/GCF_037290055.1/protein.faa	1049209	b1945b1546bdc6affd33498b2100df756511cd5e4b0d84461b7924a0fa95fbf5
GCF_037290055.1	ncbi_dataset/data/GCF_037290055.1/sequence_report.jsonl	317	c444b4d29ea8d37ed9fc4ad2247cd4386cfb9a65a9996472c683ce3cc03fdd50
GCF_037290055.1	ncbi_dataset/data/dataset_catalog.json	1148	47593d7c09765325d5f4513a4e3db50b8a3a6d5664048044fc2f64fef5068509
GCF_037290055.1	md5sum.txt	681	2abb48b6741cdda42d9ae6f3a185272cabbd4cfe9f911f0d1ecfe0bf9134424d
GCF_037891785.1	README.md	1593	4b40504b9d718336b19ce451ff7e117494105e58e2351fee9563af7886320eec
GCF_037891785.1	ncbi_dataset/data/assembly_data_report.jsonl	3175	7173a459ae56eb1d3a2bfce0a3294a85cc7edad7edae3b9d0a0cce0238e96367
GCF_037891785.1	ncbi_dataset/data/GCF_037891785.1/cds_from_genomic.fna	2297541	0d6c8a3d65898086f4e6339934cbf16f611444fb17eb6d76fd700d38431f5213
GCF_037891785.1	ncbi_dataset/data/GCF_037891785.1/genomic.gbff	5588283	f49548e94508a3e7c2780bbf372308d8d3ba9833ea32ee32294da4086998f913
GCF_037891785.1	ncbi_dataset/data/GCF_037891785.1/GCF_037891785.1_ASM3789178v1_genomic.fna	2172987	dea580932ae79d93168dce97e44cb882dc4146e48ca47a9ed71e59d409806cdf
GCF_037891785.1	ncbi_dataset/data/GCF_037891785.1/genomic.gff	1311781	50c242a602f44ffd69f73e3e6209a745b3e28ad2fcfc99dc0d968cfbe9a4c77b
GCF_037891785.1	ncbi_dataset/data/GCF_037891785.1/protein.faa	782962	a4ba1c72e57dac87f5b37a2590fbe713865b5902c8b9a920d5013e5e90aae35c
GCF_037891785.1	ncbi_dataset/data/GCF_037891785.1/sequence_report.jsonl	316	90160a69a3c543bc68f4eecda5771457142abf10164500967a60afc5af432d19
GCF_037891785.1	ncbi_dataset/data/dataset_catalog.json	1147	b0f0ee35b92b948b3daa5d66a997c3d254989733dddfeff4a5096ee0bc6d997c
GCF_037891785.1	md5sum.txt	681	fd991d15e765827947c3fe5725cac61bdfb6d06d8500efde41610a3204086215
GCF_037892375.1	README.md	1593	4b40504b9d718336b19ce451ff7e117494105e58e2351fee9563af7886320eec
GCF_037892375.1	ncbi_dataset/data/assembly_data_report.jsonl	3263	cea227f8eff6b260e59ccb51c4c7bf06ed58250794a57cfb75fa8f25ba40abf9
GCF_037892375.1	ncbi_dataset/data/GCF_037892375.1/cds_from_genomic.fna	2281451	86c0f2b17c7236e86af45bbbf3deda165c050ea34d462e3ac7436c32b920d5c5
GCF_037892375.1	ncbi_dataset/data/GCF_037892375.1/genomic.gbff	5633079	bad71fdad4707f5d19d7accce4d4e2931007f9d0ced1fc3625d309f8e9afd2a6
GCF_037892375.1	ncbi_dataset/data/GCF_037892375.1/GCF_037892375.1_ASM3789237v1_genomic.fna	2118908	b60d1613a1666a03e9592f830b10ce2d2ff53679ae8d9e89db48134b4b72a60a
GCF_037892375.1	ncbi_dataset/data/GCF_037892375.1/genomic.gff	1352943	acb8a64ae5dc156cf9cd68bdbb3282d0801a0374cdc4984021c7c75d45c82ab6
GCF_037892375.1	ncbi_dataset/data/GCF_037892375.1/protein.faa	762908	cac34677f19782e3f49570edc5867756d8e95fd2cda85d8c782ba5aa614a3e5f
GCF_037892375.1	ncbi_dataset/data/GCF_037892375.1/sequence_report.jsonl	609	d95c2930c2c56612d15b99680487c843c4fd29118fa31113a69977c102371662
GCF_037892375.1	ncbi_dataset/data/dataset_catalog.json	1147	09edcdd424d8a359d6570ae21fefbad912186d7b82ad96ca38145684ac4f7f38
GCF_037892375.1	md5sum.txt	681	4a1e7d4a6302163e466b9308a4db389db6c1fc78081c39f72741e5b40fdecaa1
GCF_038049945.1	README.md	1593	4b40504b9d718336b19ce451ff7e117494105e58e2351fee9563af7886320eec
GCF_038049945.1	ncbi_dataset/data/assembly_data_report.jsonl	3370	078a35905f28a74247305151c13810c3162147b397f96714c47609e6f4a0cb95
GCF_038049945.1	ncbi_dataset/data/GCF_038049945.1/cds_from_genomic.fna	1913728	206cf15bb3417edd0ae2fbdbe62f008795c4458db67d8aae22040da453f50108
GCF_038049945.1	ncbi_dataset/data/GCF_038049945.1/genomic.gbff	4746265	3b4a5c2cb051523b9abc661c7e46eee6765313b22eef2ba69ae0f910c7acecdf
GCF_038049945.1	ncbi_dataset/data/GCF_038049945.1/GCF_038049945.1_ASM3804994v1_genomic.fna	1833799	69ff19504bdb71d27ade505cea793981e9b855966ddfe23e4ead7435aa6682f3
GCF_038049945.1	ncbi_dataset/data/GCF_038049945.1/genomic.gff	1197178	898e8749be65667354ac0cb0dec882392da614e5c5dc49eb6be989db74cdcb48
GCF_038049945.1	ncbi_dataset/data/GCF_038049945.1/protein.faa	585792	a0aeaeaa734c38bfff3b76572b67a2ee1d212a820cd1c9383eaff388ea0411c6
GCF_038049945.1	ncbi_dataset/data/GCF_038049945.1/sequence_report.jsonl	316	10ca3e29ef4596a46fda5727fd4063ca14cb540bc8af86b2bf53e2f6af4675f8
GCF_038049945.1	ncbi_dataset/data/dataset_catalog.json	1147	0d9f77c31a9ad8eb7babdfd34e1107f481d9c43603c2c02093e59e7e4e114ae6
GCF_038049945.1	md5sum.txt	681	132d5a357468f31af0d28f4f2d9eecc57132ba0944776ace74d12b0767e6b646
GCF_039645515.1	README.md	1593	4b40504b9d718336b19ce451ff7e117494105e58e2351fee9563af7886320eec
GCF_039645515.1	ncbi_dataset/data/assembly_data_report.jsonl	3173	e8adacba18f245de0733637a6b34e74b094a4af2264b611bb2b01dde50172a07
GCF_039645515.1	ncbi_dataset/data/GCF_039645515.1/cds_from_genomic.fna	2237850	f6964f681fc34e916e5d23dd021361f735563a06934a8fa057227dccc3bb9d0d
GCF_039645515.1	ncbi_dataset/data/GCF_039645515.1/genomic.gbff	5437141	7066968cdca919d4fe6650ed6b73cce7a8e48d8cde055622e0a932028fdf99a5
GCF_039645515.1	ncbi_dataset/data/GCF_039645515.1/GCF_039645515.1_ASM3964551v1_genomic.fna	2108328	f9f0eca32248f93a4d8deee1db1fc4a2ff48d952e827a9838c81daa2e5b0b095
GCF_039645515.1	ncbi_dataset/data/GCF_039645515.1/genomic.gff	1280802	20e91d66494a61c6d05fea75a1e1d483e96a1e88a11569719777d177ae3e4787
GCF_039645515.1	ncbi_dataset/data/GCF_039645515.1/protein.faa	762712	102ff7c5cd9f4f353291c7d7ac890ec46739964d076f7fa6c102db7ad43ea2f9
GCF_039645515.1	ncbi_dataset/data/GCF_039645515.1/sequence_report.jsonl	316	23a68976970acf2c043adf5cff4fd7db50422484a9be1100251443c3ca7abe24
GCF_039645515.1	ncbi_dataset/data/dataset_catalog.json	1147	e4c0aeeb59a5925c419775b370986f22de618696a9527403930e271cd6d0d702
GCF_039645515.1	md5sum.txt	681	9876a53c3db518c5f001f94d76c31833a0f3fc3d22795cf8cf10556c91ea7d6e
GCF_039645575.1	README.md	1593	4b40504b9d718336b19ce451ff7e117494105e58e2351fee9563af7886320eec
GCF_039645575.1	ncbi_dataset/data/assembly_data_report.jsonl	3244	8cee0050f8f94b3753a6ab8ae8327de5d9b5812adb4ef4a97c31151152b954e0
GCF_039645575.1	ncbi_dataset/data/GCF_039645575.1/cds_from_genomic.fna	2275622	1e06183dee5a5de99a6a4f99609bef86929b9cd1709db9e06199885d12179a10
GCF_039645575.1	ncbi_dataset/data/GCF_039645575.1/genomic.gbff	5581876	076db2ddc41346f22dc13b8236d2a3d8df5cfb100ee8ba608d19adcf5666c2bd
GCF_039645575.1	ncbi_dataset/data/GCF_039645575.1/GCF_039645575.1_ASM3964557v1_genomic.fna	2151218	c1f02812005f89d6aeb7abf13278d2bc21a2c1dca6972277e0804b421567c1dd
GCF_039645575.1	ncbi_dataset/data/GCF_039645575.1/genomic.gff	1340724	8c12fbef743a50f440ed3ad534993e282976a3217ab81d8262aee0d7457e6b6c
GCF_039645575.1	ncbi_dataset/data/GCF_039645575.1/protein.faa	771214	40e9c991b0e2b5bc10181e9430e7d776b088b595df385ff370b7e1324b6100c0
GCF_039645575.1	ncbi_dataset/data/GCF_039645575.1/sequence_report.jsonl	316	6c236b44806d2cba2c68e43a2b91546d88d5bde6166cfb9d63a1bccd32b4b018
GCF_039645575.1	ncbi_dataset/data/dataset_catalog.json	1147	af9f9e0bec8b9ded08f32202d05883440f61c3025ff5d76c4259fb61f985f342
GCF_039645575.1	md5sum.txt	681	855e0a4527d5f8a965e3a3ebb87520b2bc48b5b89882c09c431ab1b71633aa27
GCF_039783225.1	README.md	1593	4b40504b9d718336b19ce451ff7e117494105e58e2351fee9563af7886320eec
GCF_039783225.1	ncbi_dataset/data/assembly_data_report.jsonl	3850	a343ec7f0325509e1dc83bce4b7a655cd42b2301e3353a9e5456658eeb6364e5
GCF_039783225.1	ncbi_dataset/data/GCF_039783225.1/cds_from_genomic.fna	1977372	b1a3faedb61687db7d26c252db9dfe881b2aec356395b40f05e3704196a108df
GCF_039783225.1	ncbi_dataset/data/GCF_039783225.1/genomic.gbff	4923858	1e598f14b900c3636112608eae6314e8119812754537fca6c305217008dbbfe2
GCF_039783225.1	ncbi_dataset/data/GCF_039783225.1/GCF_039783225.1_STCNRZ760_assembly_genomic.fna	1894575	394ddc8ce1c861f0ee5be0d0d646573b79749348bb679ad10c73490e23f720e2
GCF_039783225.1	ncbi_dataset/data/GCF_039783225.1/genomic.gff	1279337	1aec6c5ba92d529c895e0f6ce9b513cf340ae877d9364ea54e33d32d6e453838
GCF_039783225.1	ncbi_dataset/data/GCF_039783225.1/protein.faa	607805	febe05b15d7c801db61fe8857a6e777ae90dd0c8735bfb582622e2b31ec90acf
GCF_039783225.1	ncbi_dataset/data/GCF_039783225.1/sequence_report.jsonl	316	4aa9eff8811f66130f0c517e1c8dfb8113e34f629d1234bd2346f6c7c8a789d3
GCF_039783225.1	ncbi_dataset/data/dataset_catalog.json	1153	b8ac5c3f60f8178370c88a3fde6bb0e62641d30723df241e11667265ff14216e
GCF_039783225.1	md5sum.txt	687	621790aaa26e047cdc6d444fb22d2891f475cf0ae3e54bfcc8b5fd0ee6504758
GCF_039783785.1	README.md	1593	4b40504b9d718336b19ce451ff7e117494105e58e2351fee9563af7886320eec
GCF_039783785.1	ncbi_dataset/data/assembly_data_report.jsonl	3863	a6ed70fc34c62926cec3557d55da716572f36c026f06099eba19d22d3d76981f
GCF_039783785.1	ncbi_dataset/data/GCF_039783785.1/cds_from_genomic.fna	1876763	8ac21b272c5cef1348620eeedf2a50de8de32e73d10233edb1e367b586167102
GCF_039783785.1	ncbi_dataset/data/GCF_039783785.1/genomic.gbff	4674317	3c62e191ad6d4d51ba5aca68a2b4a7f6ba15c89adb6a44b9717013d49fc6c5a7
GCF_039783785.1	ncbi_dataset/data/GCF_039783785.1/GCF_039783785.1_STCNRZ887_assembly_genomic.fna	1802437	6d740d8d5cb93b947c193d4cb6c74fb82f37d4c7267ed3e97499cc5172e8b7b7
GCF_039783785.1	ncbi_dataset/data/GCF_039783785.1/genomic.gff	1213848	dd0a62d94a74e499d5f845ec18cd03595273b2099564a8166aec6eb0ed59d189
GCF_039783785.1	ncbi_dataset/data/GCF_039783785.1/protein.faa	567590	12070ac62d04505ee513ad13ea1132bdb07b3ec6b3dc4494000e6281cf0376f0
GCF_039783785.1	ncbi_dataset/data/GCF_039783785.1/sequence_report.jsonl	316	3f24fea62360ce6b8b924da4e4ee6eb25cf559e84dfa1dc6b4e7520141d33b22
GCF_039783785.1	ncbi_dataset/data/dataset_catalog.json	1153	f359d823b55c55164974ed5b09b4dad2d84b3f571f0a9a817b25b0ebae9d6063
GCF_039783785.1	md5sum.txt	687	b9652eb466e35cbdd86e5ae918ca03e0df32f139357c006098a8545a38c0669a
GCF_039955095.1	README.md	1593	4b40504b9d718336b19ce451ff7e117494105e58e2351fee9563af7886320eec
GCF_039955095.1	ncbi_dataset/data/assembly_data_report.jsonl	4879	16581d1a5dfe36bd9edc81989cf6d5e81316b14d62258370a449d9d3b8f9e390
GCF_039955095.1	ncbi_dataset/data/GCF_039955095.1/cds_from_genomic.fna	2414481	a85d48254aaf1df8d18b12a0cd97840d652a7c344f402f198f7aa97a6a9225d5
GCF_039955095.1	ncbi_dataset/data/GCF_039955095.1/genomic.gbff	5920883	2f2142fac324d191d37024ab94ca6ca0fa4fe47c6a115750ca8741a2764c2e30
GCF_039955095.1	ncbi_dataset/data/GCF_039955095.1/GCF_039955095.1_ASM3995509v1_genomic.fna	2385887	468b46858a6b063b14f8b0a3be53b3923db42e42d2da0937cf0ea4d893035ef6
GCF_039955095.1	ncbi_dataset/data/GCF_039955095.1/genomic.gff	1347635	5c6be185dcc9f05379d69d191b52d03a08b11072a8fcaae7861e8bc1a3cfe5c6
GCF_039955095.1	ncbi_dataset/data/GCF_039955095.1/protein.faa	828935	13681fab14be8ed0a113bff6fab557ae16a688d953341506cd1fccf52e4e0566
GCF_039955095.1	ncbi_dataset/data/GCF_039955095.1/sequence_report.jsonl	317	da4c2a4412fd8b725dd62e099aba15d1a01571da5491ed912f2808b1e99925d2
GCF_039955095.1	ncbi_dataset/data/dataset_catalog.json	1147	5972ccf78fa74e9194e2d3e18438940d05eaf7d1d0b3806a88500c8e812de3fa
GCF_039955095.1	md5sum.txt	681	2c30b29830eb210136deeeedb4e5e98bf9bec0a2d0b65684fd633ad73b9868c3
GCF_041225485.1	README.md	1593	4b40504b9d718336b19ce451ff7e117494105e58e2351fee9563af7886320eec
GCF_041225485.1	ncbi_dataset/data/assembly_data_report.jsonl	4119	f28a7e9826ff83f59af31ab83f0c3f62a51f5efd66427b84b7e17732d89394dc
GCF_041225485.1	ncbi_dataset/data/GCF_041225485.1/cds_from_genomic.fna	2334988	b974bdd0f8e630713b449915e4241797bbf91228408c466f898d51581541188a
GCF_041225485.1	ncbi_dataset/data/GCF_041225485.1/genomic.gbff	5880250	6f278ce09d834d28917ba29cc5df242e97ca341b795fa1f9da1685c85679de74
GCF_041225485.1	ncbi_dataset/data/GCF_041225485.1/GCF_041225485.1_ASM4122548v1_genomic.fna	2252175	5cef6cde2c6576d3d34f959f82ed8618433ddb0091a53a0d3367989c02b58b3b
GCF_041225485.1	ncbi_dataset/data/GCF_041225485.1/genomic.gff	1384216	c5686638af5af7ae4c8250530b9aa1fb3e8dfdaecef99fdb70e6024e8eac8f5b
GCF_041225485.1	ncbi_dataset/data/GCF_041225485.1/protein.faa	777997	385b17fe0ec1c5b02a437a6744349e8a96c2a0080f8084255d19ca02e9e533a1
GCF_041225485.1	ncbi_dataset/data/GCF_041225485.1/sequence_report.jsonl	12925	6d1d72f5f6fc2d31f240387916a260f4eed1c498641d2f9df47b85fea72ef396
GCF_041225485.1	ncbi_dataset/data/dataset_catalog.json	1149	82a2893733e9239226633f4229dbeaf2c51fdd92dd8f936d546b463315786939
GCF_041225485.1	md5sum.txt	681	4b7f254ceb0f686b3bb58f8203a67435a4bfb0deb50856018233735b11ac1b59
GCF_041225605.1	README.md	1593	4b40504b9d718336b19ce451ff7e117494105e58e2351fee9563af7886320eec
GCF_041225605.1	ncbi_dataset/data/assembly_data_report.jsonl	4059	06419f45536e25c0b5429148b5fd53ed799fe9022081d1c1807760fff8604d8e
GCF_041225605.1	ncbi_dataset/data/GCF_041225605.1/cds_from_genomic.fna	2540730	3a4aa283092640f7766ddb0821d114f012d048b7c339a690594d664c5d2a063e
GCF_041225605.1	ncbi_dataset/data/GCF_041225605.1/genomic.gbff	6551431	f5baa546391fbee38507f0b848a176391e83a4d958bc214d576f63d459e26f91
GCF_041225605.1	ncbi_dataset/data/GCF_041225605.1/GCF_041225605.1_ASM4122560v1_genomic.fna	2455245	d31bcd501e2b5a7a32ca1375cee5cfc45b9167571f357057e9a004a5f3f3223f
GCF_041225605.1	ncbi_dataset/data/GCF_041225605.1/genomic.gff	1544017	86a16d96d7a8823f050634caa392c7ea0ed9b269cf53f3788834eae1719daaa5
GCF_041225605.1	ncbi_dataset/data/GCF_041225605.1/protein.faa	842240	4c1a380576c1cefb4b1546d8c16104106f82cf97e633a1fa5cc3dde42b63c246
GCF_041225605.1	ncbi_dataset/data/GCF_041225605.1/sequence_report.jsonl	23361	923c7c39494aee44f722b3e1f166e814e24c67f2e2a443b75e6a8d3db198039b
GCF_041225605.1	ncbi_dataset/data/dataset_catalog.json	1149	4bed9c5ed2f3918ccb5a43051c2e3a8110816352eedac7a22d1af8742dd33b8e
GCF_041225605.1	md5sum.txt	681	300a8844476abdbd15f04dcf0488d552c42d2eb79ee1b182743ce012eb7a8e04
GCF_041281755.1	README.md	1593	4b40504b9d718336b19ce451ff7e117494105e58e2351fee9563af7886320eec
GCF_041281755.1	ncbi_dataset/data/assembly_data_report.jsonl	3438	9fb09e9d8ab304073ead91c2f8ca5b3cce7cff6fb2472ffa5cab9e4d5ca25388
GCF_041281755.1	ncbi_dataset/data/GCF_041281755.1/cds_from_genomic.fna	2030393	63fdb64c2ef5bfeb938063ac8ea542ef0e42538fa5d9586bdb340cfb1d27ee9e
GCF_041281755.1	ncbi_dataset/data/GCF_041281755.1/genomic.gbff	5031933	d7e79e2092354fb2b94dc8e5cc08644d01c7e67ed93b5d0209caee201cb20656
GCF_041281755.1	ncbi_dataset/data/GCF_041281755.1/GCF_041281755.1_ASM4128175v1_genomic.fna	1965113	92ea611f2f37d1bd5c53cff2249ae77c635b0bc2b90d0d98e78e84a81edd7336
GCF_041281755.1	ncbi_dataset/data/GCF_041281755.1/genomic.gff	1214859	bdfd1b12326d50dd05497e14e3331e0bc0481d8bd32b2b61feca2de4f3eeb0ba
GCF_041281755.1	ncbi_dataset/data/GCF_041281755.1/protein.faa	672124	a2e404cb3255424d41416aab2f014b29fb3fc1d7427988430fb701845fed09a5
GCF_041281755.1	ncbi_dataset/data/GCF_041281755.1/sequence_report.jsonl	636	f26cb76145b3587c9ff5e2a7476fd71b1e8d6803d4705e80475ae1965cb1dc77
GCF_041281755.1	ncbi_dataset/data/dataset_catalog.json	1147	3e0f296a9327cba0088b5e2e8985b9d846e5078f0a9aac435f86564b9425f0a8
GCF_041281755.1	md5sum.txt	681	7103b0b665f13c6a488fd565a7a93d88097b12bbf8b90d2739419ff0f904f452
GCF_041509385.1	README.md	1593	4b40504b9d718336b19ce451ff7e117494105e58e2351fee9563af7886320eec
GCF_041509385.1	ncbi_dataset/data/assembly_data_report.jsonl	3288	1ab4948a017ea1e0f08df49aa5fa20073cc31459e30a9261d235e881d31baec7
GCF_041509385.1	ncbi_dataset/data/GCF_041509385.1/cds_from_genomic.fna	2036148	0bcfe049cf1418c819146597a4962217130547bfef3d6c71364d9a78350074c0
GCF_041509385.1	ncbi_dataset/data/GCF_041509385.1/genomic.gbff	4982980	d8cc36e8c81db547286db523e6a76117dc4f07b540b03e3ba8dab0eb2c013d4c
GCF_041509385.1	ncbi_dataset/data/GCF_041509385.1/GCF_041509385.1_ASM4150938v1_genomic.fna	1952887	a58b3e9fbd8230318ce9c8a6e080e2a8dd89176978cce686c20a93815f5e538d
GCF_041509385.1	ncbi_dataset/data/GCF_041509385.1/genomic.gff	1239090	8b1b5f2f14cce27965d53c12966de8358369a2ee000544bfbb20b2bc23e664ca
GCF_041509385.1	ncbi_dataset/data/GCF_041509385.1/protein.faa	621115	f1e0de7d8be91230d471d0c8beb679c0f48ca30eb05873d9c98cbbf8e9360e84
GCF_041509385.1	ncbi_dataset/data/GCF_041509385.1/sequence_report.jsonl	316	7846299bbd9000bd0679ee6cf8f13ebc083fc25aea410e6cf024b45aa99bd4a6
GCF_041509385.1	ncbi_dataset/data/dataset_catalog.json	1147	38a2523cbe592f5c88dd734d75873efd2ee56552fe3ca8febb152612a4a47c6b
GCF_041509385.1	md5sum.txt	681	137bc71ce202667c85e9fbd858ecd75ff2b477ccc0b4d1e0843ae94973f64ffc
GCF_041514285.1	README.md	1593	4b40504b9d718336b19ce451ff7e117494105e58e2351fee9563af7886320eec
GCF_041514285.1	ncbi_dataset/data/assembly_data_report.jsonl	3287	a5de077131dfb5b553c46ebd1a02f537343f732c35958254c3f98783ab2654a5
GCF_041514285.1	ncbi_dataset/data/GCF_041514285.1/cds_from_genomic.fna	2037737	1d0e8ca55dc1a39190e77798c591b001dafb1b1e05e556311a0f44114595fac2
GCF_041514285.1	ncbi_dataset/data/GCF_041514285.1/genomic.gbff	5001766	28e918339bfd98ab234efbf2fcce631cad40610734198155fef6a32b02ef2558
GCF_041514285.1	ncbi_dataset/data/GCF_041514285.1/GCF_041514285.1_ASM4151428v1_genomic.fna	1960457	0bba90e37daf6aa1caee05292f09216939942ec973279a372d35f34cf4202e8c
GCF_041514285.1	ncbi_dataset/data/GCF_041514285.1/genomic.gff	1246168	95fcdaa615be1380dc2fa8db073f2c2d3181e5871d23f7ea793c2bf77ee4e2c6
GCF_041514285.1	ncbi_dataset/data/GCF_041514285.1/protein.faa	621460	703953696d738437468ccc226d7971853e4cfa24b3e05c9fe830805f48fe5b75
GCF_041514285.1	ncbi_dataset/data/GCF_041514285.1/sequence_report.jsonl	316	405d23f3f6976062e56decc9c60ea8ae7394a0fd825187b92954628a493de0ec
GCF_041514285.1	ncbi_dataset/data/dataset_catalog.json	1147	3702c9fc12cb320839e5e6e4c12910b300551efe3ffd2ed697898cf6499251c8
GCF_041514285.1	md5sum.txt	681	afd48a590a51ac0defe3230bb16d299c03c398448fab231c9102e6d9f8c8f23c
GCF_041514295.1	README.md	1593	4b40504b9d718336b19ce451ff7e117494105e58e2351fee9563af7886320eec
GCF_041514295.1	ncbi_dataset/data/assembly_data_report.jsonl	3288	040436e6390b98ec05abb6c4ce91ea9655c02afbfb790df4df5899fbb69719d8
GCF_041514295.1	ncbi_dataset/data/GCF_041514295.1/cds_from_genomic.fna	2038941	e0250a0816fc4d2e9862e6c43cb5c96d3571ecb31805745c21087b01eae6979a
GCF_041514295.1	ncbi_dataset/data/GCF_041514295.1/genomic.gbff	5005519	722893245fce85b555b5ffb5ab4ec3f5e2a13ae0826c18fa178933ecf6197d1c
GCF_041514295.1	ncbi_dataset/data/GCF_041514295.1/GCF_041514295.1_ASM4151429v1_genomic.fna	1961128	e9e543ed79b02ad188fbd4ac363392482e4f1e64c9b8580da241bf82ebba7386
GCF_041514295.1	ncbi_dataset/data/GCF_041514295.1/genomic.gff	1248568	62110ac6f5174f5460bc8a08ca43aa9117ef6e01bc7a188143d65c9f51c28a36
GCF_041514295.1	ncbi_dataset/data/GCF_041514295.1/protein.faa	620002	77c4e17df4ad44c30e0f1cb6961394a24b65f30ed7c807d72f02fd425ce0097f
GCF_041514295.1	ncbi_dataset/data/GCF_041514295.1/sequence_report.jsonl	316	aa53ecd85657ed77e14033162ad41b6563ec0722f2469b192f3122590448e937
GCF_041514295.1	ncbi_dataset/data/dataset_catalog.json	1147	c6d8e44b44916405c5491274173d4dc266425dcdfd61ca273e405104ba9fd964
GCF_041514295.1	md5sum.txt	681	ba2fe24637dcd9a8dfb29b9ea7d8e5c953fdf9bc4890cb18089f4b2e38f3010f
GCF_041893975.1	README.md	1593	4b40504b9d718336b19ce451ff7e117494105e58e2351fee9563af7886320eec
GCF_041893975.1	ncbi_dataset/data/assembly_data_report.jsonl	3256	dee8f85cd47325ff3bd1cf6a303aa6fe58fec0b0e5f5a76fbb0a545ea6361d86
GCF_041893975.1	ncbi_dataset/data/GCF_041893975.1/cds_from_genomic.fna	2038017	11b7b48b0573484d678595567c7ff8abc9aa8e05e2459de7b48ff09c091e26e0
GCF_041893975.1	ncbi_dataset/data/GCF_041893975.1/genomic.gbff	4998927	f0ab0bede01bca87a4393e0918c0af42698b1f796a1483289702ee71b7780de6
GCF_041893975.1	ncbi_dataset/data/GCF_041893975.1/GCF_041893975.1_ASM4189397v1_genomic.fna	1958962	c7c29389954846a30f1da7f3bc5d9afadba96bfb19113846ffea6c593371a9c9
GCF_041893975.1	ncbi_dataset/data/GCF_041893975.1/genomic.gff	1248820	803199b14072038b7a8831a783ee3c4ffdeae50b922b45650045667c8c3454cc
GCF_041893975.1	ncbi_dataset/data/GCF_041893975.1/protein.faa	617574	eae8cd9d43e3f44e4ea2dcd0a4a93fb73ef644f5c93885ae67e38e16132981f3
GCF_041893975.1	ncbi_dataset/data/GCF_041893975.1/sequence_report.jsonl	316	a77fc97cc6b2865b8fb065b4032d211084adcd4b777adccedb2eba7dda2b5566
GCF_041893975.1	ncbi_dataset/data/dataset_catalog.json	1147	bfe609fa454988a799a03105dc4404397854282c78c2dda98dc6560f494c5254
GCF_041893975.1	md5sum.txt	681	2e41056ba10bd4340b2192856d86fcf2d2a92e051c05328a57bbeaaafd9c9fa3
GCF_042847315.1	README.md	1593	4b40504b9d718336b19ce451ff7e117494105e58e2351fee9563af7886320eec
GCF_042847315.1	ncbi_dataset/data/assembly_data_report.jsonl	3820	2fd5c25895957c467ee1a8a36b4f17b5c02229e758fb85252f4ce931b70f042c
GCF_042847315.1	ncbi_dataset/data/GCF_042847315.1/cds_from_genomic.fna	3463620	9d3dcc046dfe12d3dde0f3831e2059f575700de9eeb065aa8b6e863cc2b16e69
GCF_042847315.1	ncbi_dataset/data/GCF_042847315.1/genomic.gbff	8623456	9b6d3648cda2f62009d62344ae2ae7d2c7e3e7d181abff6e45c1be793ea9b551
GCF_042847315.1	ncbi_dataset/data/GCF_042847315.1/GCF_042847315.1_ASM4284731v1_genomic.fna	3448389	fbf35b32025e94fa0d4c3ee5dd3452fc76e8a51856bfaa5fc461e64c3436c530
GCF_042847315.1	ncbi_dataset/data/GCF_042847315.1/genomic.gff	1954722	109b05c611b3c39b5ac18abcf5e5b22c391d631db2089810e8658e14d229d37b
GCF_042847315.1	ncbi_dataset/data/GCF_042847315.1/protein.faa	1184769	9bf84e4a3a0320fbaa95803c138dbf068f79822bf99e0df76f9ccdb070dbeb15
GCF_042847315.1	ncbi_dataset/data/GCF_042847315.1/sequence_report.jsonl	29632	1a0c99b0b6453ad10f57b9ca3c21ebdf4a8fcb9b4d77f1d28b79955bee007a8e
GCF_042847315.1	ncbi_dataset/data/dataset_catalog.json	1150	bdb57213bccccc26c0a645d0ffe9d9407c3f8ff7c1d883f6ad051b51e0dcff4e
GCF_042847315.1	md5sum.txt	681	94b4869ae3d6f117da691d4d4580481fd4104c1169738219a7a9b4ca6f2282dd
GCF_042997415.1	README.md	1593	4b40504b9d718336b19ce451ff7e117494105e58e2351fee9563af7886320eec
GCF_042997415.1	ncbi_dataset/data/assembly_data_report.jsonl	3683	35af003eaedf48b11fd90ca2ae9cd963c8df3d72255b2b5145e7e2500f385b26
GCF_042997415.1	ncbi_dataset/data/GCF_042997415.1/cds_from_genomic.fna	1886600	c933d4d6f09d387356a2fba6528f54be30b8a7266844a6a490500c6abd838cc4
GCF_042997415.1	ncbi_dataset/data/GCF_042997415.1/genomic.gbff	4523442	2110243e88f159e9b1c983c54146ecfdb77ee501a05bde0e989a81d672c3516b
GCF_042997415.1	ncbi_dataset/data/GCF_042997415.1/GCF_042997415.1_ASM4299741v1_genomic.fna	1733410	fe22c0dce7f07037f9284cfe6924d1a6f7a990b46eccf3e154c79398d5c15a02
GCF_042997415.1	ncbi_dataset/data/GCF_042997415.1/genomic.gff	1057167	58c984874195ab376ad4326598f152016e0a900876e1c8a832f2a5a0e7ab84df
GCF_042997415.1	ncbi_dataset/data/GCF_042997415.1/protein.faa	611142	a40a08e754f2f3bebdfb0763981709196e66ed11b74c5088eafa05c1b2a419c0
GCF_042997415.1	ncbi_dataset/data/GCF_042997415.1/sequence_report.jsonl	316	69c1417f7bd31189dbc99dfdee153105e9f4665c7b90105233aa42ba7f53c361
GCF_042997415.1	ncbi_dataset/data/dataset_catalog.json	1147	1673c21120bd8c61ed8cd488f85c2ef0af430af5782982dabca9a6d1792b4191
GCF_042997415.1	md5sum.txt	681	70e7b7508be84d8688a9a0d4284a502428db1d1b64d283eb3f657a5357a1870d
GCF_045760565.1	README.md	1593	4b40504b9d718336b19ce451ff7e117494105e58e2351fee9563af7886320eec
GCF_045760565.1	ncbi_dataset/data/assembly_data_report.jsonl	3551	66e7a57778cec2b0a1b55a3ccc4e8ff257ff6254ea8a118df3699ed33478c073
GCF_045760565.1	ncbi_dataset/data/GCF_045760565.1/cds_from_genomic.fna	2418477	b94ed04a38bca36110893d70f2a30b3299f96db0a48a1796148108506907758a
GCF_045760565.1	ncbi_dataset/data/GCF_045760565.1/genomic.gbff	6005041	8866b0b21c4f9e4343a64e82759bc46f2cc65775e913d225c33d440b054c8b92
GCF_045760565.1	ncbi_dataset/data/GCF_045760565.1/GCF_045760565.1_ASM4576056v1_genomic.fna	2332293	8838b9d53a0d5c57c24e2dc0be297d5e04a5dbe7ecd695e330e371c0dbf8944a
GCF_045760565.1	ncbi_dataset/data/GCF_045760565.1/genomic.gff	1394040	d68a1b150708107ce47a815ac3de15f6b14e8a83e54e3742315a402104b9ba41
GCF_045760565.1	ncbi_dataset/data/GCF_045760565.1/protein.faa	807856	7605c9ca3967d199cdb7203e5d88d086fd31a01ecdf95281fa55290a00dba306
GCF_045760565.1	ncbi_dataset/data/GCF_045760565.1/sequence_report.jsonl	25516	02d412b5aee70c612158f84dbed67674a5f0531068666cae95e5c7ab860305c1
GCF_045760565.1	ncbi_dataset/data/dataset_catalog.json	1149	ec9897e75b72bf31d82da69d6468c8afaeffebb65c59f5786309ae9bda771da7
GCF_045760565.1	md5sum.txt	681	275ad8d740fc8fb76ad2cc7ce9d35ce13d83376fea12be552dbfec7d601cbe74
GCF_045801155.1	README.md	1593	4b40504b9d718336b19ce451ff7e117494105e58e2351fee9563af7886320eec
GCF_045801155.1	ncbi_dataset/data/assembly_data_report.jsonl	3490	8ed916fc5e4c34647f596e4bb680cd2823fc146e05458915dc3c6bca52a01f62
GCF_045801155.1	ncbi_dataset/data/GCF_045801155.1/cds_from_genomic.fna	2409126	bde37eeb35d6bc97c698692ef99c9a8c53cdd459017870c2e1662a25894ad1f1
GCF_045801155.1	ncbi_dataset/data/GCF_045801155.1/genomic.gbff	5702596	a694b883c72a5c0ffa2bf796e4a11f5460a7488a28fcbc9fbec80417a83aa945
GCF_045801155.1	ncbi_dataset/data/GCF_045801155.1/GCF_045801155.1_ASM4580115v1_genomic.fna	2198160	0aeec0581f7b52b213ad00f2d8b1c5a647468bd8f8d233e395b47b7d7ebaa9d0
GCF_045801155.1	ncbi_dataset/data/GCF_045801155.1/genomic.gff	1416194	77d8b2f65ceb6db4a17b78a12512ef6867b2521f637a8af2a417767f9ee15a33
GCF_045801155.1	ncbi_dataset/data/GCF_045801155.1/protein.faa	795817	a13bc4f797e17bfb23b0b50fe543514091a1230def9f7238159fa1d820841889
GCF_045801155.1	ncbi_dataset/data/GCF_045801155.1/sequence_report.jsonl	635	c5b4764fafe76efc7b56817ca196b8cc898ec01e476cb6e258f3c7489bb17e16
GCF_045801155.1	ncbi_dataset/data/dataset_catalog.json	1147	36a1d69120afb1962bd6520037617172590294db1111bed44683849e8cf42b9d
GCF_045801155.1	md5sum.txt	681	26bfd3e764d348387e9891d68bd147388130d17a9f7d748f6286c2c776b3a93e
GCF_045862825.1	README.md	1593	4b40504b9d718336b19ce451ff7e117494105e58e2351fee9563af7886320eec
GCF_045862825.1	ncbi_dataset/data/assembly_data_report.jsonl	3449	d271f336339c1367ea8152053a006ce997dfe6613748f520e354548231dabfff
GCF_045862825.1	ncbi_dataset/data/GCF_045862825.1/cds_from_genomic.fna	3217093	a1a949b3ee43ee4bc3b7301e263bd54848906338ace9a4d6b5d901578132fdeb
GCF_045862825.1	ncbi_dataset/data/GCF_045862825.1/genomic.gbff	7844179	28827592649ffcabac74a919b395ababe553379415caa2078f98fcb0e5045d17
GCF_045862825.1	ncbi_dataset/data/GCF_045862825.1/GCF_045862825.1_ASM4586282v1_genomic.fna	3162799	c3f9b41fe40d970c2e02ebb8b346130003027ea57d1cdd39ada003516610e69e
GCF_045862825.1	ncbi_dataset/data/GCF_045862825.1/genomic.gff	1785554	b49c7f697fcab7e228716fbef3c27999e37568ddad5b2a9926f2e07fdd91e5ae
GCF_045862825.1	ncbi_dataset/data/GCF_045862825.1/protein.faa	1102828	199f083fc8d337b0976ddc46b388ec91d6b39faf81b04d8208d3bf62f67018d6
GCF_045862825.1	ncbi_dataset/data/GCF_045862825.1/sequence_report.jsonl	949	b860ac9c7fc77468b6750fd39dc13687ecf10a0156e065c0f788d415bf266c44
GCF_045862825.1	ncbi_dataset/data/dataset_catalog.json	1148	bc893c1f95624124c33ff6ca41ce4e300b40977134812377c3fbcf05135d6527
GCF_045862825.1	md5sum.txt	681	bafcd230792d1a9e8c73d84e63c703a59460049a68d9ec7c16e23b6853487410
GCF_046109915.1	README.md	1593	4b40504b9d718336b19ce451ff7e117494105e58e2351fee9563af7886320eec
GCF_046109915.1	ncbi_dataset/data/assembly_data_report.jsonl	3384	bdc3796c372b117a1e057483c81ecbbc16e661db4cb2e8fbe35c3eeb869a71a0
GCF_046109915.1	ncbi_dataset/data/GCF_046109915.1/cds_from_genomic.fna	2337437	5ec335025fe1b2759af93515173cfabac7c8e6f911b0565c60325f49a9ddc6f2
GCF_046109915.1	ncbi_dataset/data/GCF_046109915.1/genomic.gbff	5698888	11d780b8f845fb78dee1cb5aaa897d485eff7873fdc075a45b6e959b255d266f
GCF_046109915.1	ncbi_dataset/data/GCF_046109915.1/GCF_046109915.1_ASM4610991v1_genomic.fna	2147538	96be79a9b6bc8a940863a3b00629f250b9a8e9299aa972967307d3034c1ea977
GCF_046109915.1	ncbi_dataset/data/GCF_046109915.1/genomic.gff	1427032	3c605257a947243c7d6ae348cb67e04245dd2a9c3a87a6dff0ed3a4dcdf3b510
GCF_046109915.1	ncbi_dataset/data/GCF_046109915.1/protein.faa	709350	9713d531e8220feccc8b17d56e389e498241b7975dbe9ae09c4910d25aa98c50
GCF_046109915.1	ncbi_dataset/data/GCF_046109915.1/sequence_report.jsonl	316	df7d141cef07a3a56a5534b788850c3fd8b479acbbef8b2d73ffb6c3277bdbf5
GCF_046109915.1	ncbi_dataset/data/dataset_catalog.json	1147	23de65da997446c2365ac8ab69f7fa2002b1917efd8d112f43bb11c15aae6eae
GCF_046109915.1	md5sum.txt	681	de4cfdcd5c7cbd0829d4e5d97c9cbb850bd72b9cced1e4e7abe1791a7bd5de07
GCF_047344935.1	README.md	1593	4b40504b9d718336b19ce451ff7e117494105e58e2351fee9563af7886320eec
GCF_047344935.1	ncbi_dataset/data/assembly_data_report.jsonl	3498	e5d2d52715fa79eab54cded53f3ceb8b97ad8fcc3c968501b10cd71eddde2047
GCF_047344935.1	ncbi_dataset/data/GCF_047344935.1/cds_from_genomic.fna	2311631	b71f6c792549339c5117beb1ed7ac3d1ecff820940524959fd11a858596ce1c0
GCF_047344935.1	ncbi_dataset/data/GCF_047344935.1/genomic.gbff	5691333	ff2b95b1860a967f2453067ad71b2c88a342b60f6778501c3962432a2abe3fe5
GCF_047344935.1	ncbi_dataset/data/GCF_047344935.1/GCF_047344935.1_CIB_Lmes_genomic.fna	2175604	cc3f7de68fb7c61e72da77847fe5757cd4cdee1edf68ed01ac93bd4bbbf61e15
GCF_047344935.1	ncbi_dataset/data/GCF_047344935.1/genomic.gff	1381539	adcb0927f6eaf86d8c8a61fdb3425ba87badfd4bff92c14a03ed4531d92e7831
GCF_047344935.1	ncbi_dataset/data/GCF_047344935.1/protein.faa	786020	74b797828e6a3126eb719457df75cb7c9da15e0a56296c93b7ece31c107d4782
GCF_047344935.1	ncbi_dataset/data/GCF_047344935.1/sequence_report.jsonl	1560	984410eccc91b060d494d976e6ac72a72f1ec197818be3a8969b3142a0c31e28
GCF_047344935.1	ncbi_dataset/data/dataset_catalog.json	1144	268f789330f59b5e1781852cbff3aa2bddbd6360fd53cf65033c2fb4328682f1
GCF_047344935.1	md5sum.txt	677	c72f4e9dae17c1b77a9e7b145e5db66931648c63b6992ba87ed1ca642282a939
GCF_050407965.1	README.md	1593	4b40504b9d718336b19ce451ff7e117494105e58e2351fee9563af7886320eec
GCF_050407965.1	ncbi_dataset/data/assembly_data_report.jsonl	3517	c126bf4b7b48018ba83cf15e86d5ca4e8d6528518a548a8f04c99e17f713616f
GCF_050407965.1	ncbi_dataset/data/GCF_050407965.1/cds_from_genomic.fna	3668383	ebc933d4b1f9bba9f348c209cc44cae198a8a48acc0814a9e2c4d728b369d6e9
GCF_050407965.1	ncbi_dataset/data/GCF_050407965.1/genomic.gbff	9005460	d25ff794a4a92c2c9bd2d19854ad0e22beb23322c563b5a9013976a6515e9787
GCF_050407965.1	ncbi_dataset/data/GCF_050407965.1/GCF_050407965.1_ASM5040796v1_genomic.fna	3787885	f3fd4339c66063ad9bda42c7d6a4adaeb437e360e9f1616095e4070a49382cc1
GCF_050407965.1	ncbi_dataset/data/GCF_050407965.1/genomic.gff	2044990	5733cee1dd6ad7d7bed7abf551e134662c2f61147423ca93263a4137af072674
GCF_050407965.1	ncbi_dataset/data/GCF_050407965.1/protein.faa	1242637	6b1d5129d79f5140b69e8b896e9c43823c5a5765f8848bf5acc55995753c3ef7
GCF_050407965.1	ncbi_dataset/data/GCF_050407965.1/sequence_report.jsonl	1855	67594459a0d59ed3cee44b93b836454ed295857f195df295132d5150494be6da
GCF_050407965.1	ncbi_dataset/data/dataset_catalog.json	1149	c15c7ed4b355dd76d2e63149a1504a5e44e578d237ae212b51a969070c8398c6
GCF_050407965.1	md5sum.txt	681	cfbfb1d7e6e25de5199053f89aad62b82da1a22ecf7f2d2b381d145d435b22c2
GCF_050847345.1	README.md	1593	4b40504b9d718336b19ce451ff7e117494105e58e2351fee9563af7886320eec
GCF_050847345.1	ncbi_dataset/data/assembly_data_report.jsonl	3346	45a4116d8343e64c4c2d8e1b796cf824d29d1cef4973d4b8a884f0b77e8eae51
GCF_050847345.1	ncbi_dataset/data/GCF_050847345.1/cds_from_genomic.fna	3161890	de7c16e404260771597a2605ae29ebfe713b7824ae4cf78974eb8170a6016065
GCF_050847345.1	ncbi_dataset/data/GCF_050847345.1/genomic.gbff	7940988	d1c2df2f45b0a2a78a2f315641fdd156412413a4b66d203a4bbc2b53ef861e78
GCF_050847345.1	ncbi_dataset/data/GCF_050847345.1/GCF_050847345.1_ASM5084734v1_genomic.fna	3135601	7a0f44d3144b5a97737d1e3bc852eee6031a07d6e9a94666ef6c2f9db26ac613
GCF_050847345.1	ncbi_dataset/data/GCF_050847345.1/genomic.gff	1875346	782a8f8a4696067b966f1f299c376ef55c1289a212b2787a296c68a3b49f1a94
GCF_050847345.1	ncbi_dataset/data/GCF_050847345.1/protein.faa	1095816	badac2492cf840742df6549a7c9cc2bf3ed47ea9a860e9c0ec275fbd449ae8a5
GCF_050847345.1	ncbi_dataset/data/GCF_050847345.1/sequence_report.jsonl	610	8e92db3c6e82f5bb9529f9c1d6407041e0e18784e0d347a99c3d49b6b08ad8d5
GCF_050847345.1	ncbi_dataset/data/dataset_catalog.json	1148	ac048bd3d88d7b1f115390225431c29cd4942fa051340a6f36407da59a522a12
GCF_050847345.1	md5sum.txt	681	c77757731cc51e24d2d4762863912e5209d2cf591c053b1762624ff8706d3b37
GCF_051098045.1	README.md	1593	4b40504b9d718336b19ce451ff7e117494105e58e2351fee9563af7886320eec
GCF_051098045.1	ncbi_dataset/data/assembly_data_report.jsonl	3530	c8424e04ef2ab9d2760e6ff608a3f2ff4aad13223a7ebbbfcee1f75bd87b77eb
GCF_051098045.1	ncbi_dataset/data/GCF_051098045.1/cds_from_genomic.fna	3389474	17edb57eb87ed7784bafa11ff9222f3dc06e1b4eef49a29323b4e435e9482687
GCF_051098045.1	ncbi_dataset/data/GCF_051098045.1/genomic.gbff	8489721	28d01a574cda812c71e0b40a6d96c65b5f5a4d8159c892ee69d73e19f9964f26
GCF_051098045.1	ncbi_dataset/data/GCF_051098045.1/GCF_051098045.1_ASM5109804v1_genomic.fna	3373995	2f444426eaeec3819f038403d465f410a16ede25ff23b5a8a9c06c3f2f7a371c
GCF_051098045.1	ncbi_dataset/data/GCF_051098045.1/genomic.gff	1969038	321ef8e1efba09055cbdf6d57db0e20311ef658824973971846bd46d051e0d78
GCF_051098045.1	ncbi_dataset/data/GCF_051098045.1/protein.faa	1182253	eda7f86df4fcefcc5df5bc0c19628bb450233be22f2a7e40f151b9a9e6c16736
GCF_051098045.1	ncbi_dataset/data/GCF_051098045.1/sequence_report.jsonl	317	3bbb3df95f831ff5d0b022a7c873be1d3a56ac5f4698e14b2adf6e6b9f3bdbab
GCF_051098045.1	ncbi_dataset/data/dataset_catalog.json	1148	9e20da4a3188410b3c35f58a817cd1a84ae1b9ee5ecd44f0d29c490292c1a04e
GCF_051098045.1	md5sum.txt	681	71cd02161c52159e15210bdf16c6c9b1efb2dbc2dacfcdedbe909e4a3b540cf4
GCF_052569745.1	README.md	1593	4b40504b9d718336b19ce451ff7e117494105e58e2351fee9563af7886320eec
GCF_052569745.1	ncbi_dataset/data/assembly_data_report.jsonl	3253	300a185e0c7144122c0e040163b8f12763c248403df1cd2f9a7da382abcc205a
GCF_052569745.1	ncbi_dataset/data/GCF_052569745.1/cds_from_genomic.fna	1942251	ec8395b5c6d4d683ace813cfa81514af5fb9f7b3eebee677efcaae050346cae8
GCF_052569745.1	ncbi_dataset/data/GCF_052569745.1/genomic.gbff	4845182	8ca99e19d9673cfd2a7063361d6d34e7742ad73b2ee56256f09ad3233b53aae9
GCF_052569745.1	ncbi_dataset/data/GCF_052569745.1/GCF_052569745.1_ASM5256974v1_genomic.fna	1864905	918580ea8ba927d89b8d3cc74100c6de1da6a10c4682cea6f8b2142c18518bd0
GCF_052569745.1	ncbi_dataset/data/GCF_052569745.1/genomic.gff	1237561	d52a05bab4baafde6909a669682e28d72b622d91b25b2811ea2ec48f793c4243
GCF_052569745.1	ncbi_dataset/data/GCF_052569745.1/protein.faa	592265	b04c17bb027651bf48f8c507b2e702d467d9aa4d62884bf745981f4f83fdfe0a
GCF_052569745.1	ncbi_dataset/data/GCF_052569745.1/sequence_report.jsonl	316	6d90d051318a40da1319fa6d2e52df30ea30113cfa199d49de59ae0a3b0c9758
GCF_052569745.1	ncbi_dataset/data/dataset_catalog.json	1147	e778be05c3a3513d5b86ea55633a6ffdeb48b8e4abfe07cc184cc088289e0a94
GCF_052569745.1	md5sum.txt	681	c9c919aae40d5d759c36154d02253504dc1cb32d55c15fa12ee05c77495c8e35
GCF_052570115.1	README.md	1593	4b40504b9d718336b19ce451ff7e117494105e58e2351fee9563af7886320eec
GCF_052570115.1	ncbi_dataset/data/assembly_data_report.jsonl	3231	62e93ed0f081fd5fcdfca4b7a3df880923a64c3e11e45064bcee321ef18d3131
GCF_052570115.1	ncbi_dataset/data/GCF_052570115.1/cds_from_genomic.fna	1937335	856a6706fbfcbd1ae1f862c784f1ddcccd2ce55b0ab727b152d7e21114ec3d96
GCF_052570115.1	ncbi_dataset/data/GCF_052570115.1/genomic.gbff	4832696	74ac71bc7392bd773cb87a7dced7883671f700349bca82db41dfffc1414a3ac6
GCF_052570115.1	ncbi_dataset/data/GCF_052570115.1/GCF_052570115.1_ASM5257011v1_genomic.fna	1862226	4b4d752bdbc40b22e41081e1e65e4bc489746dc8e10eee9f7c51eed9b1db222e
GCF_052570115.1	ncbi_dataset/data/GCF_052570115.1/genomic.gff	1233226	84a68fc423e8a5c8b0e46d8bef1602af0cf31c1a19599a8ea9ff7e2c0908c637
GCF_052570115.1	ncbi_dataset/data/GCF_052570115.1/protein.faa	590026	244bc507465ac093c840c8591ac618b30dfd3154fdd9a0643580dce6e16dfa0a
GCF_052570115.1	ncbi_dataset/data/GCF_052570115.1/sequence_report.jsonl	316	ba0f33c82a2ef7f66af1d2951b8bbf4fe46901095d192143edc818b0a9da0723
GCF_052570115.1	ncbi_dataset/data/dataset_catalog.json	1147	7e20cc25f1174f2fa0f996044ef92fa2f87bf5ad19599c39dc7a623efa39163b
GCF_052570115.1	md5sum.txt	681	0ecc8f22ab475be0bf41139a3f4371b1591d8380e78d3421d57150c02c5db404
GCF_052571685.1	README.md	1593	4b40504b9d718336b19ce451ff7e117494105e58e2351fee9563af7886320eec
GCF_052571685.1	ncbi_dataset/data/assembly_data_report.jsonl	3230	263be741593ef17d15f069963447231b8f6f80a401141af6aa7a66ab16ef8eb4
GCF_052571685.1	ncbi_dataset/data/GCF_052571685.1/cds_from_genomic.fna	1939353	00625923932010fbf2d5de42365f004d240d98ac478bfeb81e844aaa707e00ec
GCF_052571685.1	ncbi_dataset/data/GCF_052571685.1/genomic.gbff	4837806	f2b4256afdb570806f97d68ba819811aec4196cef22634500b6e0d0b20577364
GCF_052571685.1	ncbi_dataset/data/GCF_052571685.1/GCF_052571685.1_ASM5257168v1_genomic.fna	1862232	b3da1070bdfa94183529b18f4aaa8f57929edd20fa96112ed8195263119b1174
GCF_052571685.1	ncbi_dataset/data/GCF_052571685.1/genomic.gff	1235775	720ba5f61f3fdc2dcf5c65725d509745271a056858d228565d3e0f19ba875694
GCF_052571685.1	ncbi_dataset/data/GCF_052571685.1/protein.faa	591513	bdb39f0c11cefc2b878bd257169571ff710788b4e0bdcba2a4adad5f52c564a7
GCF_052571685.1	ncbi_dataset/data/GCF_052571685.1/sequence_report.jsonl	316	4d2f391f06f110854a2cd5b9bb0da064413d21bcd364f4bc2a195d45d7dc97dc
GCF_052571685.1	ncbi_dataset/data/dataset_catalog.json	1147	4a6e14837dc60e881cc9283ac573017bba32077bf27c5e70614ff3abe6945adb
GCF_052571685.1	md5sum.txt	681	6deece3e85f9f13f17ed105e434981b95d3d85832632459927105a7f41c1d95f
GCF_054073565.1	README.md	1593	4b40504b9d718336b19ce451ff7e117494105e58e2351fee9563af7886320eec
GCF_054073565.1	ncbi_dataset/data/assembly_data_report.jsonl	4207	525aec895be807c430f12ff84d081526803bb00969870d7290629238798ac570
GCF_054073565.1	ncbi_dataset/data/GCF_054073565.1/cds_from_genomic.fna	2673643	4d00228f9bcb2396148fe934af8eae03a9eab4b3b3bbd5df1de70bfab2bacc9f
GCF_054073565.1	ncbi_dataset/data/GCF_054073565.1/genomic.gbff	6563020	ccb3ace11f8d2909fb0dc9c7aa3699b3a7e358d5ffa28adfcfa3cedb7af055f5
GCF_054073565.1	ncbi_dataset/data/GCF_054073565.1/GCF_054073565.1_ASM5407356v1_genomic.fna	2583822	e381697f6f327871473a7e3679d42460fd0eed9abef08a32b7fab238e6922e5b
GCF_054073565.1	ncbi_dataset/data/GCF_054073565.1/genomic.gff	1533120	7a19fcc38dfc63294d2ae76bc24a1a9f2dfb8766eaf3124140b0bbbd90fe9e57
GCF_054073565.1	ncbi_dataset/data/GCF_054073565.1/protein.faa	902545	5d44120bdab9822cafe9d9ad871c60361323e875d0341a01fda800b019e8fa1a
GCF_054073565.1	ncbi_dataset/data/GCF_054073565.1/sequence_report.jsonl	1290	0501a45c16ea5b4f6180634d6504d0bbd159348bc9dd34469cfb9e82b0e07d06
GCF_054073565.1	ncbi_dataset/data/dataset_catalog.json	1148	7925fd4968939748bac5855f29fe11cef3726901fd59aacae8f06cbc7b5850e4
GCF_054073565.1	md5sum.txt	681	d2abc1d3acffb98b5d4a79cc4ad219229a7102518bffcbaee8d726d504e19a7d
GCF_054331775.1	README.md	1593	4b40504b9d718336b19ce451ff7e117494105e58e2351fee9563af7886320eec
GCF_054331775.1	ncbi_dataset/data/assembly_data_report.jsonl	3713	85301d1ea4573160bcb6f70e9fd06047286fdb5d6b206d679e3a7f6a5b179ac2
GCF_054331775.1	ncbi_dataset/data/GCF_054331775.1/cds_from_genomic.fna	2167595	134ca1ce958e8a1b9a6a8d600813654aa6e8f62d01c6740a7f4fd87d45bdbf3d
GCF_054331775.1	ncbi_dataset/data/GCF_054331775.1/genomic.gbff	5333164	4478c3e7f1f0cac2b3275bc3bfacb5d0cbdab25ca1b7a169f529470af8e5f094
GCF_054331775.1	ncbi_dataset/data/GCF_054331775.1/GCF_054331775.1_L.ingluvieiCh9e_genomic.fna	2063363	929831f14d30f01cd69b1e5b6f7418831322a29fba9fb3642b5417f9b8ee5445
GCF_054331775.1	ncbi_dataset/data/GCF_054331775.1/genomic.gff	1278587	212e5d049763f9351d3538f2a5813260e3e7dade3680bbbfe22902fa2b9b44de
GCF_054331775.1	ncbi_dataset/data/GCF_054331775.1/protein.faa	743097	c09801e04bac5e43c775f3e46fb9b4c0458dac0f792ce93045428c4858345856
GCF_054331775.1	ncbi_dataset/data/GCF_054331775.1/sequence_report.jsonl	644	241ce505ca3f0ee3fe05e01298eaaee21b2aa404569c881be5cff78f739df7c4
GCF_054331775.1	ncbi_dataset/data/dataset_catalog.json	1150	f4d0ee5885375083d0475c359649f6ebcae67a8171116146027f9122fc3e9c0b
GCF_054331775.1	md5sum.txt	684	b66ec64177c3328dab1cc393d5b8505a6986206e095031be4e75f62d6f46d135
GCF_054452875.2	README.md	1593	4b40504b9d718336b19ce451ff7e117494105e58e2351fee9563af7886320eec
GCF_054452875.2	ncbi_dataset/data/assembly_data_report.jsonl	3843	e4ebf97926478bc5aad30812d557ca5dd68d630879e04c7b47f0f5b277a623ea
GCF_054452875.2	ncbi_dataset/data/GCF_054452875.2/cds_from_genomic.fna	2776854	b80d03f464a1f150be73c1e92c1157fbc31b77f0cec52bb60ad7e605b0d979f2
GCF_054452875.2	ncbi_dataset/data/GCF_054452875.2/genomic.gbff	6572972	80d0aaf3b3dbbf1494d97ada4644e1b3ecdf8c02b178dd04051289642abf66b5
GCF_054452875.2	ncbi_dataset/data/GCF_054452875.2/GCF_054452875.2_ASM5445287v2_genomic.fna	2627811	1090bde44f422c5cb006e6b356f989f1ea95570a3c2d280dae96c0953c203881
GCF_054452875.2	ncbi_dataset/data/GCF_054452875.2/genomic.gff	1589326	582f3c301e7f4f1aa3386a569880f7d6f22a99e0d191e538da14963d7225ce4a
GCF_054452875.2	ncbi_dataset/data/GCF_054452875.2/protein.faa	925672	78a0f87532baafe588c6e7e0a4eecef54f4a8e67f1bb5af7e94500e5247aed21
GCF_054452875.2	ncbi_dataset/data/GCF_054452875.2/sequence_report.jsonl	1639	97643640d1b3040a3fb8e2f501fd59fdc514e6355e2bed842982e27aee255109
GCF_054452875.2	ncbi_dataset/data/dataset_catalog.json	1148	c30ece7db59a3fb8ed590d87f527eef5c1121d4376edfc257cdeb573bdf02956
GCF_054452875.2	md5sum.txt	681	5a6a88522acbd23e7ed431c2a7ed5b64be7ccffe05244178d0308685e90b9dfb
GCF_054784775.1	README.md	1593	4b40504b9d718336b19ce451ff7e117494105e58e2351fee9563af7886320eec
GCF_054784775.1	ncbi_dataset/data/assembly_data_report.jsonl	3799	59e9d31cae27dabff4381cda54ae570597e9bce65ddf96457f57e7b1d5d6ad7d
GCF_054784775.1	ncbi_dataset/data/GCF_054784775.1/cds_from_genomic.fna	3145132	cc68c233afa089bdeb35156d764817cfa6e8ec5dcb9cd1a91344ec269cd6dcb8
GCF_054784775.1	ncbi_dataset/data/GCF_054784775.1/genomic.gbff	7728605	2f7d26dc2cd0b38ff066d0364b9a16c442ae801f714e107725fc53ec28a0eeff
GCF_054784775.1	ncbi_dataset/data/GCF_054784775.1/GCF_054784775.1_ASM5478477v1_genomic.fna	3031746	67f365ad67ff663af66c362fe5b96ce33b8a214f828490e177c42b8b92cf0d8f
GCF_054784775.1	ncbi_dataset/data/GCF_054784775.1/genomic.gff	1788757	988cde578e501d85e2d3f887e7aaa35ef7943191f30ff18721c0147bf47e7c55
GCF_054784775.1	ncbi_dataset/data/GCF_054784775.1/protein.faa	1073728	3df3e44088710eef29c1e636dd77983b61aa045bf71dfa1cf016ed0077048db6
GCF_054784775.1	ncbi_dataset/data/GCF_054784775.1/sequence_report.jsonl	26279	39ac76241233c248055c6645194209d295e48cfba0e081cd35387c5368c4f8f3
GCF_054784775.1	ncbi_dataset/data/dataset_catalog.json	1150	cd1d5b26813db2953632713a72e88e20c88755cf73ada491c312107f1bdb35ec
GCF_054784775.1	md5sum.txt	681	b4b582fa51707f663d08eea7848fb3cc96b1f745de37f7347d1c9346b6c42b1e
GCF_054785075.1	README.md	1593	4b40504b9d718336b19ce451ff7e117494105e58e2351fee9563af7886320eec
GCF_054785075.1	ncbi_dataset/data/assembly_data_report.jsonl	3822	44d18286399b62f5ad2263f0ae4b991aaf6f29c39c2ee2ec4314f8a416a85469
GCF_054785075.1	ncbi_dataset/data/GCF_054785075.1/cds_from_genomic.fna	2942894	2a2b73186c6dbf0096f69612ed2c64b767f5f37fa941a76cc5b2218994036f88
GCF_054785075.1	ncbi_dataset/data/GCF_054785075.1/genomic.gbff	7043848	9a989163ea727d948aa495b4c20726d8a764358a6e368cfaf673828b1149ac14
GCF_054785075.1	ncbi_dataset/data/GCF_054785075.1/GCF_054785075.1_ASM5478507v1_genomic.fna	2867630	2a3bab61adcdfc8f98aa504869e9f1848a0ee4eb2b169f1b4ef9ebc609814030
GCF_054785075.1	ncbi_dataset/data/GCF_054785075.1/genomic.gff	1618436	bf3135775f75b3760b7b2619eafaf58734a3af3c28392e78a550f9daa9bba8a9
GCF_054785075.1	ncbi_dataset/data/GCF_054785075.1/protein.faa	1017762	9f671712270a1ccb1b18f7de3186acce445b7d1ef10d0a59ea37f359681e8cd3
GCF_054785075.1	ncbi_dataset/data/GCF_054785075.1/sequence_report.jsonl	11308	8816523ddd7cf618d1bb7c2e0a21200faf3d04dd74d272521f754feb359ec68f
GCF_054785075.1	ncbi_dataset/data/dataset_catalog.json	1150	e0799dc8b38b6258ce1d3886a466fa9a1b18a7f177ad57f7aa13eb3fd0be0035
GCF_054785075.1	md5sum.txt	681	bc2cafb3b9fba6b218b71774f9a3e505f4ce70c3ccfb39d85040173ab464870c
GCF_055180435.1	README.md	1593	4b40504b9d718336b19ce451ff7e117494105e58e2351fee9563af7886320eec
GCF_055180435.1	ncbi_dataset/data/assembly_data_report.jsonl	4056	66ce31ffc7c0dfbd3fb1920445357b48b383d594fab1366c474b7b91b8ef7e78
GCF_055180435.1	ncbi_dataset/data/GCF_055180435.1/cds_from_genomic.fna	2934733	2ddeb6fb04a81651874fd9b95143005bf46ee08e618cf6255fc982d316a4b3fc
GCF_055180435.1	ncbi_dataset/data/GCF_055180435.1/genomic.gbff	7386916	662b51debb1f50775802a752d2b8582dd45afa5d60042f713b20c3d6147427f4
GCF_055180435.1	ncbi_dataset/data/GCF_055180435.1/GCF_055180435.1_ASM5518043v1_genomic.fna	2823857	2eef3bcbec748f8570cf0d6c5a716a6a9197eadac3c5108254c149005a7ec604
GCF_055180435.1	ncbi_dataset/data/GCF_055180435.1/genomic.gff	1814260	6a8b256bfc958a0473034eac8c3d5d0d0c7e32a15106f3f38d708c4cf9fd65f2
GCF_055180435.1	ncbi_dataset/data/GCF_055180435.1/protein.faa	963001	361498cb443d50be0f98d17f766bd6f3d76698641361f91ed359f45523d0b21d
GCF_055180435.1	ncbi_dataset/data/GCF_055180435.1/sequence_report.jsonl	3092	0ab37ed1b0bb69ea13bcdd262d85f9075a373708b194f65c4c1e61e98dec1041
GCF_055180435.1	ncbi_dataset/data/dataset_catalog.json	1148	79f64341762a78d1f0f473293e62a4cc97f4875fe81b8d74d2d49dc187bb6db2
GCF_055180435.1	md5sum.txt	681	a92533377a0ef5a035d3a786dbf84a2204a5745b597261bda62e16a102406a4a
GCF_055502585.1	README.md	1593	4b40504b9d718336b19ce451ff7e117494105e58e2351fee9563af7886320eec
GCF_055502585.1	ncbi_dataset/data/assembly_data_report.jsonl	3569	f13f63d3a9a1b4537074ec6df98f67d7ebeb7818ea07baa3e6d6f7c18ec650a3
GCF_055502585.1	ncbi_dataset/data/GCF_055502585.1/cds_from_genomic.fna	2162864	683d78640afa74dd2fee6e2113c1b1ed4f5fe26c6a5549e739ad8bf012d2e109
GCF_055502585.1	ncbi_dataset/data/GCF_055502585.1/genomic.gbff	5097812	791c14bdcc605d2f6a9495d978df62ba6666286cc1991f404e49164d19999ec1
GCF_055502585.1	ncbi_dataset/data/GCF_055502585.1/GCF_055502585.1_ASM5550258v1_genomic.fna	2024553	a3a521e60588ab1abd4519668da8c70b753ac910694bac991bf9b90b6e9012c8
GCF_055502585.1	ncbi_dataset/data/GCF_055502585.1/genomic.gff	1253031	d522e52dc5d192d4479cfb5555c6110e87b4fbaea59d37104a62d6bc8638082a
GCF_055502585.1	ncbi_dataset/data/GCF_055502585.1/protein.faa	720030	cdf0d778c37dc7487eb8b06da646033fe179553681dadaaf22ac8c9d6d8d5bf5
GCF_055502585.1	ncbi_dataset/data/GCF_055502585.1/sequence_report.jsonl	636	0616e269261e1ca80b2c4392ad0ef8548c8179e5ea3140b1a2acbf97d1af86f8
GCF_055502585.1	ncbi_dataset/data/dataset_catalog.json	1147	a66e5ee96e6ae476a8bcabb27c8f22415f69e9b313394f1ede9c92876f57e0e9
GCF_055502585.1	md5sum.txt	681	c56da5f4e7e4d609b1b3faee4a1e7e5a866565b16efa91a0cbe3b931a68d7611
GCF_055755075.1	README.md	1593	4b40504b9d718336b19ce451ff7e117494105e58e2351fee9563af7886320eec
GCF_055755075.1	ncbi_dataset/data/assembly_data_report.jsonl	3759	cf6fe0f044be620ac1fb0282ff23ecb92c266d31ebf001d0570ad7e8f47c3105
GCF_055755075.1	ncbi_dataset/data/GCF_055755075.1/cds_from_genomic.fna	2034338	22bd4d668cb98abfc385a1a0b4873ce85e482b7e786d096863ab0138e6859331
GCF_055755075.1	ncbi_dataset/data/GCF_055755075.1/genomic.gbff	5069293	f2e5725fb495b0302b2f1aaf0385d2a05b95033fbfaa3bd8b0d20342ad608ec2
GCF_055755075.1	ncbi_dataset/data/GCF_055755075.1/GCF_055755075.1_ASM5575507v1_genomic.fna	1917832	b5fef6e863378625f10d6f101b71e9bfbeccce17b17786a1660371a89f17437c
GCF_055755075.1	ncbi_dataset/data/GCF_055755075.1/genomic.gff	1249308	f92d9a9bb9ad558b119707aafcc153c117a02eafaa13adf374a2cf08db6e2fb3
GCF_055755075.1	ncbi_dataset/data/GCF_055755075.1/protein.faa	691858	ec21170bd1606bfe897d611271b0f8f56eafe18e89a20334269fa94db7934391
GCF_055755075.1	ncbi_dataset/data/GCF_055755075.1/sequence_report.jsonl	1627	67cde3ba88a219ea9005eedee3279860e955f2f173bd1b0c3ea6c2b40882b44d
GCF_055755075.1	ncbi_dataset/data/dataset_catalog.json	1148	cdc3a5ce26199daa81fceb4e64abe239c287a4a4b2465bb9a3f2ebff3ef565d0
GCF_055755075.1	md5sum.txt	681	41bbb45ceab8c2bbed2493efb5afa52d3c2bfd7550f2cbd74ad355fb9ae8e096
GCF_056269605.1	README.md	1593	4b40504b9d718336b19ce451ff7e117494105e58e2351fee9563af7886320eec
GCF_056269605.1	ncbi_dataset/data/assembly_data_report.jsonl	3762	7721a5feb76ffda878672f5d6a4be57c6be6546479e98427bb9070c14963ffe6
GCF_056269605.1	ncbi_dataset/data/GCF_056269605.1/cds_from_genomic.fna	1925754	b89b47e305fad24e2cf66d45d2d751c2b38c1529a092b1d0547d2ef67267a4ac
GCF_056269605.1	ncbi_dataset/data/GCF_056269605.1/genomic.gbff	4797896	97b44afa582e2d01bc589a1d15e30537b3c50d8297b4b8d3f7b192d1aa499b3f
GCF_056269605.1	ncbi_dataset/data/GCF_056269605.1/GCF_056269605.1_ASM5626960v1_genomic.fna	1852849	024f4059fb30b366c96036949a0256b3b0a95d108ca86d866c7fc9ea5bd76e9d
GCF_056269605.1	ncbi_dataset/data/GCF_056269605.1/genomic.gff	1218080	1d511e23825efe5adc6063dd41a30beffd404fe29d02f5dbfc7d023c72a73c2e
GCF_056269605.1	ncbi_dataset/data/GCF_056269605.1/protein.faa	590009	ff3abbbf0d3fdf7e4fddea46e4d0a4673ef50d87d990d57a0b2b835a7efeba1a
GCF_056269605.1	ncbi_dataset/data/GCF_056269605.1/sequence_report.jsonl	311	4e9d3b02bbde112995b88683898ba4e3e8a4748d9e64ca23003a85dfee90ba86
GCF_056269605.1	ncbi_dataset/data/dataset_catalog.json	1147	328785125934c854dc3dbde40877c9188759a127c961324656a5a5ecc90d6a6e
GCF_056269605.1	md5sum.txt	681	8249defc2f729d9e843ca029aa88eca6744c32a564293f18db38709a702e6d86
GCF_056676095.1	README.md	1593	4b40504b9d718336b19ce451ff7e117494105e58e2351fee9563af7886320eec
GCF_056676095.1	ncbi_dataset/data/assembly_data_report.jsonl	4176	03673ddb52aae3533dd1789b41eae77e6246f0c4e3391a65c0f2998526519fcf
GCF_056676095.1	ncbi_dataset/data/GCF_056676095.1/cds_from_genomic.fna	2296613	b654d1c510aaf4fb6668ef96dcefc365947fff8509e28c206d28356112965174
GCF_056676095.1	ncbi_dataset/data/GCF_056676095.1/genomic.gbff	5791060	236899ea71f36eb02077d3e355ed4070b269fb28a0e221016c50e56c563bde21
GCF_056676095.1	ncbi_dataset/data/GCF_056676095.1/GCF_056676095.1_ASM5667609v1_genomic.fna	2210967	14aeca5c5fdb1b65b435a5172ceae2a93a9cdd73809b8569a0f3d4eaf7844bbf
GCF_056676095.1	ncbi_dataset/data/GCF_056676095.1/genomic.gff	1394977	bd5a7951297820b57abde42bd7115de837c6e55ad2c4555bdae6e2ccf767341b
GCF_056676095.1	ncbi_dataset/data/GCF_056676095.1/protein.faa	769386	e3001bf11b4905b3db6de52dc5fa75c8d8a44e32bd1ae7abff24d521bb469990
GCF_056676095.1	ncbi_dataset/data/GCF_056676095.1/sequence_report.jsonl	644	d838c2a43910abd129c52dfcd260d5a51b9fc54a8ee8a01f87bcf0fae53d3213
GCF_056676095.1	ncbi_dataset/data/dataset_catalog.json	1147	d8a73b63d16af075a7e88909cd0d5db064d04b9873afc5d09713a96f1250db51
GCF_056676095.1	md5sum.txt	681	4c5e1be37c498f6c6d4618a714078bae7114728a8060faedc106d7c40a7b2de5
GCF_057786735.1	README.md	1593	4b40504b9d718336b19ce451ff7e117494105e58e2351fee9563af7886320eec
GCF_057786735.1	ncbi_dataset/data/assembly_data_report.jsonl	4085	5009c0b4572a892fd87037240dd8aee773dab2ffefa6894e626fe2db51e0a3f1
GCF_057786735.1	ncbi_dataset/data/GCF_057786735.1/cds_from_genomic.fna	1955159	6494729c013676f5c0b8b497bf336a34d17347c7925380ed4d2195131b2d9a5e
GCF_057786735.1	ncbi_dataset/data/GCF_057786735.1/genomic.gbff	4903117	e6ab67f9907f7fc50b698463b49295d9db47f2fd47ce92c3799bf4e3e72954c6
GCF_057786735.1	ncbi_dataset/data/GCF_057786735.1/GCF_057786735.1_ASM5778673v1_genomic.fna	1877210	2e0865529ea9463e5f822514657e013b4677cc0e8f8f5ac274ee48d1944049b6
GCF_057786735.1	ncbi_dataset/data/GCF_057786735.1/genomic.gff	1267397	cc74e642a0e0a2e8fddfa554815e6bf212ad8f9d477af4b9ab83a337a8f43a95
GCF_057786735.1	ncbi_dataset/data/GCF_057786735.1/protein.faa	576445	f86900e119512206765dd9ed6219ee10baff1103fa48441e6553a636ca587ae2
GCF_057786735.1	ncbi_dataset/data/GCF_057786735.1/sequence_report.jsonl	314	3ceebbf9d0c3daa7616c23534168bd66a84f77f0bed54797e181ded7a86efaf1
GCF_057786735.1	ncbi_dataset/data/dataset_catalog.json	1147	393a09e0fba4732026f73e25ae6607c31a60d034dbfeef9af0b049aa443130d5
GCF_057786735.1	md5sum.txt	681	0960dcd56f50e8fe8a866d068cb87da7893fd44285f15c9888b4d7fc6081cd4e
GCF_058111805.1	README.md	1593	4b40504b9d718336b19ce451ff7e117494105e58e2351fee9563af7886320eec
GCF_058111805.1	ncbi_dataset/data/assembly_data_report.jsonl	3671	ab12c22ada3df270dea7e5304f419daa718fa32d2586066f4258f4c27324b234
GCF_058111805.1	ncbi_dataset/data/GCF_058111805.1/cds_from_genomic.fna	2302669	6e5d46953f9e2bf62060c2022bbd81c5f462989633a2db52f13618ab1c3a4c2d
GCF_058111805.1	ncbi_dataset/data/GCF_058111805.1/genomic.gbff	5703001	9eebe447fbc45e3e8f0d11d099bc87607f8c780362e6af4d0dae4783208f2d51
GCF_058111805.1	ncbi_dataset/data/GCF_058111805.1/GCF_058111805.1_ASM5811180v1_genomic.fna	2175038	28638474c786d5cdd27b114e28d0050211836f2a08a7b82531091a6215bb21a7
GCF_058111805.1	ncbi_dataset/data/GCF_058111805.1/genomic.gff	1399593	18cce2714c42c4d04268fc0d372f7e4bf56512d492305db65153d736eb81489f
GCF_058111805.1	ncbi_dataset/data/GCF_058111805.1/protein.faa	780453	3cf1d864f7a8ca52e725dbd934b8a593e034ce825f04aeccf388e42c5061b101
GCF_058111805.1	ncbi_dataset/data/GCF_058111805.1/sequence_report.jsonl	993	fd2a943c4ba0cf148865fd2f8843e25ea059694f27feea7c8fe547f0a1134317
GCF_058111805.1	ncbi_dataset/data/dataset_catalog.json	1147	21ccdd1957f854b0f5d9599d58b894055f857cffd557286672d7d708793ecdce
GCF_058111805.1	md5sum.txt	681	a54adecec0c0d16a32612d656dc7c773f9be12c7cebdc237a1a338a4736a9c66
GCF_059089415.1	README.md	1593	4b40504b9d718336b19ce451ff7e117494105e58e2351fee9563af7886320eec
GCF_059089415.1	ncbi_dataset/data/assembly_data_report.jsonl	3577	bbdbf8e9a261d796da5fe260305ec303e038375c23ca9b805341ee6f72cc0454
GCF_059089415.1	ncbi_dataset/data/GCF_059089415.1/cds_from_genomic.fna	2229518	cbf83c063c415af730ca0d9f2faa241e27abfc99e1f9c746065b9e5aba2b5dc7
GCF_059089415.1	ncbi_dataset/data/GCF_059089415.1/genomic.gbff	5358824	f7dd9e8cfdec5875a9bcb96d12bb232d4c19366b6f1bd244944e23a7690b3bce
GCF_059089415.1	ncbi_dataset/data/GCF_059089415.1/GCF_059089415.1_ASM5908941v1_genomic.fna	2113897	2754919997bbc308fd145bf2922cf62f5dee564afdbe2cc94b94311abc806e46
GCF_059089415.1	ncbi_dataset/data/GCF_059089415.1/genomic.gff	1281847	6ba3a77bdd9584db651144b33f31431f0e1f3f53faee6b57e0da8dfcc13095c4
GCF_059089415.1	ncbi_dataset/data/GCF_059089415.1/protein.faa	762116	ac247e5b94013f5ea1af27944122065aee08c015a614b6d2df912665082542ff
GCF_059089415.1	ncbi_dataset/data/GCF_059089415.1/sequence_report.jsonl	3399	b24899120aeb174e772b259f03ef056abe80d3aa54eaeabfe3fa4bb3272c42a0
GCF_059089415.1	ncbi_dataset/data/dataset_catalog.json	1148	763c760b5de5c076b813a113521da08dbf9863f2d3aba0698c9eda4812f0fbe4
GCF_059089415.1	md5sum.txt	681	a8478266fe0258d5c7df1b245eb9ccbd922ad7a74a2e44942fe3e5934a7146ba
GCF_060305805.1	README.md	1593	4b40504b9d718336b19ce451ff7e117494105e58e2351fee9563af7886320eec
GCF_060305805.1	ncbi_dataset/data/assembly_data_report.jsonl	5373	fcb8eff55c47682c822f2cd158ef3acd86b329b1dff09ba7f9a78961419ca176
GCF_060305805.1	ncbi_dataset/data/GCF_060305805.1/cds_from_genomic.fna	2678563	a52f910590948436aebefc542d63dea7a7a8f87f1361600e9a3bb21ed40835fe
GCF_060305805.1	ncbi_dataset/data/GCF_060305805.1/genomic.gbff	6689318	b657ed6edfd198ce336d4ee48056e878b30242406e3eddbc2d6c0637c43b4708
GCF_060305805.1	ncbi_dataset/data/GCF_060305805.1/GCF_060305805.1_Varani_LAB_06_genomic.fna	2568343	75f37d443953011be406789a547a104e93e019456bafec3993fd8110c2fcedd3
GCF_060305805.1	ncbi_dataset/data/GCF_060305805.1/genomic.gff	1639278	8528c4df995b207529fe402fad0cb5969115d4e4c98152d67ddb05a7e2d0b169
GCF_060305805.1	ncbi_dataset/data/GCF_060305805.1/protein.faa	897959	6008042341553bf0625523bd9bb50e98cb51722a240b7df5a94b99836fd1300a
GCF_060305805.1	ncbi_dataset/data/GCF_060305805.1/sequence_report.jsonl	648	1e191abd7dacdedf6106518e0df0a2a5bbfaa25bcac28caf2a8aca637cc2d326
GCF_060305805.1	ncbi_dataset/data/dataset_catalog.json	1148	603edafbde9eef823d5413555ebac6a3d683e95444bd584d922f0994f7babf28
GCF_060305805.1	md5sum.txt	682	f09a610d7c062e309238cdb505248a4a880904ef91c233fe8f9bb47dd336a2a9
GCF_060307215.1	README.md	1593	4b40504b9d718336b19ce451ff7e117494105e58e2351fee9563af7886320eec
GCF_060307215.1	ncbi_dataset/data/assembly_data_report.jsonl	5370	e2ab5d65fd7ce8310667600e51f47684b77880eaa25324d6238d3d781514faf1
GCF_060307215.1	ncbi_dataset/data/GCF_060307215.1/cds_from_genomic.fna	2678563	954491a4b7f5bc9460b7330d7ec4310703c4e392561ddd14805856342a159586
GCF_060307215.1	ncbi_dataset/data/GCF_060307215.1/genomic.gbff	6689206	a9dcfe017550774ae1f2d02c03104a2b732bea427b7f466e2d6465980a233c25
GCF_060307215.1	ncbi_dataset/data/GCF_060307215.1/GCF_060307215.1_ASM6030721v1_genomic.fna	2568343	be991f43555bf364cfd6701e86e5ba187a58eba6007bda4fd37e59512fd82827
GCF_060307215.1	ncbi_dataset/data/GCF_060307215.1/genomic.gff	1639275	e2e6652f2802c6e68f6a86b918189aa265dc938ec8ef33fb5877083bc82f46c4
GCF_060307215.1	ncbi_dataset/data/GCF_060307215.1/protein.faa	897959	6008042341553bf0625523bd9bb50e98cb51722a240b7df5a94b99836fd1300a
GCF_060307215.1	ncbi_dataset/data/GCF_060307215.1/sequence_report.jsonl	648	41c5beac586ee365de8cf9572bf9dcc8ed0bafdce1447fca57aa65ff5c4e778d
GCF_060307215.1	ncbi_dataset/data/dataset_catalog.json	1147	ae0ce1ec42ead8d291c1d1c46d51aa1c3a8aef8079523ad427ed5633ee9e12da
GCF_060307215.1	md5sum.txt	681	6404aee7e5613d2603cacf2476ad80642abe3f6834dd666c418473d638d0c0c8
GCF_900016205.1	README.md	1593	4b40504b9d718336b19ce451ff7e117494105e58e2351fee9563af7886320eec
GCF_900016205.1	ncbi_dataset/data/assembly_data_report.jsonl	3835	9669c9445ceaefdeea09f3831f2d90e960b774a452cf469a1de73bded3d78ee8
GCF_900016205.1	ncbi_dataset/data/GCF_900016205.1/cds_from_genomic.fna	2216872	d6b3ea6b213d45cec7838bab14b432004d6f031e83993dae71110ace066f5f3d
GCF_900016205.1	ncbi_dataset/data/GCF_900016205.1/genomic.gbff	5549019	14c280770f6606ef257eae639217c856db13076dec745a8298721ef0219ad2ea
GCF_900016205.1	ncbi_dataset/data/GCF_900016205.1/GCF_900016205.1_ASM90001620v1_genomic.fna	2086190	88138adab85f9657e4544ac745d6432a8761e84b2ed55b0fcfe7e90895e13ee1
GCF_900016205.1	ncbi_dataset/data/GCF_900016205.1/genomic.gff	1330927	2b05dc805b183999e824e6ab9cdce51286780ef254b8129ebf01a824050395db
GCF_900016205.1	ncbi_dataset/data/GCF_900016205.1/protein.faa	759867	7c646f42f5584c154fd40ca2530d0e9ea2614680025ebe0b7fae902999d7a206
GCF_900016205.1	ncbi_dataset/data/GCF_900016205.1/sequence_report.jsonl	8695	35cb2bafa3fbcd0e343d5af47c29171e00813742eba0ea985d94d0cd91195b2a
GCF_900016205.1	ncbi_dataset/data/dataset_catalog.json	1149	71112eb9c7c8c51dada469c6bc31dd8588c6f96761afea7d9b9beb420f1e1037
GCF_900016205.1	md5sum.txt	682	31d43d7f5e014eca03a341443d194036c879cef690e483764580d7c7810da44f
GCF_900094835.1	README.md	1593	4b40504b9d718336b19ce451ff7e117494105e58e2351fee9563af7886320eec
GCF_900094835.1	ncbi_dataset/data/assembly_data_report.jsonl	3920	5408b147ec9e6538b5f2d198a971ca703c747ec6a782cd2ae6b86a012a655aec
GCF_900094835.1	ncbi_dataset/data/GCF_900094835.1/cds_from_genomic.fna	1966956	4ec369f1d0ed919e716b6c3242e46235b63a6224731a39490f1623e81b2f8396
GCF_900094835.1	ncbi_dataset/data/GCF_900094835.1/genomic.gbff	4951878	b6e0589803b0d6735cb7c09097bb599c7f6aa3c048c64d4007334804728a7779
GCF_900094835.1	ncbi_dataset/data/GCF_900094835.1/GCF_900094835.1_IMG-taxon_2615840608_annotated_assembly_genomic.fna	1846026	ce76e3658750a1a57a9ac3b892073a89959c1898536aefb02db01c8df76430d4
GCF_900094835.1	ncbi_dataset/data/GCF_900094835.1/genomic.gff	1239452	4cbd13d06b020e2a80d24cebe373ecf5fb70e3110e1d8194b2736daf1fff9003
GCF_900094835.1	ncbi_dataset/data/GCF_900094835.1/protein.faa	656144	a6573ddb2f0cfe1476a8d70b87b1d4ab7020c09d3d417f65ed3843d6c67c0238
GCF_900094835.1	ncbi_dataset/data/GCF_900094835.1/sequence_report.jsonl	8872	66d89ab41cf72003ebc3bf2a6a2237745a025fb58fecf11417061af7c3f105fb
GCF_900094835.1	ncbi_dataset/data/dataset_catalog.json	1175	f3047df887fd6536088c5534abb8987ccd5a325a1ff06b0ac456ea5347351179
GCF_900094835.1	md5sum.txt	708	e0f0cfd62e6c60dea58850986a324f1f040cc9f8774858bd306d4ccdb9a7c431
GCF_900240275.1	README.md	1593	4b40504b9d718336b19ce451ff7e117494105e58e2351fee9563af7886320eec
GCF_900240275.1	ncbi_dataset/data/assembly_data_report.jsonl	3941	aa32ac71c7b17adbb5ff23f19814b837c0effcb01856d94001cc41a680c548ba
GCF_900240275.1	ncbi_dataset/data/GCF_900240275.1/cds_from_genomic.fna	1806210	46ab9bcc7386a25b1af9b5a7df36e01175a1276d2e1f61dedf92521d62e77856
GCF_900240275.1	ncbi_dataset/data/GCF_900240275.1/genomic.gbff	4307422	b5114f209c35d44f7274e6b0e2b8265125590725406dc64815a9c8fa1fb7a9ef
GCF_900240275.1	ncbi_dataset/data/GCF_900240275.1/GCF_900240275.1_PRJEB20106_genomic.fna	1700847	f34a6ae52e5a98de893819204755e389c137fe64eb96ff43e98976d1d3b56510
GCF_900240275.1	ncbi_dataset/data/GCF_900240275.1/genomic.gff	1026325	8feb224dcbbf020a3237e03ce8f16e40114d983ac2b778b6d6fe4735c8a643e6
GCF_900240275.1	ncbi_dataset/data/GCF_900240275.1/protein.faa	604985	22cf9c092cc1074ec3211b6782cee7c89b97e0fa20f3ed6b6bf8b94fa89a1d1f
GCF_900240275.1	ncbi_dataset/data/GCF_900240275.1/sequence_report.jsonl	4739	9a998e7de46858be059f21f8b9a754ed266b37425529b22fabeae0fd9984786b
GCF_900240275.1	ncbi_dataset/data/dataset_catalog.json	1146	c99ea9b93c614ce137b26f25cc1f543bc864bff095dbe90c864528d6f8bf19d9
GCF_900240275.1	md5sum.txt	679	be95356ae146f952acdbe49a35f28cf0e64bd7429ea626c54cad4839a33ffacc
GCF_900519455.1	README.md	1593	4b40504b9d718336b19ce451ff7e117494105e58e2351fee9563af7886320eec
GCF_900519455.1	ncbi_dataset/data/assembly_data_report.jsonl	3619	8c08d1ce13a587fce7b3281bbb6f222947befff017ca29b5832fe0d5a169e1ec
GCF_900519455.1	ncbi_dataset/data/GCF_900519455.1/cds_from_genomic.fna	2030077	ba567cc1d4451f1e6b50a4288a070b720c664688ef2c38d5ef97c28c09500d0d
GCF_900519455.1	ncbi_dataset/data/GCF_900519455.1/genomic.gbff	4990362	fa96caba90b9602f58c8cb921c7f8c744e9a4328404782c2f79a40bbbca2ca3b
GCF_900519455.1	ncbi_dataset/data/GCF_900519455.1/GCF_900519455.1_UBOCC-A-315001_PRJEB28094_wgs_genomic.fna	1900529	1882e8965e7a47220b9759f261c9969d2a832396cf6cd86a4c7794de970e236f
GCF_900519455.1	ncbi_dataset/data/GCF_900519455.1/genomic.gff	1205498	323fc9ae2c83ab0f4af23ced832015f14043390cc2824dcfc2bfb89138572bff
GCF_900519455.1	ncbi_dataset/data/GCF_900519455.1/protein.faa	677283	1b0cbf294fd7c60b110b04c9064f79d71fb8ad824ce45251fbb3cf355d7887e5
GCF_900519455.1	ncbi_dataset/data/GCF_900519455.1/sequence_report.jsonl	310	c013734bfc3a55ac65ccc735e3882d3e371ec2a054f91ca5889289f63da450a9
GCF_900519455.1	ncbi_dataset/data/dataset_catalog.json	1164	e98eafe23a102fa864064e37c8a787df2eac920254ceb4d40dbc82bbcab9fa05
GCF_900519455.1	md5sum.txt	698	6ce17aee0bd9d61673beadd5d6436bed3487e87704b49134ee46562493e4d006
GCF_900519475.1	README.md	1593	4b40504b9d718336b19ce451ff7e117494105e58e2351fee9563af7886320eec
GCF_900519475.1	ncbi_dataset/data/assembly_data_report.jsonl	3585	e18ef213f7b599e21215a5e74311e05e20121e6b7c384116e7ae14298ac12299
GCF_900519475.1	ncbi_dataset/data/GCF_900519475.1/cds_from_genomic.fna	1980310	756896d993c1813680e0ff2fe5469098e184fb963d9226e16fc48059bd1fa595
GCF_900519475.1	ncbi_dataset/data/GCF_900519475.1/genomic.gbff	4887207	711a18173c271d5ffe94514b12f74cb6d4e6b78410fc43c71e7b9b87dac5bb33
GCF_900519475.1	ncbi_dataset/data/GCF_900519475.1/GCF_900519475.1_CRBO_1381_PRJEB28094_wgs_genomic.fna	1857590	c963104591cf9c56e06a2ce259e91124ccca9b829a094e7405a98dec9df62fda
GCF_900519475.1	ncbi_dataset/data/GCF_900519475.1/genomic.gff	1196149	61181e0a7d4aec5e17e8eab219767b9100b13a20b817b6245a3f1817f306e38f
GCF_900519475.1	ncbi_dataset/data/GCF_900519475.1/protein.faa	654560	ef16f418f33e8a0f60a8e4cdc199e6400c0888bd0fc2c0f494179a3d02e6e0b8
GCF_900519475.1	ncbi_dataset/data/GCF_900519475.1/sequence_report.jsonl	310	7d98dd1eed82932655f49fd43157cf596fa8d43a6f906940a1de0c5598f204c4
GCF_900519475.1	ncbi_dataset/data/dataset_catalog.json	1159	e771dc67150313f004fcb917c21ccff1da5a81a328e1976ecc8d2432eb15b8e5
GCF_900519475.1	md5sum.txt	693	f78c4d3b84a2fe78148fada93138f5397c89c01c001677a23aad01c97a876d0e
GCF_900636965.1	README.md	1593	4b40504b9d718336b19ce451ff7e117494105e58e2351fee9563af7886320eec
GCF_900636965.1	ncbi_dataset/data/assembly_data_report.jsonl	4425	fad19bba69730854a252895874c2caa31a7aa608ccd35cfcb0e0af58a7249a51
GCF_900636965.1	ncbi_dataset/data/GCF_900636965.1/cds_from_genomic.fna	3140288	3c9859fc17296951ec9d8656784d43bf41f7b8cf7e3e73b34edece91522926bb
GCF_900636965.1	ncbi_dataset/data/GCF_900636965.1/genomic.gbff	7945910	de172c64aea37f1625a3533a0f90ead254caceb2755b3f2fca4ccdcf2e6ad36b
GCF_900636965.1	ncbi_dataset/data/GCF_900636965.1/GCF_900636965.1_45296_G02_genomic.fna	3025835	51fdb312fbcb75c69dc05023ceab7838e105c12599f1231edfaabac3b8651e94
GCF_900636965.1	ncbi_dataset/data/GCF_900636965.1/genomic.gff	1906172	a63e0f56040a86f02eb4b18757371da0db1609d8c09f325e84984dcff1d52b42
GCF_900636965.1	ncbi_dataset/data/GCF_900636965.1/protein.faa	1046921	a51f1ef5045bab90667c20f0d2af3e99c47ff1722daf0034e2c3b61ac946abdf
GCF_900636965.1	ncbi_dataset/data/GCF_900636965.1/sequence_report.jsonl	331	7886cf7eae24eab2bcb03bce55120b033b70d657a302e87cd2cbf2cdfdf5e688
GCF_900636965.1	ncbi_dataset/data/dataset_catalog.json	1145	1889bcab7da3501808b9bd3442ff12c56cb67c50979b905cfed587321ba28ac3
GCF_900636965.1	md5sum.txt	678	b9dcc210093bb31fa3f6c754c4d2db70087f1a6ba5bebbe0642a09caee5a249d
GCF_903885985.1	README.md	1593	4b40504b9d718336b19ce451ff7e117494105e58e2351fee9563af7886320eec
GCF_903885985.1	ncbi_dataset/data/assembly_data_report.jsonl	4039	323c27d296b4bc83d0476091ebd111021a2b359b52517fdd357dbba67fe2bf56
GCF_903885985.1	ncbi_dataset/data/GCF_903885985.1/cds_from_genomic.fna	1957432	cd6e21b857947c295210faa2b67b992265027732438b7d1219da100ed5cb5043
GCF_903885985.1	ncbi_dataset/data/GCF_903885985.1/genomic.gbff	4876509	7946172ecc7aad03e3baced61b8beac3b20ad1955384a1e3009d3959959e2ff1
GCF_903885985.1	ncbi_dataset/data/GCF_903885985.1/GCF_903885985.1_Streptococcus_thermophilus_CIRM_18_genomic.fna	1883402	116be39a691126e99daa1c7dce87f38c8ee524fbd0038dd176c51ee918f61c23
GCF_903885985.1	ncbi_dataset/data/GCF_903885985.1/genomic.gff	1237548	613ec671fcfebf5ec16ae5a58a8d6783cde5a90b0869a6460ae163806f9108d0
GCF_903885985.1	ncbi_dataset/data/GCF_903885985.1/protein.faa	600098	527d697ecd7020df137e434d792c9e93d3604c6a7d2b9660d20dd76939b83e3d
GCF_903885985.1	ncbi_dataset/data/GCF_903885985.1/sequence_report.jsonl	313	00c533c44fb23dc2f0db6efcbc07f574021ddbc617b1dd00fab7667a2d1ad277
GCF_903885985.1	ncbi_dataset/data/dataset_catalog.json	1169	4fa49f71dc14777d209492db0ad63892376f3a71581ca54765d08ecfbb406c9a
GCF_903885985.1	md5sum.txt	703	1689f4c099f4c1b195749d150343b22378bdb32c27e8e4cc15c9e59d53caa84a
GCF_903886345.1	README.md	1593	4b40504b9d718336b19ce451ff7e117494105e58e2351fee9563af7886320eec
GCF_903886345.1	ncbi_dataset/data/assembly_data_report.jsonl	4023	0a2434cca2aef43717aa66170406bd5bf15486b13fec2ed5ae69739200e03e32
GCF_903886345.1	ncbi_dataset/data/GCF_903886345.1/cds_from_genomic.fna	1957506	018144434db75e35984eb1eb3e855eeb800970fc890e7d5aa70a4a576f0c1dc8
GCF_903886345.1	ncbi_dataset/data/GCF_903886345.1/genomic.gbff	4879295	b29fc420c2f813ff0a87b2232facf376cd87aafa365d9702e9fe476f8ff229c1
GCF_903886345.1	ncbi_dataset/data/GCF_903886345.1/GCF_903886345.1_Streptococcus_thermophilus_CIRM_32_genomic.fna	1883401	dd406711626e101bec883f9e8d684db6a7aae0664ce0771fd1ea822da8bccd56
GCF_903886345.1	ncbi_dataset/data/GCF_903886345.1/genomic.gff	1239302	028b5fefa088064c7d4a60624d611d6b9a572a1f23ea2c7c70cd2bc6ee439249
GCF_903886345.1	ncbi_dataset/data/GCF_903886345.1/protein.faa	601608	ea5b5445c71929e6a00b694b0ca843890cb97f86410a24d6fb351cb55ade7bbf
GCF_903886345.1	ncbi_dataset/data/GCF_903886345.1/sequence_report.jsonl	313	5d6a78e39d08272b7d5ce91e081fc534e6e07b10817940fb4a4c008d94072aa9
GCF_903886345.1	ncbi_dataset/data/dataset_catalog.json	1169	6a90ab37884e530b5319c1c7e2d125070f02d62096b0782bc9f1e36381858d26
GCF_903886345.1	md5sum.txt	703	d64b3e0aaa3e67195bfc115d0223378fd417e3bd095cbf2e1134921a23307f8a
GCF_903886475.1	README.md	1593	4b40504b9d718336b19ce451ff7e117494105e58e2351fee9563af7886320eec
GCF_903886475.1	ncbi_dataset/data/assembly_data_report.jsonl	4020	59e68664b42f1fb13f4ab57a54f604ab1f09fff0b2afa704ac3c5091fe473398
GCF_903886475.1	ncbi_dataset/data/GCF_903886475.1/cds_from_genomic.fna	1926170	181932e87c1652f465f41fe968a2f9306044a6450c1eeb145a580cb595e04cf0
GCF_903886475.1	ncbi_dataset/data/GCF_903886475.1/genomic.gbff	4857915	64be58871e8353b27575afcaea309321d2e48eeb18475b8ad52ecc5d21bd5aea
GCF_903886475.1	ncbi_dataset/data/GCF_903886475.1/GCF_903886475.1_Streptococcus_thermophilus_CIRM_65_genomic.fna	1814228	ec82b15171436f5c1d083a5da1fb709159db7c214fca5d8c38c03733fb75841a
GCF_903886475.1	ncbi_dataset/data/GCF_903886475.1/genomic.gff	1257261	e58cb1f3c661cb5a9084f931debce944d6c3fbe3c36f4049a6c49e7f46284f4b
GCF_903886475.1	ncbi_dataset/data/GCF_903886475.1/protein.faa	570788	66d7c0844f5047f2abd1dd0bb372c0ef24bb8066e7ec822da66a13652cd49173
GCF_903886475.1	ncbi_dataset/data/GCF_903886475.1/sequence_report.jsonl	631	14444275ddd8305dfa2e963bfe74df01bb71fa55af63d92f087ed27a8c6b5e72
GCF_903886475.1	ncbi_dataset/data/dataset_catalog.json	1169	4916bcd36ec81a7845bca81467db4e086433e8d0f5dbca6ad86a03d80d9b082c
GCF_903886475.1	md5sum.txt	703	74a2c631abd872ef62933fbdf40c360dd4dd06a427d433aab11719a07e393436
GCF_903891025.1	README.md	1593	4b40504b9d718336b19ce451ff7e117494105e58e2351fee9563af7886320eec
GCF_903891025.1	ncbi_dataset/data/assembly_data_report.jsonl	3941	ab9a42efe120e5a0844082882042f86cba9315dc7ec26532201c2b7153ab1eda
GCF_903891025.1	ncbi_dataset/data/GCF_903891025.1/cds_from_genomic.fna	1936001	5ba241c7cc98eacaf012ddcb2785fcc30571dcd71a69076e67fd71a406b2c1cb
GCF_903891025.1	ncbi_dataset/data/GCF_903891025.1/genomic.gbff	4819088	7e4d6c9e37637730e22e3a3fbb0b92cd483346399df98bdd141f1285513a0cc6
GCF_903891025.1	ncbi_dataset/data/GCF_903891025.1/GCF_903891025.1_Streptococcus_thermophilus_CIRM_1055_genomic.fna	1862251	2ea2c398da9edacf2d691006da026188e46d2228326170ff81a55b406b287e32
GCF_903891025.1	ncbi_dataset/data/GCF_903891025.1/genomic.gff	1222568	06e3aa8db865cab8742fa64c5234e6ef269f8d8753dd3e44e75df5b5fa621753
GCF_903891025.1	ncbi_dataset/data/GCF_903891025.1/protein.faa	591158	961f573aa7dc4b12aa5eb171f91d2f0887a4759d8207be72b51659ec9d30ee84
GCF_903891025.1	ncbi_dataset/data/GCF_903891025.1/sequence_report.jsonl	313	3fa555547d7033bbb0879c5356b76aae5ecd05165d8b40b13f04a8acc73e37c0
GCF_903891025.1	ncbi_dataset/data/dataset_catalog.json	1171	a68ed249ce1ea43a6db4e979db5676819b4411e45571db92d5644c1060c7f626
GCF_903891025.1	md5sum.txt	705	cced3173b8ae9b96563c84f1eca1b3b47844290a8521b838d608a54f15b83e61
GCF_903891205.1	README.md	1593	4b40504b9d718336b19ce451ff7e117494105e58e2351fee9563af7886320eec
GCF_903891205.1	ncbi_dataset/data/assembly_data_report.jsonl	3940	659cefdd6d4b3e38d041216cd6282cf058eff2ca591e9fd38089b3538161a854
GCF_903891205.1	ncbi_dataset/data/GCF_903891205.1/cds_from_genomic.fna	1855730	98eeacf51c391bb604471c0b48764c6e1258e0fe44dbfdc5d86ed8e2ccf27a21
GCF_903891205.1	ncbi_dataset/data/GCF_903891205.1/genomic.gbff	4610813	6b3c0ca5ad4ac90849fafa500abc4ff9ad749cdea1a39d5c27df399f75a90c9a
GCF_903891205.1	ncbi_dataset/data/GCF_903891205.1/GCF_903891205.1_Streptococcus_thermophilus_CIRM_1125_genomic.fna	1789477	82e5101c2e1b82710ee0565bfa4ffc57e9d1dfc4d11a096daf646818124ae7f9
GCF_903891205.1	ncbi_dataset/data/GCF_903891205.1/genomic.gff	1168592	2d692f51ef253e6b2e3a6df18387dd0e08ff93bc4cfdd8a111494badb8b3c058
GCF_903891205.1	ncbi_dataset/data/GCF_903891205.1/protein.faa	557432	7a4ddda92fe0f21453c9c815a7ad09bbd778c710dcd9488031d4096b23d8e804
GCF_903891205.1	ncbi_dataset/data/GCF_903891205.1/sequence_report.jsonl	313	c7080d494a44e9b82161640d7e090830186962d6d3088a3a07239d60a9f7cf50
GCF_903891205.1	ncbi_dataset/data/dataset_catalog.json	1171	42f1a51c495c907f35841d80d8242bed65626ab7ec8457ab03bf7edb6940ca94
GCF_903891205.1	md5sum.txt	705	6fe5d24dbe9bada3bcf414975d262633a5056e99aed003936331c61a53c22428
GCF_947539375.1	README.md	1593	4b40504b9d718336b19ce451ff7e117494105e58e2351fee9563af7886320eec
GCF_947539375.1	ncbi_dataset/data/assembly_data_report.jsonl	3562	ce720feccd85194269bcc2f49cb82d0f32c2cca2bf9a2af27a8769eee390c10b
GCF_947539375.1	ncbi_dataset/data/GCF_947539375.1/cds_from_genomic.fna	2282380	96de70cec114e90390c8b7388d9adaae582f7c38620ea6681f641072981c250f
GCF_947539375.1	ncbi_dataset/data/GCF_947539375.1/genomic.gbff	5320663	71652753921cba0087910a2d3e2f0bcf1cbc6cb0b13c2310d47c0e03235461e7
GCF_947539375.1	ncbi_dataset/data/GCF_947539375.1/GCF_947539375.1_AMBV1719_hybrid_genomic.fna	2146398	d1b371a1c1d23a127653e00ed14ea2b6ff7702613151c35367265ca29379a0ef
GCF_947539375.1	ncbi_dataset/data/GCF_947539375.1/genomic.gff	1247327	e62f37f19f02df4d393457ef114b9abfb1c6b10f57a10471017d40d8fd4ee150
GCF_947539375.1	ncbi_dataset/data/GCF_947539375.1/protein.faa	771423	fea4dc403c777e1b1dbde1d3bc3d6e157a60e49410289d7ecf22e1b33d51361e
GCF_947539375.1	ncbi_dataset/data/GCF_947539375.1/sequence_report.jsonl	347	2920321c21213fb529cad8f4e035ce18ac37313e3e36a69f1b162afa45e799b2
GCF_947539375.1	ncbi_dataset/data/dataset_catalog.json	1150	1c8443e442107870b823d294836615ed51a3676fc10bc75f1a33b449d6147bba
GCF_947539375.1	md5sum.txt	684	c8c730d5ea57bb34461fce6bb6cc0a1a984e86134618db14b5adf40fca6c6f5a
GCF_963243495.1	README.md	1593	4b40504b9d718336b19ce451ff7e117494105e58e2351fee9563af7886320eec
GCF_963243495.1	ncbi_dataset/data/assembly_data_report.jsonl	3801	48b8f502917153615913aed22cd4a1288a707da4e34bbce89d1e361c586c1fe3
GCF_963243495.1	ncbi_dataset/data/GCF_963243495.1/cds_from_genomic.fna	3155437	830e8a8d76a2a129a65928a8356ebc79a53eea013220e56bdd2c73fd1f20c19a
GCF_963243495.1	ncbi_dataset/data/GCF_963243495.1/genomic.gbff	7814121	df1595dc5243020f4fcadac55e09cff199991012fbbef06a4f13c982a7db867d
GCF_963243495.1	ncbi_dataset/data/GCF_963243495.1/GCF_963243495.1_IMDOEBMM8_assembly_genomic.fna	3102187	45bb97b77f57e0b3122af22a0fca4e10d37e689a165ff6d022c9fb5acea27f4b
GCF_963243495.1	ncbi_dataset/data/GCF_963243495.1/genomic.gff	1822215	d7d547bfdc4f513ffdcac04b1ae963b96c876a0653291121025161e1f0a83c56
GCF_963243495.1	ncbi_dataset/data/GCF_963243495.1/protein.faa	1098235	c978aec4c93ba28925531edbf95b6a8d2511387f37c671848874b02a71a040e5
GCF_963243495.1	ncbi_dataset/data/GCF_963243495.1/sequence_report.jsonl	930	c9c5af0811b65a5e6ecd66fd0ea72175e7d207c99e44c7b0ec46f005f4094f6f
GCF_963243495.1	ncbi_dataset/data/dataset_catalog.json	1154	d7a608adfc7c1db8619c5b1544d2f1c492426f2ddd3ae9bdea1f83d803c78924
GCF_963243495.1	md5sum.txt	687	a282aeb76c9a1298433f1c06e56f46fbb90fda76dfd878106c23a06660884407
GCF_963281025.1	README.md	1593	4b40504b9d718336b19ce451ff7e117494105e58e2351fee9563af7886320eec
GCF_963281025.1	ncbi_dataset/data/assembly_data_report.jsonl	3825	dc450260ad339990825750a4d509faefa4a86a11c9fec87227a9167652d15ba7
GCF_963281025.1	ncbi_dataset/data/GCF_963281025.1/cds_from_genomic.fna	2018869	e5d3273e0e9be24ae7d7292c8948c1b8bec6b9f456c64e4c3647b600d7affb93
GCF_963281025.1	ncbi_dataset/data/GCF_963281025.1/genomic.gbff	4993085	a4259a643ca8087f186a45b894dd7e7a0ecc0f923c331b830a96206ff24bc62f
GCF_963281025.1	ncbi_dataset/data/GCF_963281025.1/GCF_963281025.1_NZ_220527_assembly_015_genomic.fna	1921636	9c9f9ab82ee345ddda01bd97f5cd99ad58db54703defa741c208ca777091eecf
GCF_963281025.1	ncbi_dataset/data/GCF_963281025.1/genomic.gff	1215941	c241c5ab3bac3bd682d9097177d12b66349ea421eeec117fbaab3e363998f3ab
GCF_963281025.1	ncbi_dataset/data/GCF_963281025.1/protein.faa	680267	361742f6572eb1b868e3f6ae46a883a94bcc5811ad4f7c30c56c3a6ad3b99f95
GCF_963281025.1	ncbi_dataset/data/GCF_963281025.1/sequence_report.jsonl	329	b9fe7f78949772c691dfe40e9990ac91cf66aad2c2b6599b7f1f304b057d7984
GCF_963281025.1	ncbi_dataset/data/dataset_catalog.json	1157	76c5ab79e8b1a32129f4e4a652f9a31bc789f0c5f35579f7b4eed9e43edae946
GCF_963281025.1	md5sum.txt	691	cb87a14ca1da795194804ba80e8aaff67a982e49f412cabcbd0ea251c21deb5b
GCF_964063315.1	README.md	1593	4b40504b9d718336b19ce451ff7e117494105e58e2351fee9563af7886320eec
GCF_964063315.1	ncbi_dataset/data/assembly_data_report.jsonl	3676	a25f51b148db803e55074ed69760dbdd312e83c114ed1308cf8650c5819261c3
GCF_964063315.1	ncbi_dataset/data/GCF_964063315.1/cds_from_genomic.fna	1888374	b4435bd890fe1d1294120064f95de20e8e1196eca165acec993e981ea46c7be0
GCF_964063315.1	ncbi_dataset/data/GCF_964063315.1/genomic.gbff	4494286	3d416a407113e205d233ef08a4070ee4cde5b329f6df12dbef2ddca77727a886
GCF_964063315.1	ncbi_dataset/data/GCF_964063315.1/GCF_964063315.1_Leuconostoc_carnosum_CIRM-BIA2809_genomic.fna	1789861	ec242668cb30e318cb5448686b0f471bfc517d71a6a9ed6302c14416a7439f75
GCF_964063315.1	ncbi_dataset/data/GCF_964063315.1/genomic.gff	1094965	405f74df5b0da377b901bbfd2e5646e348de90b762b9ed3577cea6f9086ae5b9
GCF_964063315.1	ncbi_dataset/data/GCF_964063315.1/protein.faa	638604	9834f5383cb71878b00604929d54df7d6a294e103fade6a40ccf46d05dce5f0b
GCF_964063315.1	ncbi_dataset/data/GCF_964063315.1/sequence_report.jsonl	1650	1d442ed2df654fd4b1553807d679fd4c06e394fd53cc402c2cb2f1b35448c26c
GCF_964063315.1	ncbi_dataset/data/dataset_catalog.json	1169	eaeab77dc73f35cee0358564e14a56668662fde9cde0385e5fa0011c716cbbd2
GCF_964063315.1	md5sum.txt	702	0ca01b676a76416d72f72f013ea0d310bb210b18ce597005f0c4e211eec97bb9
GCF_965136965.1	README.md	1593	4b40504b9d718336b19ce451ff7e117494105e58e2351fee9563af7886320eec
GCF_965136965.1	ncbi_dataset/data/assembly_data_report.jsonl	3811	ed74dc0c79beb0ac7bf082176908c28ff3eeaefb34703eb89a44ca825cd631cc
GCF_965136965.1	ncbi_dataset/data/GCF_965136965.1/cds_from_genomic.fna	2882843	3624870b3e3a8539f90cf5843cceab63edd0a431898a3edb9aa8b911027145bd
GCF_965136965.1	ncbi_dataset/data/GCF_965136965.1/genomic.gbff	7424387	e5a427553a0ecb4cdfa051e29a4e5c1a58101955031d7ab5c2170004e1990fcd
GCF_965136965.1	ncbi_dataset/data/GCF_965136965.1/GCF_965136965.1_CIP110952T_genomic.fna	2784030	7babe6943ac0daefbaa36d75f3bbacf76bc3607706d0a8e0fbae21f9f0a01389
GCF_965136965.1	ncbi_dataset/data/GCF_965136965.1/genomic.gff	1783229	0e583e4186ee7c4683d1cc61a9872d4e81f1274be1cb41a0c844b7c12c98372e
GCF_965136965.1	ncbi_dataset/data/GCF_965136965.1/protein.faa	977077	4033ef8a3c3d08243b8607eadacf25402407dfd074e85f5c242c034d18378554
GCF_965136965.1	ncbi_dataset/data/GCF_965136965.1/sequence_report.jsonl	23922	332f6de4a0ad693ad83c006306c90c5854810f7264cd286f8d6ce701795e69fe
GCF_965136965.1	ncbi_dataset/data/dataset_catalog.json	1147	8ecbfec2e53359bd7c73cbbe24f6f9f26c9071355a60cc7be624c8c476ed5a0b
GCF_965136965.1	md5sum.txt	679	664530f37b78ce1f02a95e5d01689b5f3abfa1ec0084826f5a126c7d79040171
GCF_965286035.1	README.md	1593	4b40504b9d718336b19ce451ff7e117494105e58e2351fee9563af7886320eec
GCF_965286035.1	ncbi_dataset/data/assembly_data_report.jsonl	3550	0b038ef76f983f33c8fb0228d290fa88c0821d4249734e7c8dca1e32c40bc979
GCF_965286035.1	ncbi_dataset/data/GCF_965286035.1/cds_from_genomic.fna	2451696	6a6b3b3f914cca63d7351d98b076ccc6ce7c9a3c516c2ffebbab4a7989ba9cbc
GCF_965286035.1	ncbi_dataset/data/GCF_965286035.1/genomic.gbff	6071656	305c68ac5591fd7d3e125cbddb41aad6ab4bfc1a460e1a862804482cf9d9f70a
GCF_965286035.1	ncbi_dataset/data/GCF_965286035.1/GCF_965286035.1_LPHFIBB469_assembly_genomic.fna	2292203	1b8abb64d57d4f18dcc26a2c124fda6be95e3b8f45064a1987460717b4bc7912
GCF_965286035.1	ncbi_dataset/data/GCF_965286035.1/genomic.gff	1495095	9251a8e554b33c0e40a7c0ae9f2cf153b9f6c3d1468ddce66ec2d3dc2609f179
GCF_965286035.1	ncbi_dataset/data/GCF_965286035.1/protein.faa	843954	86924dbd562b8ed30e4bb2885d7b604ad83d4e708985248a9b218e20ade4098e
GCF_965286035.1	ncbi_dataset/data/GCF_965286035.1/sequence_report.jsonl	650	60d3f874ec226d7d56d262c092399b6bf655f3fa35c459d43e09309c76c917c1
GCF_965286035.1	ncbi_dataset/data/dataset_catalog.json	1154	a97be0da5cd97848ebdac21f989be78bd1a01b8246ae7983a97eb5018dc8ce5e
GCF_965286035.1	md5sum.txt	688	9f3b9f257f990d25659316a06c5c61512bcf17a6298de0362fe00aa2c7cebc5b
GCF_965286295.1	README.md	1593	4b40504b9d718336b19ce451ff7e117494105e58e2351fee9563af7886320eec
GCF_965286295.1	ncbi_dataset/data/assembly_data_report.jsonl	3581	2a86702e8e66445a7c0d2121c9510cc4eb36537dbc0fb1c6667f17ec44ec812f
GCF_965286295.1	ncbi_dataset/data/GCF_965286295.1/cds_from_genomic.fna	3061952	e2eeeba3ef514c93952c0c44d98bda8e8aea31c0dff26000f535c3b85ff0a98d
GCF_965286295.1	ncbi_dataset/data/GCF_965286295.1/genomic.gbff	7858981	1a3620225e182adbfc0828be93910478d2cc48b4085dc263fd38f056a8f295a9
GCF_965286295.1	ncbi_dataset/data/GCF_965286295.1/GCF_965286295.1_LAUH01615_assembly_genomic.fna	3032593	ef09b6b2df7d58f638d35c5a456d67809e3a18786d49383fb68425513e50acbd
GCF_965286295.1	ncbi_dataset/data/GCF_965286295.1/genomic.gff	1898634	e5fb8f2380c37b36279dfe4a0eda7e597900ffd928b2b199767649db6b757233
GCF_965286295.1	ncbi_dataset/data/GCF_965286295.1/protein.faa	1064633	c5f280c4ed4624a3c8470e6c1c8e7f8baa8f4df3abeb36450cc770cc12a7582b
GCF_965286295.1	ncbi_dataset/data/GCF_965286295.1/sequence_report.jsonl	681	ef3cab0bc26cb6cec5c6962c383ff534ef96c2df195b792c4f0f3c2613239989
GCF_965286295.1	ncbi_dataset/data/dataset_catalog.json	1154	feae0d69f18d8e031013fbd2f19e69385d1bf25fa033f78a16ff61d208c34793
GCF_965286295.1	md5sum.txt	687	df0744f1f99e3745b62c4e188b4c7d7b6ad3e2866990ddae787398cc8dd5d015
GCF_965286585.1	README.md	1593	4b40504b9d718336b19ce451ff7e117494105e58e2351fee9563af7886320eec
GCF_965286585.1	ncbi_dataset/data/assembly_data_report.jsonl	3532	3d07243ce12909f0eab452fc90a6e0fadd72b227c014c8e85ef8732a707a64ec
GCF_965286585.1	ncbi_dataset/data/GCF_965286585.1/cds_from_genomic.fna	2249523	49a7d7f4866b2469c6144dc0329e3b49f7734754a2c11b872b92ddfc043e5ad5
GCF_965286585.1	ncbi_dataset/data/GCF_965286585.1/genomic.gbff	5672430	226d97193d45d7fee80713c8d6912004aa61c68d7a7172b5e7a228706ef6f81f
GCF_965286585.1	ncbi_dataset/data/GCF_965286585.1/GCF_965286585.1_LFHFIBB205_assembly_genomic.fna	2154222	ca38c4f9019a704bacd7ab538bd80df4f585cba81d803e2c46b24d64cb6ef6c1
GCF_965286585.1	ncbi_dataset/data/GCF_965286585.1/genomic.gff	1415743	3d630fcab7a1aac05e7ea720d50983354574e94ec313e7faa0f6b898767cf55c
GCF_965286585.1	ncbi_dataset/data/GCF_965286585.1/protein.faa	746012	859efc9365c137cf3dbf41ed24f98247b72d3ee2305eac2cbeb14ac10caf5858
GCF_965286585.1	ncbi_dataset/data/GCF_965286585.1/sequence_report.jsonl	971	5a460b2587187db21040e4a4c7ab418ebe575689d98da8c98cf883b90833d2dc
GCF_965286585.1	ncbi_dataset/data/dataset_catalog.json	1154	6fb13002d1c87529d1f4244e78f3c56b1384e4bbf2956780cf42b1359b416d2a
GCF_965286585.1	md5sum.txt	688	8aa4c88666c462e7e70ebed3f54bb49f462b91f05ab694e85142297d08b64d56
GCF_982267005.1	README.md	1593	4b40504b9d718336b19ce451ff7e117494105e58e2351fee9563af7886320eec
GCF_982267005.1	ncbi_dataset/data/assembly_data_report.jsonl	3819	68175c7f21ce5fa8677e3d7eb364a0a6a461f993f1507dd96356abe2a8e63d27
GCF_982267005.1	ncbi_dataset/data/GCF_982267005.1/cds_from_genomic.fna	1815281	403adbaf79b32db2909cc8c5c6df899e76e09b7a54c22f4db159d9839dc10132
GCF_982267005.1	ncbi_dataset/data/GCF_982267005.1/genomic.gbff	4339291	4ee9b98b2c5807c12efe60c62dd6715193b246928834fd8c51e67221893ef955
GCF_982267005.1	ncbi_dataset/data/GCF_982267005.1/GCF_982267005.1_Leuconostoc_lactis_FME322_genomic.fna	1703847	6e3c748c043ebcd175b8ab32ad8e68e05b6ba00cb98223c21168332549500a74
GCF_982267005.1	ncbi_dataset/data/GCF_982267005.1/genomic.gff	1070220	593e533ef7ea06d2b2679f98e1a1f3d577f668c074fee4fe4b7216d78324815d
GCF_982267005.1	ncbi_dataset/data/GCF_982267005.1/protein.faa	612374	10076aebadb397b1caa12b6dcfd8165511f4763965daa7db304b0747dea2eafb
GCF_982267005.1	ncbi_dataset/data/GCF_982267005.1/sequence_report.jsonl	685	3e9912a579fcbcff54e78e1dd17f850d177572852bc862b0274f270f3e1b8ef0
GCF_982267005.1	ncbi_dataset/data/dataset_catalog.json	1160	2673bdbcfdfa8a800f9fee57438a7861272ea9c82e31468b95310f54ad4dd83f
GCF_982267005.1	md5sum.txt	694	a4491c8547a9b75aafcdb8b1ec0bc5c9cd2be6ffda988a3082f5f0bfd2584b86
