assembly_accession	replicon	length	sequence_sha256	gbff_topology	reported_role	reported_molecule_type	reported_name	gbff_source_tax_id	gc_percent_acgt	n_count	ambiguous_count
GCF_000009425.1	NC_009004.1	2529478	746cafa7a76a713062deade7bfbe450bd1b05720fb6e470998bb11e3f4d9ee19	circular	assembled-molecule	Chromosome	chromosome	416870	35.74555698843793	0	0
GCF_000010145.1	NC_010610.1	2098685	81caec05312c84a4b465c99dbeca821c9050042506f912f551860441b8b3c694	circular	assembled-molecule	Chromosome	chromosome	334390	51.46906347025088	0	1
GCF_000011045.1	NC_017482.1	3005051	73452ce541e802511cf559246e030c8c7daa6709a3a9b0256f1fca33cda27dbf	circular	assembled-molecule	Chromosome	chromosome	568703	46.691919704524146	0	0
GCF_000014385.1	NC_008528.1	1780517	93106c5f6e6ffc778f61779101a23779d6c69685f9b8b418fc5e902f10cceaeb	circular	assembled-molecule	Chromosome	chromosome	203123	37.88888283571569	0	0
GCF_000014425.1	NC_008530.1	1894360	7671ceddaf222cbc3e87ad71532c42775501ebddbf82f0f98be044140a4fdf78	circular	assembled-molecule	Chromosome	chromosome	324831	35.259612745201544	0	0
GCF_000014445.1	NC_008531.1	2038396	2fa4d2d88f7f6fd6b23537bc9ff9f169a9a2647d18e26e34e8bf8d508679bf7a	circular	assembled-molecule	Chromosome	chromosome	203120	37.71033695121066	0	0
GCF_000014445.1	NC_008496.1	37367	a69207ff10864ce2b739a7c52278fdd46145fc38cc618cacecce0bc99f018d4a	circular	assembled-molecule	Plasmid	pLEUM1	203120	35.392190970642545	0	0
GCF_000014505.1	NC_008525.1	1832387	3279816a7809a5ab3df893f3ea174fb96421fbd1e889416c0a1a4721362b0349	circular	assembled-molecule	Chromosome	chromosome	278197	37.357828886583455	0	0
GCF_000014545.1	NC_008527.1	2438589	0c57282320ce56bad8bd22b7220ede4ad21a0603e53e0b0d276bf7c255413235	circular	assembled-molecule	Chromosome	chromosome	272622	35.85573460718473	0	0
GCF_000014545.1	NC_008503.1	14041	9ccf40ef9b21067674601884dce3ebf1de96e1d6d7c04339f72da9df239c0687	circular	assembled-molecule	Plasmid	1	272622	34.37077131258457	0	0
GCF_000014545.1	NC_008504.1	9554	29407c6de5f7ee9538826680c208fc05ebb62fb4b791007cca5fa0db6f3ef184	circular	assembled-molecule	Plasmid	2	272622	30.437513083525225	0	0
GCF_000014545.1	NC_008505.1	74750	a8d57b26fa662e81d2f3254bedd3043fd9e6f2e5fbae9a55ce0674010e0b0929	circular	assembled-molecule	Plasmid	3	272622	35.41137123745819	0	0
GCF_000014545.1	NC_008506.1	47208	763f4925792fd542570cf9364664c83353f14959c6de43ae8767e8671a1edff6	circular	assembled-molecule	Plasmid	4	272622	34.83519742416539	0	0
GCF_000014545.1	NC_008507.1	14206	3090bd51c7af8cbea486bfab57b48d64098ea75d0cc706c3569d37f82a899322	circular	assembled-molecule	Plasmid	5	272622	33.54920456145291	0	0
GCF_000015385.1	NC_010080.1	2080931	557b7308183794265e741c667ddf119adbe651285728cc6f166011d37c04105f	circular	assembled-molecule	Chromosome	chromosome	405566	37.077010242050314	0	0
GCF_000016825.1	NC_009513.1	1999618	31892139327350509856231faaef614500f54a15fba0de0ac3fcbcbb47ea72ed	circular	assembled-molecule	Chromosome	chromosome	557433	38.872624671312224	0	0
GCF_000023085.1	NC_012984.1	3197759	f4f0f6a6180498b41585b8f59b68a91a37b88372a27eb948c0fdcd3ae3a4030f	circular	assembled-molecule	Chromosome	chromosome	644042	44.66094348661999	3	3
GCF_000025045.1	NC_013656.1	2598144	8a64b6c6ede5cf742c129efb20117e7e596cd376ad1b450b42157dc70492bff6	circular	assembled-molecule	Chromosome	chromosome	684738	34.910266713469305	0	0
GCF_000025045.1	NC_013657.1	37510	efac3b29b640b15bfb47176af60803afe72ef395c3943698f0a8d638a79e60b3	circular	assembled-molecule	Plasmid	pKF147A	684738	32.38336443615036	0	0
GCF_000026405.1	NC_010471.1	1796284	6e7c822f776d17d03fd8fb7c9d31136efdbb390b2b180f1f0369f35f9743d4d0	circular	assembled-molecule	Chromosome	chromosome	349519	38.98910194601744	0	0
GCF_000026405.1	NC_010470.1	38713	97be9738e5195ba31dce7a713145ab898b86ac47aac9aabba79613d29d6652b8	circular	assembled-molecule	Plasmid	pLCK1	349519	37.39054064526128	0	0
GCF_000026405.1	NC_010466.1	31463	a8398ac025a6f2689260da8cdb85bee52891d8a8073d413b9ade07aaf340b432	circular	assembled-molecule	Plasmid	pLCK2	349519	37.96522899914185	0	0
GCF_000026405.1	NC_010467.1	17971	7357d19b01e1db5697fd287db2c8d90debf8aee7c232852bd8c92e55a10c8741	circular	assembled-molecule	Plasmid	pLCK3	349519	33.00317177675143	0	0
GCF_000026405.1	NC_010469.1	12183	83d52ebfd4f54275ab201efa139cb1b29cba05d5559c9dd713c71252b920d588	circular	assembled-molecule	Plasmid	pLCK4	349519	36.912090618074366	0	0
GCF_000092505.1	NC_014136.1	2002721	14519608373197558532e09845b9435a4b96992ed620cf806b3efd4d14c0b820	circular	assembled-molecule	Chromosome	chromosome	762051	37.99955161003455	0	0
GCF_000092505.1	NC_014135.1	3196	f2e50c00cbc4afa0beacc3db1aaed8c04fd86cdc2209288c8a90f1645f624984	circular	assembled-molecule	Plasmid	LkipL48	762051	37.077596996245305	0	0
GCF_000092505.1	NC_014131.1	21055	ea6bd507a833914d74bd0425ee2688743a804e76d177d870e203b4719c93a5d8	circular	assembled-molecule	Plasmid	LkipL4701	762051	34.25314652101638	0	0
GCF_000092505.1	NC_014132.1	23275	ccf30983619d845acf5d90271319ef2426d2ddf6a97fd474c5a2f097bae6cf53	circular	assembled-molecule	Plasmid	LkipL4704	762051	35.54887218045113	0	0
GCF_000092505.1	NC_014133.1	21924	dfe450f635ba52ced8993464984321fde6057fa808e63aac9f8e4a6ee4c062cc	circular	assembled-molecule	Plasmid	LkipL4719	762051	39.085020981572704	0	0
GCF_000092505.1	NC_014134.1	29616	c3131c4ceeb3a10c05e4466405c70c893c592bb043ad46a680cee1756989a866	circular	assembled-molecule	Plasmid	LkipL4726	762051	35.50783360345759	0	0
GCF_000148815.2	NC_014554.1	3254376	fb483df717a94c6f7b8f120693b59ae1f3ce378af7a9265428e71d43cc88d2bd	circular	assembled-molecule	Chromosome	chromosome	889932	44.57659471431697	0	0
GCF_000148815.2	NC_014558.2	53560	41111d8daef6eb40d66d8ec8ec0d78720ddef7e603577f420457dcfcfbd22a47	circular	assembled-molecule	Plasmid	pST-III	889932	38.68558625840179	0	0
GCF_000155515.2	NC_022112.1	2939026	39d388815d005b18b5d5df7dab66e774043a02e67eaa52e1d53a437c1887a8d3	circular	assembled-molecule	Chromosome	chromosome	537973	46.39312479712667	0	0
GCF_000155515.2	NC_022114.1	24207	0d66d7fda54a368371e9f137d31ea7c84883fdc4cecf1c9787d79cf12fe94841	circular	assembled-molecule	Plasmid	1	537973	40.51307473044987	0	0
GCF_000155515.2	NC_022123.1	62119	2ea3e83c112c6a0a6f2a7d57c4c34da97b095454a302ecdab66f07998240ad4e	circular	assembled-molecule	Plasmid	2	537973	44.0026400940131	0	0
GCF_000160835.1	NZ_GG700751.1	815	f15fdf3972dd3438e41eb758f5c67e85cd91333f846ef607f56f19c4ee98848e	linear	unplaced-scaffold	Chromosome	chromosome	525309	50.67484662576687	0	0
GCF_000160835.1	NZ_GG700750.1	984	5beb6b93b92abb348977a0d5df51ca7477b56b40dc7a906a29d0cef2206bbe0e	linear	unplaced-scaffold	Chromosome	chromosome	525309	47.86585365853659	0	0
GCF_000160835.1	NZ_GG700749.1	1001	2ee72eaada49054d58ed12b846d9ba5e65d39ee37d3a5d1685e3ec4c83eba429	linear	unplaced-scaffold	Chromosome	chromosome	525309	37.162837162837164	0	0
GCF_000160835.1	NZ_GG700748.1	1462	c195b2dec78a5e52e2ac016d1463b9559841b17bf583b287b63fdd6a28df17b8	linear	unplaced-scaffold	Chromosome	chromosome	525309	41.792065663474695	0	0
GCF_000160835.1	NZ_GG700747.1	1508	13190b109bf94ba745e1fca730fc8e89ce6a2635227121b8085260c822f81b26	linear	unplaced-scaffold	Chromosome	chromosome	525309	41.37931034482759	0	0
GCF_000160835.1	NZ_GG700746.1	1523	3dc21e521075e20b1253690b3330bb4ae8e1df43136cc72ec7597cf428d8b488	linear	unplaced-scaffold	Chromosome	chromosome	525309	40.249507550886406	0	0
GCF_000160835.1	NZ_GG700745.1	1545	3156dac2f79fe720f78125656831bf7a257a1ca816d9bc47d4834929de00bcde	linear	unplaced-scaffold	Chromosome	chromosome	525309	39.8705501618123	0	0
GCF_000160835.1	NZ_GG700744.1	1676	f5d132002637423a2bd298ab637b7c0d5a2e5261097421e44866a5c5a6f176c1	linear	unplaced-scaffold	Chromosome	chromosome	525309	39.856801909307876	0	0
GCF_000160835.1	NZ_GG700743.1	1768	3c3cd9616c1310cc61d73b00b3cfa6c1a189a2feae6b978b2896397a268a3668	linear	unplaced-scaffold	Chromosome	chromosome	525309	38.800904977375566	0	0
GCF_000160835.1	NZ_GG700742.1	1831	198e73d316b13b517534b5e5d11d4dbb510bc3811b5eeacdf4b90e30efd7efbd	linear	unplaced-scaffold	Chromosome	chromosome	525309	40.25122883670126	0	0
GCF_000160835.1	NZ_GG700741.1	3093	7dd12bb40a6efe5aa4eea5238612fe39f4b9c3cb9c4984eb362a89566fc02855	linear	unplaced-scaffold	Chromosome	chromosome	525309	51.21241513094083	0	0
GCF_000160835.1	NZ_GG700740.1	11031	33ed2f7fe47837a91f2a31a7dc4243e716609b2a818e4ffb2696de79a47149f3	linear	unplaced-scaffold	Chromosome	chromosome	525309	37.33115764663222	0	0
GCF_000160835.1	NZ_GG700739.1	27684	10315506b1b6c7ca6fd06911cad0b40865c2d86969a104ea823f2ddecde6a7fc	linear	unplaced-scaffold	Chromosome	chromosome	525309	38.496055583701235	50	50
GCF_000160835.1	NZ_GG700738.1	183256	e14c87d5628c909b135f944d02cc46020e607e92274450e2b47f24e72199b345	linear	unplaced-scaffold	Chromosome	chromosome	525309	51.782313669694645	516	516
GCF_000160835.1	NZ_GG700737.1	105392	aeefec456731854ba5213c44bf0f0e332a14e2d11c599578a209a28a7e5b3f37	linear	unplaced-scaffold	Chromosome	chromosome	525309	51.76306729571469	3439	3439
GCF_000160835.1	NZ_GG700736.1	64699	1880c2b881162dd8e22a8b21928f7500b950f3c1df614218d6b504e1dc59fc6a	linear	unplaced-scaffold	Chromosome	chromosome	525309	42.86934649518295	1486	1486
GCF_000160835.1	NZ_GG700735.1	112051	5ff90f90a2055cadc824ba8682c46f02d5c4516975fe54d46646273788313776	linear	unplaced-scaffold	Chromosome	chromosome	525309	52.201083950890386	3559	3559
GCF_000160835.1	NZ_GG700734.1	171508	b984200c91bb5f724fb72440a78404a17c425208c1b6409820f242043997c6a8	linear	unplaced-scaffold	Chromosome	chromosome	525309	50.32209450987901	9599	9599
GCF_000160835.1	NZ_GG700733.1	855886	3f73330f9cfb001f07374c3537da6fcf7365ffa6aa7062e66e82b6cd2bcc5a1a	linear	unplaced-scaffold	Chromosome	chromosome	525309	52.07047513535729	16441	16441
GCF_000160835.1	NZ_GG700732.1	754183	d45bfd21b9b6fb595559ff291e3720037f664faec15e6ba6f19609d7e48e6e23	linear	unplaced-scaffold	Chromosome	chromosome	525309	51.34978273128793	25362	25362
GCF_000203855.3	NC_004567.2	3308273	c6d163d1bf47b23075f01cd1e457213db6649ca7b80d071eb08eaaf34cf55b02	circular	assembled-molecule	Chromosome	chromosome	220668	44.46688649939107	0	0
GCF_000203855.3	NC_006375.1	1917	1f7873b7c07c363ff93f9d1cd58660bfd4f9619b8039a1362dbbcd7d76b935d9	circular	assembled-molecule	Plasmid	pWCFS101	220668	39.4887845592071	0	0
GCF_000203855.3	NC_006376.1	2365	5c9db0e8c712a36343b7012866d7bafa45e0ba8889c6a30f3145c70075c39cd6	circular	assembled-molecule	Plasmid	pWCFS102	220668	34.33403805496829	0	0
GCF_000203855.3	NC_006377.1	36069	5df46440b1aac7063f2005dd3dcffeb75e1a9b6addb19503400b1032b890c96c	circular	assembled-molecule	Plasmid	pWCFS103	220668	40.83007568826416	0	0
GCF_000237995.1	NC_016605.1	1829111	2b8c4bfa030b19a9e32a16c3bf09102d3a90789f4d4aa1672d7c4a520345964f	circular	assembled-molecule	Chromosome	chromosome	701521	36.82001803061706	0	0
GCF_000237995.1	NC_016635.1	1815	2cd139cc039d008bd59ddaa0424a54536e76f3f622a82bc5befa080f6106bfef	circular	assembled-molecule	Plasmid	pPECL-1	701521	37.57575757575758	0	0
GCF_000237995.1	NC_016606.1	2450	79460717ea2aae717e9cc0c04d2310593d3884c25512bf11cd42c1ee20a5d9e3	circular	assembled-molecule	Plasmid	pPECL-2	701521	38.816326530612244	0	0
GCF_000237995.1	NC_016636.1	17830	bf57d5efce4bb23146d2410cd3925590038bb979b5c5c9dd7cc8ede6c28fdd7c	circular	assembled-molecule	Plasmid	pPECL-3	701521	37.95849691531127	0	0
GCF_000237995.1	NC_016607.1	23136	ef0cc01e92c284350381f84abe47523c173c79e1eaa60b6806e3ea3812caaf1c	circular	assembled-molecule	Plasmid	pPECL-4	701521	39.993948824343015	0	0
GCF_000237995.1	NC_016608.1	36338	0f2959a8decda9ea89811905240558a4d725d7a58a1ef3b9a69c763f22ac735b	circular	assembled-molecule	Plasmid	pPECL-5	701521	40.60487643788871	0	0
GCF_000237995.1	NC_017017.1	18800	b68258185aeb46b8a64dd87cffc815b7ea45887e5a9133d4d0c00741215bc4d7	linear	assembled-molecule	Plasmid	pPECL-6	701521	34.851063829787236	0	0
GCF_000237995.1	NC_017018.1	16067	d3fc996b9c2529ed7653d67174dbcfbf07e9ee93e77883c320d4dee3c1241183	linear	assembled-molecule	Plasmid	pPECL-7	701521	39.453538308333854	0	0
GCF_000237995.1	NC_017019.1	33246	49275d47009d7a1d815f82cac712cde9f6d353376179fbf4b28673fb82bd9f56	linear	assembled-molecule	Plasmid	pPECL-8	701521	41.232027913132406	0	0
GCF_000241055.1	NZ_CM001398.1	1833925	e51be017cae757edda80a2d273a2cc19de18d4151e1ce5baa7197a7abd426809	circular	assembled-molecule	Chromosome	chromosome	1045004	42.70501426828743	100	138
GCF_000241055.1	NZ_CM001399.1	8313	9b2edc0fb870694178f59ed03cce427c5a73e42f8b90cd1ee9ea2916348a80ad	circular	assembled-molecule	Plasmid	plasmid	1045004	37.6037531577048	0	0
GCF_000269925.1	NC_015930.1	1950135	a799dc0a463657fd7402e497b7a699a72527a0625c44948ff79c36dfabaaaaf2	circular	assembled-molecule	Chromosome	chromosome	420889	38.82685044881508	0	0
GCF_000269945.1	NC_017490.1	1963964	085af069b73f87f988022b32f19542e2db573578755b2c496c983a7fb137d6db	circular	assembled-molecule	Chromosome	chromosome	420890	38.76700387583479	0	0
GCF_000298875.1	NC_018631.1	1893499	d208184cd7bfc2a0d854a03167a23ed146281041670092107aeb44bf366dc3f3	circular	assembled-molecule	Chromosome	chromosome	1229756	36.67712525858213	0	0
GCF_000468955.1	NC_022369.1	2427048	bb8c73a07c507f9389da3a6a4f4265e8545df8a4fb486f9ee3f0580a6940b6c2	circular	assembled-molecule	Chromosome	chromosome	1295826	35.74395726825345	0	0
GCF_000691805.2	NZ_DF820484.1	289629	086b282437ad8b027fed044e2ad1584275a45cc3a9525592d3f4bf2350c8b6df	linear	unplaced-scaffold	Chromosome	chromosome	1329250	39.72426794278197	0	0
GCF_000691805.2	NZ_DF820485.1	199258	494d5e90eccf444925e1804c27427dcf53cb0fc1d60e02974ad12ecbb42a0444	linear	unplaced-scaffold	Chromosome	chromosome	1329250	38.50686045227795	0	0
GCF_000691805.2	NZ_DF820486.1	159958	1da131e6fad3ea035ea812da268f533e18fe239423e934503490eadec6bded2a	linear	unplaced-scaffold	Chromosome	chromosome	1329250	40.56377299040998	0	0
GCF_000691805.2	NZ_DF820487.1	159887	fd1313545bd08a9cf444a866d1a5a924d7b1f609b11aefa9c63e6baebeacfe0e	linear	unplaced-scaffold	Chromosome	chromosome	1329250	40.37476467755352	0	0
GCF_000691805.2	NZ_DF820488.1	150541	57ac5a5b6139e81bb374d6569d428f8cb12c6254884afc4afc694af9d1a14d8c	linear	unplaced-scaffold	Chromosome	chromosome	1329250	36.02141609262593	0	0
GCF_000691805.2	NZ_DF820489.1	148611	1b60319c4884d60765564c36d685c3c96b9ace9318fe169c000ef30502bd56ac	linear	unplaced-scaffold	Chromosome	chromosome	1329250	39.93109527558525	0	0
GCF_000691805.2	NZ_DF820490.1	143210	696a5f9a55315cfc40350f98a071d13c0ceb05e6e4dbfe805ea4aebd8d1caeae	linear	unplaced-scaffold	Chromosome	chromosome	1329250	38.676204261151085	197	197
GCF_000691805.2	NZ_DF820491.1	136777	6615c5c2f27e136c984232bd8bf5429def2831b28c3cfd95c988cb54b7a4caab	linear	unplaced-scaffold	Chromosome	chromosome	1329250	38.26739875856321	0	0
GCF_000691805.2	NZ_DF820492.1	133496	194d8a655024af5aacb7c43c4190ae20a8ead2ab767ee794fe7915183dbdaaa1	linear	unplaced-scaffold	Chromosome	chromosome	1329250	39.21990171990172	0	0
GCF_000691805.2	NZ_DF820493.1	87060	fcc263b1c4eae99f8b91e486a0d6a2c657bba0f01fa0fda17d0ccfbb933a56a7	linear	unplaced-scaffold	Chromosome	chromosome	1329250	39.68067999081094	0	0
GCF_000691805.2	NZ_DF820494.1	72747	249252d524abaec1519d12f31c485865e14e2e9b32643a6d91cb41f7fbf7956e	linear	unplaced-scaffold	Chromosome	chromosome	1329250	34.78493958513753	0	0
GCF_000691805.2	NZ_DF820495.1	52687	5eec94a55eaa0a76695eced0b053b534c0e38c35e25b2856b1bbf00059269fc8	linear	unplaced-scaffold	Chromosome	chromosome	1329250	40.803234194393305	0	0
GCF_000691805.2	NZ_DF820496.1	51622	e97887af6119232f698e6bb5381c78be6d7421875964c11d84b010081a74a8ff	linear	unplaced-scaffold	Chromosome	chromosome	1329250	41.149122467165164	0	0
GCF_000691805.2	NZ_DF820497.1	45807	cd4f82f0aaf01341490a6a428eee634ac5d5532b857dc08bde290adfd801e28a	linear	unplaced-scaffold	Chromosome	chromosome	1329250	40.1161394546685	0	0
GCF_000691805.2	NZ_DF820498.1	45541	15f164df10b68aaa6973843017e6754ec378683338adb17f5da222819e91223d	linear	unplaced-scaffold	Chromosome	chromosome	1329250	40.75887661667508	0	0
GCF_000691805.2	NZ_DF820499.1	28531	e00a9edfb8983d8231a386c304faa6386a06757b0a5a6d67b654583c4d08f95a	linear	unplaced-scaffold	Chromosome	chromosome	1329250	34.23644456906523	0	0
GCF_000691805.2	NZ_DF820500.1	26846	a8713db694e561b5d3b3b9aed15aa3ecf67a9655dcb0b7c5dfccd23d3de902bd	linear	unplaced-scaffold	Chromosome	chromosome	1329250	37.9050882813082	0	0
GCF_000691805.2	NZ_DF820501.1	26652	e15c656f8526464c3971bfaa7272ebd84ab75f94c10634ca9dc10532797d82b0	linear	unplaced-scaffold	Chromosome	chromosome	1329250	38.39486717694732	0	0
GCF_000691805.2	NZ_DF820502.1	21336	0bb1e3fc8abe5543e05e1dafdcac34b8fe4cd73f0f15ffcff9431d9032e99dcc	linear	unplaced-scaffold	Chromosome	chromosome	1329250	36.23922009748782	0	0
GCF_000691805.2	NZ_DF820503.1	20523	d624181353f7e82a6e9033797238dbbeaa081a48a123497ac52dd1c27f36fe2e	linear	unplaced-scaffold	Chromosome	chromosome	1329250	36.41280514544657	0	0
GCF_000691805.2	NZ_DF820504.1	17757	af37fc13dff2c32d4ca1cd126c5ef89dec380776caf2afaa1384b6f24f82c3f3	linear	unplaced-scaffold	Chromosome	chromosome	1329250	36.08154530607648	0	0
GCF_000691805.2	NZ_DF820505.1	17261	ef6e5bb3f2ad695c36f6f2bcbcb10a7c18fb977abbce8489e8eb69dd0ee0c1e3	linear	unplaced-scaffold	Chromosome	chromosome	1329250	38.572504489890505	0	0
GCF_000691805.2	NZ_DF820506.1	17227	f6596977df2c61f02ced7c6338e0c6203daca2eba679291f0511983a736bd813	linear	unplaced-scaffold	Chromosome	chromosome	1329250	38.79375399082835	0	0
GCF_000691805.2	NZ_DF820507.1	11842	e1e6f0fbbdfd4aa4f6eea2b3c161048242e667b3a527cdfedf8f4347a81fb5fb	linear	unplaced-scaffold	Chromosome	chromosome	1329250	37.25722006417835	0	0
GCF_000691805.2	NZ_DF820508.1	9791	f41bd67cee4d7df71a0298cfd6215d0b4aa15774d9d53a2fc37b40eecc910e08	linear	unplaced-scaffold	Chromosome	chromosome	1329250	35.79818200388112	0	0
GCF_000691805.2	NZ_DF820509.1	8502	9cde028dba0473cf9b3a5eeb5cdd7d06fea54bfb434d62cfc52edc101989815c	linear	unplaced-scaffold	Chromosome	chromosome	1329250	34.286050341096214	0	0
GCF_000691805.2	NZ_DF820510.1	6563	865f6d4e1c461f4342f254ce491d20f7437662510ee933e1897f31fc42a5d21f	linear	unplaced-scaffold	Chromosome	chromosome	1329250	35.9744019503276	0	0
GCF_000691805.2	NZ_DF820511.1	3095	e302199e49b9a181c018ae11bc7cd3fbd60990e45e199e439f1c8e6b58871e18	linear	unplaced-scaffold	Chromosome	chromosome	1329250	50.01615508885299	0	0
GCF_000691805.2	NZ_DF820512.1	3019	70755d56d18b7aa22cda45d8e4869204f8096c85838bc10786e2222a350c988f	linear	unplaced-scaffold	Chromosome	chromosome	1329250	37.23087114938721	0	0
GCF_000691805.2	NZ_DF820513.1	2576	896836733849cef551b0924c579062cdbaa21b3d38897819cab7a5e333e5303f	linear	unplaced-scaffold	Chromosome	chromosome	1329250	34.23913043478261	0	0
GCF_000691805.2	NZ_DF820514.1	2552	18a88cd3fb30f535742fbe6efc2f49b8a70e30cda596a58902f9027a59648e57	linear	unplaced-scaffold	Chromosome	chromosome	1329250	38.16614420062696	0	0
GCF_000691805.2	NZ_DF820515.1	2171	2583dcbb00c3613bf21161d14d9f632e05f70a1509df6e3a0722d73f5c39210f	linear	unplaced-scaffold	Chromosome	chromosome	1329250	39.24458774758176	0	0
GCF_000691805.2	NZ_DF820516.1	2093	8f3a38f091330a7412c1f63dcc8b5d5e49b8d2a4e30ca1265263da63c8c51e6e	linear	unplaced-scaffold	Chromosome	chromosome	1329250	32.25035833731486	0	0
GCF_000691805.2	NZ_DF820517.1	2079	7e796c1767b39915c2739063c2f5a20fcec8ee7b716022bdc92fc9f887f7b943	linear	unplaced-scaffold	Chromosome	chromosome	1329250	34.1029341029341	0	0
GCF_000691805.2	NZ_DF820518.1	1964	3b7c8c2707446c569b0266d7c8cbc71a1309592a4eae2a752530c1de3a5b87bc	linear	unplaced-scaffold	Chromosome	chromosome	1329250	39.867617107942976	0	0
GCF_000691805.2	NZ_DF820519.1	1963	bc8267e211c6694e753a06696de2f21d19d837cd33978164f6909ee8dfc87385	linear	unplaced-scaffold	Chromosome	chromosome	1329250	38.41059602649007	0	0
GCF_000691805.2	NZ_DF820520.1	1655	497926591cd8308a1b0380d5384dab6fda7713ccae133fa8ebeb629b88bd2def	linear	unplaced-scaffold	Chromosome	chromosome	1329250	49.42598187311178	0	0
GCF_000691805.2	NZ_DF820521.1	1592	3581f784ad30cb5e49704998bfef12d4cb0c156654ec7c6d92b03841d3e8cb00	linear	unplaced-scaffold	Chromosome	chromosome	1329250	37.185929648241206	0	0
GCF_000691805.2	NZ_DF820522.1	1586	0deafc856412f97298a346f48c1536f1ce9d4340e3eb005f3bfad40741c535fe	linear	unplaced-scaffold	Chromosome	chromosome	1329250	37.389659520807065	0	0
GCF_000691805.2	NZ_DF820523.1	1286	9ff9be71de50b9af186175c8fbdb521d203ec4a5390d40b78ff3eaea901f30c0	linear	unplaced-scaffold	Chromosome	chromosome	1329250	40.74650077760498	0	0
GCF_000691805.2	NZ_DF820524.1	1264	b66d594da8d3f38b1f2261a6f25c6e05f421804f5aa2eda77c4cb9a037bc703d	linear	unplaced-scaffold	Chromosome	chromosome	1329250	37.7373417721519	0	0
GCF_000691805.2	NZ_DF820525.1	1155	aedf4fa0e179dd3e997906f1bce5d5baed71f6648d23f52b6181ccd4552d88bc	linear	unplaced-scaffold	Chromosome	chromosome	1329250	37.74891774891775	0	0
GCF_000691805.2	NZ_DF820526.1	769	e72e9d2fc895bc51d0e6a0b742ad24169f7f38ae5170afd89c5a3992654ad55a	linear	unplaced-scaffold	Chromosome	chromosome	1329250	37.581274382314696	0	0
GCF_000691805.2	NZ_DF820527.1	553	a5cd248145f664e66347a0fa2b4a2b0c505b51a79566f56b8d30795ab705302a	linear	unplaced-scaffold	Chromosome	chromosome	1329250	39.96383363471971	0	0
GCF_000691805.2	NZ_DF820528.1	553	b110a3fa55521483179edaf8cb002091f52eee0676a3275adb6bfcd1dafe3bb9	linear	unplaced-scaffold	Chromosome	chromosome	1329250	39.78300180831826	0	0
GCF_000691805.2	NZ_DF820529.1	528	486ec58e18f4aa1da78adedaef81e38f759389480ce6209aedd4f2292c0aad6f	linear	unplaced-scaffold	Chromosome	chromosome	1329250	38.25757575757576	0	0
GCF_000691805.2	NZ_DF820530.1	496	c0294f777d655303387e49497452207e6b5bb7ad2ec4307cd79edf032e14abc7	linear	unplaced-scaffold	Chromosome	chromosome	1329250	40.524193548387096	0	0
GCF_000691805.2	NZ_DF820531.1	464	dbe64ed4fdf9375fc3e1e3fa34797b8d315d605752f64adb1098246dff878b74	linear	unplaced-scaffold	Chromosome	chromosome	1329250	36.85344827586207	0	0
GCF_000691805.2	NZ_DF820532.1	453	58d8c086bf1903b0c556450c3286aede2d7b6bd8bf62069e8f7a1ffc079de1fb	linear	unplaced-scaffold	Chromosome	chromosome	1329250	32.89183222958057	0	0
GCF_000691805.2	NZ_DF820533.1	431	e5b429b5f5aac7bea37ca18993a9b68f5c0a2052bf944dee4bef5a612ee4227c	linear	unplaced-scaffold	Chromosome	chromosome	1329250	42.22737819025522	0	0
GCF_000691805.2	NZ_DF820534.1	426	00b4d67afdc5f2a6362c531426b814f0c1ccf0aecc7bba17ac93c6771b172f76	linear	unplaced-scaffold	Chromosome	chromosome	1329250	41.78403755868545	0	0
GCF_000691805.2	NZ_DF820535.1	424	a47141b194a7109cdd30f5d4a9fbd19de2a5678230438bbba5f1278850fe3bd1	linear	unplaced-scaffold	Chromosome	chromosome	1329250	39.62264150943396	0	0
GCF_000691805.2	NZ_DF820536.1	420	0394f84b217802fd8321aa2532692b9ccd7a1267ff1a7abcd7a3b5be8742a790	linear	unplaced-scaffold	Chromosome	chromosome	1329250	41.666666666666664	0	0
GCF_000691805.2	NZ_DF820537.1	339	32abd6f12cb2d993eee429a04e7d45c2c1379afbe45871f31f0f8ca975fe5db7	linear	unplaced-scaffold	Chromosome	chromosome	1329250	45.42772861356932	0	0
GCF_000691805.2	NZ_DF820538.1	312	171d2e8deb1d6e5e0143bf14ea3b86f390336e2d4c52b427262c55750502ece9	linear	unplaced-scaffold	Chromosome	chromosome	1329250	34.93589743589744	0	0
GCF_000691805.2	NZ_DF820539.1	309	281b60596845cb646a98e027493250e9d131dd1676b2461ac84a5cae13111243	linear	unplaced-scaffold	Chromosome	chromosome	1329250	39.48220064724919	0	0
GCF_000691805.2	NZ_DF820540.1	284	b19352cd6e8f9ddf189b84e31195786f4fcf66645e63db9265029db933a0d199	linear	unplaced-scaffold	Chromosome	chromosome	1329250	48.943661971830984	0	0
GCF_000691805.2	NZ_DF820541.1	278	292b4eb1f0577cdc186d2779d4759cc62942f6c4c004db59e6c8d6f6972b22ab	linear	unplaced-scaffold	Chromosome	chromosome	1329250	46.76258992805755	0	0
GCF_000691805.2	NZ_DF820542.1	275	be70e6d241d4dc0e0b30cdd55e9bd57d50362f6b452ce8bfabe8d0ce8f8d4de8	linear	unplaced-scaffold	Chromosome	chromosome	1329250	41.09090909090909	0	0
GCF_000691805.2	NZ_DF820543.1	247	c2abd6b7e5a01073760fde8a0f86ad3f798c525169b2ffd7e42a611a00b28f32	linear	unplaced-scaffold	Chromosome	chromosome	1329250	42.91497975708502	0	0
GCF_000691805.2	NZ_DF820544.1	241	6f5459820c70c37d6c20a0489c0b811c644e80c4653667ac17913be6238b1322	linear	unplaced-scaffold	Chromosome	chromosome	1329250	38.17427385892116	0	0
GCF_000691805.2	NZ_DF820545.1	240	d065e044efcfbb581d010686fc61cc68fbb509f53bd1742796d2c9086877624d	linear	unplaced-scaffold	Chromosome	chromosome	1329250	35.0	0	0
GCF_000691805.2	NZ_DF820546.1	229	689cdb84fb8bd8d2f6c8536f2fdcebe11ace3b8a9348adaec919e81034ae357c	linear	unplaced-scaffold	Chromosome	chromosome	1329250	37.99126637554585	0	0
GCF_000691805.2	NZ_DF820547.1	226	fc6fce58658840fdabe917d26b3db096578691da67609d5d283ae168cfe1ffea	linear	unplaced-scaffold	Chromosome	chromosome	1329250	42.47787610619469	0	0
GCF_000691805.2	NZ_DF820548.1	225	474b4df2a1c1bd56badaf25e289ef54286898a396f864eb6037d2c83f19df350	linear	unplaced-scaffold	Chromosome	chromosome	1329250	37.77777777777778	0	0
GCF_000691805.2	NZ_DF820549.1	220	87889a720c515ef65ea4ed08a4024780f4f0d4792a03332503c9cbe68e274831	linear	unplaced-scaffold	Chromosome	chromosome	1329250	42.27272727272727	0	0
GCF_000691805.2	NZ_DF820550.1	216	e1667f1e9890afa72ee84758b4ea1a4ee5775cfce2f140806574a21ce0e25337	linear	unplaced-scaffold	Chromosome	chromosome	1329250	42.129629629629626	0	0
GCF_000691805.2	NZ_DF820551.1	208	dafb5d3a2ba393bb627b26e01960bd8746218fe706c4d473c44929c01343a6e8	linear	unplaced-scaffold	Chromosome	chromosome	1329250	38.46153846153846	0	0
GCF_000691805.2	NZ_DF820552.1	202	726fb1296cbfbdb8fcdf15bfe8d142f4d104abcf988b4e9a0de8f8ca0b39db22	linear	unplaced-scaffold	Chromosome	chromosome	1329250	42.07920792079208	0	0
GCF_000691805.2	NZ_DF820553.1	196	0701cd93c27e647898354e059a06f55684b3a7e3b9eb481c8b19dc0fb26a06b6	linear	unplaced-scaffold	Chromosome	chromosome	1329250	39.285714285714285	0	0
GCF_001434365.1	NZ_AZFN01000001.1	126654	0312a2691f9bc30b52d9e6d4128eafcb189f5ee89e82ad81eac5e4f9aa941f52	linear	unplaced-scaffold	Chromosome	chromosome	1423749	42.17619934939835	2	2
GCF_001434365.1	NZ_AZFN01000010.1	82805	7787dcf1a517ff28dcd70ec25cce8a0854228e6d4d8025207830cc0acf9d4fba	linear	unplaced-scaffold	Chromosome	chromosome	1423749	41.6641507155365	0	0
GCF_001434365.1	NZ_AZFN01000011.1	73808	599d3cb0b7b53feb766880cdade87443cc233b6b55c7d7db07cec660a2c3e92f	linear	unplaced-scaffold	Chromosome	chromosome	1423749	42.42358551918491	0	0
GCF_001434365.1	NZ_AZFN01000012.1	73372	ba5cac75099917726a2ee910ec4161007be5b2122aa10b229f736f8b9865e5ce	linear	unplaced-scaffold	Chromosome	chromosome	1423749	42.89919860437224	0	0
GCF_001434365.1	NZ_AZFN01000013.1	59622	bbbb65bad94d14003d16f282e4e11f5b17a056609f85184acbe7ed86dcfca418	linear	unplaced-scaffold	Chromosome	chromosome	1423749	41.69839486087117	1	1
GCF_001434365.1	NZ_AZFN01000014.1	59612	21e580048b2230c5bc8db7a81853b1e0783ae0d9a474c7f2ea037573d8b94861	linear	unplaced-scaffold	Chromosome	chromosome	1423749	41.946252432396165	0	0
GCF_001434365.1	NZ_AZFN01000015.1	48782	3021b63159d80675c1d8fa616c90f0e831a783f4566b557cf08dc0b3678d0937	linear	unplaced-scaffold	Chromosome	chromosome	1423749	42.55345318874152	1	1
GCF_001434365.1	NZ_AZFN01000016.1	48132	a0c8704b355c439ec4852880796619767bcef038b5df03b3760234c9667390fb	linear	unplaced-scaffold	Chromosome	chromosome	1423749	41.46098229867864	0	0
GCF_001434365.1	NZ_AZFN01000017.1	47582	71338317d6098660e6497048492e1aa661cf72ec80b431435468451cfca2e47a	linear	unplaced-scaffold	Chromosome	chromosome	1423749	41.66368928774091	1	1
GCF_001434365.1	NZ_AZFN01000018.1	45672	c90a8d6f083ca2bc9c76d4d41334c0066b6b7f37e633d1805b2d7e0ebf9b3fd3	linear	unplaced-scaffold	Chromosome	chromosome	1423749	41.53967419863373	0	0
GCF_001434365.1	NZ_AZFN01000019.1	42393	ed288812f296c0d6e4f73db8da6290c8e1943fff5d4c9a98486fa727a4858413	linear	unplaced-scaffold	Chromosome	chromosome	1423749	43.27230525094147	172	172
GCF_001434365.1	NZ_AZFN01000002.1	109102	31274fc01018416f79f2bb56952110e69c766e6927dd6aa91af208c98a50f762	linear	unplaced-scaffold	Chromosome	chromosome	1423749	42.206375685138674	0	0
GCF_001434365.1	NZ_AZFN01000020.1	41751	cc0c7f6d9f3fd99279e52d1e838d5c9b4eb592efa2b5808db69bd1b1033cab6a	linear	unplaced-scaffold	Chromosome	chromosome	1423749	42.89101796407186	1	1
GCF_001434365.1	NZ_AZFN01000021.1	39249	f81dc74c79981564d326464cab438ab814f913f28737e70023985ec8c2c4482f	linear	unplaced-scaffold	Chromosome	chromosome	1423749	41.919539351321056	0	0
GCF_001434365.1	NZ_AZFN01000022.1	30582	be27b610667f7971b8321f9ed5f84be9c42cc5c3dba147fb9219359b31f00cf9	linear	unplaced-scaffold	Chromosome	chromosome	1423749	42.86508403636126	0	0
GCF_001434365.1	NZ_AZFN01000023.1	28612	c9484536fb9049db3714a5f7477f091beaf622ce3762f90823da0f789cc62b01	linear	unplaced-scaffold	Chromosome	chromosome	1423749	42.489165385153086	0	0
GCF_001434365.1	NZ_AZFN01000024.1	25490	534bf12136b0ececed4f588119c940d41570f1e6086dad11b71f1736483d4cc3	linear	unplaced-scaffold	Chromosome	chromosome	1423749	38.058061985092195	0	0
GCF_001434365.1	NZ_AZFN01000025.1	22766	af430517828adc62f9e557bdd35bcaa6d9cbf62e0fb3b33334fae85c461dd835	linear	unplaced-scaffold	Chromosome	chromosome	1423749	42.4774873709642	1	1
GCF_001434365.1	NZ_AZFN01000026.1	22080	f8d54ff62fd1675a7d1907fbc09afcee897b2f9d20082ea6233e5312f9eb66ff	linear	unplaced-scaffold	Chromosome	chromosome	1423749	41.555324063589836	1	1
GCF_001434365.1	NZ_AZFN01000027.1	19723	d241f1f889ae8f637010e1ea1d5eb4b17e12e67e1cb42d08bf1e917351cb7a34	linear	unplaced-scaffold	Chromosome	chromosome	1423749	39.40069969071642	0	0
GCF_001434365.1	NZ_AZFN01000028.1	18667	1c4ca0ad5f2512f22682f1b39873a6b9494e8d3b28d9f60d0248e96772857578	linear	unplaced-scaffold	Chromosome	chromosome	1423749	40.19392510848021	0	0
GCF_001434365.1	NZ_AZFN01000029.1	18352	bcd7942530ca436cf2546ec6030e93b6f77f56a758ad107b32292f6893f57278	linear	unplaced-scaffold	Chromosome	chromosome	1423749	38.9548823016565	0	0
GCF_001434365.1	NZ_AZFN01000003.1	98888	ce0e7b35c939777cbf76aa1c7097db9d5a5ffd5dc3bd3d51f9e6606d4484a8d6	linear	unplaced-scaffold	Chromosome	chromosome	1423749	42.82319391634981	0	0
GCF_001434365.1	NZ_AZFN01000030.1	16137	1870f95a1d07340dde4f56e337cdf8ae1b0125200d91c469d31f1a6ef87cd041	linear	unplaced-scaffold	Chromosome	chromosome	1423749	41.06091590754168	0	0
GCF_001434365.1	NZ_AZFN01000031.1	14621	7afeb68fe7e871873fc68608b0db2e5d182b7e3959285c5575b847627e330df5	linear	unplaced-scaffold	Chromosome	chromosome	1423749	40.95759233926129	1	1
GCF_001434365.1	NZ_AZFN01000032.1	12186	630a540523f38c6cb4157260f2b929132eae12408febd7a27564afb6deb0ae42	linear	unplaced-scaffold	Chromosome	chromosome	1423749	43.21707016823964	1	1
GCF_001434365.1	NZ_AZFN01000033.1	11976	57ba08a8750d1b0ee2cf5d87ae4c5cf17785bffe677b45d65f5f2d84661750fc	linear	unplaced-scaffold	Chromosome	chromosome	1423749	38.02605210420842	0	0
GCF_001434365.1	NZ_AZFN01000034.1	11892	f128a81d43e4bfe64ea20cd18dd522eaab2926b28cb50e75fd5591df107f0da6	linear	unplaced-scaffold	Chromosome	chromosome	1423749	34.15741675075681	0	0
GCF_001434365.1	NZ_AZFN01000035.1	11869	635f358d6495be23b4df0a3240e0c2e5c224ba2f3d2ef94ebc36e32aee8e058e	linear	unplaced-scaffold	Chromosome	chromosome	1423749	44.199174319656244	0	0
GCF_001434365.1	NZ_AZFN01000036.1	6654	52a4a5a8a4ddda43d3440a514da720e4c5d80c935305f818ff9332987eb0a28a	linear	unplaced-scaffold	Chromosome	chromosome	1423749	40.186354072738204	0	0
GCF_001434365.1	NZ_AZFN01000037.1	6460	718335da5c82d56d1466f58c4d1ca382c648eab01164eb92c6c2b94a3b907a85	linear	unplaced-scaffold	Chromosome	chromosome	1423749	42.523219814241486	0	0
GCF_001434365.1	NZ_AZFN01000038.1	5032	358f8956887688681dfb94d53dd534284e32b6130603da10f736e8af3fc2efbe	linear	unplaced-scaffold	Chromosome	chromosome	1423749	41.951510333863276	0	0
GCF_001434365.1	NZ_AZFN01000039.1	4389	1c8f4ea96a15311c9aa04077b3677fcc25767f072f24e696e7575d88a4b58bc2	linear	unplaced-scaffold	Chromosome	chromosome	1423749	38.55092276144908	0	0
GCF_001434365.1	NZ_AZFN01000004.1	95046	981d582b73275ff8ae7a5b2d5c2b261fd99e8dc275aa35a9c19402832c3b7fe5	linear	unplaced-scaffold	Chromosome	chromosome	1423749	40.68345853586684	0	0
GCF_001434365.1	NZ_AZFN01000040.1	4334	c482939407236d87d8cf01d01dfc63444f52495d234b6162a991fb5ae6b4fc3c	linear	unplaced-scaffold	Chromosome	chromosome	1423749	37.964458804523424	1	1
GCF_001434365.1	NZ_AZFN01000041.1	2921	980d0ab211ef528a7d59de471d15f3fc4f121b83571d29fb2b37fabdbe1c87aa	linear	unplaced-scaffold	Chromosome	chromosome	1423749	37.82951044162958	0	0
GCF_001434365.1	NZ_AZFN01000042.1	2865	c06e638e7138420f24dde98fdd868f83dfcb1ebfbacd299690f6891a9e69fcf9	linear	unplaced-scaffold	Chromosome	chromosome	1423749	41.15183246073298	0	0
GCF_001434365.1	NZ_AZFN01000043.1	2815	37de32e6ef1a0d64993beb3f090ca2d918332ee37651edef4083b311db817c18	linear	unplaced-scaffold	Chromosome	chromosome	1423749	44.90230905861456	0	0
GCF_001434365.1	NZ_AZFN01000044.1	2362	19c55c5079e6051b82eef808560efa306b71e78b4f7e0d3897ca69a34d2bc653	linear	unplaced-scaffold	Chromosome	chromosome	1423749	34.123624047417444	0	0
GCF_001434365.1	NZ_AZFN01000045.1	2103	915ccf5775621d3c6111e80ffe7ea5fcd4b394e84855b002a417d855be981d69	linear	unplaced-scaffold	Chromosome	chromosome	1423749	38.51148851148851	101	101
GCF_001434365.1	NZ_AZFN01000046.1	1985	4187c450a68367a58b16abda5a517fbbf9a5cd4060039ec56eefd1f62d4717e5	linear	unplaced-scaffold	Chromosome	chromosome	1423749	36.72544080604534	0	0
GCF_001434365.1	NZ_AZFN01000047.1	1904	041e4d3d366eb31c815096bddbe4af2676c5d70bfd5de0b6b665272c68c3b74e	linear	unplaced-scaffold	Chromosome	chromosome	1423749	37.86764705882353	0	0
GCF_001434365.1	NZ_AZFN01000048.1	1773	22289f295d51cfe20b73b74cbc5be828554dc2f6bd76293c5f5b09f0772ccce8	linear	unplaced-scaffold	Chromosome	chromosome	1423749	50.817822899041175	0	0
GCF_001434365.1	NZ_AZFN01000049.1	1520	35c5428f674b59075520abda50894e1d18dd20f5e43b9a1250106ff27fcf9033	linear	unplaced-scaffold	Chromosome	chromosome	1423749	33.421052631578945	0	0
GCF_001434365.1	NZ_AZFN01000005.1	92030	68436a772aa29fa28b1aef3b83a66506fae36b15b0ed856cb7bf00d0be0ff1c6	linear	unplaced-scaffold	Chromosome	chromosome	1423749	40.07932196023036	0	0
GCF_001434365.1	NZ_AZFN01000050.1	1028	733e7c44c8a93e7b0778143cc6f6d163552f9e6b6949cb1a6a01adf55695a25b	linear	unplaced-scaffold	Chromosome	chromosome	1423749	35.15092502434275	1	1
GCF_001434365.1	NZ_AZFN01000051.1	931	b5d79dcc25b33c18a8aa110190f95068c880f9622f5f4aed80452e96e52b33ca	linear	unplaced-scaffold	Chromosome	chromosome	1423749	31.901181525241675	0	0
GCF_001434365.1	NZ_AZFN01000052.1	930	8a3315710fa93f82227d988f479fef5b6399cc83d5bbdcb72becbaebf600b516	linear	unplaced-scaffold	Chromosome	chromosome	1423749	35.913978494623656	0	0
GCF_001434365.1	NZ_AZFN01000053.1	849	ef3133a9e11625c12c1ce2979a97c38c28b670983d09060fda9c2aea6611cea9	linear	unplaced-scaffold	Chromosome	chromosome	1423749	39.386792452830186	1	1
GCF_001434365.1	NZ_AZFN01000054.1	580	2d802c0d6319d1dd6de20d8358f1e916901e4a472d2b308258e617b97672a60e	linear	unplaced-scaffold	Chromosome	chromosome	1423749	50.77720207253886	1	1
GCF_001434365.1	NZ_AZFN01000055.1	568	82b72061824746642e2ef5081db0fac54862c82bc56c03d58ebc00ae6c74db59	linear	unplaced-scaffold	Chromosome	chromosome	1423749	35.38732394366197	0	0
GCF_001434365.1	NZ_AZFN01000056.1	519	afaa59e8780f5526eb972a3509c41938ff154e8b17591eb369b8586edc94c2fd	linear	unplaced-scaffold	Chromosome	chromosome	1423749	40.26974951830443	0	0
GCF_001434365.1	NZ_AZFN01000057.1	452	e4fa7e4c8cab727d878c920143425b0718c2c0e6fb267a4a546b98479997d2ee	linear	unplaced-scaffold	Chromosome	chromosome	1423749	45.35398230088496	0	0
GCF_001434365.1	NZ_AZFN01000058.1	398	33ec6e4e6b81b7fe573da3c87880a8418b3acfbfb1a7808c17ea8cfbd0c2364e	linear	unplaced-scaffold	Chromosome	chromosome	1423749	51.005025125628144	0	0
GCF_001434365.1	NZ_AZFN01000059.1	348	93d8824e94f0d91fa24e982bd5f23bad4a8cc20dd502f618d6e7c294822a6c8c	linear	unplaced-scaffold	Chromosome	chromosome	1423749	43.96551724137931	0	0
GCF_001434365.1	NZ_AZFN01000006.1	90113	55d8259116c8a9ee9258436d15b04766709c55628fc711681837f5c48ae7110b	linear	unplaced-scaffold	Chromosome	chromosome	1423749	41.21315696022727	1	1
GCF_001434365.1	NZ_AZFN01000060.1	348	b8bd08ceb6e17f2793da172b002b600a39f844802c09934a59272f85feda965d	linear	unplaced-scaffold	Chromosome	chromosome	1423749	45.689655172413794	0	0
GCF_001434365.1	NZ_AZFN01000061.1	347	97f7414dfe333bbc93440dd6536140d94ff4e2b894eb878e491fef39738ea3ca	linear	unplaced-scaffold	Chromosome	chromosome	1423749	44.95677233429395	0	0
GCF_001434365.1	NZ_AZFN01000062.1	344	27e9135f3ac5832b8ee6d46f56a5c7c166bcbca717b976f044e4f9df53fcc512	linear	unplaced-scaffold	Chromosome	chromosome	1423749	40.406976744186046	0	0
GCF_001434365.1	NZ_AZFN01000063.1	329	fd1fc8a3983f8e1c5edef73ca8ef317b5b343589ae5de0f2b41e60e87cca36d4	linear	unplaced-scaffold	Chromosome	chromosome	1423749	39.817629179331306	0	0
GCF_001434365.1	NZ_AZFN01000064.1	313	6dc97e7ccd43d8e26e278a4030b9d21e565e993ace88a9b856793f463af0bf6e	linear	unplaced-scaffold	Chromosome	chromosome	1423749	33.86581469648562	0	0
GCF_001434365.1	NZ_AZFN01000065.1	308	bf4aa6e3a309bb8de0f761d0079dd3abc08ff30ae0c753504527e018668d1db6	linear	unplaced-scaffold	Chromosome	chromosome	1423749	44.48051948051948	0	0
GCF_001434365.1	NZ_AZFN01000066.1	293	7e91e618f5d493d986b788fbcfa5834d9a719d775daa05511f406445bd204e6b	linear	unplaced-scaffold	Chromosome	chromosome	1423749	49.48805460750853	0	0
GCF_001434365.1	NZ_AZFN01000007.1	84746	26d05692f3bf2675271e3ebf4581f7643d1c611b3f4e1989d34ff446ec8707bc	linear	unplaced-scaffold	Chromosome	chromosome	1423749	42.335921459419914	0	0
GCF_001434365.1	NZ_AZFN01000008.1	84422	0685dcb593cdc10343e24bc9e9b9cf54ce9ea459b77af5d375c1bf2da3782914	linear	unplaced-scaffold	Chromosome	chromosome	1423749	41.503399587785175	0	0
GCF_001434365.1	NZ_AZFN01000009.1	83725	89f15071f505746c6753b45dc836a40a48b26f69dc829464e9e363b8e8bfdd16	linear	unplaced-scaffold	Chromosome	chromosome	1423749	41.22951602885672	1	1
GCF_001434705.1	NZ_AZDJ01000004.1	3032	bc7d7c3df00e8120ad8b545dbb3e3fc3e77495967a5b429e0f714ecfdbddefcc	linear	unplaced-scaffold	Chromosome	chromosome	1291734	51.41820580474934	0	0
GCF_001434705.1	NZ_AZDJ01000030.1	396212	e9af83153f7870866714c803132ce22508a398ffc9f2975e1edc7a55ce0b4ab9	linear	unplaced-scaffold	Chromosome	chromosome	1291734	57.63324185880945	109	109
GCF_001434705.1	NZ_AZDJ01000031.1	389	05a3a82bdadd062aa874ece30150f11080abf76e4668636168b318a471fda195	linear	unplaced-scaffold	Chromosome	chromosome	1291734	48.58611825192802	0	0
GCF_001434705.1	NZ_AZDJ01000005.1	310	0c86f3f209a14a9ee5366cc05615c73f691fa4a5265571f77c098a9bf6026548	linear	unplaced-scaffold	Chromosome	chromosome	1291734	47.41935483870968	0	0
GCF_001434705.1	NZ_AZDJ01000032.1	268938	dd07e77c6009391d48b3cfdd303dd1be47e1020392f9d0728b92c56d76b8148a	linear	unplaced-scaffold	Chromosome	chromosome	1291734	57.45543251102566	20	20
GCF_001434705.1	NZ_AZDJ01000033.1	38479	bda7e2865302dcc85970e171017bb9553d007c4d8e77d0982a0f46478d2f28d7	linear	unplaced-scaffold	Chromosome	chromosome	1291734	52.13900258088063	120	120
GCF_001434705.1	NZ_AZDJ01000034.1	405	d2e4490a49ab759144595c5ddf7cc025cc329e0ee536e4a353c3af113651caf2	linear	unplaced-scaffold	Chromosome	chromosome	1291734	55.30864197530864	0	0
GCF_001434705.1	NZ_AZDJ01000006.1	239	2c1698a599941c496e7cc06ef93b630095edb36263604d36d05db79f7d75876c	linear	unplaced-scaffold	Chromosome	chromosome	1291734	55.23012552301255	0	0
GCF_001434705.1	NZ_AZDJ01000035.1	38520	96828fe98a61632ca003ac151e4bf35c843b9a51e0a2cdbef46c75aef4b8394e	linear	unplaced-scaffold	Chromosome	chromosome	1291734	58.64745586708204	0	0
GCF_001434705.1	NZ_AZDJ01000001.1	320465	21c6e251d42ca902da9b395fe7de65c571c82a8abf266ded28d22ef09e14d27d	linear	unplaced-scaffold	Chromosome	chromosome	1291734	57.078437797437935	20	20
GCF_001434705.1	NZ_AZDJ01000007.1	881	c6750a32ff5af611a0650a757eef22058def503ecb76b070837ad53abafbd199	linear	unplaced-scaffold	Chromosome	chromosome	1291734	55.50510783200908	0	0
GCF_001434705.1	NZ_AZDJ01000008.1	371	ea5e2cdc0b513fe5a1c5d00f240fec940ab92bf863238bb48623cc7d3782870a	linear	unplaced-scaffold	Chromosome	chromosome	1291734	54.716981132075475	0	0
GCF_001434705.1	NZ_AZDJ01000009.1	242	8a0ba9d73df32e25fa68950b372631f3f955ac1828b70c9c25e61bce96cf746f	linear	unplaced-scaffold	Chromosome	chromosome	1291734	57.02479338842975	0	0
GCF_001434705.1	NZ_AZDJ01000010.1	285	d0a55c05cb991d5ab21425aa179bba76cff2738b86841118a7e4482c6f8f7bb3	linear	unplaced-scaffold	Chromosome	chromosome	1291734	55.08771929824562	0	0
GCF_001434705.1	NZ_AZDJ01000011.1	281	480388492304a3d45996ea5f693d734fd55293b8e0478e5763b8a97275fc5fe0	linear	unplaced-scaffold	Chromosome	chromosome	1291734	51.95729537366548	0	0
GCF_001434705.1	NZ_AZDJ01000012.1	254	a76dc6268fded4d452787a092e36320728afab8f3846616599c0167c2155a7f5	linear	unplaced-scaffold	Chromosome	chromosome	1291734	59.84251968503937	0	0
GCF_001434705.1	NZ_AZDJ01000013.1	272176	2b2ac2363d6a5a87e7ce8782dee51294f1d73c958b6fe22053fcb24f02fbed54	linear	unplaced-scaffold	Chromosome	chromosome	1291734	56.665564130834255	76	76
GCF_001434705.1	NZ_AZDJ01000014.1	1715	34adf4ce337b6150a1766ab8adb05b787b8240610f83333a5420f354e4d058a9	linear	unplaced-scaffold	Chromosome	chromosome	1291734	51.31195335276968	0	0
GCF_001434705.1	NZ_AZDJ01000015.1	213	cc2c337f6efa45e4306ba7dae149becb0715b2a0d0811236e7e06913296899fb	linear	unplaced-scaffold	Chromosome	chromosome	1291734	58.21596244131455	0	0
GCF_001434705.1	NZ_AZDJ01000016.1	121025	241f44f146701524db8192dcfe1b7a79ced472bcd060a5138278ed5644b86a89	linear	unplaced-scaffold	Chromosome	chromosome	1291734	56.669203533966446	141	141
GCF_001434705.1	NZ_AZDJ01000002.1	41566	b3370dd30ae91cb5b38298d3daf79b3690f8dd1f3116fb478f74d44401df17ae	linear	unplaced-scaffold	Chromosome	chromosome	1291734	54.200548525236975	0	0
GCF_001434705.1	NZ_AZDJ01000017.1	222	d3b248658ecab1127a0b4377eaa5fc80367780431e9e300200084256d32e5fa4	linear	unplaced-scaffold	Chromosome	chromosome	1291734	57.65765765765766	0	0
GCF_001434705.1	NZ_AZDJ01000018.1	206	2f3355405491484ed6cb6d3f44eb400ab1251e3de1e0c27e333fcd4d4513a73f	linear	unplaced-scaffold	Chromosome	chromosome	1291734	55.8252427184466	0	0
GCF_001434705.1	NZ_AZDJ01000019.1	476	cc2fcf3c9e56cc08b2cf0cc873a217efe45c5002b742c5ea52cf6ad396c690b1	linear	unplaced-scaffold	Chromosome	chromosome	1291734	50.0	0	0
GCF_001434705.1	NZ_AZDJ01000020.1	207	845bc4b8f21582cb2cad824132b50cbf8732fdd9bc18d4bb9558578a8b15a538	linear	unplaced-scaffold	Chromosome	chromosome	1291734	55.55555555555556	0	0
GCF_001434705.1	NZ_AZDJ01000021.1	330	a29b4ddc3ddb01560b0f8ba636a424e1077d5274a91aca18ef6b850074751e6d	linear	unplaced-scaffold	Chromosome	chromosome	1291734	52.72727272727273	0	0
GCF_001434705.1	NZ_AZDJ01000022.1	231187	79d1c73b45fc3d02f49f57f6738db761e192f9a7a3d86232590aea344b41ac4a	linear	unplaced-scaffold	Chromosome	chromosome	1291734	57.94166122327149	20	20
GCF_001434705.1	NZ_AZDJ01000023.1	2231	a631dfe9a330b54ab2decdc9f8f27e7c6748e7c5b369003b83c1d81c453c337b	linear	unplaced-scaffold	Chromosome	chromosome	1291734	51.05333930972658	0	0
GCF_001434705.1	NZ_AZDJ01000003.1	281262	e84dc36671fcb42bf129c58f0b0290ad824401b66d04f2ff0d1a4f1f41b6d441	linear	unplaced-scaffold	Chromosome	chromosome	1291734	56.3204654901375	96	96
GCF_001434705.1	NZ_AZDJ01000024.1	490	a859acf5e60c5bf6575d3c1fc7e3e540a9d3f3da121136468c20d6bb07c350e2	linear	unplaced-scaffold	Chromosome	chromosome	1291734	53.958333333333336	10	10
GCF_001434705.1	NZ_AZDJ01000025.1	582	01592330a1d6a75853c7a873c745d8d53a8f4e3d9a4f4c8317e3aa9313271cd0	linear	unplaced-scaffold	Chromosome	chromosome	1291734	40.549828178694156	0	0
GCF_001434705.1	NZ_AZDJ01000026.1	247363	37a766843ff8d5e475611f88a002393cd1ecbaf4fe7d9d290ce03fede355f039	linear	unplaced-scaffold	Chromosome	chromosome	1291734	57.36445399264465	196	196
GCF_001434705.1	NZ_AZDJ01000027.1	241	247e0c62f282bfb1a723b8354c826bff135dcb2e6c2b694021ec102328de887a	linear	unplaced-scaffold	Chromosome	chromosome	1291734	63.90041493775934	0	0
GCF_001434705.1	NZ_AZDJ01000028.1	9209	069bbbabdac8272312e2449bd77f67e21a0bda57419a88b943dd9321c1d9e027	linear	unplaced-scaffold	Chromosome	chromosome	1291734	53.803460659484166	20	20
GCF_001434705.1	NZ_AZDJ01000029.1	233	17adf88dd5546f5824a0f2f6ee8530799aa11a3f43382f3ba753f58955116332	linear	unplaced-scaffold	Chromosome	chromosome	1291734	62.23175965665236	0	0
GCF_001435245.1	NZ_AZGC01000044.1	2095	177339c3b7c11dad9fa7371cc1fbb74493781f2a0e533bfc6f04049edb426fd7	linear	unplaced-scaffold	Chromosome	chromosome	1423742	35.4653937947494	0	0
GCF_001435245.1	NZ_AZGC01000045.1	16175	4641426d13b1c52eda17ef0fd7343d510b5b84b6401b4889853b5ede029258e2	linear	unplaced-scaffold	Chromosome	chromosome	1423742	40.40185471406492	0	0
GCF_001435245.1	NZ_AZGC01000046.1	513	048090f15896b0363cea700f7af213b075c4ff8adeafe96474fc488a4ba701e9	linear	unplaced-scaffold	Chromosome	chromosome	1423742	32.553606237816766	0	0
GCF_001435245.1	NZ_AZGC01000007.1	44550	5c77ff521555cb2e61d0153a6e8a11995f9fdd8c0ec7e56e3fcb154fdd7b13b2	linear	unplaced-scaffold	Chromosome	chromosome	1423742	43.51290684624018	0	0
GCF_001435245.1	NZ_AZGC01000047.1	358	39540a7bd523012ba75e330ddc85dbd2ea5aceae1dc73e2b16922f7991d572be	linear	unplaced-scaffold	Chromosome	chromosome	1423742	41.06145251396648	0	0
GCF_001435245.1	NZ_AZGC01000048.1	339	5fb030b3b4e9391020f24f424657a1487cbb2986b23f9da93d2f2766c7bf22a8	linear	unplaced-scaffold	Chromosome	chromosome	1423742	44.8377581120944	0	0
GCF_001435245.1	NZ_AZGC01000049.1	99344	fe26bd221e52d841fbceca0272b98b7149b1bdd6c09b993116a9e0217be47e46	linear	unplaced-scaffold	Chromosome	chromosome	1423742	42.85858148457719	43	43
GCF_001435245.1	NZ_AZGC01000050.1	540	9fc3a3c7e0f9a2ed37fc88add46f0cf18bb757d14ee36fbc12f4fc2e9b05e567	linear	unplaced-scaffold	Chromosome	chromosome	1423742	33.7037037037037	0	0
GCF_001435245.1	NZ_AZGC01000051.1	293	6a41704cbb1be6752c5a5fca1f3cb35ed70992364e0cfb3ae0adfa932e6d9f71	linear	unplaced-scaffold	Chromosome	chromosome	1423742	42.66211604095563	0	0
GCF_001435245.1	NZ_AZGC01000052.1	1285	9547cc9e3251ce279c2bcbf313ef82d1fc7ff7b27d9f9485f2efbbae3d025242	linear	unplaced-scaffold	Chromosome	chromosome	1423742	36.03112840466926	0	0
GCF_001435245.1	NZ_AZGC01000008.1	46973	6304d87f2d474374730f28d4f755f5f6dc5c8a45a7efd490aafe31e6827409c6	linear	unplaced-scaffold	Chromosome	chromosome	1423742	40.6850744044451	0	0
GCF_001435245.1	NZ_AZGC01000053.1	48341	5fd562e168d5666f771d223ffd4185de64db40ac1f2a7e89ac48ce79fe2b088f	linear	unplaced-scaffold	Chromosome	chromosome	1423742	43.84063217558594	0	0
GCF_001435245.1	NZ_AZGC01000009.1	212	f5cc82d7b4f712fdb3f83ed6417ad827ca4bf29ff1c28963723eff8fb8445b76	linear	unplaced-scaffold	Chromosome	chromosome	1423742	38.679245283018865	0	0
GCF_001435245.1	NZ_AZGC01000054.1	31107	cc857765e0cd47151b520508fb970a114febafe2e15abac1c6e70f215430a8bb	linear	unplaced-scaffold	Chromosome	chromosome	1423742	40.26726775076477	52	52
GCF_001435245.1	NZ_AZGC01000055.1	291	22939dda3f406253f12ece4c62282570468be4bc11b762fd873137bc32882ac8	linear	unplaced-scaffold	Chromosome	chromosome	1423742	53.95189003436426	0	0
GCF_001435245.1	NZ_AZGC01000056.1	320	bef8602bb3482c2061244d5472f49a4035983f2455a5e95016a95e4bce130aa9	linear	unplaced-scaffold	Chromosome	chromosome	1423742	35.625	0	0
GCF_001435245.1	NZ_AZGC01000010.1	84556	737d649ff1138a9714e0d0dddfe8952b6987e47185d4dba8b57d8fe12659a5d6	linear	unplaced-scaffold	Chromosome	chromosome	1423742	41.398599744547994	0	0
GCF_001435245.1	NZ_AZGC01000057.1	30726	570b8f9db85fc07033d5bdb72392ef4ce6d83db7eae52a23347f5f6448a4c5da	linear	unplaced-scaffold	Chromosome	chromosome	1423742	35.87055606198724	10	10
GCF_001435245.1	NZ_AZGC01000058.1	42085	854fffb9b39b7a11d13b0dcba124ed2692ed9f182a93e6531f1fc3eeee1d2324	linear	unplaced-scaffold	Chromosome	chromosome	1423742	43.25769276464298	0	0
GCF_001435245.1	NZ_AZGC01000059.1	15684	bf48327be0647a2d3a48280ca706ad2f3b88832e946e8fadc507173050445888	linear	unplaced-scaffold	Chromosome	chromosome	1423742	37.17833247555327	140	140
GCF_001435245.1	NZ_AZGC01000060.1	470	cea9a62a8f8f0f82e04e7dfad0fd5daab6f853580c8b51f107b6b7f69da9baf1	linear	unplaced-scaffold	Chromosome	chromosome	1423742	48.723404255319146	0	0
GCF_001435245.1	NZ_AZGC01000011.1	6689	4ec8c2cca8b7fd6b4bafa68fb3dfc7aefaefff64722e6c4e2b11a3807ae6c98e	linear	unplaced-scaffold	Chromosome	chromosome	1423742	40.290028404843774	0	0
GCF_001435245.1	NZ_AZGC01000061.1	1762	d6fa8c677804fd9bf5c5f15e98c4e0be9c6a47e79399f332682da7ec3e9d1c66	linear	unplaced-scaffold	Chromosome	chromosome	1423742	35.58456299659478	0	0
GCF_001435245.1	NZ_AZGC01000062.1	603	a9c9f42f8784fd0e861d23c73983d4b70babf9910f774e6ef50218668efb6593	linear	unplaced-scaffold	Chromosome	chromosome	1423742	42.288557213930346	0	0
GCF_001435245.1	NZ_AZGC01000063.1	306	be5ec9e096585cf50975ae9b30afdab563626a265067510885c9155b60e2572a	linear	unplaced-scaffold	Chromosome	chromosome	1423742	51.30718954248366	0	0
GCF_001435245.1	NZ_AZGC01000012.1	403	f3746e5a72c7b9c3f25537dd1aee71a8769f31a0d922639ecaf755729e807723	linear	unplaced-scaffold	Chromosome	chromosome	1423742	33.7468982630273	0	0
GCF_001435245.1	NZ_AZGC01000064.1	22795	8e083ae396dd9c592641db7f344b303e87f3dc7ccfff20b5f30ccb20819c4d64	linear	unplaced-scaffold	Chromosome	chromosome	1423742	38.38929120035111	10	10
GCF_001435245.1	NZ_AZGC01000013.1	140582	117b00a0dac633fc53e8936fcc5847632eac82cb75916c2112da1546ab85dc20	linear	unplaced-scaffold	Chromosome	chromosome	1423742	42.716518619747184	86	86
GCF_001435245.1	NZ_AZGC01000065.1	216	84934d6e0629e48bcbb585fbde07501481d1362ff00edf4fb45916b7d2fad326	linear	unplaced-scaffold	Chromosome	chromosome	1423742	43.51851851851852	0	0
GCF_001435245.1	NZ_AZGC01000066.1	261	75d05ed63092a82c2f05b36adc1452e88612e7f5fd2c5744e7db8a8cf46d103a	linear	unplaced-scaffold	Chromosome	chromosome	1423742	32.95019157088122	0	0
GCF_001435245.1	NZ_AZGC01000067.1	25935	c776acc458576c9ad92b67198d95f0ea2ffaf73eddfb819772552474d73ccec3	linear	unplaced-scaffold	Chromosome	chromosome	1423742	42.80701754385965	285	285
GCF_001435245.1	NZ_AZGC01000068.1	226	541e875a206109aeb59eaa4e8493e9780a907e82a434a8d3d27babb3ab6b4974	linear	unplaced-scaffold	Chromosome	chromosome	1423742	34.07079646017699	0	0
GCF_001435245.1	NZ_AZGC01000001.1	24598	7bbbe12ec44691b3a000d6e4cb0e8c8a40779fc3b0a9efe6f0c717bb3ebb64f4	linear	unplaced-scaffold	Chromosome	chromosome	1423742	42.23107569721115	0	0
GCF_001435245.1	NZ_AZGC01000014.1	60580	aaed050378ededbba64fa6ad0aea2d28cd4898d7704267997161e0fe7fc76921	linear	unplaced-scaffold	Chromosome	chromosome	1423742	43.55397821063057	0	0
GCF_001435245.1	NZ_AZGC01000015.1	2095	daa58189b97f36fe1f9e7ddd7746d7643c8d40122a8d780faeef8ebd1f0e7465	linear	unplaced-scaffold	Chromosome	chromosome	1423742	35.03579952267303	0	0
GCF_001435245.1	NZ_AZGC01000016.1	587	18050393d0840a6c017120f1fee840005c16aa45831b28a6c9aebfd6ca600971	linear	unplaced-scaffold	Chromosome	chromosome	1423742	39.69335604770017	0	0
GCF_001435245.1	NZ_AZGC01000017.1	1637	6806a62bbef912e6c55873853af2793a16899342c116ffb4bdc1f10a2f4bf6e6	linear	unplaced-scaffold	Chromosome	chromosome	1423742	52.47403787416005	0	0
GCF_001435245.1	NZ_AZGC01000002.1	1477	578211e7fbf42c07bdb782c573d5b411ec55700f542032006da1b2b64659bd70	linear	unplaced-scaffold	Chromosome	chromosome	1423742	51.25253893026405	0	0
GCF_001435245.1	NZ_AZGC01000018.1	51305	e882115f7f08fd8953f60489fc5877cee8e7ea379e6db90223c25504fb822bc7	linear	unplaced-scaffold	Chromosome	chromosome	1423742	42.07971932560179	0	0
GCF_001435245.1	NZ_AZGC01000019.1	608	c67622a62281a46b0783a2ae083c1a96f43e0271460eb2f33cef61cd4d42938e	linear	unplaced-scaffold	Chromosome	chromosome	1423742	44.078947368421055	0	0
GCF_001435245.1	NZ_AZGC01000020.1	103406	5ee186fbf8deb2ef8a1bd50e7b1c0380e8df0af6f00e5ec118df703844749e7d	linear	unplaced-scaffold	Chromosome	chromosome	1423742	41.05933351395286	58	58
GCF_001435245.1	NZ_AZGC01000003.1	44176	75376ede8db2220fa75e268e80b34244cd57dc12f2c30c8f0f559a219e914300	linear	unplaced-scaffold	Chromosome	chromosome	1423742	41.642520825787756	0	0
GCF_001435245.1	NZ_AZGC01000021.1	320	0aad2115bb2cc5a14f38adca3734f644e1270b39b8c7e741c8c5dea163a057de	linear	unplaced-scaffold	Chromosome	chromosome	1423742	36.5625	0	0
GCF_001435245.1	NZ_AZGC01000022.1	211	dd7b1565994e82657809d40ba26d40b7a0675059ca87fcc08cb96f9997f25d12	linear	unplaced-scaffold	Chromosome	chromosome	1423742	44.54976303317535	0	0
GCF_001435245.1	NZ_AZGC01000023.1	4165	48569b34d0f38242b4c850439a8157e2ff66dff334c7bb1523014aeccbf0eeab	linear	unplaced-scaffold	Chromosome	chromosome	1423742	39.2797118847539	0	0
GCF_001435245.1	NZ_AZGC01000004.1	1086	fe42418ceb0af00a7e49209f5c60276b571d590dbdf143a55326713912c24a6a	linear	unplaced-scaffold	Chromosome	chromosome	1423742	36.003683241252304	0	0
GCF_001435245.1	NZ_AZGC01000024.1	314	7bd7ffa6511eadabd4d1c0cc85f490701d16425e332cb0da4ef6d6bf11d792eb	linear	unplaced-scaffold	Chromosome	chromosome	1423742	47.452229299363054	0	0
GCF_001435245.1	NZ_AZGC01000025.1	251	6df6a5406764a4a3c003b49d3263c1121cebc1d26154491a3948f5c172e90fc4	linear	unplaced-scaffold	Chromosome	chromosome	1423742	39.8406374501992	0	0
GCF_001435245.1	NZ_AZGC01000026.1	276580	57ff1b45e61e40435a094a73f00645b029a84ac1d25b759a1a0512b505b95a0a	linear	unplaced-scaffold	Chromosome	chromosome	1423742	43.96958934035489	98	98
GCF_001435245.1	NZ_AZGC01000027.1	215	d6a4bd205905abb063305d0e1ebed71d373d1fcde1dc48ac0e3484ba46efbc50	linear	unplaced-scaffold	Chromosome	chromosome	1423742	39.06976744186046	0	0
GCF_001435245.1	NZ_AZGC01000028.1	367	faa42a532f22871b0a8843b539de907f571aa5a2a1bf50c43b955a016569eea0	linear	unplaced-scaffold	Chromosome	chromosome	1423742	37.05722070844686	0	0
GCF_001435245.1	NZ_AZGC01000005.1	65085	b30281cb862c946c5cb6b90bbd49e4e6bf5fb7ab27c94b05b407adb9fea823f4	linear	unplaced-scaffold	Chromosome	chromosome	1423742	43.2480602289314	0	0
GCF_001435245.1	NZ_AZGC01000029.1	18015	74f00d868561f4d65a4eb1ce08accca168eb2fef94dfc6cd17559937b026bf21	linear	unplaced-scaffold	Chromosome	chromosome	1423742	43.96336386344713	0	0
GCF_001435245.1	NZ_AZGC01000030.1	38937	6af827c18762ea81e031e71bbdc77176e0a73bd943640d4dbe7f08523e9b7a2a	linear	unplaced-scaffold	Chromosome	chromosome	1423742	43.21339599866451	0	0
GCF_001435245.1	NZ_AZGC01000031.1	1594	be25e125e6fcaa132b0800bc5241b45e5340c13736626d7e0f518f660a3eefcc	linear	unplaced-scaffold	Chromosome	chromosome	1423742	50.25094102885822	0	0
GCF_001435245.1	NZ_AZGC01000032.1	1211	9774f6ed56c3d6714b33380b2841a8926a5671d673dbb7d86ee72837b6fc4b89	linear	unplaced-scaffold	Chromosome	chromosome	1423742	42.03137902559868	0	0
GCF_001435245.1	NZ_AZGC01000033.1	72634	98dae8e2265d9e723e34da3538525791ed791b437f3672190e6aeef5cd1dcf03	linear	unplaced-scaffold	Chromosome	chromosome	1423742	43.94001982815598	10	10
GCF_001435245.1	NZ_AZGC01000006.1	492	7c3195dc967acba1c25e6655bafa97606dd9c83b1e5dcb96cae8f202a2eb55ea	linear	unplaced-scaffold	Chromosome	chromosome	1423742	48.577235772357724	0	0
GCF_001435245.1	NZ_AZGC01000034.1	455	d7e2ff7acd6677c895025e52a1ead9b43f3f0132845141b0faacae76e6f244e4	linear	unplaced-scaffold	Chromosome	chromosome	1423742	30.54945054945055	0	0
GCF_001435245.1	NZ_AZGC01000035.1	291	35c437fcef4a77848ab10e181144994a8df546dcfcb1c7dee7dfce793c863d5a	linear	unplaced-scaffold	Chromosome	chromosome	1423742	53.95189003436426	0	0
GCF_001435245.1	NZ_AZGC01000036.1	358	ee42d2340528580730bf4bffe387a92b555c620e0fb3aca40143946577a60836	linear	unplaced-scaffold	Chromosome	chromosome	1423742	51.675977653631286	0	0
GCF_001435245.1	NZ_AZGC01000037.1	588	615125bc72437b068a2a13f8954d43c0533a10d486857829a14613fd88f9b312	linear	unplaced-scaffold	Chromosome	chromosome	1423742	39.1156462585034	0	0
GCF_001435245.1	NZ_AZGC01000038.1	447	712a270c768fcc93f7077ebe4ce5834130ea0c3828076149757d67e710e1e0cb	linear	unplaced-scaffold	Chromosome	chromosome	1423742	51.90156599552573	0	0
GCF_001435245.1	NZ_AZGC01000039.1	137883	23048560c6df39f271d51e64cf8f97d6661c21033e23949487dc93e8547b9ca3	linear	unplaced-scaffold	Chromosome	chromosome	1423742	44.55839794593575	10	10
GCF_001435245.1	NZ_AZGC01000040.1	347	e14e205c0fa5b577f7c73e2491d5369e9e6ac5c0ba252f195b223f63bc81c619	linear	unplaced-scaffold	Chromosome	chromosome	1423742	29.971181556195965	0	0
GCF_001435245.1	NZ_AZGC01000041.1	20424	4e01b84299e68c23bd7ba261aa904e2ccf226377dd2e50eed6cd51659dbb3302	linear	unplaced-scaffold	Chromosome	chromosome	1423742	42.77132164664172	116	116
GCF_001435245.1	NZ_AZGC01000042.1	892	5df5bcd12a58515b0168fa935e59b4c663ceead3297cc1f668bc4e7396705f8b	linear	unplaced-scaffold	Chromosome	chromosome	1423742	36.88340807174888	0	0
GCF_001435245.1	NZ_AZGC01000043.1	297	cc201cb39847b46236762fde057a923e01abb0747b07fbac302e079747f5baa6	linear	unplaced-scaffold	Chromosome	chromosome	1423742	54.20875420875421	0	0
GCF_001436135.1	NZ_AYZK01000001.1	800231	a66431b6cb4bf785c80ed1e19eb7b48593b5e1b6f16b9cd6a6ed1ed6d0620faa	linear	unplaced-scaffold	Chromosome	chromosome	1423810	53.48471495627934	266	266
GCF_001436135.1	NZ_AYZK01000010.1	41339	94dc43239b7f5ec9412163814053847858667e84e314b3ffd27be124baba90ca	linear	unplaced-scaffold	Chromosome	chromosome	1423810	54.541716055056966	0	0
GCF_001436135.1	NZ_AYZK01000011.1	16628	c78b1fcd68bc87635e90556bdb477077c2f18a8a386e77f001daaebe14b91008	linear	unplaced-scaffold	Chromosome	chromosome	1423810	41.887178253548235	0	0
GCF_001436135.1	NZ_AYZK01000012.1	12352	0bdf86bb2435112b9cf54f73f80cf1d4d30f1c1150de3b3765330747d1b8e908	linear	unplaced-scaffold	Chromosome	chromosome	1423810	54.468911917098445	0	0
GCF_001436135.1	NZ_AYZK01000013.1	7907	22e33fdb7a3d253843d1bfa156d048b8acd6cd2fcfbf6b87efabd279dc17a790	linear	unplaced-scaffold	Chromosome	chromosome	1423810	50.297205008220566	0	0
GCF_001436135.1	NZ_AYZK01000014.1	4691	40f40a1b0d25b10febccbe4e365d17bad2ebc248d74e7b59d722dce9b29698d7	linear	unplaced-scaffold	Chromosome	chromosome	1423810	54.316776806651035	0	0
GCF_001436135.1	NZ_AYZK01000015.1	4392	cee89ee34d4488aeddc0439ab7775fa24dad3fb62c8d7bd8e1c39c6023a6ef5f	linear	unplaced-scaffold	Chromosome	chromosome	1423810	59.904371584699454	0	0
GCF_001436135.1	NZ_AYZK01000016.1	3281	933624d34dafc634eb64ee56856a4d55161a688d9eb2691566973f9bfda62cda	linear	unplaced-scaffold	Chromosome	chromosome	1423810	50.10667479427004	0	0
GCF_001436135.1	NZ_AYZK01000017.1	1787	f6b381d7158011a713d315802027c5744d04fb0397b19dcbaa66bc251a93f6c7	linear	unplaced-scaffold	Chromosome	chromosome	1423810	50.02797985450476	0	0
GCF_001436135.1	NZ_AYZK01000018.1	1213	04eaf353d6856a817710eab5de46072252834d1c0ba0ad2d4092c0c3fd24d9bc	linear	unplaced-scaffold	Chromosome	chromosome	1423810	55.976916735366856	0	0
GCF_001436135.1	NZ_AYZK01000019.1	699	624a64530cb5a5a541046fb43ba33cb53306ac5d1160c5325b08b2f67d2bfeb4	linear	unplaced-scaffold	Chromosome	chromosome	1423810	52.36051502145923	0	0
GCF_001436135.1	NZ_AYZK01000002.1	383908	616f710b85609de498f07944dd420a8fa2e009444c3899ccd494c29c6de68767	linear	unplaced-scaffold	Chromosome	chromosome	1423810	52.650772192223634	1	1
GCF_001436135.1	NZ_AYZK01000020.1	371	554d255c3e53e6f9a745f4bbaed19f3e68e84b0bbefec756cbfcdf7aabf45b54	linear	unplaced-scaffold	Chromosome	chromosome	1423810	52.2911051212938	0	0
GCF_001436135.1	NZ_AYZK01000021.1	326	47816dc572b995d6c8b42852e86505d5726f65f7ebdb2084e0dd6669e196ac1c	linear	unplaced-scaffold	Chromosome	chromosome	1423810	50.920245398773005	0	0
GCF_001436135.1	NZ_AYZK01000022.1	265	9177048582fba1cb7fa17fa9ea1f7d73c8aa74e6b11991b36444cdd10f08b5de	linear	unplaced-scaffold	Chromosome	chromosome	1423810	60.0	0	0
GCF_001436135.1	NZ_AYZK01000023.1	218	98f53e83afbf65f2d79cff1ee611ae0d9e58dd461f36dba437055b6faaf0f6e0	linear	unplaced-scaffold	Chromosome	chromosome	1423810	51.8348623853211	0	0
GCF_001436135.1	NZ_AYZK01000003.1	275795	5bb4db29e95b51632de18b04870d6c1de8ccb8a19e22b0867c58a8ed34300081	linear	unplaced-scaffold	Chromosome	chromosome	1423810	53.580739317246504	0	0
GCF_001436135.1	NZ_AYZK01000004.1	136450	78f12a87a18eee7ab11f4870ccfabaece1d9e50a00f44824e90ca12de9ab42ea	linear	unplaced-scaffold	Chromosome	chromosome	1423810	53.34300727744432	1	1
GCF_001436135.1	NZ_AYZK01000005.1	122072	62cdb5753423cc3cb2d1ec2286d88f505ed9342994e31930b60413a07ea32701	linear	unplaced-scaffold	Chromosome	chromosome	1423810	54.5669768661118	0	0
GCF_001436135.1	NZ_AYZK01000006.1	78772	33dce7e3dc7c8b8f722a34ff2bed3c26c0b19325495fc027250e31a55f6dcc8e	linear	unplaced-scaffold	Chromosome	chromosome	1423810	53.709439902503426	0	0
GCF_001436135.1	NZ_AYZK01000007.1	62971	cb042447fb30978470d34698eaac070d46dde48d3fbc1505bd932eb5d849ef2e	linear	unplaced-scaffold	Chromosome	chromosome	1423810	55.42321740511355	1	1
GCF_001436135.1	NZ_AYZK01000008.1	58216	d1c80312eb8675c8d85043c760f6c2ffd025a1ef670a6d4308936c0a60753190	linear	unplaced-scaffold	Chromosome	chromosome	1423810	55.75271403050708	0	0
GCF_001436135.1	NZ_AYZK01000009.1	46792	ba568e17101d9a9db8e404030bb0a88f18a69f59f570c6f532f9496efa31b0ef	linear	unplaced-scaffold	Chromosome	chromosome	1423810	55.257308941699435	0	0
GCF_001436905.1	NZ_JQBB01000001.1	304195	a0a635bc6a43566130a9099860f513814352e0efe5b771058d778d93efc1ad18	linear	unplaced-scaffold	Chromosome	chromosome	187452	36.62387613208632	0	0
GCF_001436905.1	NZ_JQBB01000010.1	39438	4c385ccd08292041e73667c7b1596eb59a9d4d590826e6587bee7285714acd72	linear	unplaced-scaffold	Chromosome	chromosome	187452	35.70921446320807	0	0
GCF_001436905.1	NZ_JQBB01000011.1	34492	ed89068b62079d201d95f777921fceb7cf2d688ef6156a4c7d4f3e8ebaa412c4	linear	unplaced-scaffold	Chromosome	chromosome	187452	37.658007653948744	0	0
GCF_001436905.1	NZ_JQBB01000012.1	13967	0108211f19eba9d5b853824203368221f096c7cd01865cbbf5ae08d82fa6ddaf	linear	unplaced-scaffold	Chromosome	chromosome	187452	36.249731509987825	0	0
GCF_001436905.1	NZ_JQBB01000013.1	13323	9478cd067c4f4540565a159d1fcc53f1a60a6bd185b6ace4eefa3535c513e282	linear	unplaced-scaffold	Chromosome	chromosome	187452	34.219019740298734	0	0
GCF_001436905.1	NZ_JQBB01000014.1	9977	b0c7c92080d2b5cf1dcdf130e123a92c14da0ab349450ba1502b39f6e20ac7cf	linear	unplaced-scaffold	Chromosome	chromosome	187452	42.76836724466273	0	0
GCF_001436905.1	NZ_JQBB01000015.1	7926	26f44ecb3f99a43ce9c7ba9907c9a03b204c56a42e812a25b63860fc6c1c7f17	linear	unplaced-scaffold	Chromosome	chromosome	187452	36.807066956855714	115	115
GCF_001436905.1	NZ_JQBB01000016.1	6124	d7752d37491b259311eb9ed6623adb2de63f11d5620a2f6c9c00ae5d23b59306	linear	unplaced-scaffold	Chromosome	chromosome	187452	36.13651208360549	0	0
GCF_001436905.1	NZ_JQBB01000017.1	4702	cb51496909dbdac774c6703516541b79ea86179c71fe0740db581ce6fab240c5	linear	unplaced-scaffold	Chromosome	chromosome	187452	36.643981284559764	0	0
GCF_001436905.1	NZ_JQBB01000018.1	4695	f6b06db72d62698a9392c2644ceca162da1c224ab408e8fe28a6517db9159ee7	linear	unplaced-scaffold	Chromosome	chromosome	187452	43.194888178913736	0	0
GCF_001436905.1	NZ_JQBB01000019.1	4414	5b682067de07e4e02fadc3694e08895dc86a8f895e51eb559d1f981b9757ee15	linear	unplaced-scaffold	Chromosome	chromosome	187452	37.94197642792384	2	2
GCF_001436905.1	NZ_JQBB01000002.1	278438	e6dfe24abc14957f9c67e72248daad06ac0eab1eb041105452fd6825aad6f849	linear	unplaced-scaffold	Chromosome	chromosome	187452	36.64837414433375	0	0
GCF_001436905.1	NZ_JQBB01000020.1	3298	a3ccf52b590b3846956779d67a47727555347135c0ff5dde27a39aaeac02b03c	linear	unplaced-scaffold	Chromosome	chromosome	187452	49.09035779260158	0	0
GCF_001436905.1	NZ_JQBB01000021.1	2756	57dd28f257e2a2956a9334480a873096ab698af4df7b48d9ce62f7384880cc68	linear	unplaced-scaffold	Chromosome	chromosome	187452	35.957910014513786	0	0
GCF_001436905.1	NZ_JQBB01000022.1	2575	bce1a6e3edaf76b42f786e36a8be662dfadd202e57728f114125ad1e7ec7739e	linear	unplaced-scaffold	Chromosome	chromosome	187452	44.699029126213595	0	0
GCF_001436905.1	NZ_JQBB01000023.1	1882	1a3983a5931ca58e110a2bd3e45bdf59b9adf84edc9322eacf587eeaf4583692	linear	unplaced-scaffold	Chromosome	chromosome	187452	37.19447396386823	0	0
GCF_001436905.1	NZ_JQBB01000024.1	1821	8518f548d2706e0e39adfc2c6bcf09b07fc821b1b4b8d8cb241dad841bf20412	linear	unplaced-scaffold	Chromosome	chromosome	187452	41.02141680395387	0	0
GCF_001436905.1	NZ_JQBB01000025.1	1784	6f69d6e2b6e6decde041bfc596723d2ba8ce4e975393fbe4af348bca593a361e	linear	unplaced-scaffold	Chromosome	chromosome	187452	48.65470852017937	0	0
GCF_001436905.1	NZ_JQBB01000026.1	1022	7d36055eac3b3cba00026d83c26533cc35bb5a3e61a02bff359343f01c2760e3	linear	unplaced-scaffold	Chromosome	chromosome	187452	36.04309500489716	1	1
GCF_001436905.1	NZ_JQBB01000027.1	824	92d8f28d6265f2b695789eb2b579dc1c806be1115a5608074fe060d4636745b6	linear	unplaced-scaffold	Chromosome	chromosome	187452	32.52427184466019	0	0
GCF_001436905.1	NZ_JQBB01000028.1	816	426bb2ad3278aaec0c258a32b33b6c865f98d6e25853891fbaa2865a51909cd7	linear	unplaced-scaffold	Chromosome	chromosome	187452	35.049019607843135	0	0
GCF_001436905.1	NZ_JQBB01000029.1	662	a9ad754cef04b9324ece6bdad29ba5660c95339be406516d947263913b5602da	linear	unplaced-scaffold	Chromosome	chromosome	187452	36.25377643504532	0	0
GCF_001436905.1	NZ_JQBB01000003.1	277495	931dadb0e9ca0be2cc3393052cbce9767bf781d6ee1572abd5635bae3381e329	linear	unplaced-scaffold	Chromosome	chromosome	187452	37.180984093349764	1	1
GCF_001436905.1	NZ_JQBB01000030.1	619	5ff0e22c0e334b5804fbb7919df3da024adb97c933f14a91c9ceb67ef7af8db1	linear	unplaced-scaffold	Chromosome	chromosome	187452	37.47980613893377	0	0
GCF_001436905.1	NZ_JQBB01000031.1	568	3fb962e323436c3b23bc33e2e3c777aefb0470cc82fbd2a2fcea24727971c0e1	linear	unplaced-scaffold	Chromosome	chromosome	187452	35.73943661971831	0	0
GCF_001436905.1	NZ_JQBB01000032.1	555	cae77dfa2f4625f69c41dc129aeaa07d7c1edc9f23937d8ab1829f252f24880b	linear	unplaced-scaffold	Chromosome	chromosome	187452	36.21621621621622	0	0
GCF_001436905.1	NZ_JQBB01000033.1	510	d20455d11b1da55b242a89105875dc0c5042be6797fc1194c88d44b8c51a20ad	linear	unplaced-scaffold	Chromosome	chromosome	187452	37.450980392156865	0	0
GCF_001436905.1	NZ_JQBB01000034.1	501	cedf6e6e34fdf24bbb31189334120dec5593e1580ce629d1b5a4bf2a54eed070	linear	unplaced-scaffold	Chromosome	chromosome	187452	40.91816367265469	0	0
GCF_001436905.1	NZ_JQBB01000035.1	491	11b220ca97a6b098c9b314cad9c47293839c4184f79c4cab1b9bfba42599bb73	linear	unplaced-scaffold	Chromosome	chromosome	187452	46.639511201629325	0	0
GCF_001436905.1	NZ_JQBB01000036.1	491	355744671fd01b9b45264b517c76393953ce211aacbbe666f2fe854ab04f5f69	linear	unplaced-scaffold	Chromosome	chromosome	187452	36.326530612244895	1	1
GCF_001436905.1	NZ_JQBB01000037.1	428	767b4cb37d64a88316204f2b969bdb70f1468162b49488daba3973d64787e00c	linear	unplaced-scaffold	Chromosome	chromosome	187452	51.63551401869159	0	0
GCF_001436905.1	NZ_JQBB01000038.1	414	f11aa8ff35bbb57f70442d81d620cd95be821f2f7f94174f284a8a3dfb9a25be	linear	unplaced-scaffold	Chromosome	chromosome	187452	34.54106280193237	0	0
GCF_001436905.1	NZ_JQBB01000039.1	407	6ff9872f24234e44c108cd4ae6415299ce51b383be2b1961cad6497280158c0a	linear	unplaced-scaffold	Chromosome	chromosome	187452	38.57493857493858	0	0
GCF_001436905.1	NZ_JQBB01000004.1	219838	c062a8791563675523c91c5db17368d08858f5ae3df1521ddae237fca82ff6ac	linear	unplaced-scaffold	Chromosome	chromosome	187452	37.14076406457602	66	66
GCF_001436905.1	NZ_JQBB01000040.1	393	f39363c5d8dfd2263d7658776b91f1ac72b198d4f675947a47945b00d8c187c2	linear	unplaced-scaffold	Chromosome	chromosome	187452	35.11450381679389	0	0
GCF_001436905.1	NZ_JQBB01000041.1	357	31609f05f696529177714f6be858cf20d81b394e3bacbe66e14918ffb55fc600	linear	unplaced-scaffold	Chromosome	chromosome	187452	41.1764705882353	0	0
GCF_001436905.1	NZ_JQBB01000042.1	356	89c627adfb595d7d848d107a9890498e3577f5f864104b8569e9eaf85401ac0c	linear	unplaced-scaffold	Chromosome	chromosome	187452	35.674157303370784	0	0
GCF_001436905.1	NZ_JQBB01000043.1	326	363b6713dc0c4edeff1d180ef51883d62d6ef695e370940b900b647aad7adafc	linear	unplaced-scaffold	Chromosome	chromosome	187452	34.355828220858896	0	0
GCF_001436905.1	NZ_JQBB01000044.1	222	b848246ddf20cc02a77795225d3170a752bc9a01d7da5bdbf52fff1951fb4172	linear	unplaced-scaffold	Chromosome	chromosome	187452	46.3963963963964	0	0
GCF_001436905.1	NZ_JQBB01000005.1	204200	b62650d9dcf8ce9c1e0a6fb68c342a67c9dd094886501cd638b6a05e9c9c3903	linear	unplaced-scaffold	Chromosome	chromosome	187452	36.0024485798237	0	0
GCF_001436905.1	NZ_JQBB01000006.1	134926	b20d1304dec8490192ca24d08e94c97b2d7de9b49ed7c5141fbf9c4d1ae3c472	linear	unplaced-scaffold	Chromosome	chromosome	187452	36.40514059558573	0	0
GCF_001436905.1	NZ_JQBB01000007.1	134362	a89aa933e95107f83fca41c4c275d5bc671fe79b5b9fc2dfc2b44728b2fc6eca	linear	unplaced-scaffold	Chromosome	chromosome	187452	36.76560337000045	0	0
GCF_001436905.1	NZ_JQBB01000008.1	110791	84a9985e2807941df33bb0d003169ce71d2e46493f02c3d131bd4c1a69276e0a	linear	unplaced-scaffold	Chromosome	chromosome	187452	36.06249605112328	0	0
GCF_001436905.1	NZ_JQBB01000009.1	51968	d626e4af49d30b18a724a5387179dbb65d1aaca6c2621876ad6d28634896a509	linear	unplaced-scaffold	Chromosome	chromosome	187452	36.16263854679803	0	0
GCF_001437055.1	NZ_JQBW01000001.1	1631	079749d3d5fab8e99b3a1426b81d2046e0db541e417174192de190bc757b7c71	linear	unplaced-scaffold	Chromosome	chromosome	396268	53.34150827713059	0	0
GCF_001437055.1	NZ_JQBW01000006.1	272251	8ccec42cb2b29a7e2d960962f50706969be17c198bf2f83452f7f8ed87f04156	linear	unplaced-scaffold	Chromosome	chromosome	396268	47.31496412972806	20	20
GCF_001437055.1	NZ_JQBW01000007.1	57195	45ac9396115385aeb616d8c206d1b6314b259279408e1fba967761abe3fc8146	linear	unplaced-scaffold	Chromosome	chromosome	396268	46.70338316286389	0	0
GCF_001437055.1	NZ_JQBW01000008.1	239	5b0914d3fefc7141e8d40b8a178702b251e584ecc027664b1420d8a7393d1a3e	linear	unplaced-scaffold	Chromosome	chromosome	396268	41.42259414225941	0	0
GCF_001437055.1	NZ_JQBW01000009.1	265650	fbb299706a793743daaa6697c7fb561924faccc8a0928ad8848e4094073a25b5	linear	unplaced-scaffold	Chromosome	chromosome	396268	47.316669176328865	10	10
GCF_001437055.1	NZ_JQBW01000010.1	629925	4d1ff2a41bec702c969f8dfcf95ecd0b622eeb79bca68c1b0a02928e23e5e73e	linear	unplaced-scaffold	Chromosome	chromosome	396268	47.64436471587437	10	10
GCF_001437055.1	NZ_JQBW01000002.1	281	79af853a6297343a96aeba32373550de254489ebe13ab36ffb81cbec217ced73	linear	unplaced-scaffold	Chromosome	chromosome	396268	44.48398576512456	0	0
GCF_001437055.1	NZ_JQBW01000011.1	503	08df467322ed613fba745dee195f3798b8198b80ce795dfe4ead3508c59b9fdb	linear	unplaced-scaffold	Chromosome	chromosome	396268	50.49701789264414	0	0
GCF_001437055.1	NZ_JQBW01000003.1	3064	bd004a37ab79a35ed2e8ae4360bddbb055aab7bcf8e1364dc667ed1359140804	linear	unplaced-scaffold	Chromosome	chromosome	396268	51.30548302872063	0	0
GCF_001437055.1	NZ_JQBW01000004.1	286054	bb80f0e118b3e17a536a7e43456b0896c9e8d2e50ac841bfd0f0305c075d7cb4	linear	unplaced-scaffold	Chromosome	chromosome	396268	48.1842589161487	0	0
GCF_001437055.1	NZ_JQBW01000005.1	129350	ede039b030aa4e3926baeffcb5383824727da4ee44e5fdd503d6339f92e4aacd	linear	unplaced-scaffold	Chromosome	chromosome	396268	48.983378430614614	0	0
GCF_001437425.1	NZ_JQCD01000022.1	39672	582eb520c3eda4a4515b05773720e8d017d30abfae4b271b7871ed681991978a	linear	unplaced-scaffold	Chromosome	chromosome	1620	37.51392969304022	188	188
GCF_001437425.1	NZ_JQCD01000023.1	297	faadb5b29c5b4dadf0021a17ecadddecf4853ccec1ab09e36b9ddafdc273e6d3	linear	unplaced-scaffold	Chromosome	chromosome	1620	29.292929292929294	0	0
GCF_001437425.1	NZ_JQCD01000004.1	59072	bd4f4e9bf68f6f20b1f43426e53f927704e175257f7014e500e6f116f2f68177	linear	unplaced-scaffold	Chromosome	chromosome	1620	40.3659940411701	0	0
GCF_001437425.1	NZ_JQCD01000024.1	596920	72da8856bfaa4c0eb2da7837193b70fc10cedd3c36e472b3958b5dfe469a8a3e	linear	unplaced-scaffold	Chromosome	chromosome	1620	38.61088438338532	267	267
GCF_001437425.1	NZ_JQCD01000025.1	203	56ca05ed6bd3a6fb998dd095edac612088da0972e010eb8496fb373009edf19a	linear	unplaced-scaffold	Chromosome	chromosome	1620	34.97536945812808	0	0
GCF_001437425.1	NZ_JQCD01000026.1	299	80e8ae3dd72218d98b2f26e3781eace450760241af7d214bcc7fb97c196b1484	linear	unplaced-scaffold	Chromosome	chromosome	1620	45.1505016722408	0	0
GCF_001437425.1	NZ_JQCD01000005.1	30601	750d1f246f6917a94a3e2b5ceaefeb8634919cbd4e5761f2fc2be8b1b96847bb	linear	unplaced-scaffold	Chromosome	chromosome	1620	38.42031306166465	0	0
GCF_001437425.1	NZ_JQCD01000027.1	206	c821132691599dc7e36942b6529422718f41d260d62ffa4238de84145900fc3c	linear	unplaced-scaffold	Chromosome	chromosome	1620	41.262135922330096	0	0
GCF_001437425.1	NZ_JQCD01000028.1	206	a8da3bf74a07f7ef0398dd834713348bf6a578ec346c84eb41fac52e3cf90818	linear	unplaced-scaffold	Chromosome	chromosome	1620	38.349514563106794	0	0
GCF_001437425.1	NZ_JQCD01000029.1	46728	2adad3313ba8d3f258cd56933833a7fb43126669afe89c0683366d3ff0ecac23	linear	unplaced-scaffold	Chromosome	chromosome	1620	39.64860469097757	0	0
GCF_001437425.1	NZ_JQCD01000030.1	155342	62c96e205a96259536ef249ba3308fbed4b5fd57139ff78fa329ef5613f6ddd0	linear	unplaced-scaffold	Chromosome	chromosome	1620	40.03875819265783	20	20
GCF_001437425.1	NZ_JQCD01000006.1	1670	13b8acfe1bd9333e8b2d5f45f130452978faf99437ccec278988bec40372b5c0	linear	unplaced-scaffold	Chromosome	chromosome	1620	49.221556886227546	0	0
GCF_001437425.1	NZ_JQCD01000031.1	314706	e1cf8579c35bf0368054ec5a2fa5e171649c494ace89e24aab2c0354484a31ba	linear	unplaced-scaffold	Chromosome	chromosome	1620	40.13946850675253	83	83
GCF_001437425.1	NZ_JQCD01000007.1	421	e27e80114ab8fd8ed1e5a446ee62cb3c742e7441a8a9758f29353104731f8363	linear	unplaced-scaffold	Chromosome	chromosome	1620	36.104513064133016	0	0
GCF_001437425.1	NZ_JQCD01000008.1	206	06985c8ecfff492c03778af23845d423402f928e8744422342ad58061c17a277	linear	unplaced-scaffold	Chromosome	chromosome	1620	36.89320388349515	0	0
GCF_001437425.1	NZ_JQCD01000009.1	110083	d0c4092897ecc35093b1b23f9b56bdfa161e1bd61ec73d0fd00baaf972c5a6c8	linear	unplaced-scaffold	Chromosome	chromosome	1620	38.923357830001	0	0
GCF_001437425.1	NZ_JQCD01000010.1	711	3a19aaada87f2b21a2c2e5ae9087a27b20c3e53985b282261b47c5bfc2817604	linear	unplaced-scaffold	Chromosome	chromosome	1620	40.78762306610408	0	0
GCF_001437425.1	NZ_JQCD01000011.1	45092	755fc31ed67c7da069860d2145c8b6e0a85a23a4c12b2373b45be840cfb6e39b	linear	unplaced-scaffold	Chromosome	chromosome	1620	40.255534359611374	10	10
GCF_001437425.1	NZ_JQCD01000012.1	293	1b233a706a2aa49dd4d4eeafa82816b7b2a5968047b8cf3b454b55d1f3db16f9	linear	unplaced-scaffold	Chromosome	chromosome	1620	37.54266211604096	0	0
GCF_001437425.1	NZ_JQCD01000013.1	231	ee55866ba2a331bacf408006fcf3b5c5539ea0443dfed490c19ce43ee5e4c32e	linear	unplaced-scaffold	Chromosome	chromosome	1620	46.32034632034632	0	0
GCF_001437425.1	NZ_JQCD01000014.1	1421	6239cdaba21c5e911b9c423b83245422f0e308a31ce412d0c21f79cc89ebedca	linear	unplaced-scaffold	Chromosome	chromosome	1620	33.70865587614356	0	0
GCF_001437425.1	NZ_JQCD01000015.1	352	4472e1f4bc5489944d76868da80eed29341ec7d88fd79691e157ed0d11f0acdd	linear	unplaced-scaffold	Chromosome	chromosome	1620	26.988636363636363	0	0
GCF_001437425.1	NZ_JQCD01000016.1	231	cce9bd55e58dbdfba2348dea029a5ce3f5e5fb1ebfaed85315f00f49ba51fbc8	linear	unplaced-scaffold	Chromosome	chromosome	1620	33.333333333333336	0	0
GCF_001437425.1	NZ_JQCD01000001.1	11826	bdbaaff6e883119d0bf19022bb40ea41ca4a144e6018b30224f3aa170edc53ac	linear	unplaced-scaffold	Chromosome	chromosome	1620	35.56570268899036	0	0
GCF_001437425.1	NZ_JQCD01000017.1	53684	b8109b8c7d28552c42a844015ee48c7880575934acfadec021d463423eeab78e	linear	unplaced-scaffold	Chromosome	chromosome	1620	37.986734731899986	10	10
GCF_001437425.1	NZ_JQCD01000018.1	130449	1a3490d791d5caf75974866dd3ddf609fdb02bde8adac9e2b3a3b77af83f3eb7	linear	unplaced-scaffold	Chromosome	chromosome	1620	38.94784496980579	126	126
GCF_001437425.1	NZ_JQCD01000002.1	3230	8bf8e4669804f348860cb066007f5c67f24a58f4240f6d42a6e869f408a4c476	linear	unplaced-scaffold	Chromosome	chromosome	1620	49.31888544891641	0	0
GCF_001437425.1	NZ_JQCD01000019.1	227	6f3f74b9cc424db51ec657ec6aab89bfd713763735fd00a843da209065502a6d	linear	unplaced-scaffold	Chromosome	chromosome	1620	44.93392070484582	0	0
GCF_001437425.1	NZ_JQCD01000003.1	1149	b7ac4caf043ee25c0e77d372639565a0bacaa4eb16c36bab4724db3f5bd9072f	linear	unplaced-scaffold	Chromosome	chromosome	1620	44.73455178416014	0	0
GCF_001437425.1	NZ_JQCD01000020.1	215	ece24890d123eb15d152ad429b455946fd3d5966ababcba676352be49e39fd89	linear	unplaced-scaffold	Chromosome	chromosome	1620	47.44186046511628	0	0
GCF_001437425.1	NZ_JQCD01000021.1	162756	c2554a417c32ace40c2f1a6d2a2c00686198445a6be49872d7277c3d032b87fb	linear	unplaced-scaffold	Chromosome	chromosome	1620	40.082685303671624	212	212
GCF_001438705.1	NZ_JQBP01000001.1	327196	f14cc3d4aec7e1400b136a699f38ede7c38b1113cd9fb2e72f9a490661703302	linear	unplaced-scaffold	Chromosome	chromosome	1616	38.63778398647158	772	772
GCF_001438705.1	NZ_JQBP01000010.1	25403	90ea03c35970f00ea66796874fc871222864d7e26c31bcfa62fcbbbe496ff1a5	linear	unplaced-scaffold	Chromosome	chromosome	1616	38.239578002598115	0	0
GCF_001438705.1	NZ_JQBP01000011.1	13930	4a89e70618d8c4a7f578fe5b3e22268eec3f23f91a55d1a4d28ebe434156ddbc	linear	unplaced-scaffold	Chromosome	chromosome	1616	38.743718592964825	0	0
GCF_001438705.1	NZ_JQBP01000012.1	3113	b60b1a835e12d6bc197211d4317b0f7c79f28bd31b9c44a50a6f1d1a86fbbaa7	linear	unplaced-scaffold	Chromosome	chromosome	1616	49.37359460327658	0	0
GCF_001438705.1	NZ_JQBP01000013.1	1745	b407ad1fbba108b9e05a37a25ed158ba23c0cb5744915907808e920e53fa207a	linear	unplaced-scaffold	Chromosome	chromosome	1616	48.65329512893983	0	0
GCF_001438705.1	NZ_JQBP01000014.1	1591	b55f49680b3637c821e4118d8f6a70d390c5ea523586df1af14e0445c298fed3	linear	unplaced-scaffold	Chromosome	chromosome	1616	29.41546197360151	0	0
GCF_001438705.1	NZ_JQBP01000015.1	1223	3206489f6e584005156fe97f99a20a8c4d00a37bf79cb498c6470e355661258c	linear	unplaced-scaffold	Chromosome	chromosome	1616	38.675388389206866	0	0
GCF_001438705.1	NZ_JQBP01000016.1	524	c8d66ff9fd72f3d1b484f2bac774b4fccb1c1f5971cd187132c7b241adc11f34	linear	unplaced-scaffold	Chromosome	chromosome	1616	38.3587786259542	0	0
GCF_001438705.1	NZ_JQBP01000017.1	235	b53c3718dbda24e1c25ddc8494665bf24b87b116742bfb2f03c519fcd115cbe5	linear	unplaced-scaffold	Chromosome	chromosome	1616	41.276595744680854	0	0
GCF_001438705.1	NZ_JQBP01000018.1	231	b13b19813ed7598c173bb397192f51da6c1a98827e65eab348dbaea326063e34	linear	unplaced-scaffold	Chromosome	chromosome	1616	33.76623376623377	0	0
GCF_001438705.1	NZ_JQBP01000019.1	209	c9efb9ece6f2237996917d144750011ca38a52714078bbd8cea26f436479d4f8	linear	unplaced-scaffold	Chromosome	chromosome	1616	35.88516746411483	0	0
GCF_001438705.1	NZ_JQBP01000002.1	323141	6fd5de554e413f32c3453b9c357f5dca83c6dfa5cd57b3981ffd41cf0411f56a	linear	unplaced-scaffold	Chromosome	chromosome	1616	40.580989459925725	278	278
GCF_001438705.1	NZ_JQBP01000020.1	209	2d4582c105417bda400a2fc5159f1a969db80fc5bf8d44d975d130e56ae689bc	linear	unplaced-scaffold	Chromosome	chromosome	1616	35.88516746411483	0	0
GCF_001438705.1	NZ_JQBP01000021.1	209	19afcfcce69f2b85d9547be59a9ac8fff383b00b2adc92d51e50cea407611e4c	linear	unplaced-scaffold	Chromosome	chromosome	1616	44.49760765550239	0	0
GCF_001438705.1	NZ_JQBP01000003.1	286295	d537ecfd9c77dfb252490f37d5c95cc3b7e7d9875f4294110e6453bd0b871fb3	linear	unplaced-scaffold	Chromosome	chromosome	1616	40.2725634611011	490	490
GCF_001438705.1	NZ_JQBP01000004.1	95522	40c4ccc958b18398b6b1e563cb9f5ae1ba965d67576816b0d416be61a13ccd10	linear	unplaced-scaffold	Chromosome	chromosome	1616	40.90846785672863	681	681
GCF_001438705.1	NZ_JQBP01000005.1	80946	10176d950c971e31f5ef1fb78fe9d5a53f3b29eb063f1dfcce43090a7e938d09	linear	unplaced-scaffold	Chromosome	chromosome	1616	36.806837183377716	211	211
GCF_001438705.1	NZ_JQBP01000006.1	66557	991c3e933099002e900213859d6ed09bb77acc25661f52600214ca02c390573d	linear	unplaced-scaffold	Chromosome	chromosome	1616	40.225166762246836	295	295
GCF_001438705.1	NZ_JQBP01000007.1	40045	2d9dbc1adcec0281722647f3acbd8d5ad27a0444bb8eb69fb7798a7a7f9bd8c0	linear	unplaced-scaffold	Chromosome	chromosome	1616	38.505458021027216	287	287
GCF_001438705.1	NZ_JQBP01000008.1	39708	febcf9b691e062780c455f5d49b21b6b4d31e2831f1882e0903b00a9e36619b8	linear	unplaced-scaffold	Chromosome	chromosome	1616	40.567732662594324	746	746
GCF_001438705.1	NZ_JQBP01000009.1	26406	ecebe770f4ec1e58de3b6ebb0cbda62e886593be44c3c2d4b7e6eda023563a35	linear	unplaced-scaffold	Chromosome	chromosome	1616	39.01764750435507	0	0
GCF_001536305.1	NZ_LN890331.1	1965841	7f068623229568b76568295b0745fbe660e7ed7f71daa8a075df9e5684dcf65b	circular	assembled-molecule	Chromosome	I	1165892	36.90094977162446	0	0
GCF_001536305.1	NZ_LN890332.1	35714	0520af428adff94cb32c1bc8c7851e30eedc12026548fc124eff24f53d12838d	circular	assembled-molecule	Plasmid	II	1165892	37.24589796718374	0	0
GCF_001536305.1	NZ_LN890333.1	29494	c73a6b9a25e6bcec4dc7be8f15615dad3aad38d755a00047781e6f23b9463bed	circular	assembled-molecule	Plasmid	III	1165892	31.935308876381637	0	0
GCF_001536305.1	NZ_LN890334.1	19683	495fcb3d10020ed30b838256071e382a526488d893465de2333f8584450d9fb0	circular	assembled-molecule	Plasmid	IV	1165892	38.66280546664635	0	0
GCF_001618285.1	NZ_KV392047.1	1762881	44e2095f06b5999820d5548e9ed030fee70c1372ead51ea009ecc199ec4e37ec	linear	unplaced-scaffold	Chromosome	chromosome	1247	37.85024308382185	3817	3817
GCF_001618285.1	NZ_KV392048.1	397	ba22d7f8b01040f965ef85163573abe07bf1b8ea986a248eb6f57609c2779859	linear	unplaced-scaffold	Chromosome	chromosome	1247	53.14861460957179	0	0
GCF_001618285.1	NZ_KV392049.1	398	e123cb4a76f872c604c016186091d21bb4c36844d35ad63afaa553c4fac47643	linear	unplaced-scaffold	Chromosome	chromosome	1247	46.231155778894475	0	0
GCF_001618285.1	NZ_KV392050.1	753	edcf0db4bb51460d758995b0e6df6025805cdfc62cb19bcfb18cacfd47c9489d	linear	unplaced-scaffold	Chromosome	chromosome	1247	42.49667994687915	0	0
GCF_001618285.1	NZ_KV392051.1	1206	4aa72913e5e86fbbdf35e7b8833a47dfb30fa63b0a58efce1ad94e40f8920818	linear	unplaced-scaffold	Chromosome	chromosome	1247	40.38142620232173	0	0
GCF_001618285.1	NZ_KV392052.1	339	363bc59a8ff20bc8056908c223a0b86d67ed0b5774c9776e018c83d891e1aa5a	linear	unplaced-scaffold	Chromosome	chromosome	1247	35.10324483775811	0	0
GCF_001618285.1	NZ_KV392053.1	342	76b3aa4a2873b018cab66728b9054e821cc58b3fbf4f1f1b31f97deb42d70001	linear	unplaced-scaffold	Chromosome	chromosome	1247	53.50877192982456	0	0
GCF_001618285.1	NZ_KV392054.1	789	c779721d51d8260ae4b78e94ccc155304de82f559a08ae762cd16f261d66b9e3	linear	unplaced-scaffold	Chromosome	chromosome	1247	39.79721166032953	0	0
GCF_001618285.1	NZ_KV392055.1	314	ddac93ce7dc6f666b3e32c9eefb61ee09214f11193e0351c9c83d6e522501744	linear	unplaced-scaffold	Chromosome	chromosome	1247	40.445859872611464	0	0
GCF_001618285.1	NZ_KV392056.1	373	5ef27614e37cd98007ac834b5872a5f346d04c8d1ff26318413d959546134677	linear	unplaced-scaffold	Chromosome	chromosome	1247	51.742627345844504	0	0
GCF_001618285.1	NZ_KV392057.1	393	68038a24eb67d5d130a4832ff3fdfbc02fba430e3c13aa55df4acc9be58aaca8	linear	unplaced-scaffold	Chromosome	chromosome	1247	48.091603053435115	0	0
GCF_001618285.1	NZ_KV392058.1	320	6f21464b2c4734f91d249491a447821bc0d90a9f20c9f849bb222f13d2f551f5	linear	unplaced-scaffold	Chromosome	chromosome	1247	40.625	0	0
GCF_001618285.1	NZ_KV392059.1	322	91792e96d2ec520dbfbcd4ff5a7db45c90c4acfc7f5a2274efdb6048b66086a9	linear	unplaced-scaffold	Chromosome	chromosome	1247	31.366459627329192	0	0
GCF_001702215.1	NZ_CP014933.1	1889038	51dc1897740cdcf91bf881af0d10d00ec9d54480e68d04e426fd2f19e00c2f55	circular	assembled-molecule	Chromosome	chromosome	187452	36.83928009918276	0	0
GCF_001702215.1	NZ_CP014934.1	37848	1d20b281d7638fd80b9c63e97c1465b410d985d9cdd4830b804468f938e0577a	circular	assembled-molecule	Plasmid	pL253-1	187452	44.45941661382371	0	0
GCF_001702215.1	NZ_CP014935.1	23149	664d48a49bb85c486e0c227e8a07ca9ac4af43a46df2ad16d9506c8fdff17293	circular	assembled-molecule	Plasmid	pL253-2	187452	43.84206661194868	0	0
GCF_001702235.1	NZ_CP014936.1	1886832	1a7f133301104cbfb66e9ab27cd752268ffed1f03081dd192174aaec530f7b1d	circular	assembled-molecule	Chromosome	chromosome	187452	36.83422795458207	0	0
GCF_001702235.1	NZ_CP014937.1	37848	26c408f9e03d6668f90a875f3d7296f7891cb29c24a4323d03bdde602dd80f57	circular	assembled-molecule	Plasmid	pL254-1	187452	44.45941661382371	0	0
GCF_001702235.1	NZ_CP014938.1	23149	f77a28971d1e336a12b6af91321e236e89295ad3d2bfe4cd9dc120fac375a469	circular	assembled-molecule	Plasmid	pL254-2	187452	43.84638645297853	0	0
GCF_001702235.1	NZ_CP014939.1	40099	1ba46f110d1b13952cada5fc5cbd458431f16b3d805d747193bbd15b72a49811	circular	assembled-molecule	Plasmid	pL254-3	187452	40.222948203197085	0	0
GCF_001752505.1	NZ_JSAI01000014.1	8365	2a2d5e74dc6e014595a1a1a6445309a454a7432f6bd2c80be9baf2b27ee75c96	linear	unlocalized-scaffold	Plasmid	plasmid	336988	37.58517632994621	0	0
GCF_001752505.1	NZ_JSAI01000001.1	482540	a89b2d4196f99b896c24ca2074d742a680cda648613381e1d9a03c65a0016f4f	linear	unplaced-scaffold	Chromosome	chromosome	336988	43.27223969925684	2	2
GCF_001752505.1	NZ_JSAI01000010.1	395687	9104bab9cbae2ac10d9588a810338acba2471bce01d2238b2aafe7b71e75364a	linear	unplaced-scaffold	Chromosome	chromosome	336988	43.1156096389805	2	2
GCF_001752505.1	NZ_JSAI01000011.1	161641	a323f1912d0afdb4bcf0b63d974e8d80ba9683206d8c694027a9b49d2b4511f3	linear	unplaced-scaffold	Chromosome	chromosome	336988	43.19069036556772	2	2
GCF_001752505.1	NZ_JSAI01000012.1	1639	10f873d2e5b3ce31ff32ba4fd32cdbc598f37b6905cc843ad81503261e842a2c	linear	unplaced-scaffold	Chromosome	chromosome	336988	43.92922513727883	0	0
GCF_001752505.1	NZ_JSAI01000013.1	5503	1418b3654a46bbf27eb10332417ae847b76f3d00c986f349411e2779ff840be2	linear	unplaced-scaffold	Chromosome	chromosome	336988	47.46501908050154	0	0
GCF_001752505.1	NZ_JSAI01000015.1	23209	17e0ad726c4724088c2be6831ee5ce9e6e57ef272933ad0ec53a26ae87c51119	linear	unplaced-scaffold	Chromosome	chromosome	336988	44.534447843508985	0	0
GCF_001752505.1	NZ_JSAI01000016.1	87915	784fa06c38a85d004fa925b19e30fd649d371be8957ff444beeccdbc0a4ecfdd	linear	unplaced-scaffold	Chromosome	chromosome	336988	42.253312859011544	0	0
GCF_001752505.1	NZ_JSAI01000002.1	44362	644c617f1c9266c980d1799940d5fdc86a13128c2e13d91a0416377d93a4dcb5	linear	unplaced-scaffold	Chromosome	chromosome	336988	41.883636527580535	1	1
GCF_001752505.1	NZ_JSAI01000003.1	35976	b796702ed92eaf4cc31728177ccff129c572af9b1d30f84137e5d5a69bda3315	linear	unplaced-scaffold	Chromosome	chromosome	336988	40.39359573048699	0	0
GCF_001752505.1	NZ_JSAI01000004.1	651	fce9d331374181e50d4644ecc61ca10822c7b62395ae8faef9b0253f482b2f63	linear	unplaced-scaffold	Chromosome	chromosome	336988	39.59938366718028	2	2
GCF_001752505.1	NZ_JSAI01000005.1	86198	b49b836f69a3422af24b9a23c72ee4ffa1801d099a12ff2b7503c4c64ff82183	linear	unplaced-scaffold	Chromosome	chromosome	336988	39.92296626293564	2	2
GCF_001752505.1	NZ_JSAI01000006.1	540	7e9f8b821a18952db72f3213283de321ab227361e9d2f2fcafa3712dddf71f6f	linear	unplaced-scaffold	Chromosome	chromosome	336988	40.55555555555556	0	0
GCF_001752505.1	NZ_JSAI01000007.1	282363	4fce20877bcc271fea8fe1f706374b8a1be5cfe3042d25d7e7e21f14e07a05f7	linear	unplaced-scaffold	Chromosome	chromosome	336988	42.39330223860775	0	0
GCF_001752505.1	NZ_JSAI01000008.1	56794	6121114865cd7078782b8539428ef81568a7e175692ef2dbfdf3b98b337dd44d	linear	unplaced-scaffold	Chromosome	chromosome	336988	40.58741702030251	3	3
GCF_001752505.1	NZ_JSAI01000009.1	111905	4508afc77dfcaa79fb4e5018b5fe1bf9b993a994064b5e21cf54c972e6a29db3	linear	unplaced-scaffold	Chromosome	chromosome	336988	44.10030025736346	1	1
GCF_001752515.1	NZ_JSAH01000008.1	4081	b18a486123c47cdf723599d8bb5b2fb4400096f0f37bbf390bdc307e5f2a8aa8	linear	unlocalized-scaffold	Plasmid	plasmid	336988	38.05439843175692	0	0
GCF_001752515.1	NZ_JSAH01000009.1	4199	ebfb68bc85d5b7e767c75401719518be13577cd5f4c7b9eb1cd54611205f87d3	linear	unlocalized-scaffold	Plasmid	plasmid	336988	37.2231483686592	0	0
GCF_001752515.1	NZ_JSAH01000001.1	9668	b109e579ac24c24e828f6b0c8efa9b67f372412f480968a53dfb7ed2101acdd0	linear	unplaced-scaffold	Chromosome	chromosome	336988	38.83083290222452	3	3
GCF_001752515.1	NZ_JSAH01000010.1	5503	1418b3654a46bbf27eb10332417ae847b76f3d00c986f349411e2779ff840be2	linear	unplaced-scaffold	Chromosome	chromosome	336988	47.46501908050154	0	0
GCF_001752515.1	NZ_JSAH01000011.1	44982	95de22239c1242b0dca8ba29e284e509137dd10bc20b822cb57ac64f9b24c3e3	linear	unplaced-scaffold	Chromosome	chromosome	336988	40.94304388422035	0	0
GCF_001752515.1	NZ_JSAH01000012.1	77389	fd1a3a0639208f14993329170095aeabe228da634d2cf3593e5d633af4b2edcb	linear	unplaced-scaffold	Chromosome	chromosome	336988	41.234542376823576	0	0
GCF_001752515.1	NZ_JSAH01000013.1	87915	784fa06c38a85d004fa925b19e30fd649d371be8957ff444beeccdbc0a4ecfdd	linear	unplaced-scaffold	Chromosome	chromosome	336988	42.253312859011544	0	0
GCF_001752515.1	NZ_JSAH01000014.1	111904	29e51682074212956c60ae2c8b1071fbeb22d83af9ca96ae3cbbb760e2adc509	linear	unplaced-scaffold	Chromosome	chromosome	336988	44.10030025736346	0	0
GCF_001752515.1	NZ_JSAH01000015.1	161639	5ba54696521deaa9b30c23019423ee7cd5fbe7e83b1e14d789563e3f8c642986	linear	unplaced-scaffold	Chromosome	chromosome	336988	43.19069036556772	0	0
GCF_001752515.1	NZ_JSAH01000016.1	285276	57fe6840f5950f3ee7eb24c5c106762e26c3cabf088b55ea309df42671780d52	linear	unplaced-scaffold	Chromosome	chromosome	336988	42.692690587361014	0	0
GCF_001752515.1	NZ_JSAH01000002.1	482538	96481dea22c6e15033d660f469dc13e908dd7cfd37c3528bb3bef80cc4da7733	linear	unplaced-scaffold	Chromosome	chromosome	336988	43.27223969925684	0	0
GCF_001752515.1	NZ_JSAH01000003.1	85945	b089a53a82e6caf0651d4f3447ea4a8aba94f9e3fbbd9e9dc1a245e475bd899b	linear	unplaced-scaffold	Chromosome	chromosome	336988	39.91622549304788	0	0
GCF_001752515.1	NZ_JSAH01000004.1	10359	151d7724d5f1c6a6f8e3096197b26879db1c8d3f3592a9ec8be65b5790c75f04	linear	unplaced-scaffold	Chromosome	chromosome	336988	38.67915419523028	2	2
GCF_001752515.1	NZ_JSAH01000005.1	22205	186e895e905774ebee9d789220c0720f3e41ee258477070d3444d664337f4ae6	linear	unplaced-scaffold	Chromosome	chromosome	336988	40.448729500810956	9	9
GCF_001752515.1	NZ_JSAH01000006.1	24402	7669c53345374923afd7189071a497e1dd1b2202ee333b878a9a5a19f955b378	linear	unplaced-scaffold	Chromosome	chromosome	336988	39.64591615097742	1	1
GCF_001752515.1	NZ_JSAH01000007.1	407559	2b5e92153a62c97dea6fdab904920523afac90867e6aa20d892222ca32559a4b	linear	unplaced-scaffold	Chromosome	chromosome	336988	43.00478215317121	2	2
GCF_001752545.1	NZ_JSAG01000022.1	8365	37f955389a1fd37c8db768eb242a168b6e0da1b6fc399ddabffdbce70be80c87	linear	unlocalized-scaffold	Plasmid	plasmid	336988	37.58517632994621	0	0
GCF_001752545.1	NZ_JSAG01000001.1	161749	0cf3a98381909e8bbb0e8f705b47bdc2b907dc4419c9eb807d94d955f2b31f43	linear	unplaced-scaffold	Chromosome	chromosome	336988	43.193115216262335	1	1
GCF_001752545.1	NZ_JSAG01000009.1	4061	23bd907a75c826af48e602237fb526c693898b8a88c3ee90741ba3a268877936	linear	unplaced-scaffold	Chromosome	chromosome	336988	38.4141836985964	0	0
GCF_001752545.1	NZ_JSAG01000010.1	16277	8569094c474929e274b3edfd97c0a7ef41329f724a7b5f25385ea1dc851a6f95	linear	unplaced-scaffold	Chromosome	chromosome	336988	39.76406979601868	1	1
GCF_001752545.1	NZ_JSAG01000011.1	461	4552302e3ca64da55acbdf50a565fe87a61032a56f4bc3315926832e41eacee9	linear	unplaced-scaffold	Chromosome	chromosome	336988	39.47939262472885	0	0
GCF_001752545.1	NZ_JSAG01000012.1	261715	be3c32415e1b35e5d4ca055a9496e529c8e2bb2b714dab4871f0d8fd66d68f58	linear	unplaced-scaffold	Chromosome	chromosome	336988	42.542842404906104	0	0
GCF_001752545.1	NZ_JSAG01000013.1	461	fb702afa793216cadd9e331115bae3da22305c878cc34f7709f815a85f1a7182	linear	unplaced-scaffold	Chromosome	chromosome	336988	40.130151843817785	0	0
GCF_001752545.1	NZ_JSAG01000014.1	44943	098a807fb51114c6990cb701c3b47f0c3f26f041937feb8373f42b0f5c55d796	linear	unplaced-scaffold	Chromosome	chromosome	336988	40.958145123606506	2	2
GCF_001752545.1	NZ_JSAG01000015.1	6538	44f0a21c6b738dd06e68247d5373631e803883949736957612af2f71413af953	linear	unplaced-scaffold	Chromosome	chromosome	336988	47.07861731416335	0	0
GCF_001752545.1	NZ_JSAG01000016.1	27808	678091e0742e4bbe7c81b4a09a0c5d8487b149c51303e3074575de0750177d3e	linear	unplaced-scaffold	Chromosome	chromosome	336988	46.52977560414269	0	0
GCF_001752545.1	NZ_JSAG01000017.1	482365	0dbbb60b899f9d91e8f41e0ae6bd4c4d56fb80814064e80726b257d746673d15	linear	unplaced-scaffold	Chromosome	chromosome	336988	43.272210877654885	0	0
GCF_001752545.1	NZ_JSAG01000018.1	1639	fb94d1d075432e86a403684214f896d90263529420dcf9a5b68dc941e6e1d7db	linear	unplaced-scaffold	Chromosome	chromosome	336988	43.92922513727883	0	0
GCF_001752545.1	NZ_JSAG01000002.1	751	25d3854c2bf176325fa2c776a921a10ff24a630fd42df11c959f3affc1099487	linear	unplaced-scaffold	Chromosome	chromosome	336988	40.21304926764314	0	0
GCF_001752545.1	NZ_JSAG01000019.1	2577	78db94776bfd1cb1750de6fda0728e0839e573547744fbf42923255f6fbce6b1	linear	unplaced-scaffold	Chromosome	chromosome	336988	41.598758246022506	0	0
GCF_001752545.1	NZ_JSAG01000020.1	5503	1418b3654a46bbf27eb10332417ae847b76f3d00c986f349411e2779ff840be2	linear	unplaced-scaffold	Chromosome	chromosome	336988	47.46501908050154	0	0
GCF_001752545.1	NZ_JSAG01000021.1	5570	2fc1c38ab4dc6bd63dcf921a927ce193981040c5922f90ce3453e17281785dcb	linear	unplaced-scaffold	Chromosome	chromosome	336988	41.79533213644524	0	0
GCF_001752545.1	NZ_JSAG01000023.1	10390	1b46287be12cd3dd80fa5232016fec4c43f97c678c584bec076a27074570287c	linear	unplaced-scaffold	Chromosome	chromosome	336988	38.72954764196343	0	0
GCF_001752545.1	NZ_JSAG01000024.1	23209	17e0ad726c4724088c2be6831ee5ce9e6e57ef272933ad0ec53a26ae87c51119	linear	unplaced-scaffold	Chromosome	chromosome	336988	44.534447843508985	0	0
GCF_001752545.1	NZ_JSAG01000025.1	87915	784fa06c38a85d004fa925b19e30fd649d371be8957ff444beeccdbc0a4ecfdd	linear	unplaced-scaffold	Chromosome	chromosome	336988	42.253312859011544	0	0
GCF_001752545.1	NZ_JSAG01000026.1	111904	b40f46708ad6f56de5a2ea26dc7f26ad256d5aa058703c1a894fcbb59d9fb73c	linear	unplaced-scaffold	Chromosome	chromosome	336988	44.09940663425794	0	0
GCF_001752545.1	NZ_JSAG01000027.1	395685	cd11cbf1e88b4c7b8709f9f3a1ed0f569eb98cfdb42e90b3625d122db1ea5798	linear	unplaced-scaffold	Chromosome	chromosome	336988	43.1156096389805	0	0
GCF_001752545.1	NZ_JSAG01000003.1	651	fce9d331374181e50d4644ecc61ca10822c7b62395ae8faef9b0253f482b2f63	linear	unplaced-scaffold	Chromosome	chromosome	336988	39.59938366718028	2	2
GCF_001752545.1	NZ_JSAG01000004.1	587	1fd65596ac8135f5d66fcfdd165a336244f618b257fe6ef41ae00f5d93303d67	linear	unplaced-scaffold	Chromosome	chromosome	336988	39.59044368600683	1	1
GCF_001752545.1	NZ_JSAG01000005.1	85506	bdc0067f562a531b67bc4be4931a68701d46f4198e8205bb8e44e0dd93060ada	linear	unplaced-scaffold	Chromosome	chromosome	336988	39.911819053633664	0	0
GCF_001752545.1	NZ_JSAG01000006.1	1142	d72954d853dfd3afab74a6345c41eb7bdad2eb57f7d130953e7be4e54bef5941	linear	unplaced-scaffold	Chromosome	chromosome	336988	37.478108581436075	0	0
GCF_001752545.1	NZ_JSAG01000007.1	12036	745c3dc9c28f9290277183c3905573681794e71d264604453e12e66ea0fd8d38	linear	unplaced-scaffold	Chromosome	chromosome	336988	39.58956463941509	0	0
GCF_001752545.1	NZ_JSAG01000008.1	79235	432a3504d795e131835955430c110f0d875406fe39d4c882efe68e310dd55e60	linear	unplaced-scaffold	Chromosome	chromosome	336988	41.205275446456746	0	0
GCF_001761545.1	NZ_CP017326.1	1683184	cf65a2270870e10a7a5e121badb8fcffbde398fccac21d2bdce00f53207cd360	circular	assembled-molecule	Chromosome	chromosome	155866	43.73277074877138	0	0
GCF_001767275.1	NZ_CP015206.1	2131361	d149fa01d1cfbb4df1a8416a6fcd283ac34b0722a416c4492208b2ef6f072245	circular	assembled-molecule	Chromosome	chromosome	1254	42.10215913681446	0	0
GCF_001888925.1	NZ_CP018218.1	1891796	83009775499c5aa8002c21f1b0313ed40fe0acc93321c4bb39812fc1957804f1	circular	assembled-molecule	Chromosome	chromosome	1217420	50.09514767977097	0	0
GCF_001891125.1	NZ_CP015247.1	2026850	ae79cd5e56f3cf139992291aa51d8d97bee397e10b6abbe40b2252b32e799c2f	circular	assembled-molecule	Chromosome	chromosome	1511761	37.588129363297725	0	0
GCF_001891125.1	NZ_CP015248.1	21983	4c64f491f618ee18285dbbd64d034cb47e23594ed33e7075741f9f3195049623	circular	assembled-molecule	Plasmid	plasmid	1511761	36.96037847427558	0	0
GCF_001932615.1	NZ_CP014332.1	2114163	96b644b74b7c4c497346fa364099ac9d3e8c51be74bd2db9c338c38a1559c593	circular	assembled-molecule	Chromosome	chromosome	1631871	38.84733580144956	0	0
GCF_001932615.1	NZ_CP014333.1	35382	ed4a423835c0f903bc4737d8d0bead1ba936fa849fd6688324384828f0108c4b	circular	assembled-molecule	Plasmid	pFOL01	1631871	39.12441354360975	0	0
GCF_001998805.1	NZ_CP016329.1	1663492	d6eeb305dcb85e474bf84d6a4d736eac917bc7730bc56629a769d5e0173984db	circular	assembled-molecule	Chromosome	chromosome	255248	43.52939479119827	0	0
GCF_001998805.1	NZ_CP016330.1	38640	6b64c14c24e3da0d6be19c8a347b748afca425b8473a81683eda35ce1170ffa0	circular	assembled-molecule	Plasmid	unnamed1	255248	37.95807453416149	0	0
GCF_001998805.1	NZ_CP016331.1	13059	58b1184b6702b9272a4377b786ee329795a11c9da3672e72c116c4b11ee5ba76	circular	assembled-molecule	Plasmid	unnamed2	255248	37.15445286775404	0	0
GCF_002174215.1	NZ_CP021529.1	2025732	c25c4aa464329d4e985b331c1e7ad29aefbf93dcc29acfd6ac86d73e38476e2e	circular	assembled-molecule	Chromosome	chromosome	1254	42.23781823064453	0	0
GCF_002174215.1	NZ_CP021530.1	59600	91f61d2f7727636a4337b6d2fe1edb61ec642b3665373a3401d315b0265f7bea	circular	assembled-molecule	Plasmid	pPL1189-1	1254	40.01677852348993	0	0
GCF_002174215.1	NZ_CP021531.1	9423	08cf982a709b6fdb20f771bcbd19e440d31efe03f03c3b28501335d769191afa	linear	assembled-molecule	Plasmid	pPL1189-2	1254	33.93823623049984	0	0
GCF_002950695.1	NZ_CP026847.1	1495237	d284688588348d3aa720690c6d08f6cfb592c8bcb39910a1cdf6185b61851e67	circular	assembled-molecule	Chromosome	chromosome	165096	35.45029985213046	0	0
GCF_002950695.1	NZ_CP026848.1	31842	149ca2d6b33e5f21cee6545aff32220c67f4e93ec56352a6fabc1abc198c74c5	circular	assembled-molecule	Plasmid	pWKW_1	165096	39.95352050750581	0	0
GCF_002950695.1	NZ_CP026849.1	9934	f7ddeac6a809a4c0dbe68d7b4efb742545be9c6a06f147b9fa85af6fb5f6aef8	circular	assembled-molecule	Plasmid	pWKW_2	165096	27.461244211797865	0	0
GCF_002970915.1	NZ_CP027190.1	2494909	461f80225ddac9a3ffe004d3e1ca82dbb4dc708840159f44340b90797355504a	circular	assembled-molecule	Chromosome	chromosome	2099788	42.855230391168575	0	0
GCF_002970915.1	NZ_CP027191.1	35855	cfd8bb0f29fa168f4b15285bd97138412957e2e137f85dfd267dd8fe6dc0dd1c	circular	assembled-molecule	Plasmid	pCBA3605-1	2099788	38.56087017152419	0	0
GCF_002970915.1	NZ_CP027192.1	11850	684fcc30d97d25458c84ea48438c84afca9029c4deede314c725f09f593fe716	circular	assembled-molecule	Plasmid	pCBA3605-2	2099788	44.71729957805907	0	0
GCF_002970915.1	NZ_CP027193.1	9970	7eb7c632d37ce18f689e1e009add5398940c8daf8c8ea191689df27c630a0b42	circular	assembled-molecule	Plasmid	pCBA3605-3	2099788	35.53660982948846	0	0
GCF_002970935.1	NZ_CP027194.1	2449069	058d2995066cf52fe4cc524a9579ff6017f6c71989608143b10723cb8ba9977e	circular	assembled-molecule	Chromosome	chromosome	2099789	43.2974326162309	0	0
GCF_002970935.1	NZ_CP027195.1	51446	4ccb437cb847952db8c340badf7936674057e07ee1301a0f4164d4d15d82a87e	circular	assembled-molecule	Plasmid	pCBA3606-1	2099789	39.47051277067216	0	0
GCF_002970935.1	NZ_CP027196.1	42162	a7aa67faff2e3739872c8b67facc729c566da3d7aba66638e4ead58b1a860fdc	circular	assembled-molecule	Plasmid	pCBA3606-2	2099789	40.0502822446753	0	0
GCF_002970935.1	NZ_CP027197.1	17059	d65fd519fee66b5ee414320a35eae7f5dc86bacca46954912ad49dcbfd1dff2b	circular	assembled-molecule	Plasmid	pCBA3606-3	2099789	40.5650976024386	0	0
GCF_003150935.1	NZ_CP029476.1	1683102	f97485e6712e90e864ccd30493db77354376931d2c3ac2ec28ae9b6742a15ad4	circular	assembled-molecule	Chromosome	chromosome	303541	37.336536941908456	0	0
GCF_003151025.1	NZ_CP029477.1	2018944	30ff1208eaa4058c0dd9b301d099deedf588196769bdff4fd3dc146feaf8d483	circular	assembled-molecule	Chromosome	chromosome	1218493	35.79227556584036	0	0
GCF_003173695.1	NZ_CP029544.1	1856015	2ddf5dbb8266049a11fdabd5ed929ef0fc7520d73f14844c418486d5fce7f35a	circular	assembled-molecule	Chromosome	chromosome	1218494	36.78811863050676	0	0
GCF_003173695.1	NZ_CP029545.1	11217	5fe24a601ca515e2cffff6f06f74f53aa57404db282237781e485458245484cc	linear	assembled-molecule	Plasmid	plasmid	1218494	31.50575020058839	0	0
GCF_003176835.1	NZ_CP028160.1	2579381	be1ef2c8b845f58a12f5706c0a62dc33609799605179176eeb7c62061386f91f	circular	assembled-molecule	Chromosome	chromosome	1360	35.00766269116505	0	0
GCF_003176835.1	NZ_CP028161.1	59700	16ddeea67ff2ea2dad3d6285684bcbe4064cbad634193a7ad776495fced075d7	circular	assembled-molecule	Plasmid	p14B4	1360	33.69346733668342	0	0
GCF_003264795.1	NZ_CP027431.1	1826824	6b9556552d24b8093d089c5376022b178d77f3e226408a7bb4d1f1dc89588310	circular	assembled-molecule	Chromosome	chromosome	1247	37.92166076206575	0	0
GCF_003584685.1	NZ_AP018549.1	1937632	1a869e28d25744b5bf3e517c612c22d741193bc504b3226b123b852d856159ea	circular	assembled-molecule	Chromosome	chromosome	2107999	34.89857723241565	0	0
GCF_003641185.1	NZ_CP032757.1	3622107	2ad463ac9ebf37b417ea58a7801d4d9fce49d44be6acc44338016dcdfaa4c11a	circular	assembled-molecule	Chromosome	chromosome	1589	46.407546767668656	0	0
GCF_003641185.1	NZ_CP032758.1	49266	3273dfb8824b21dbbf22e5fe1744a9f45db706331ae3cae671a9722b334ea621	circular	assembled-molecule	Plasmid	unnamed1	1589	41.04047416067876	0	0
GCF_003722275.1	NZ_CP033607.1	2365672	7368b29948a76b6c4705d28f30df3684a494ada2429ff9483721ca5ffa4b465a	circular	assembled-molecule	Chromosome	chromosome	1358	35.328073937584726	1	1
GCF_003999355.1	NZ_CP031835.1	1400795	ab9307075a968ffc21a3a50f3767aea2d17d70dadb1701181ad57e461318e6de	circular	assembled-molecule	Chromosome	chromosome	83683	38.47158220867436	0	0
GCF_003999355.1	NZ_CP031836.1	200398	a092dcafb2424578e5708d660120c3e241fab44b88a6c6f3c05c89b6f7e45a05	circular	assembled-molecule	Plasmid	p1	83683	36.881106597870236	0	0
GCF_004354645.1	NZ_PUFI01000001.1	1303	2424d8dc40ce78357de6943207fa5921b1d148a3653c763d32841db0a9f55c7f	linear	unplaced-scaffold	Chromosome	chromosome	1251	34.53568687643899	0	0
GCF_004354645.1	NZ_PUFI01000008.1	4764	0668d4a11074d817bec355041a93b653b47d70cca8c8466a53b2bf487abe15f5	linear	unplaced-scaffold	Chromosome	chromosome	1251	28.316540722082284	0	0
GCF_004354645.1	NZ_PUFI01000013.1	97906	a95fc7f7b8e49dfda5a67e47bb002f02b1dd2c37a05964d69a90eb1c450463fa	linear	unplaced-scaffold	Chromosome	chromosome	1251	38.83112373092558	0	0
GCF_004354645.1	NZ_PUFI01000010.1	5666	0107aa48f370400a3fcff0ecd2ff0d8557ea7dac65acccf650ca767adc41be46	linear	unplaced-scaffold	Chromosome	chromosome	1251	48.42922696787858	0	0
GCF_004354645.1	NZ_PUFI01000003.1	1616	e66e994272c62f3db8bbbfd8308cf8b472b27ac734d01235d9d7b13289211179	linear	unplaced-scaffold	Chromosome	chromosome	1251	51.67079207920792	0	0
GCF_004354645.1	NZ_PUFI01000016.1	74329	3e56feb0e5c9cf9653596247044eeb3c80a03f72b9bed94052a931e928b9133c	linear	unplaced-scaffold	Chromosome	chromosome	1251	37.582908420670265	0	0
GCF_004354645.1	NZ_PUFI01000014.1	480020	88eade89fc39403dbc1d4798b3580cf79f25e7f5be03de6dce0be7b79d0fe501	linear	unplaced-scaffold	Chromosome	chromosome	1251	37.33365276446815	0	0
GCF_004354645.1	NZ_PUFI01000009.1	181819	acabcde03d1838f66d3909f1391303fc2831948ca59d668e9f54377231bcc7fe	linear	unplaced-scaffold	Chromosome	chromosome	1251	38.887575005912474	0	0
GCF_004354645.1	NZ_PUFI01000005.1	332586	c42c3f4a138c35606337afa82cf910c26387a51426d5f63183fc7c74b4f3d390	linear	unplaced-scaffold	Chromosome	chromosome	1251	37.47451786906244	0	0
GCF_004354645.1	NZ_PUFI01000006.1	2831	71efa8e55c3b1415823b3b5c9b63efb220cb56d4fea983852c76c88e445cbf6c	linear	unplaced-scaffold	Chromosome	chromosome	1251	38.74955845990816	0	0
GCF_004354645.1	NZ_PUFI01000011.1	1766	187aaaf87a6948c0f4eeb66039236b9eb935d1f3167124054651f47af4e37252	linear	unplaced-scaffold	Chromosome	chromosome	1251	39.36915887850467	54	54
GCF_004354645.1	NZ_PUFI01000007.1	104822	404431d7a482d5b76074e3ffb00fc633d9f5cd2448851cc73288281e5285598e	linear	unplaced-scaffold	Chromosome	chromosome	1251	38.160080976299156	100	100
GCF_004354645.1	NZ_PUFI01000004.1	1028	c6ddbbe6d5f80fa573dda68a62e934f2be2ae77f9cf0d750737a4dcc9da67a49	linear	unplaced-scaffold	Chromosome	chromosome	1251	43.25153374233129	50	50
GCF_004354645.1	NZ_PUFI01000015.1	273258	cfac8358755c813d04649f9390386d485c7c81c6bc73d97a1562f5494e55a99d	linear	unplaced-scaffold	Chromosome	chromosome	1251	36.86897894644373	50	50
GCF_004354645.1	NZ_PUFI01000012.1	5961	acf79208d8e012fc3d55a788d0c99809b50593f1dcb092bc1e5257f34a94b094	linear	unplaced-scaffold	Chromosome	chromosome	1251	36.873007884583124	0	0
GCF_004354645.1	NZ_PUFI01000002.1	90842	d0cc5ea32d46b03818f11eae1260f47a1d84db013d6efe587fe4501b46890931	linear	unplaced-scaffold	Chromosome	chromosome	1251	37.99784240769688	0	0
GCF_004377635.1	NZ_SNSU01000001.1	399244	739e41d7fdadec9bb15e764eb52ee4811461664e4e083716c01f5694577dc7df	linear	unplaced-scaffold	Chromosome	chromosome	1247	38.495756980693514	0	0
GCF_004377635.1	NZ_SNSU01000010.1	45133	5142335ba04c5c15cbf82db44846d60983fe30d84d3a43b73ad73a4e2d25a306	linear	unplaced-scaffold	Chromosome	chromosome	1247	36.07338311213525	0	0
GCF_004377635.1	NZ_SNSU01000011.1	36530	67ffb4496a7283c548a838dd1d739e748e34f58b2bdcb33df47264168aef7e12	linear	unplaced-scaffold	Chromosome	chromosome	1247	37.43975903614458	10	10
GCF_004377635.1	NZ_SNSU01000012.1	19282	d53a56384ad888334a64c0cd3d3710d1ba413d0fe34ad9c2084973834979b93f	linear	unplaced-scaffold	Chromosome	chromosome	1247	35.05860387926564	0	0
GCF_004377635.1	NZ_SNSU01000013.1	12427	4bfb5a86bd666464a99eda7c14f83a199f666113be629ef65b878e15e14850fe	linear	unplaced-scaffold	Chromosome	chromosome	1247	31.8580510179448	0	0
GCF_004377635.1	NZ_SNSU01000014.1	12413	d8eafbd69314520f92733903c6ce3b667fda56e31dc671a0524dd2d5d7ca0519	linear	unplaced-scaffold	Chromosome	chromosome	1247	36.54233464915814	0	0
GCF_004377635.1	NZ_SNSU01000015.1	10022	7ef73872e4b706cd348e170d6527a09953b4a512ddfa6ca69233c7fbfe1497ba	linear	unplaced-scaffold	Chromosome	chromosome	1247	38.37557373777689	0	0
GCF_004377635.1	NZ_SNSU01000016.1	6865	45e7665f32de0e7863b10d5f9a803f6d983d89ddcc823c8aaffa4c51e490b44c	linear	unplaced-scaffold	Chromosome	chromosome	1247	35.20757465404224	0	0
GCF_004377635.1	NZ_SNSU01000017.1	5459	6f006be7b01a4db0db8f6874f508644d0694a85ab183272fd3650b704145b9a5	linear	unplaced-scaffold	Chromosome	chromosome	1247	46.56530500091592	0	0
GCF_004377635.1	NZ_SNSU01000018.1	4485	b4135cb4575b04c33c5580105c1a966f995a23f75f212891cedbfe006826d11e	linear	unplaced-scaffold	Chromosome	chromosome	1247	36.58862876254181	0	0
GCF_004377635.1	NZ_SNSU01000019.1	4239	78fb33dd508f141d07d7f25da7b0dff922f03c13bdcd13e1f72beeb4452d5c55	linear	unplaced-scaffold	Chromosome	chromosome	1247	35.24416135881104	0	0
GCF_004377635.1	NZ_SNSU01000002.1	219235	5f89e424ff401c661abcac4155036cd5e5ac554b6a17166830dac9f964f60519	linear	unplaced-scaffold	Chromosome	chromosome	1247	38.74381371587566	0	0
GCF_004377635.1	NZ_SNSU01000020.1	3848	0db242c625058778f15afc8f362ed31f0c8c4eacc072531ff5830cf4f78757d8	linear	unplaced-scaffold	Chromosome	chromosome	1247	40.93035343035343	0	0
GCF_004377635.1	NZ_SNSU01000021.1	3794	1669045500c36ae6ca5b135a28a17e6ddcda2b773e89e3ef98f105abc57aabf2	linear	unplaced-scaffold	Chromosome	chromosome	1247	32.3405376910912	0	0
GCF_004377635.1	NZ_SNSU01000022.1	3191	f46c51289f8ee91b6e17889b2c4f3ee4199c4b63e019e597f25293653edf8490	linear	unplaced-scaffold	Chromosome	chromosome	1247	31.651519899717957	0	0
GCF_004377635.1	NZ_SNSU01000023.1	2576	df1d606041fd8e39d29073540963f1bc1e6bcbbd70ec61c2c9be8d74ce5fed08	linear	unplaced-scaffold	Chromosome	chromosome	1247	35.9472049689441	0	0
GCF_004377635.1	NZ_SNSU01000024.1	1423	86c59bf50dfdbd0e0f569c1055c4854314de5b665002ffa9bf1a508b748b78cd	linear	unplaced-scaffold	Chromosome	chromosome	1247	40.12649332396346	0	0
GCF_004377635.1	NZ_SNSU01000025.1	1173	bc683614755df3a5b5cafdb746cbbb56b615e19628f6ec8dcd8c00a95baaaf33	linear	unplaced-scaffold	Chromosome	chromosome	1247	37.59590792838875	0	0
GCF_004377635.1	NZ_SNSU01000026.1	834	4291290b3a2dd4e9c23a4cf3714c8207ecbd74b06b34cef1f135ad2fefc7d626	linear	unplaced-scaffold	Chromosome	chromosome	1247	49.040767386091126	0	0
GCF_004377635.1	NZ_SNSU01000027.1	809	3d3c9cbe62d3171b33454f62fac87be353a99c02f76f69afc40203be123b7ff5	linear	unplaced-scaffold	Chromosome	chromosome	1247	42.27441285537701	0	0
GCF_004377635.1	NZ_SNSU01000028.1	765	0895d255f3a84d99ef6cd80fb4fc3dcbf3a4c01d1eefbeaec19354733c75092b	linear	unplaced-scaffold	Chromosome	chromosome	1247	42.22222222222222	0	0
GCF_004377635.1	NZ_SNSU01000029.1	738	9c34d0076f3292ac37aa4c3bee28a3ac1488156b1be043d106a1ea97d44abc95	linear	unplaced-scaffold	Chromosome	chromosome	1247	45.25745257452574	0	0
GCF_004377635.1	NZ_SNSU01000003.1	205142	6f73d374514af55bb2e4dc9ff2a9c9597caa5d5bb88c685c64420823ffe38806	linear	unplaced-scaffold	Chromosome	chromosome	1247	38.22815415663297	0	0
GCF_004377635.1	NZ_SNSU01000030.1	725	ff43984cd5d6d67c855171a093d97d5db9549dd1ddfe384ceb0f4f93ae969018	linear	unplaced-scaffold	Chromosome	chromosome	1247	48.827586206896555	0	0
GCF_004377635.1	NZ_SNSU01000031.1	703	0289ec37c7422479bf638daf39b78475d6962518a003a23b50feffe68acfaae1	linear	unplaced-scaffold	Chromosome	chromosome	1247	49.217638691322904	0	0
GCF_004377635.1	NZ_SNSU01000032.1	674	d8329d97a9986ef3db9665a676eb551dd78910da17b8e71072209be5000ed244	linear	unplaced-scaffold	Chromosome	chromosome	1247	31.602373887240358	0	0
GCF_004377635.1	NZ_SNSU01000033.1	661	b1456a620b0d337c0ca3cef31b5ecd88d61e757f982c985346376bbf90430440	linear	unplaced-scaffold	Chromosome	chromosome	1247	39.183055975794254	0	0
GCF_004377635.1	NZ_SNSU01000034.1	630	1841572472324595f82068267beac1645d816d26a2261989a3e9f19d69bd68ce	linear	unplaced-scaffold	Chromosome	chromosome	1247	40.317460317460316	0	0
GCF_004377635.1	NZ_SNSU01000035.1	606	db3d2432285142782a7ad5fca60ffc706621d1e00e7dd0c45333d60d2a7b0449	linear	unplaced-scaffold	Chromosome	chromosome	1247	50.495049504950494	0	0
GCF_004377635.1	NZ_SNSU01000036.1	576	a601747b77a666ccdc343144a94da9be65e941ebc0ec390f0e08f1342e541ecc	linear	unplaced-scaffold	Chromosome	chromosome	1247	27.256944444444443	0	0
GCF_004377635.1	NZ_SNSU01000037.1	545	9b2d98ec876a2bfb4fbf08b811315e73644b95f658d53fc71939e2e1524b3c48	linear	unplaced-scaffold	Chromosome	chromosome	1247	60.55045871559633	0	0
GCF_004377635.1	NZ_SNSU01000038.1	543	e28bd2ac6326b1e9de088e7028c7098c596fc1d5dc97bc8ab7961c38cc1816e3	linear	unplaced-scaffold	Chromosome	chromosome	1247	54.14364640883978	0	0
GCF_004377635.1	NZ_SNSU01000039.1	518	b94cce6df6b83922a8021f459e990937c2fb85a82e4f9ce131a8ce4c34694fc0	linear	unplaced-scaffold	Chromosome	chromosome	1247	40.34749034749035	0	0
GCF_004377635.1	NZ_SNSU01000004.1	173522	08a7b1f051c3e5ad58efc9852d162948289a938fda746bace8c3a254383b6fd0	linear	unplaced-scaffold	Chromosome	chromosome	1247	36.666244049745856	0	0
GCF_004377635.1	NZ_SNSU01000040.1	504	3bba8defd823e5fbbf8a29f3b915ff305b0f1094bfe77bbcabd85cede13656ac	linear	unplaced-scaffold	Chromosome	chromosome	1247	42.26190476190476	0	0
GCF_004377635.1	NZ_SNSU01000005.1	168030	7051df5dc868d6c8e58bb6f6347f4f7cd9794c38585509be715c9ea697c8784b	linear	unplaced-scaffold	Chromosome	chromosome	1247	37.99143010176754	0	0
GCF_004377635.1	NZ_SNSU01000006.1	142017	0b8a5903ea5e9389bcef2fc97725f8261be9d5f2e0dba074a6c2c54a8f9ba824	linear	unplaced-scaffold	Chromosome	chromosome	1247	36.82305639465698	0	0
GCF_004377635.1	NZ_SNSU01000007.1	138402	ef842e9c037370e891837e17c52ec03d2eff7f6224b91868200d1505a2832e63	linear	unplaced-scaffold	Chromosome	chromosome	1247	38.49438591927862	0	0
GCF_004377635.1	NZ_SNSU01000008.1	127042	6ebf4e4d30b6371ed8eb7d0b1319b12d742e29283c607a5e61ad605906b8c8db	linear	unplaced-scaffold	Chromosome	chromosome	1247	36.22738936729586	0	0
GCF_004377635.1	NZ_SNSU01000009.1	86790	bb6161e24e769c5026b55bb6f54a0921f1b1f4b9cbb1ce8f1d7d60df1631a063	linear	unplaced-scaffold	Chromosome	chromosome	1247	37.69328263624842	0	0
GCF_005405405.1	NZ_BJDZ01000001.1	153339	dc4076a48010579a0cfb4048900f2346f810d52b9744a9576fc0991ad051ec91	linear	unplaced-scaffold	Chromosome	chromosome	1457217	49.98728307866883	0	0
GCF_005405405.1	NZ_BJDZ01000002.1	134980	fc565a9b31dc1991a0f73289a1564bade65183e5186b9d7b9912af4bb41d4889	linear	unplaced-scaffold	Chromosome	chromosome	1457217	50.58675359312491	0	0
GCF_005405405.1	NZ_BJDZ01000003.1	129557	4d312bd3011676a6b570334cf65ec03a2670bea75e5fd773b18712b7296538a2	linear	unplaced-scaffold	Chromosome	chromosome	1457217	50.41255972274752	0	0
GCF_005405405.1	NZ_BJDZ01000004.1	128796	26f8b72f9f29a668435149882ee17316ba65e85c0080103409a58c6c0c6a3da9	linear	unplaced-scaffold	Chromosome	chromosome	1457217	49.71350041926768	0	0
GCF_005405405.1	NZ_BJDZ01000005.1	128360	acc40f0b862c403677f3247f1cf9d5272e6a705712517cadcb327ef98e0eacab	linear	unplaced-scaffold	Chromosome	chromosome	1457217	49.426612651916486	0	0
GCF_005405405.1	NZ_BJDZ01000006.1	126660	54ba9ab0d23b79392e37a4ac4b200c4c7a727fc4c497bc9dd65cb5c30ebf4acb	linear	unplaced-scaffold	Chromosome	chromosome	1457217	50.405021316911416	0	0
GCF_005405405.1	NZ_BJDZ01000007.1	124989	c4ee79c5de048360521cadcd5befa4dfd5201633e12a212ff77837559ad362f0	linear	unplaced-scaffold	Chromosome	chromosome	1457217	47.22015537367288	0	0
GCF_005405405.1	NZ_BJDZ01000008.1	117256	dfe54cb8dc919f1959d9cc67d2f63616a775b6ba06b24c03292c0740b1a6a8ae	linear	unplaced-scaffold	Chromosome	chromosome	1457217	49.9982943303541	0	0
GCF_005405405.1	NZ_BJDZ01000009.1	105856	8553d572f2176ab9e17318e32a90ed70b2e1513bb18651d0b4b4dd9945cb40dd	linear	unplaced-scaffold	Chromosome	chromosome	1457217	49.129950120918984	0	0
GCF_005405405.1	NZ_BJDZ01000010.1	94377	cb7db05d367aedd95a6d452b174e398630c0595d4dd69d09045e2a50ee753b1b	linear	unplaced-scaffold	Chromosome	chromosome	1457217	48.87101730294457	0	0
GCF_005405405.1	NZ_BJDZ01000011.1	93425	75f9a980fd261baf7023f33d196f6bacb146a976588821d8841ca1c7b947406a	linear	unplaced-scaffold	Chromosome	chromosome	1457217	48.796360717152794	0	0
GCF_005405405.1	NZ_BJDZ01000012.1	91851	b15f3686df8f75f983d98a5ea4ffcd24beebf41c94ce8f695b2a3be8533caccc	linear	unplaced-scaffold	Chromosome	chromosome	1457217	49.631468356359754	0	0
GCF_005405405.1	NZ_BJDZ01000013.1	78157	98fbc103cd6202730e593ac2ed33e8a60074ef4265b455f20b70c800a6e7db06	linear	unplaced-scaffold	Chromosome	chromosome	1457217	50.12091047506941	0	0
GCF_005405405.1	NZ_BJDZ01000014.1	68133	f1d239700aa17a8fa21f40810182b9bf1713f2b1b769fd29fd25991b4bcf4d4e	linear	unplaced-scaffold	Chromosome	chromosome	1457217	49.89212275989608	0	0
GCF_005405405.1	NZ_BJDZ01000015.1	64819	b53686fde68ea1e2b4c61a3b62fa146c8d250f73cdad85e40cea7350d2e60ff5	linear	unplaced-scaffold	Chromosome	chromosome	1457217	51.11001403909348	0	0
GCF_005405405.1	NZ_BJDZ01000016.1	63097	441ff03e65db199efdce94fc9e0d5f87266c0b297de9f51cfa759aa9469141e6	linear	unplaced-scaffold	Chromosome	chromosome	1457217	49.721856823620776	0	0
GCF_005405405.1	NZ_BJDZ01000017.1	58531	f4c63ed32288765cad0f675b805dd6a28c0935d80280710c41d753e8df69337a	linear	unplaced-scaffold	Chromosome	chromosome	1457217	50.2366267448019	0	0
GCF_005405405.1	NZ_BJDZ01000018.1	55128	41332bbdae8ca058d2db90efaad8eae3f268d4f41352e0f65f5f1265884cd724	linear	unplaced-scaffold	Chromosome	chromosome	1457217	51.52554056015092	0	0
GCF_005405405.1	NZ_BJDZ01000019.1	50288	a97d605f3b2c25d4cf3cc9597b34fbc565d4fe48adebd3050e6284b7c7ed1eea	linear	unplaced-scaffold	Chromosome	chromosome	1457217	50.97041043588928	0	0
GCF_005405405.1	NZ_BJDZ01000020.1	49529	c8f25d19d70190ab251d261ac903110c8cd7e61b99631211281dd395cb9bc3e9	linear	unplaced-scaffold	Chromosome	chromosome	1457217	49.33473318661794	0	0
GCF_005405405.1	NZ_BJDZ01000021.1	49447	47e8ece50a01142013fc0b9b14282d12560259a1bad87a2e1cf32580fb3f7bf2	linear	unplaced-scaffold	Chromosome	chromosome	1457217	49.50350880740996	0	0
GCF_005405405.1	NZ_BJDZ01000022.1	48268	404f33b041ad4cf3b28c7323bf6492fbe668544c14e065065bd943933014c5c5	linear	unplaced-scaffold	Chromosome	chromosome	1457217	47.87851164332477	0	0
GCF_005405405.1	NZ_BJDZ01000023.1	46602	b230ba4fff1148f034eea76c2e035d3e4509bbf157c0090754d6e7b2541f5b61	linear	unplaced-scaffold	Chromosome	chromosome	1457217	49.210334320415434	0	0
GCF_005405405.1	NZ_BJDZ01000024.1	45519	a31a255d3eae4a2527d8acc56072ca10193e6b8dea2402fb1361655c9269694d	linear	unplaced-scaffold	Chromosome	chromosome	1457217	45.03833564006239	0	0
GCF_005405405.1	NZ_BJDZ01000025.1	44953	0e36251a487da6ace574420ab45743d26d84cd53cafc1c773672871a27d4d388	linear	unplaced-scaffold	Chromosome	chromosome	1457217	43.77238449046782	0	0
GCF_005405405.1	NZ_BJDZ01000026.1	44513	dce6c769bcc8702ef2f8ad150512cc5a4a741824c446a832f05974210a5161ec	linear	unplaced-scaffold	Chromosome	chromosome	1457217	38.53981404353993	94	94
GCF_005405405.1	NZ_BJDZ01000027.1	38995	5e0889237abb316c6c5d014b3cf1542f7f06f473d9fae8940457995ac165148e	linear	unplaced-scaffold	Chromosome	chromosome	1457217	49.32170791127068	0	0
GCF_005405405.1	NZ_BJDZ01000028.1	38860	a30f3a933a35d15f4b45ed4a52e84305bd431a257e8d3d84ceecb00fc2741fc9	linear	unplaced-scaffold	Chromosome	chromosome	1457217	44.23571796191457	0	0
GCF_005405405.1	NZ_BJDZ01000029.1	38053	703dae947f448ba6b2d2b3557e1170b45c1e1df7babf0047c638acfac5319fab	linear	unplaced-scaffold	Chromosome	chromosome	1457217	48.54807768112895	0	0
GCF_005405405.1	NZ_BJDZ01000030.1	37715	adecc1b707e348cfbce7f757482c7e83924370790a8b0835138f6d194bcf3541	linear	unplaced-scaffold	Chromosome	chromosome	1457217	51.45432851650537	0	0
GCF_005405405.1	NZ_BJDZ01000031.1	34194	ab7cc6d04386ed5e2d50b5ce4792c9402f523015228892cc8c2c20794890e13a	linear	unplaced-scaffold	Chromosome	chromosome	1457217	49.62274083172486	0	0
GCF_005405405.1	NZ_BJDZ01000032.1	33764	c49d523076ba645fa11138afd24eac589f93d3bdef64b3cb219b67989343f168	linear	unplaced-scaffold	Chromosome	chromosome	1457217	49.17367610472693	0	0
GCF_005405405.1	NZ_BJDZ01000033.1	31346	5d6ef991c6b45d355d98f14713052dcdf52ca98bdd39f03cae69116bfbec3df0	linear	unplaced-scaffold	Chromosome	chromosome	1457217	48.39532954762968	0	0
GCF_005405405.1	NZ_BJDZ01000034.1	28589	b567537bfc1e87389f1c7768144d39c964052c57fc3da884ae70ab719ade29d3	linear	unplaced-scaffold	Chromosome	chromosome	1457217	47.89582675230775	98	98
GCF_005405405.1	NZ_BJDZ01000035.1	28417	cda289bfee108ed1e40bbe33f7d310e810e4410672b8b7965046d01818a2519a	linear	unplaced-scaffold	Chromosome	chromosome	1457217	47.1830242460499	0	0
GCF_005405405.1	NZ_BJDZ01000036.1	28283	036530f6ca564f910ac3a0939bd4c16b10dc09e3fed1fa2dd9cbe3ede8ec4cfb	linear	unplaced-scaffold	Chromosome	chromosome	1457217	51.274617261252345	0	0
GCF_005405405.1	NZ_BJDZ01000037.1	21327	03962a71cc079bda01b935f6293efb49996391281ecd38e7dfdebb5d90fcdf0b	linear	unplaced-scaffold	Chromosome	chromosome	1457217	48.82074365827355	0	0
GCF_005405405.1	NZ_BJDZ01000038.1	21277	f704bbf2fe5991b3772492947356fa6b252b2761f158175788700e69f4ae3fd5	linear	unplaced-scaffold	Chromosome	chromosome	1457217	49.67805611693378	0	0
GCF_005405405.1	NZ_BJDZ01000039.1	17604	8a68786aec7b2f3db1f43991c5eceb7cba6d8797e51a22baedc18e123441045c	linear	unplaced-scaffold	Chromosome	chromosome	1457217	35.38382453735435	96	96
GCF_005405405.1	NZ_BJDZ01000040.1	15304	847b50aa084b9347d6b244479055d8eaf533c8aea1580618136139c3807302b9	linear	unplaced-scaffold	Chromosome	chromosome	1457217	49.52300052273915	0	0
GCF_005405405.1	NZ_BJDZ01000041.1	13640	96f66f44e70fc2a6672686c404110c9a25db9e955cfed9340cb249a5cebf90fe	linear	unplaced-scaffold	Chromosome	chromosome	1457217	39.08357771260997	0	0
GCF_005405405.1	NZ_BJDZ01000042.1	13298	57c34f6ee14729f89bc3c339f6028a77222a2bd45ee42ef664fdb3aef46b86a3	linear	unplaced-scaffold	Chromosome	chromosome	1457217	39.291622800421116	0	0
GCF_005405405.1	NZ_BJDZ01000043.1	12677	48cf77fadf26a5d76f077a02f41428f848214279d9b2201e173ee389a47d2ebd	linear	unplaced-scaffold	Chromosome	chromosome	1457217	48.21329967657963	0	0
GCF_005405405.1	NZ_BJDZ01000044.1	10571	6d9333f9d1d47b57f82eb6e39dfea1ba355997841af98d08ac86efecc9f3ba50	linear	unplaced-scaffold	Chromosome	chromosome	1457217	40.76246334310851	0	0
GCF_005405405.1	NZ_BJDZ01000045.1	9035	1956d870c5c4b3eecd3b8bf271a285b132fc9fbcea41f835aa7cad91837238fb	linear	unplaced-scaffold	Chromosome	chromosome	1457217	33.37022689540675	0	0
GCF_005405405.1	NZ_BJDZ01000046.1	9026	15c95e211cbf6f2d82d6b686029fc393eb17473656fa7207cb78ef2a1de22986	linear	unplaced-scaffold	Chromosome	chromosome	1457217	46.487923775758915	0	0
GCF_005405405.1	NZ_BJDZ01000047.1	8895	c2cd4edbdc223d514b34bd65e0e34f2d07f9d5c9254eaa38b22311b36937fdc7	linear	unplaced-scaffold	Chromosome	chromosome	1457217	48.91512085441259	0	0
GCF_005405405.1	NZ_BJDZ01000048.1	8389	d74512392c957bfcc76707aa2c040ecceb583ecf1cb5dd8d933796e16f3546ad	linear	unplaced-scaffold	Chromosome	chromosome	1457217	42.24579806889975	0	0
GCF_005405405.1	NZ_BJDZ01000049.1	8126	9ca5e8b3223758e40c56885fbb3e4b9a90e44644c64bb3a8dab9f959a0b430be	linear	unplaced-scaffold	Chromosome	chromosome	1457217	48.387890721142014	0	0
GCF_005405405.1	NZ_BJDZ01000050.1	7849	a72278be13110cd21c599d2171277efccbb115707559ba1ce6d5b83b9b9265d5	linear	unplaced-scaffold	Chromosome	chromosome	1457217	47.598420180914765	0	0
GCF_005405405.1	NZ_BJDZ01000051.1	6452	b2f49d5ebbb9ba93ea9ff9d8774d7b53075f20b24cc2a06bf13728e3b45c8daf	linear	unplaced-scaffold	Chromosome	chromosome	1457217	46.09423434593924	0	0
GCF_005405405.1	NZ_BJDZ01000052.1	5173	88f1d7550b78ae28c0be9e4b5b2346751a47fbc350f072bfd9934cd8cc13d3e4	linear	unplaced-scaffold	Chromosome	chromosome	1457217	49.767253592390205	232	232
GCF_005405405.1	NZ_BJDZ01000053.1	5028	92475d42af252fb3d4a2b5acc9ec5489a3ea4f04ef727156aa0fa62ad0187570	linear	unplaced-scaffold	Chromosome	chromosome	1457217	38.902147971360385	0	0
GCF_005405405.1	NZ_BJDZ01000054.1	4789	a16d78226708db0a490290f7aa76fd0cc6769a3bff2f167b51bb6bd7594918ec	linear	unplaced-scaffold	Chromosome	chromosome	1457217	36.12445186886615	0	0
GCF_005405405.1	NZ_BJDZ01000055.1	3599	4242492aa436477dfeef86b8f5ba0349b80c2e61982fdfa222de998a0ee816ae	linear	unplaced-scaffold	Chromosome	chromosome	1457217	37.871631008613505	0	0
GCF_005405405.1	NZ_BJDZ01000056.1	3298	8d805a4ce68c9a2e11199d835bd2f2fcc0f39363f17d53005e39b6befa2cde0d	linear	unplaced-scaffold	Chromosome	chromosome	1457217	37.56822316555488	0	0
GCF_005405405.1	NZ_BJDZ01000057.1	3282	9e7d9370bcfa71af49928fa1d4e49bedc21e995e0c9eb95ab4f0c3f5fda07d19	linear	unplaced-scaffold	Chromosome	chromosome	1457217	38.69591712370506	0	0
GCF_005405405.1	NZ_BJDZ01000058.1	2624	2d754ed5a33fda72d53c0a9cd66f484382fcf3fd69609cddc1e0ca60ee1b6971	linear	unplaced-scaffold	Chromosome	chromosome	1457217	37.614329268292686	0	0
GCF_005405405.1	NZ_BJDZ01000059.1	2288	5d66a7d65aa0e185b8c4cb3e0110a767a516be69467e33719952a9af4c9f792a	linear	unplaced-scaffold	Chromosome	chromosome	1457217	49.47552447552447	0	0
GCF_005405405.1	NZ_BJDZ01000060.1	1796	878db95a8f646619697b7cef133cb526c30423dc6324b1c064da74e09dc9a4dd	linear	unplaced-scaffold	Chromosome	chromosome	1457217	42.65033407572383	0	0
GCF_005405405.1	NZ_BJDZ01000061.1	1702	b03d4cc91d7648144c4399be565c1d005d00117e84f56fd5c19ef60ff3565865	linear	unplaced-scaffold	Chromosome	chromosome	1457217	44.35957696827262	0	0
GCF_005405405.1	NZ_BJDZ01000062.1	1319	a7a3ba76a1cf90aa2437782e3ab1c6c7729627872a2e89ec36cc6f75912f5dd4	linear	unplaced-scaffold	Chromosome	chromosome	1457217	39.19636087945413	0	0
GCF_005405405.1	NZ_BJDZ01000063.1	1245	49a21edced86740b7151e5a360e963a9e31ed3114d89a83dab6aad8f6e223ddf	linear	unplaced-scaffold	Chromosome	chromosome	1457217	39.91967871485944	0	0
GCF_005405405.1	NZ_BJDZ01000064.1	1114	fcd4f63ae1ae4a32d409099b3bd49dd7d5fdd8b02db937e5c19985f886ca3229	linear	unplaced-scaffold	Chromosome	chromosome	1457217	42.81867145421903	0	0
GCF_005405405.1	NZ_BJDZ01000065.1	917	01f736b7ac5f357cc8e9427a753c705600005de6d20d668321b0e6bfe352946f	linear	unplaced-scaffold	Chromosome	chromosome	1457217	39.25845147219193	0	0
GCF_005405405.1	NZ_BJDZ01000066.1	871	6ae08ecb2e264a9b6740faeabbaeae3eca41beb3e1ad5541d659a0b1dea8b8a9	linear	unplaced-scaffold	Chromosome	chromosome	1457217	40.298507462686565	0	0
GCF_005405405.1	NZ_BJDZ01000067.1	855	9ff31f7bc2010fab77337138aaf1d5cf7cac076db60cb2f2ee9ab69c8d2abf7a	linear	unplaced-scaffold	Chromosome	chromosome	1457217	33.91812865497076	0	0
GCF_005405405.1	NZ_BJDZ01000068.1	807	456d50bc949ef5f4a93389c24ef7cf96bf9867135fe6e121d31df4e6779237b5	linear	unplaced-scaffold	Chromosome	chromosome	1457217	43.49442379182156	0	0
GCF_005405405.1	NZ_BJDZ01000069.1	596	a67aaffba935723e7bdce1e82f42284077c168b74863462a256335c5dc119dea	linear	unplaced-scaffold	Chromosome	chromosome	1457217	40.604026845637584	0	0
GCF_005405405.1	NZ_BJDZ01000070.1	541	c0945c6266073fca82b02c4bfa7bfe7c57a983f763becb36971515b65384229f	linear	unplaced-scaffold	Chromosome	chromosome	1457217	40.29574861367837	0	0
GCF_005405405.1	NZ_BJDZ01000071.1	434	d6fedb163e6bb42bf32decbe58652d6baf1214c366280382af8057e3e4efb5be	linear	unplaced-scaffold	Chromosome	chromosome	1457217	41.013824884792626	0	0
GCF_005405405.1	NZ_BJDZ01000072.1	380	59f02db485a115519af086ee88d14e318e0da2f312a07535008b5de0cb499408	linear	unplaced-scaffold	Chromosome	chromosome	1457217	42.10526315789474	0	0
GCF_005405405.1	NZ_BJDZ01000073.1	331	2291fd538db1137f1beb74f5cd52d018b4fc88829c78988af9204e3f79124c6c	linear	unplaced-scaffold	Chromosome	chromosome	1457217	42.29607250755287	0	0
GCF_005405405.1	NZ_BJDZ01000074.1	284	3ff5ff3dd45277f1ded4dd82bae77b729698d61b26ce046471c3cf4f70580cfc	linear	unplaced-scaffold	Chromosome	chromosome	1457217	38.38028169014085	0	0
GCF_005405405.1	NZ_BJDZ01000075.1	263	dc37a42258d81622c6aa3435e88c8c358ff38e6f7bf08a6256121a43f7b2884b	linear	unplaced-scaffold	Chromosome	chromosome	1457217	40.3041825095057	0	0
GCF_005405405.1	NZ_BJDZ01000076.1	211	fc75da4dd86f25b7a31a7f43b393f6bd5242380e003c416351429c74b6d98e67	linear	unplaced-scaffold	Chromosome	chromosome	1457217	34.59715639810427	0	0
GCF_005405405.1	NZ_BJDZ01000077.1	201	44dedf97e8bb42299315dba7eb652fa0e59a18621ab6add66add4f558a5d7754	linear	unplaced-scaffold	Chromosome	chromosome	1457217	39.30348258706468	0	0
GCF_005405465.1	NZ_BJEC01000001.1	198590	1023f27b9d2a8837751a0188ca9df4bd7134ea0d875a0f114f2d8f62bc90d99b	linear	unplaced-scaffold	Chromosome	chromosome	89061	38.04202709442745	99	99
GCF_005405465.1	NZ_BJEC01000002.1	143048	f32c12d72c868a2424fa1b46b4f7af9deaf2279ebd53347dab84f0fc0f31a2d8	linear	unplaced-scaffold	Chromosome	chromosome	89061	38.287148369777974	0	0
GCF_005405465.1	NZ_BJEC01000003.1	136632	222a0ba8ba7547756e227efd9cbceb37e7a78d87d9063e352584e6305a425491	linear	unplaced-scaffold	Chromosome	chromosome	89061	38.30142279992974	0	0
GCF_005405465.1	NZ_BJEC01000004.1	123777	b5608fc281a8ec31795b0ae38535292d497e7920380e6764154c6ae028f74638	linear	unplaced-scaffold	Chromosome	chromosome	89061	38.89817979107589	0	0
GCF_005405465.1	NZ_BJEC01000005.1	120489	21b060609f6bf7a10221613e3fafa03e3e1b797e8940ed50b41866cc59a1d2d0	linear	unplaced-scaffold	Chromosome	chromosome	89061	39.16457103967997	0	0
GCF_005405465.1	NZ_BJEC01000006.1	117390	828d4f9b42924f0f9a938317a6d435f3f4092c59d9082e14cb1283e90607a608	linear	unplaced-scaffold	Chromosome	chromosome	89061	38.30735156316552	0	0
GCF_005405465.1	NZ_BJEC01000007.1	101190	7f0d6f4ba7bd9a88da7b58af37d0f12121c0f01d11282001413b72f10501dbd4	linear	unplaced-scaffold	Chromosome	chromosome	89061	41.22442929143196	0	0
GCF_005405465.1	NZ_BJEC01000008.1	89022	4f35df896ab8f2b5dc2ff42051bffbb26f015032c825ccafad41bf1eaeee00b4	linear	unplaced-scaffold	Chromosome	chromosome	89061	38.01869200871695	0	0
GCF_005405465.1	NZ_BJEC01000009.1	88116	6a1dbd9309ec1e0b01c9a7eae57f8c62caf489548383fdf3e4e8faef5e94ae73	linear	unplaced-scaffold	Chromosome	chromosome	89061	38.54918516500976	0	0
GCF_005405465.1	NZ_BJEC01000010.1	76119	7720ccaed7eefe77b20139e27fd77bc48ced0d43cbdbfb664aea220b7617be42	linear	unplaced-scaffold	Chromosome	chromosome	89061	37.42560990028771	0	0
GCF_005405465.1	NZ_BJEC01000011.1	74120	371d9ca1ea835495c624f9d028adc6ceeead5ffdfa5d7a61a3b518443be1b625	linear	unplaced-scaffold	Chromosome	chromosome	89061	38.309498111171074	0	0
GCF_005405465.1	NZ_BJEC01000012.1	69052	f8826130a36963cccd06f88a7fa4e1e790f3dc869fb3d489767524a619fd0050	linear	unplaced-scaffold	Chromosome	chromosome	89061	39.911950414180616	0	0
GCF_005405465.1	NZ_BJEC01000013.1	65154	e5fc9db377213895fc6eac739873ebdf266eb232684511f2f3d9aeca1e88f936	linear	unplaced-scaffold	Chromosome	chromosome	89061	39.85327071246585	0	0
GCF_005405465.1	NZ_BJEC01000014.1	56835	91061e3ebdff4c03806fb7efd193f5c0e655773108912c7a22859c20ba9a64bd	linear	unplaced-scaffold	Chromosome	chromosome	89061	37.87982757103897	0	0
GCF_005405465.1	NZ_BJEC01000015.1	52862	89639dc7965281fe21dcbb9004c32436aee56b08ba1e68a4560104f6143fc70f	linear	unplaced-scaffold	Chromosome	chromosome	89061	37.9743483031289	0	0
GCF_005405465.1	NZ_BJEC01000016.1	49564	45aea581e79623551370c83509a7def86f03ead752632f4bfeade4176df192b9	linear	unplaced-scaffold	Chromosome	chromosome	89061	40.02300056492616	0	0
GCF_005405465.1	NZ_BJEC01000017.1	49008	8fc967265b113fd9e829a41a3b22f2040dd37613d4a18a497c62bbb3bc646d13	linear	unplaced-scaffold	Chromosome	chromosome	89061	39.330313418217436	0	0
GCF_005405465.1	NZ_BJEC01000018.1	46455	ce62fa9537b07f061b76d72214f072aec5f2bce25d14f93013087847f5f74b81	linear	unplaced-scaffold	Chromosome	chromosome	89061	39.263803680981596	0	0
GCF_005405465.1	NZ_BJEC01000019.1	42824	1bd8cfd271cca0492a19a45fe568eeed297f427a8894071f933fc9d037194e93	linear	unplaced-scaffold	Chromosome	chromosome	89061	37.759200448346725	0	0
GCF_005405465.1	NZ_BJEC01000020.1	40422	0ba0090afb498e0abae96ef4dcaeb2f373e7d44f34e1ecc59e396de8b18bc645	linear	unplaced-scaffold	Chromosome	chromosome	89061	38.76107070407204	0	0
GCF_005405465.1	NZ_BJEC01000021.1	33672	f183673b0214d56e0b834716820a142afe00464f222a867fa49cc93cae357a38	linear	unplaced-scaffold	Chromosome	chromosome	89061	38.3464005702067	0	0
GCF_005405465.1	NZ_BJEC01000022.1	27646	3192d83f892fbb641107844e85bb16d2616f8ea1cfacad1ed31b8ae81c16744b	linear	unplaced-scaffold	Chromosome	chromosome	89061	37.35440931780366	0	0
GCF_005405465.1	NZ_BJEC01000023.1	26150	53d5d439273528b5024f9725bb2393954c2df1d4a1a9522a7179797e77c96683	linear	unplaced-scaffold	Chromosome	chromosome	89061	39.170172084130016	0	0
GCF_005405465.1	NZ_BJEC01000024.1	20772	a872c1cc67d0ee6fb150f9c75074bc17e2970ca0cca943f1bab5f6aecb2bc85c	linear	unplaced-scaffold	Chromosome	chromosome	89061	40.06354708261121	0	0
GCF_005405465.1	NZ_BJEC01000025.1	18652	073a21321a039f806e1ca6dd6099f980ff57386a203f99b35de3848767583d1c	linear	unplaced-scaffold	Chromosome	chromosome	89061	36.98262920866395	0	0
GCF_005405465.1	NZ_BJEC01000026.1	15766	dea1438a76222d110efd30e14a1de52a1f9d5eabf68fb0f574a1035290c2baf2	linear	unplaced-scaffold	Chromosome	chromosome	89061	37.65064061905366	0	0
GCF_005405465.1	NZ_BJEC01000027.1	14236	f74b4e41c22ba5948410c8cd11b58ca1140a2abe003da37b0ddf8a9a19fa7c72	linear	unplaced-scaffold	Chromosome	chromosome	89061	36.477943242483846	0	0
GCF_005405465.1	NZ_BJEC01000028.1	11819	aa38e2b898c6aad98b3954e82930f022572b87a06026c2fab7d6a7b6f43418f0	linear	unplaced-scaffold	Chromosome	chromosome	89061	37.7612319147136	0	0
GCF_005405465.1	NZ_BJEC01000029.1	11073	1652b572023c3c6c241ac4f26acf173c354f95c19989d1df57f2779234daafc3	linear	unplaced-scaffold	Chromosome	chromosome	89061	40.269123092206264	0	0
GCF_005405465.1	NZ_BJEC01000030.1	9066	b2ebfae8817bf3f3e29f7f9438f4d245e4533e44dbe12a1c84a9a9d65d4de770	linear	unplaced-scaffold	Chromosome	chromosome	89061	39.25656298257225	0	0
GCF_005405465.1	NZ_BJEC01000031.1	8022	ef3a5508528d499945e03d0071773b900a6ef92c89b7d4b315b9b403a78e772c	linear	unplaced-scaffold	Chromosome	chromosome	89061	38.98030416355024	0	0
GCF_005405465.1	NZ_BJEC01000032.1	7907	2b393c89192f83c70c9e05780382236d788336768acc6e1e68b57060820e9aec	linear	unplaced-scaffold	Chromosome	chromosome	89061	37.82724168458328	0	0
GCF_005405465.1	NZ_BJEC01000033.1	7483	f0e267ea155cc3798cc46c808ad48357c26f573fa395d7b107f04a13e01de2f7	linear	unplaced-scaffold	Chromosome	chromosome	89061	37.5384204196178	0	0
GCF_005405465.1	NZ_BJEC01000034.1	4613	476fb8c3872daa070b2d075fff4bc4ab95716e5c067fa683ac91f638d5ad999e	linear	unplaced-scaffold	Chromosome	chromosome	89061	49.41048034934498	33	33
GCF_005405465.1	NZ_BJEC01000035.1	4578	2272269da729448e64ea65674158f71e81a2e0fc2085a983aa116cdd183d26cc	linear	unplaced-scaffold	Chromosome	chromosome	89061	40.083005679335955	0	0
GCF_005405465.1	NZ_BJEC01000036.1	3233	17222bed3d2b55f1cb2e79adeb54880ccf8a8ba117669ca0c96dad1b424d3722	linear	unplaced-scaffold	Chromosome	chromosome	89061	34.67367769873183	0	0
GCF_005405465.1	NZ_BJEC01000037.1	2747	f67c0513f1ce2795f8a2537efdf791d304b6049548d8bdf6690edf99ab04c361	linear	unplaced-scaffold	Chromosome	chromosome	89061	37.24062613760466	0	0
GCF_005405465.1	NZ_BJEC01000038.1	1764	a17dd6860e25bb4d278da462d45bf2bcd0fb41363ffe133cf97cd5b6919f0f3a	linear	unplaced-scaffold	Chromosome	chromosome	89061	39.45578231292517	0	0
GCF_005405465.1	NZ_BJEC01000039.1	1405	c29093149166dc95a998bde620060bbb6e6d52bce12e68bcf18de756e9942c21	linear	unplaced-scaffold	Chromosome	chromosome	89061	41.35231316725979	0	0
GCF_005405465.1	NZ_BJEC01000040.1	1298	eb8b15aafe186b4b40cc62df6c9ba3d473ef5e6fc5ade1765f96eb80efbe305b	linear	unplaced-scaffold	Chromosome	chromosome	89061	36.517719568567024	0	0
GCF_005405465.1	NZ_BJEC01000041.1	915	e8589014d56b0fef4c15a69ea1d3457bf8d7a2574016b1f5717bb899dacdb79d	linear	unplaced-scaffold	Chromosome	chromosome	89061	35.73770491803279	0	0
GCF_005405465.1	NZ_BJEC01000042.1	617	d21469d941c3f869e8c34559d42e83633c94633e00af81f4c7f2f9ed0345fd90	linear	unplaced-scaffold	Chromosome	chromosome	89061	37.27714748784441	0	0
GCF_005405465.1	NZ_BJEC01000043.1	510	8da2f7644da2c4e40259e4050ecb650715ef2d85c489a6f4bb8d3f985d65816f	linear	unplaced-scaffold	Chromosome	chromosome	89061	40.588235294117645	0	0
GCF_007954605.1	NZ_CP042387.1	1781455	55399b26e1b06e2a3f484006f0128850acfa7367ddc42efca94bb496dc24f20b	circular	assembled-molecule	Chromosome	chromosome	1246	43.37488176799302	0	0
GCF_007954605.1	NZ_CP042388.1	10153	88a43b9cbb596807e8c48c51f16d2344d640a4880027d38d7e37cbca97a4cd09	circular	assembled-molecule	Plasmid	plasmid	1246	34.02935093075938	0	0
GCF_007954785.1	NZ_CP042410.1	1865972	29e46e2ed7ac9db1f234bdd40eb0bdb40e661850719cff11572ceda8c46f544c	circular	assembled-molecule	Chromosome	chromosome	33964	38.99592276840167	0	0
GCF_007954785.1	NZ_CP042411.1	37278	eb54ab9388f33180db790ea7a9ef28f94b51bdcdefb9b6a969f9611ff3fc58bc	circular	assembled-molecule	Plasmid	plasmid	33964	34.62632115456838	0	0
GCF_008107645.1	NZ_SDGY01000001.1	1239318	b00b2137f6d62f042f4bd620cbac0e91357d1ec96d122b7b86627262c54786b1	linear	unplaced-scaffold	Chromosome	chromosome	1981069	35.88219055567843	436	436
GCF_008107645.1	NZ_SDGY01000010.1	59628	319b90a741d9e0aede6249e32da95aa3f4679462ae74c26bec9f721101933489	linear	unplaced-scaffold	Chromosome	chromosome	1981069	35.99180630645757	70	70
GCF_008107645.1	NZ_SDGY01000011.1	2760	53df5f39a0473c75269c26b2658d835220d0bdac335753a87d7240819f2ae4c1	linear	unplaced-scaffold	Chromosome	chromosome	1981069	29.456521739130434	0	0
GCF_008107645.1	NZ_SDGY01000012.1	3614	eef17bf1db76b2c78cb8be0724c0fa086dc36df784b7169029cc715640185f5d	linear	unplaced-scaffold	Chromosome	chromosome	1981069	29.10902047592695	0	0
GCF_008107645.1	NZ_SDGY01000013.1	1336	b620339532f87bf84e8a4f684fdd9e364ee2035a46f6e3332137cc6f5ba5190f	linear	unplaced-scaffold	Chromosome	chromosome	1981069	51.946107784431135	0	0
GCF_008107645.1	NZ_SDGY01000002.1	121736	43770c34cc8d3ace8f5e466bef1fb5e6dc3f50a56a8210ae91b695515c485bd6	linear	unplaced-scaffold	Chromosome	chromosome	1981069	36.10926049300466	155	155
GCF_008107645.1	NZ_SDGY01000003.1	8788	91af29daf02682d70ec25ce2c10db19118d90a8d1cd29aa70d9cf66ac5ee6064	linear	unplaced-scaffold	Chromosome	chromosome	1981069	29.449248975876195	0	0
GCF_008107645.1	NZ_SDGY01000004.1	22643	0acbc1274132c38b038f157bae0629fd9ed0b663fc163bb736825ac9d91199ad	linear	unplaced-scaffold	Chromosome	chromosome	1981069	32.350594076964	87	87
GCF_008107645.1	NZ_SDGY01000005.1	206912	bb753a42bd629d8ac4f28c7e060fe34cb193ec29f5eb0d3a4e9eedb2ee7aa7b3	linear	unplaced-scaffold	Chromosome	chromosome	1981069	35.85906916050457	2	2
GCF_008107645.1	NZ_SDGY01000006.1	61246	e6b70b239aff7afc1706283d49832642459dcfdae301b0dc83a8b8d548cbca9c	linear	unplaced-scaffold	Chromosome	chromosome	1981069	34.04377032835919	63	63
GCF_008107645.1	NZ_SDGY01000007.1	22932	0ddd770fb867ae9f577a37c57cfa391fa2a93681c122e726b7e05615bc8858ba	linear	unplaced-scaffold	Chromosome	chromosome	1981069	36.36403279260422	0	0
GCF_008107645.1	NZ_SDGY01000008.1	109676	a8ee3523ea385c5d8f83aa712c76d283634e0f0929d146bd1f319992922aaacf	linear	unplaced-scaffold	Chromosome	chromosome	1981069	36.101790729056496	0	0
GCF_008107645.1	NZ_SDGY01000009.1	5268	82f490f5aa19e6350cf4a063b97713c1febdd282e48dcaf24fab51d075fa08ff	linear	unplaced-scaffold	Chromosome	chromosome	1981069	48.61427486712225	0	0
GCF_008831485.1	NZ_CP044496.1	1683905	c67d7d1e9acfbb9d20252d186fcb4dc05e4b7b368dda59e4d7f4c163b94d68db	circular	assembled-molecule	Chromosome	chromosome	1600	36.500752714672146	0	0
GCF_009184845.1	NZ_CP045068.1	3395916	59f33e710f738b162cfe07dcc7129824b37d54ce679bde9410b3fd7d55767815	circular	assembled-molecule	Chromosome	chromosome	88233	47.8494123356507	100	100
GCF_009184845.1	NZ_CP045069.1	62782	aaab1799c6f54cb937dd3936a7f19360c1a01356b8a25d0451f9eabac6acdc64	circular	assembled-molecule	Plasmid	unnamed1	88233	47.330972208927605	100	100
GCF_009856565.1	NZ_CP047191.1	1948689	d8b93e96bf5add24f9566b4bc65eec1934010a642c29a10fa14fce46c06c86ff	circular	assembled-molecule	Chromosome	chromosome	1308	38.93658762378194	0	0
GCF_009913655.1	NZ_CP028221.1	3223643	baa3fbb0309e302ecf5b7bfe6c8c69f88f8020fa9332c4f1bb92be3d7f4a268b	circular	assembled-molecule	Chromosome	chromosome	1590	44.6003481154706	0	0
GCF_009913995.1	NZ_CP028264.1	1818149	591ef14f0d06c379013715242f76176d23b5d0cc5d540295b0ff9bc526851885	circular	assembled-molecule	Chromosome	chromosome	1255	37.2837979725534	0	0
GCF_009913995.1	NZ_CP028265.1	57390	f205d74b88141d1cd973360998686386d0b89a3f0e49796f0d6476739a62bb3e	circular	assembled-molecule	Plasmid	unnamed1	1255	40.94615786722426	0	0
GCF_009914015.1	NZ_CP028266.1	1818149	8bae161f0b8c0d5f5c15fa3c9af9b30cf4d344973348d6042948fd9638db1864	circular	assembled-molecule	Chromosome	chromosome	1255	37.283577968582335	0	0
GCF_009914015.1	NZ_CP028267.1	57390	7df2b30fec789ec993f1c04891a823b0ab09fb412c7fa554b42785f1686c1c59	circular	assembled-molecule	Plasmid	unnamed1	1255	40.94790033106813	0	0
GCF_009914015.1	NZ_CP028268.1	23645	bed1d69c17953696bbc96c64e8592a271a0abcba53f705fc961f45735b6e9a97	circular	assembled-molecule	Plasmid	unnamed2	1255	34.277860012687675	0	0
GCF_009914035.1	NZ_CP028269.1	1818150	1cad5281031ba7ee2e7a7f1a8c6c513a42e803e50ffe3b6293903b4e2a9b58ef	circular	assembled-molecule	Chromosome	chromosome	1255	37.28383246706817	0	0
GCF_009914035.1	NZ_CP028270.1	57390	b3730699eaaf1d17eaef688fd2416e50c3473f919a0bfef03649aad41cd4f7bf	circular	assembled-molecule	Plasmid	unnamed1	1255	40.94615786722426	0	0
GCF_010092385.1	NZ_CP048019.1	2035984	b733e9a8cd9159d1f7da02b106f9c8addcee7fc803bc905cf4e34a05a39bc887	circular	assembled-molecule	Chromosome	chromosome	1254	41.97587014436263	0	0
GCF_011058775.1	NZ_CP049230.1	1318700	e5504de823814b8fda3c3c2b5598f63ac0b5343e124fac742abe00b6750be10a	circular	assembled-molecule	Chromosome	chromosome	147802	33.08576628497763	0	0
GCF_011304355.1	NZ_CP049888.1	1618880	1d5995de69c18b14c345916a6c881e9b51f91355a18dcc6e20d4200666cdec00	circular	assembled-molecule	Chromosome	chromosome	2714949	37.22345078078671	0	0
GCF_013113695.1	NZ_CP053280.1	1718702	d34012db43c81d4b6e0db2307156ee475a7805681b572e35988becb5608c947c	circular	assembled-molecule	Chromosome	chromosome	1247	37.99163608412328	129	129
GCF_013407595.1	NZ_JABEKX010000001.1	1167741	e6b66548628424cdbb3de30712250516bef5c99d5c207df6b73f1741a3f1a71b	linear	unplaced-scaffold	Chromosome	chromosome	2729623	59.76238929052381	2642	2642
GCF_013407595.1	NZ_JABEKX010000010.1	2304	595e1d9aae94340450187a3433ad342fbf2c3175ad648f7bd9f2d74a468b5f0d	linear	unplaced-scaffold	Chromosome	chromosome	2729623	52.734375	0	0
GCF_013407595.1	NZ_JABEKX010000011.1	1789	305c1940f6295b53f3d624a44289d028c8b57b47543830ec33f083efdd09edf2	linear	unplaced-scaffold	Chromosome	chromosome	2729623	43.99105645612074	0	0
GCF_013407595.1	NZ_JABEKX010000002.1	1080439	773335af9ee1392c7dd761c31c7bea583ef725f64a14d2fd98f0b6bba0c1b444	linear	unplaced-scaffold	Chromosome	chromosome	2729623	59.71211809169696	2497	2497
GCF_013407595.1	NZ_JABEKX010000003.1	257414	fb9fc75984c619e8aac4da2ba07fc0ffa151e8687dc3fcce5e411494c34127ee	linear	unplaced-scaffold	Chromosome	chromosome	2729623	61.0196026634138	0	0
GCF_013407595.1	NZ_JABEKX010000004.1	110624	7cbd91b3d4a950f81862e312139643dce2a3a23d8ae13e19e07b36cc39b131f7	linear	unplaced-scaffold	Chromosome	chromosome	2729623	60.60764940383103	1	1
GCF_013407595.1	NZ_JABEKX010000005.1	93528	abf89488e7efb1a482fc77f5c1c8e97ce55657a418b9fb75365406c8715effd6	linear	unplaced-scaffold	Chromosome	chromosome	2729623	60.10285689846891	0	0
GCF_013407595.1	NZ_JABEKX010000006.1	87783	042e11ea1aede4da613c5f4b80a5fa4aa7dd595587ac1a18033a2b535d2f4b10	linear	unplaced-scaffold	Chromosome	chromosome	2729623	58.62524634610346	0	0
GCF_013407595.1	NZ_JABEKX010000007.1	33040	ea4c49af26348b1e8d37580f901e802345b8b3fd6443e854f858d5cea4d62898	linear	unplaced-scaffold	Chromosome	chromosome	2729623	60.54176755447942	0	0
GCF_013407595.1	NZ_JABEKX010000008.1	5755	60d1a7fcb41bde296ed159be9beb50c4fc7258e156c04906ea938dd68c85cd01	linear	unplaced-scaffold	Chromosome	chromosome	2729623	58.47089487402259	0	0
GCF_013407595.1	NZ_JABEKX010000009.1	2724	ef0b9ad3c6ace9d75ebccc199a9f6ae7cc205cbe613c34ce7ea32ade1c1b797b	linear	unplaced-scaffold	Chromosome	chromosome	2729623	56.607929515418505	0	0
GCF_014131735.1	NZ_CP039121.1	3242936	8831b0bd12516ad2d525ef9b55bfd7462a9e6a70b1b5039fb4bcb702439cbb4e	circular	assembled-molecule	Chromosome	chromosome	1590	44.51765313900737	0	0
GCF_014131735.1	NZ_CP039122.1	7218	fc630da02a6dfc833ef80fce7724529f3a82c0d1962d9cdc178139dfbe3ba9eb	circular	assembled-molecule	Plasmid	p256	1590	36.76918814075921	0	0
GCF_014145545.1	NZ_JACIVE010000001.1	237	d3d33fbe6747f4034a599a894571b106df2bd34c1ded7b09cedab8859b58a5ce	linear	unplaced-scaffold	Chromosome	chromosome	2759748	45.9915611814346	0	0
GCF_014145545.1	NZ_JACIVE010000010.1	438	7f3b28c36673569c57332f21dd28fbfb1f48ad93721d9399406fbb6ce438f23b	linear	unplaced-scaffold	Chromosome	chromosome	2759748	48.401826484018265	0	0
GCF_014145545.1	NZ_JACIVE010000011.1	237	b62342bcb79fca9ac0c85c7e7012fc384e10b0f9dae4aa2271a47729740454fa	linear	unplaced-scaffold	Chromosome	chromosome	2759748	47.67932489451477	0	0
GCF_014145545.1	NZ_JACIVE010000012.1	237	cd2987cd111e0c23d918d45f8e76beabf822371bf4f9290320edc1678df420a7	linear	unplaced-scaffold	Chromosome	chromosome	2759748	40.50632911392405	0	0
GCF_014145545.1	NZ_JACIVE010000013.1	237	4c67facb1729194fd360e0e8c7983c268075777a4fef0416d908bfcddb20ecd5	linear	unplaced-scaffold	Chromosome	chromosome	2759748	49.36708860759494	0	0
GCF_014145545.1	NZ_JACIVE010000014.1	964	f88a79d08a0d25cb36dce409b9d6d6e719741c137262f7857e22341ad86a46af	linear	unplaced-scaffold	Chromosome	chromosome	2759748	38.58921161825726	0	0
GCF_014145545.1	NZ_JACIVE010000015.1	985	180b40ee4d153392ef6be747c29af351e9a1d5d447823545763de3d0bde90a91	linear	unplaced-scaffold	Chromosome	chromosome	2759748	38.47715736040609	0	0
GCF_014145545.1	NZ_JACIVE010000016.1	110382	2c16111ed905ac85ba950b35261ff855b9e321b4873eadf2de275e37fbe55ba0	linear	unplaced-scaffold	Chromosome	chromosome	2759748	38.62042724357232	0	0
GCF_014145545.1	NZ_JACIVE010000017.1	113731	2f4156f1131e2439ebf646cc743edcb840d2d6430a2a23cc8521895d1bedfbc4	linear	unplaced-scaffold	Chromosome	chromosome	2759748	38.101309229673525	0	0
GCF_014145545.1	NZ_JACIVE010000018.1	225615	def85c04ccc4d257f6de0dbecc92ee4032bca6f7ce0f22a0ba8b249e72915361	linear	unplaced-scaffold	Chromosome	chromosome	2759748	38.1215787957361	0	0
GCF_014145545.1	NZ_JACIVE010000019.1	201	448906f3dc7c0f6e7b61af54c2233aa75df76f69618e2c37e156f2dcc83769ae	linear	unplaced-scaffold	Chromosome	chromosome	2759748	48.756218905472636	0	0
GCF_014145545.1	NZ_JACIVE010000002.1	237	7562129cd780f69b23df43563bbcd20db99b31396f6426bc9d1631ffe02127f8	linear	unplaced-scaffold	Chromosome	chromosome	2759748	38.81856540084388	0	0
GCF_014145545.1	NZ_JACIVE010000020.1	453	04cb0e0337d45cdffea099768d35d5bb91d7214e455ef4413b5d64c6a487c414	linear	unplaced-scaffold	Chromosome	chromosome	2759748	41.280353200883	0	0
GCF_014145545.1	NZ_JACIVE010000021.1	439	da14f88f3452279e560269d914867c42b163ded838329161b086d2ba7d1be33e	linear	unplaced-scaffold	Chromosome	chromosome	2759748	48.51936218678816	0	0
GCF_014145545.1	NZ_JACIVE010000022.1	564	f5fb40311721fe4fa6126e8b98a583eb714051d61cf2632252e5c6b0040ed8c7	linear	unplaced-scaffold	Chromosome	chromosome	2759748	44.326241134751776	0	0
GCF_014145545.1	NZ_JACIVE010000023.1	9465	3238d1fbf76bef8ce8762d9b3ed0b4f9b67c4e18efd972ef193c5b59d1b13528	linear	unplaced-scaffold	Chromosome	chromosome	2759748	35.573164289487586	0	0
GCF_014145545.1	NZ_JACIVE010000024.1	237	f5a5803f7b956e7701793e4acc5dc643abebbe174fdc3c54489c8bb1c7fd62ba	linear	unplaced-scaffold	Chromosome	chromosome	2759748	48.10126582278481	0	0
GCF_014145545.1	NZ_JACIVE010000025.1	237	9a6eff54c26b1ada35fd4db83292e60425ad3a3e117405b7a3c803f429eda13f	linear	unplaced-scaffold	Chromosome	chromosome	2759748	48.9451476793249	0	0
GCF_014145545.1	NZ_JACIVE010000026.1	237	73c10a9adb3d8db35877b81ecce89a29170ad51a351246b0cf40153d5645c89c	linear	unplaced-scaffold	Chromosome	chromosome	2759748	48.9451476793249	0	0
GCF_014145545.1	NZ_JACIVE010000027.1	227	047e6a26cb824ae63b37a2b2131db0f2f7260516df08db5f352fec8cabd5d3fa	linear	unplaced-scaffold	Chromosome	chromosome	2759748	46.69603524229075	0	0
GCF_014145545.1	NZ_JACIVE010000028.1	237	d917467289f90f1f23e159f4f8f093b59dd13f841fcc57be4bb428ad7d04ffed	linear	unplaced-scaffold	Chromosome	chromosome	2759748	50.63291139240506	0	0
GCF_014145545.1	NZ_JACIVE010000029.1	237	8d3887c39fc3128026dd025ea6cc108e555f7f34de803e527557d1898b77d8d8	linear	unplaced-scaffold	Chromosome	chromosome	2759748	47.67932489451477	0	0
GCF_014145545.1	NZ_JACIVE010000003.1	297	03a76f9bcd11606c71816fd305a9a6954b5ef778a96a503e7630eb3f1430c124	linear	unplaced-scaffold	Chromosome	chromosome	2759748	46.8013468013468	0	0
GCF_014145545.1	NZ_JACIVE010000030.1	237	524cd8937a5a4e622f7655d6d0c5f297fc205f21a1f89b248a038b646d64a3d6	linear	unplaced-scaffold	Chromosome	chromosome	2759748	51.89873417721519	0	0
GCF_014145545.1	NZ_JACIVE010000031.1	237	c2e08aea4c18e71c52105b7f3988dc50d841f9ec194cec12dc4a892c6c5f4eab	linear	unplaced-scaffold	Chromosome	chromosome	2759748	43.459915611814345	0	0
GCF_014145545.1	NZ_JACIVE010000032.1	35082	ec226e844c2bdb1647f599dfb944c37a0c82c6dadd7aaf4dfd9696c08fca47d9	linear	unplaced-scaffold	Chromosome	chromosome	2759748	33.65543583604128	0	0
GCF_014145545.1	NZ_JACIVE010000033.1	237	601ad7a44b059c9f33f6a87e41cd9dd4e53b1c43b0956259e19964fbca7207ad	linear	unplaced-scaffold	Chromosome	chromosome	2759748	33.755274261603375	0	0
GCF_014145545.1	NZ_JACIVE010000034.1	1212	3d5a20921698d37debaa1eb0ddad0134c3faee6819b360bfd9f6535f18eabc74	linear	unplaced-scaffold	Chromosome	chromosome	2759748	38.44884488448845	0	0
GCF_014145545.1	NZ_JACIVE010000035.1	392	8df136b78d0c6087176cb0285f0f18c2fe2204a394c353c8b83863189e78c04b	linear	unplaced-scaffold	Chromosome	chromosome	2759748	42.3469387755102	0	0
GCF_014145545.1	NZ_JACIVE010000036.1	1201	2fe3a95e87b3636b272fd29d971513ea25fbeceaee7a6580c7f0c36b07b3b832	linear	unplaced-scaffold	Chromosome	chromosome	2759748	50.62447960033305	0	0
GCF_014145545.1	NZ_JACIVE010000037.1	237	66319a3d40ff6e038e09ab6369c3201d9343d39a492178b5190b58b30a8721d4	linear	unplaced-scaffold	Chromosome	chromosome	2759748	54.0084388185654	0	0
GCF_014145545.1	NZ_JACIVE010000038.1	237	7402e7b1f89f85959e7a806a282b03bf57882b9a24f2fb7916d7c250f28b6756	linear	unplaced-scaffold	Chromosome	chromosome	2759748	39.24050632911393	0	0
GCF_014145545.1	NZ_JACIVE010000039.1	5304	a2eb748bc7744908085e89fc61a4b2e714b25fbc5f230e8115dd9ada344607b4	linear	unplaced-scaffold	Chromosome	chromosome	2759748	30.46757164404223	0	0
GCF_014145545.1	NZ_JACIVE010000004.1	855	d46e93f445bc60c8919b833b9113f213a82f4039750736eac0480e967aa577ee	linear	unplaced-scaffold	Chromosome	chromosome	2759748	39.41520467836257	0	0
GCF_014145545.1	NZ_JACIVE010000040.1	1123	6bd74e6966f979232dd403f637d7027e63e3c7d732a406d4bb97c91b6470d194	linear	unplaced-scaffold	Chromosome	chromosome	2759748	51.55832591273375	0	0
GCF_014145545.1	NZ_JACIVE010000041.1	248	c14f299da24f4fda2585e42dfcf4274c0f1a833f2c0c399684444596da3810db	linear	unplaced-scaffold	Chromosome	chromosome	2759748	36.693548387096776	0	0
GCF_014145545.1	NZ_JACIVE010000042.1	650	670225d0395214f47c26840c8c47600f374edc3747e787a456b988704b688296	linear	unplaced-scaffold	Chromosome	chromosome	2759748	52.30769230769231	0	0
GCF_014145545.1	NZ_JACIVE010000043.1	130038	21087e8e5efbf938a81eb59c7434155803248d562a3541533210f3067fdbf14c	linear	unplaced-scaffold	Chromosome	chromosome	2759748	37.834325351051234	0	0
GCF_014145545.1	NZ_JACIVE010000044.1	237	8d8c41077e4b755e6dc288c457bbe724140ace795397078b438c34b5d98bf60e	linear	unplaced-scaffold	Chromosome	chromosome	2759748	52.32067510548523	0	0
GCF_014145545.1	NZ_JACIVE010000045.1	61028	7d2e12a29277ec2c798e5481be11a61eed560237877914fe208cefd706a12a99	linear	unplaced-scaffold	Chromosome	chromosome	2759748	37.674510060955626	0	0
GCF_014145545.1	NZ_JACIVE010000046.1	268	995fbba26a159f883754481e10dccee71c32ff58a4664943477c96a96675bdeb	linear	unplaced-scaffold	Chromosome	chromosome	2759748	46.64179104477612	0	0
GCF_014145545.1	NZ_JACIVE010000047.1	306	ec0032140347934f24b4db05753a87dfbed52709a275555f23144cc2a3818b30	linear	unplaced-scaffold	Chromosome	chromosome	2759748	40.849673202614376	0	0
GCF_014145545.1	NZ_JACIVE010000048.1	708	352ea21f9ffc04a1e12c9514f7e0353c4b48471c5dde438d2f7900e9a523f73b	linear	unplaced-scaffold	Chromosome	chromosome	2759748	47.175141242937855	0	0
GCF_014145545.1	NZ_JACIVE010000049.1	46675	ef71ea4aa5487301ec596e2dd3192b92797815a11a2aead11f69409c52da43b2	linear	unplaced-scaffold	Chromosome	chromosome	2759748	38.89234065345474	0	0
GCF_014145545.1	NZ_JACIVE010000005.1	237	0ce9872e992420c1fdb331a179cd1d6299f0ada4e8f9f082cd9a23a3fc7c7e58	linear	unplaced-scaffold	Chromosome	chromosome	2759748	37.130801687763714	0	0
GCF_014145545.1	NZ_JACIVE010000050.1	2058	2ddcdf571950c2c52cd585c2d5ddedce955a209359f3498b5a35975059bfc5f8	linear	unplaced-scaffold	Chromosome	chromosome	2759748	35.179786200194364	0	0
GCF_014145545.1	NZ_JACIVE010000051.1	248	f332574a3a7afc1971ae365fb0da4a491d06b3fd76f966f540f36e20f695dd26	linear	unplaced-scaffold	Chromosome	chromosome	2759748	43.95161290322581	0	0
GCF_014145545.1	NZ_JACIVE010000052.1	6967	a78c8a4ceb9a7e963855a5ef29290a0b6089deac288f45cd112cb5ec0b97bb9f	linear	unplaced-scaffold	Chromosome	chromosome	2759748	29.6253767762308	0	0
GCF_014145545.1	NZ_JACIVE010000053.1	20806	c31299422084918eed9f15705c3e50c73386a4041854e48c9a58e6e5238d3261	linear	unplaced-scaffold	Chromosome	chromosome	2759748	34.37469960588292	0	0
GCF_014145545.1	NZ_JACIVE010000054.1	86644	5d1779e3d116c5aaa4bb4036d043a8563848472572982e18e5c4a65ac448485d	linear	unplaced-scaffold	Chromosome	chromosome	2759748	38.56816398134897	0	0
GCF_014145545.1	NZ_JACIVE010000055.1	248735	2606d904c1dd1d4543cfe8e96162c1847e4df718bf857acef3bbb182b3ad9941	linear	unplaced-scaffold	Chromosome	chromosome	2759748	37.749009990552196	0	0
GCF_014145545.1	NZ_JACIVE010000056.1	7187	c6f37d9115b4ad837e435238597a73bc652359390857c28bd383e0796c298c77	linear	unplaced-scaffold	Chromosome	chromosome	2759748	39.154028106303045	0	0
GCF_014145545.1	NZ_JACIVE010000057.1	27150	84f8f89673bcafb8184f54e4668dae4981756e981e9a72a064c043edc16bfcc0	linear	unplaced-scaffold	Chromosome	chromosome	2759748	37.270718232044196	0	0
GCF_014145545.1	NZ_JACIVE010000058.1	71199	c7a72be1a0c9594f66ed75ec1e608759ac9b8c0b921dc047a9420b80e39bd807	linear	unplaced-scaffold	Chromosome	chromosome	2759748	38.68593660023315	0	0
GCF_014145545.1	NZ_JACIVE010000059.1	129315	86c14b47c573b53a84ce26f7278fce73a686c506ed43ce877d46eb9003d0582f	linear	unplaced-scaffold	Chromosome	chromosome	2759748	38.52994625526814	0	0
GCF_014145545.1	NZ_JACIVE010000006.1	883	5156d5014a550162761783fa848bcc34f2c16792ba3f4594d8a10f49e83f4c7a	linear	unplaced-scaffold	Chromosome	chromosome	2759748	35.900339750849376	0	0
GCF_014145545.1	NZ_JACIVE010000060.1	21412	ca747262d2ad1e1604d2d4e160a8ffb6310821e83c13a1b31249d60a2476c120	linear	unplaced-scaffold	Chromosome	chromosome	2759748	37.88996824210723	0	0
GCF_014145545.1	NZ_JACIVE010000061.1	6341	08e18849bc292fe6bc77dcb7d9dd83a3b9abab6074d064a3d7bbfef5bbde48de	linear	unplaced-scaffold	Chromosome	chromosome	2759748	35.656836461126005	0	0
GCF_014145545.1	NZ_JACIVE010000062.1	74508	213288e15889980df7bbde21aacb08c465dbe60e7f28b297d534456eef78324a	linear	unplaced-scaffold	Chromosome	chromosome	2759748	36.96247382831374	0	0
GCF_014145545.1	NZ_JACIVE010000063.1	28121	86052343920b9576167fc87d3d6fb0eaf1b34404b7e86de2db844408628654c4	linear	unplaced-scaffold	Chromosome	chromosome	2759748	36.655879947370295	0	0
GCF_014145545.1	NZ_JACIVE010000064.1	136578	c456b4d09417d818fa0ef0006e3dadc4ab8fae16231ec55d0f1043d14e13e5e2	linear	unplaced-scaffold	Chromosome	chromosome	2759748	37.99733485627261	0	0
GCF_014145545.1	NZ_JACIVE010000065.1	27624	5ee826389f03eca3a63affec93812399f6ad156ee2b801de5536f48457000a62	linear	unplaced-scaffold	Chromosome	chromosome	2759748	35.36779611931654	0	0
GCF_014145545.1	NZ_JACIVE010000066.1	19004	efee4a5e58488e33c4689acd4623ceb323c45bcf0d64c7e2a86b624ed0d72b81	linear	unplaced-scaffold	Chromosome	chromosome	2759748	35.85560934540097	0	0
GCF_014145545.1	NZ_JACIVE010000067.1	79342	ac9034beda524826ce74f4efe9f6212e43ac15f198cceea385cfcc17902e217d	linear	unplaced-scaffold	Chromosome	chromosome	2759748	38.25133851904233	150	150
GCF_014145545.1	NZ_JACIVE010000007.1	237	c5cdba13c0091eca2fcf10f4ff3f08b894421890d093b85e22c0a6eb2515842e	linear	unplaced-scaffold	Chromosome	chromosome	2759748	41.77215189873418	0	0
GCF_014145545.1	NZ_JACIVE010000008.1	969	cbee7fc4ab33014991d64cad94cad1b1b81354addd03190a277932071d654efe	linear	unplaced-scaffold	Chromosome	chromosome	2759748	46.02683178534572	0	0
GCF_014145545.1	NZ_JACIVE010000009.1	115417	765c0b45e2b4c7df10661623f73f249a9788f9388e4b4f5270446cfa9e9ab1b8	linear	unplaced-scaffold	Chromosome	chromosome	2759748	38.47700078844537	0	0
GCF_014145555.1	NZ_JACIVD010000001.1	227	f93db0b8344aff40afbe2642e5171dfe545d9fa60f20e8209cc163a561ebe860	linear	unplaced-scaffold	Chromosome	chromosome	2759752	32.59911894273128	0	0
GCF_014145555.1	NZ_JACIVD010000010.1	237	5741ab21044219f90a6d56d8decda6d13679dc9a59bdac369e814574d6b33dcc	linear	unplaced-scaffold	Chromosome	chromosome	2759752	47.67932489451477	0	0
GCF_014145555.1	NZ_JACIVD010000011.1	237	ba73eeb0e43648ea997d31a7b654f8160b88d30c7dfce69fe0de87fbce71aaa9	linear	unplaced-scaffold	Chromosome	chromosome	2759752	51.47679324894515	0	0
GCF_014145555.1	NZ_JACIVD010000012.1	310	984099bdd067ac181295381747179ea7ec663e684d76745e1946bb5231cc8e08	linear	unplaced-scaffold	Chromosome	chromosome	2759752	32.58064516129032	0	0
GCF_014145555.1	NZ_JACIVD010000013.1	214	b3a85db11a05d39b8788b5baa2abb02d782bce9356dadfc46f864d1d8f9371a2	linear	unplaced-scaffold	Chromosome	chromosome	2759752	55.60747663551402	0	0
GCF_014145555.1	NZ_JACIVD010000014.1	237	9602e9926960b5fdb4c6b19324fc13b4d169d08c3b253d23439329d5fc11ef95	linear	unplaced-scaffold	Chromosome	chromosome	2759752	40.92827004219409	0	0
GCF_014145555.1	NZ_JACIVD010000015.1	223	6e5dc7109de0f1857a0dd672a2e5cc72ff1f3fcc6227fe0c9f7d7ed3c6e346f3	linear	unplaced-scaffold	Chromosome	chromosome	2759752	35.426008968609864	0	0
GCF_014145555.1	NZ_JACIVD010000016.1	243	0d37ddb6a638c24959b6169dba007cdcef196ba0a3e1a011ed690c829c88888b	linear	unplaced-scaffold	Chromosome	chromosome	2759752	29.62962962962963	0	0
GCF_014145555.1	NZ_JACIVD010000017.1	961	e0db4258d0d8111e6ff9b1208deaf32e358799d51da2e872348f5d2fdecef73f	linear	unplaced-scaffold	Chromosome	chromosome	2759752	40.166493236212276	0	0
GCF_014145555.1	NZ_JACIVD010000018.1	2399	309e5cb1925526c5607861f71b5dcbdc54c1f2e601c88de3fd4e6828b74b09b0	linear	unplaced-scaffold	Chromosome	chromosome	2759752	35.514797832430176	0	0
GCF_014145555.1	NZ_JACIVD010000019.1	499	5f63e24b931c0b13068a243f11cd610481e6e543f825b82bde1f772a4a0278bc	linear	unplaced-scaffold	Chromosome	chromosome	2759752	42.28456913827655	0	0
GCF_014145555.1	NZ_JACIVD010000002.1	1189	e7b11b0d57ac3a34bab5ad1bf54824d89876d283913f5678ba0a72a8baad887e	linear	unplaced-scaffold	Chromosome	chromosome	2759752	50.798990748528176	0	0
GCF_014145555.1	NZ_JACIVD010000020.1	651	8d2551d070eb34402875fe230aa1cabdddd16f6ac3b3fd2a740f053d99d35349	linear	unplaced-scaffold	Chromosome	chromosome	2759752	52.534562211981566	0	0
GCF_014145555.1	NZ_JACIVD010000021.1	688	1eedf11a379d3266370f2b25f3b7bbb99bff3614e5b23cfa86bed4d51e2dd3b6	linear	unplaced-scaffold	Chromosome	chromosome	2759752	36.91860465116279	0	0
GCF_014145555.1	NZ_JACIVD010000022.1	8428	3bca3d93070834d76e97f9cb5950bf0e06195687aedff3d1048ae7d1f02bea2a	linear	unplaced-scaffold	Chromosome	chromosome	2759752	35.1922164214523	0	0
GCF_014145555.1	NZ_JACIVD010000023.1	54229	526cae3f8d38c757d8c26bf40388417629d0954f7058c549baa49996931b5866	linear	unplaced-scaffold	Chromosome	chromosome	2759752	39.963856976894284	0	0
GCF_014145555.1	NZ_JACIVD010000024.1	234	bb0e05839fc91fe1cf7b4de04129dde9c0451b2f146f6f1cedca96fb7ab0539f	linear	unplaced-scaffold	Chromosome	chromosome	2759752	39.31623931623932	0	0
GCF_014145555.1	NZ_JACIVD010000025.1	236	190e9fee3d175868588745c060233e526b55c0282bbd9e0df8f6961dc080c419	linear	unplaced-scaffold	Chromosome	chromosome	2759752	41.52542372881356	0	0
GCF_014145555.1	NZ_JACIVD010000026.1	228	b672b5a168e12a3ab706dd72c895d237fd412579cf83759a801adef251565169	linear	unplaced-scaffold	Chromosome	chromosome	2759752	54.3859649122807	0	0
GCF_014145555.1	NZ_JACIVD010000027.1	307	43851b6ba50cba140c8911da70f68d3d43e836eaa2d23f499bfd789d0ff50758	linear	unplaced-scaffold	Chromosome	chromosome	2759752	41.042345276872965	0	0
GCF_014145555.1	NZ_JACIVD010000028.1	226	4b27739781399ca52eacf664360078beef2a6c82b4af241e6c6c6a767d2ae8db	linear	unplaced-scaffold	Chromosome	chromosome	2759752	44.24778761061947	0	0
GCF_014145555.1	NZ_JACIVD010000029.1	245	4bcdcb0399b648f92802127cf2c73e31a7f99f805f933c33456f71892efcf2b1	linear	unplaced-scaffold	Chromosome	chromosome	2759752	41.224489795918366	0	0
GCF_014145555.1	NZ_JACIVD010000003.1	264	5835821c4add4e2620e9f9f48ca606cc5f181d136987cdbe9296f7dd6ec74814	linear	unplaced-scaffold	Chromosome	chromosome	2759752	39.39393939393939	0	0
GCF_014145555.1	NZ_JACIVD010000030.1	264	b621ec64a633feeacee2b804448664690ddc0e3cc390b4ff42a0c0e2a88516cf	linear	unplaced-scaffold	Chromosome	chromosome	2759752	42.803030303030305	0	0
GCF_014145555.1	NZ_JACIVD010000031.1	237	5c70e79340acff7409a0eb63a9929e8d969a2819e153fe6e1c85e2fdd6d147df	linear	unplaced-scaffold	Chromosome	chromosome	2759752	49.36708860759494	0	0
GCF_014145555.1	NZ_JACIVD010000032.1	237	8c21de3ba1a1dad08ee298344d4a62ae52256d7fd0d7a73cbceb3515f26762bb	linear	unplaced-scaffold	Chromosome	chromosome	2759752	51.89873417721519	0	0
GCF_014145555.1	NZ_JACIVD010000033.1	208	e5df1d157d2ae10dca5858cd2885c6eea81b2dd37bf654a086fec5b1cc1ee760	linear	unplaced-scaffold	Chromosome	chromosome	2759752	51.92307692307692	0	0
GCF_014145555.1	NZ_JACIVD010000034.1	237	789c2ded576b37d31f4d45371c0520b1c62f01399734f577a15646dd928f4b42	linear	unplaced-scaffold	Chromosome	chromosome	2759752	49.36708860759494	0	0
GCF_014145555.1	NZ_JACIVD010000035.1	202	78d560965054ae6ed2e76f6c21ecf70185d8770e15c2e5e3e819d45d6cd242f2	linear	unplaced-scaffold	Chromosome	chromosome	2759752	40.59405940594059	0	0
GCF_014145555.1	NZ_JACIVD010000036.1	214	943228bcca364e709d0e2133340d45569a4a0459fce1ce416d8af7b628ad0deb	linear	unplaced-scaffold	Chromosome	chromosome	2759752	38.3177570093458	0	0
GCF_014145555.1	NZ_JACIVD010000037.1	241	88f8ce62b2d8f9651856860693e45483659ed53155c8f8b7e250d7c6b4a76531	linear	unplaced-scaffold	Chromosome	chromosome	2759752	40.66390041493776	0	0
GCF_014145555.1	NZ_JACIVD010000038.1	237	091d05e18245ff84c23030135d8cbba698021bc38e3a67d9984808a117272d01	linear	unplaced-scaffold	Chromosome	chromosome	2759752	55.27426160337553	0	0
GCF_014145555.1	NZ_JACIVD010000039.1	237	7c2c0f5e32aade7bd792005da9dfe15c8a0cdf1e9850b8aa39790967259f6bd6	linear	unplaced-scaffold	Chromosome	chromosome	2759752	51.0548523206751	0	0
GCF_014145555.1	NZ_JACIVD010000004.1	244	7ba9ee9b357d7f9f8d244e52db33450a5c536942eb6a60f8f7bf51d435f8e7e4	linear	unplaced-scaffold	Chromosome	chromosome	2759752	54.50819672131148	0	0
GCF_014145555.1	NZ_JACIVD010000040.1	237	da3e989253ecc9f88638de653116072fd294b45da138cb055a5d81772ffeacc7	linear	unplaced-scaffold	Chromosome	chromosome	2759752	52.742616033755276	0	0
GCF_014145555.1	NZ_JACIVD010000041.1	238	09bea516e9dfd60593e0b71fca644707f9473ee207a5485d584a49ee45aa6643	linear	unplaced-scaffold	Chromosome	chromosome	2759752	37.39495798319328	0	0
GCF_014145555.1	NZ_JACIVD010000042.1	432	74c77a42a91d87618f185795983913755a4b8e324399f65f02cd3b2f6fb50126	linear	unplaced-scaffold	Chromosome	chromosome	2759752	42.824074074074076	0	0
GCF_014145555.1	NZ_JACIVD010000043.1	45794	1024fc30fd8c8d550877448f3477c7093305963e5cef82a6a53382736b846089	linear	unplaced-scaffold	Chromosome	chromosome	2759752	38.179674193125734	0	0
GCF_014145555.1	NZ_JACIVD010000044.1	115263	f8c4eb16ab9cd4f8faa22eeb09cfb219a8f53d80e2292523fe937306fb44e91f	linear	unplaced-scaffold	Chromosome	chromosome	2759752	37.457813869151416	0	0
GCF_014145555.1	NZ_JACIVD010000045.1	83973	7b8eac8c4c191c614ba998f9ec3159e418d82cf315732783bc45a1d5dcd9d374	linear	unplaced-scaffold	Chromosome	chromosome	2759752	39.59486977957201	0	0
GCF_014145555.1	NZ_JACIVD010000046.1	6099	1e3ab98c28e5f4d794224dd56ce6640b9398ca7a240402e218e6957874622391	linear	unplaced-scaffold	Chromosome	chromosome	2759752	38.03902279062142	0	0
GCF_014145555.1	NZ_JACIVD010000047.1	14443	63ee8b6969300dc5b4f6f8713ed2cf166778df6986c336d99a52c838cf77c999	linear	unplaced-scaffold	Chromosome	chromosome	2759752	35.26275704493526	0	0
GCF_014145555.1	NZ_JACIVD010000048.1	116418	a52c87df81e8584db1cb25c4a86571c46ace3d755097f1811bc7b7c8f99ee98e	linear	unplaced-scaffold	Chromosome	chromosome	2759752	38.73370097407617	0	0
GCF_014145555.1	NZ_JACIVD010000049.1	8552	2634fd586f0d712f98eaa7d61af2852b98636e479830c3f47783d99ae25f7b37	linear	unplaced-scaffold	Chromosome	chromosome	2759752	40.51683816651076	0	0
GCF_014145555.1	NZ_JACIVD010000005.1	237	8362d9fa51a6bb06c976f78d4515d14fc016a00bca05bd16d1f31906e31b4b66	linear	unplaced-scaffold	Chromosome	chromosome	2759752	49.36708860759494	0	0
GCF_014145555.1	NZ_JACIVD010000050.1	22035	d539212947aa741cf6d9b4c8717e1d375ea850214c25c2888dce0bd762e9a865	linear	unplaced-scaffold	Chromosome	chromosome	2759752	36.08350351713184	0	0
GCF_014145555.1	NZ_JACIVD010000051.1	16219	140734ec8e1a166ad4adf6110abf7e0755dc84e16cf412731583f1ecb6026527	linear	unplaced-scaffold	Chromosome	chromosome	2759752	37.34508909303903	0	0
GCF_014145555.1	NZ_JACIVD010000052.1	4209	57dcc0cd695b79f881e0514f90d9cc8f3ac0f077b6682236c4dd624960878de2	linear	unplaced-scaffold	Chromosome	chromosome	2759752	34.3311950582086	0	0
GCF_014145555.1	NZ_JACIVD010000053.1	59125	5929a806d8c1f0aa84494b9d3c2384ca4200bb3f1cf27d24256ea6332e7cf1a1	linear	unplaced-scaffold	Chromosome	chromosome	2759752	39.264270613107826	0	0
GCF_014145555.1	NZ_JACIVD010000054.1	57807	bb81f9ad0be9f1904f8dd6b4837538a6eea9d34c8aac5dcf3c728c9330525deb	linear	unplaced-scaffold	Chromosome	chromosome	2759752	38.64583873925303	0	0
GCF_014145555.1	NZ_JACIVD010000055.1	156218	a5c3c4c1ab45fd58ee023af5540dc0b89167e4cf10e8fa5860af08a4e0cfa095	linear	unplaced-scaffold	Chromosome	chromosome	2759752	38.8169097031072	0	0
GCF_014145555.1	NZ_JACIVD010000056.1	64889	a1e968794b049d0ebba0fbfeadf392f8e4787e94071d4aeeaa89ba122a4899b3	linear	unplaced-scaffold	Chromosome	chromosome	2759752	40.70181386675708	0	0
GCF_014145555.1	NZ_JACIVD010000057.1	4364	8d3eb6ab8355d59d7cd83fc44f6e52d404c75497fe7086ab7debf2bee33b79dc	linear	unplaced-scaffold	Chromosome	chromosome	2759752	32.83684692942255	0	0
GCF_014145555.1	NZ_JACIVD010000058.1	6958	90f657f34428dcb8ad28edc80d847d4238b3d2069513ee8960c43e3a979130cb	linear	unplaced-scaffold	Chromosome	chromosome	2759752	37.46766312158666	0	0
GCF_014145555.1	NZ_JACIVD010000059.1	17948	bcf8ce71ee0b4c39b91e1d1578ea0c96a9dd1beaef0f11f5c9ec7b7be252dad1	linear	unplaced-scaffold	Chromosome	chromosome	2759752	31.869846222420325	0	0
GCF_014145555.1	NZ_JACIVD010000006.1	237	61b4e2e38850485abeffb5b62d6ae0d220656723273e2c6a9a2a4187fbd10024	linear	unplaced-scaffold	Chromosome	chromosome	2759752	48.9451476793249	0	0
GCF_014145555.1	NZ_JACIVD010000060.1	58407	15168d2ca6e8fbfc134031d3ba1595a944ce79e8979905d2455990009732f7c1	linear	unplaced-scaffold	Chromosome	chromosome	2759752	40.23319122707895	0	0
GCF_014145555.1	NZ_JACIVD010000061.1	143441	e1bc2c6e52c4d755697e7f0cf939fefcbe027d19a9854fb613b3a7b26afaf353	linear	unplaced-scaffold	Chromosome	chromosome	2759752	37.61267698914536	0	0
GCF_014145555.1	NZ_JACIVD010000062.1	172084	807dcc0af72dfc3486a825ba3b157bccba83c7495f2159105292d7d94441f0d0	linear	unplaced-scaffold	Chromosome	chromosome	2759752	38.73050370749169	0	0
GCF_014145555.1	NZ_JACIVD010000063.1	15288	d99aea926203a6356497b551ff95e96c2e7fd8c90175f32ee16905552e21ac0b	linear	unplaced-scaffold	Chromosome	chromosome	2759752	39.99215070643642	0	0
GCF_014145555.1	NZ_JACIVD010000064.1	24018	932dd5a0386139a22e774606a9aaac1872bd9f575516463914d71941cccce746	linear	unplaced-scaffold	Chromosome	chromosome	2759752	39.78266300274794	0	0
GCF_014145555.1	NZ_JACIVD010000065.1	180510	f1aaca35cfb6de2d7b2870965f0c746a373ef271923d14b13e932faec0ec498b	linear	unplaced-scaffold	Chromosome	chromosome	2759752	39.757354163204255	0	0
GCF_014145555.1	NZ_JACIVD010000066.1	169662	854a918e74f494c349115dd98ea7cb961bed36d0b1aec1da178d4ac9c44f99fd	linear	unplaced-scaffold	Chromosome	chromosome	2759752	38.31264514151666	0	0
GCF_014145555.1	NZ_JACIVD010000067.1	19628	b1a147f99e6c791ca446805644ad97f9225c6d5deca5b82b0cd71fdd6910b9cb	linear	unplaced-scaffold	Chromosome	chromosome	2759752	40.29447727735887	0	0
GCF_014145555.1	NZ_JACIVD010000068.1	28251	088bfc3f5bb3985fa4a6b1e623c162e5bb5f73df37c2c3b7f74203b4bc547bd0	linear	unplaced-scaffold	Chromosome	chromosome	2759752	38.55792715302113	0	0
GCF_014145555.1	NZ_JACIVD010000069.1	304742	c8ba5e15c4cc2ffdba72a9e4ac2b50fdcc06b9f4ca25c251d54291a87d10c931	linear	unplaced-scaffold	Chromosome	chromosome	2759752	38.64318013270242	0	0
GCF_014145555.1	NZ_JACIVD010000007.1	2263	bc2f7642ce61aa3daf9bd2e0a43038b778d9c8b097fb881af26eec2ca549a973	linear	unplaced-scaffold	Chromosome	chromosome	2759752	52.938577110030934	0	0
GCF_014145555.1	NZ_JACIVD010000070.1	18345	2862fbc815b6b5ca9a38adb7f64915794d212e076ac74af440b400ed6f6f3cdf	linear	unplaced-scaffold	Chromosome	chromosome	2759752	32.641046606704826	0	0
GCF_014145555.1	NZ_JACIVD010000071.1	26983	8ba872f1f7c364202500157793d73656db1412635e0423763421f8c62932609d	linear	unplaced-scaffold	Chromosome	chromosome	2759752	40.25126931771857	0	0
GCF_014145555.1	NZ_JACIVD010000072.1	8188	287b7625ed0e120d11c1996124db68b3ba8b34dbff5fd0e6dbcf6cb5bfeb5b9c	linear	unplaced-scaffold	Chromosome	chromosome	2759752	37.84807034684905	0	0
GCF_014145555.1	NZ_JACIVD010000073.1	52339	5bf4dc63cbc4dc9e64c0914e656d6eeaf1efb75b83e3285b32120ef57cf2c8eb	linear	unplaced-scaffold	Chromosome	chromosome	2759752	37.21698924320297	0	0
GCF_014145555.1	NZ_JACIVD010000074.1	31940	a2aed4c65111eaf8f80d86ed9b332041474dc96b35142929800966630babd589	linear	unplaced-scaffold	Chromosome	chromosome	2759752	38.6829727187206	50	50
GCF_014145555.1	NZ_JACIVD010000075.1	50110	3a042dfd47bf4e0f00b1296a0e4966011a9f39f1e60430e9b515dff2d3ab57fd	linear	unplaced-scaffold	Chromosome	chromosome	2759752	36.81175038416252	0	1
GCF_014145555.1	NZ_JACIVD010000076.1	111518	33041ea0f76ca0a83d939503656ee295134f989a37b99bfcc4b8c7e942dfc791	linear	unplaced-scaffold	Chromosome	chromosome	2759752	38.90223999713051	0	0
GCF_014145555.1	NZ_JACIVD010000077.1	81343	ab4daa791b85baa3e7cfc94c32d3247080822b98433f882746510c77dabbdce6	linear	unplaced-scaffold	Chromosome	chromosome	2759752	40.39069127029984	0	0
GCF_014145555.1	NZ_JACIVD010000078.1	75870	25ce1187b9a13559f1b6d9235d266039155ad5f085f1693c793d7ec6235a7c04	linear	unplaced-scaffold	Chromosome	chromosome	2759752	41.72004744958482	0	0
GCF_014145555.1	NZ_JACIVD010000008.1	229	c93469628536aad72865dcc20e8831e4bd4acbda6a67b066576533797c517f7b	linear	unplaced-scaffold	Chromosome	chromosome	2759752	40.17467248908297	0	0
GCF_014145555.1	NZ_JACIVD010000009.1	237	5ee9455afe026e48223c870259e873cdaf59295994bd50b546c008e8985b07f6	linear	unplaced-scaffold	Chromosome	chromosome	2759752	40.08438818565401	0	0
GCF_014145615.1	NZ_JACIVH010000001.1	228	04a8df376716299b8ad26b0734b06ac4fb26a7c66c40419069ef509b874b2d04	linear	unplaced-scaffold	Chromosome	chromosome	2759747	46.05263157894737	0	0
GCF_014145615.1	NZ_JACIVH010000010.1	237	6c5871e85077cc4eb9bb6757498838e98b3c152766372442f4a9bcebcb2c5769	linear	unplaced-scaffold	Chromosome	chromosome	2759747	39.66244725738397	0	0
GCF_014145615.1	NZ_JACIVH010000011.1	483	88a655bd4ce131ffabeecf2f30a67900a14d04c9e43fc00655a622e107e67b7b	linear	unplaced-scaffold	Chromosome	chromosome	2759747	49.06832298136646	0	0
GCF_014145615.1	NZ_JACIVH010000012.1	12826	574ad9d035dd54ed7e83c0f9ba0ebbdbbbe2de6b00ac744d53493f051341e78d	linear	unplaced-scaffold	Chromosome	chromosome	2759747	38.85077186963979	0	0
GCF_014145615.1	NZ_JACIVH010000013.1	232	84b5a69844aa1f3217ab08558cb36bed46505c0080dddb574a6a3a9b79840ff2	linear	unplaced-scaffold	Chromosome	chromosome	2759747	47.8448275862069	0	0
GCF_014145615.1	NZ_JACIVH010000014.1	312	c742f5e0936a43c037623654e8ac697532c81284dbc125dc2f16b1a79fd13fce	linear	unplaced-scaffold	Chromosome	chromosome	2759747	48.717948717948715	0	0
GCF_014145615.1	NZ_JACIVH010000015.1	237	57b945a4a506a701def96b329d71d5fdf194c5e362dc50d021974443715fb39e	linear	unplaced-scaffold	Chromosome	chromosome	2759747	49.36708860759494	0	0
GCF_014145615.1	NZ_JACIVH010000016.1	237	4ad4eabfe9811f6602139d706685ac019b7cc995580e513fb48d47efa7bb2fd5	linear	unplaced-scaffold	Chromosome	chromosome	2759747	37.552742616033754	0	0
GCF_014145615.1	NZ_JACIVH010000017.1	234	947d0dc0e94fef9424db6294a6cb2f8fbc23ca1371a9d45ce97d6b672b90b8bf	linear	unplaced-scaffold	Chromosome	chromosome	2759747	49.572649572649574	0	0
GCF_014145615.1	NZ_JACIVH010000018.1	319	c1e73a89fa3f3f3c54d75e1e1768aa72a9c36656387f0c9f5aff10097fe5b9a7	linear	unplaced-scaffold	Chromosome	chromosome	2759747	37.61755485893417	0	0
GCF_014145615.1	NZ_JACIVH010000019.1	638	11d9226e06eb1c3a184dd638ed737fd7c0528523d00193c0c2b3bec7e22e3e6c	linear	unplaced-scaffold	Chromosome	chromosome	2759747	49.529780564263326	0	0
GCF_014145615.1	NZ_JACIVH010000002.1	237	b37d9829daa1a59eff3905c0ee1d9a6d96ceda45ecb4861dbece2f2dbcef432d	linear	unplaced-scaffold	Chromosome	chromosome	2759747	45.9915611814346	0	0
GCF_014145615.1	NZ_JACIVH010000020.1	200	a8bcb88a43d23df92a47bc751fe72cbc8c3526368dba1b46d513a3507852d64e	linear	unplaced-scaffold	Chromosome	chromosome	2759747	49.0	0	0
GCF_014145615.1	NZ_JACIVH010000021.1	237	3dd9e5e04cb477b2110bf634d2066591281bb5d84373f7151aeeabd799d4e905	linear	unplaced-scaffold	Chromosome	chromosome	2759747	47.67932489451477	0	0
GCF_014145615.1	NZ_JACIVH010000022.1	234	c10cd613b2ecdb492fb3204eb10d342eaca99b7a177e517b08805070108aa33b	linear	unplaced-scaffold	Chromosome	chromosome	2759747	38.888888888888886	0	0
GCF_014145615.1	NZ_JACIVH010000023.1	1355	4f55cf9f8b85e362a2198baacad6821eb0bf685a6a96dd9f00fd3a7142b8c8bb	linear	unplaced-scaffold	Chromosome	chromosome	2759747	54.095940959409596	0	0
GCF_014145615.1	NZ_JACIVH010000024.1	1401	487f87ec9ddbd9699412a4627b4749d67a250eb7202b2cf249215e560cf42eef	linear	unplaced-scaffold	Chromosome	chromosome	2759747	42.82655246252676	0	0
GCF_014145615.1	NZ_JACIVH010000025.1	237	60dd08cc9178b9128c94b7b0b70243732e876feeae5bae3509c7fda5dc2fd25c	linear	unplaced-scaffold	Chromosome	chromosome	2759747	39.66244725738397	0	0
GCF_014145615.1	NZ_JACIVH010000026.1	242	b54e91780f8f683476c1fafe8094bc8780d66846ab3d8da6e760aae31f5758ec	linear	unplaced-scaffold	Chromosome	chromosome	2759747	49.586776859504134	0	0
GCF_014145615.1	NZ_JACIVH010000027.1	429	eae08951f6af4a243a8e9430e66de878ec3c98d8927521810cab9e8c1edfce83	linear	unplaced-scaffold	Chromosome	chromosome	2759747	47.785547785547784	0	0
GCF_014145615.1	NZ_JACIVH010000028.1	390	9a36a87747299fae2bca877608cf5281ec3abbc5a53ad31c1a7463ed834c35cd	linear	unplaced-scaffold	Chromosome	chromosome	2759747	49.48717948717949	0	0
GCF_014145615.1	NZ_JACIVH010000029.1	201	496b4cbbb985bbd2c50f14f04cafe32bdb1f4cc31254fcb9f5ad6b8b94d968d3	linear	unplaced-scaffold	Chromosome	chromosome	2759747	41.791044776119406	0	0
GCF_014145615.1	NZ_JACIVH010000003.1	250	c9e87b6bc8f34ee73481421fc0f6c7f5a6ab941648850e24129badf972925a13	linear	unplaced-scaffold	Chromosome	chromosome	2759747	50.4	0	0
GCF_014145615.1	NZ_JACIVH010000030.1	234	e68e602e5662a053026285ff1d3107fe554272bf27e8f9dcc3306cc732c5ee05	linear	unplaced-scaffold	Chromosome	chromosome	2759747	38.888888888888886	0	0
GCF_014145615.1	NZ_JACIVH010000031.1	353	55dc61a7db9d7b6984b943664a16534b3d724056e7fca74f4b10d28508bf1373	linear	unplaced-scaffold	Chromosome	chromosome	2759747	49.858356940509914	0	0
GCF_014145615.1	NZ_JACIVH010000032.1	354	3e37cc9ba4e1402738cbdfeeabde402889b25357753cc61a7f5f8e1251d526b1	linear	unplaced-scaffold	Chromosome	chromosome	2759747	47.175141242937855	0	0
GCF_014145615.1	NZ_JACIVH010000033.1	326	43197fc55a59292ca020723cf51a6fa535ac2aebbd7db866dc41cbf3a5ce03a3	linear	unplaced-scaffold	Chromosome	chromosome	2759747	38.65030674846626	0	0
GCF_014145615.1	NZ_JACIVH010000034.1	60532	1180091728e172598e14dd4e59b18f464fbc1a206960df901fcd5bf34c53c77e	linear	unplaced-scaffold	Chromosome	chromosome	2759747	36.04374545694839	0	0
GCF_014145615.1	NZ_JACIVH010000035.1	243	1f104aa8368437265f2a4262c03e861948bf312fd046f2963909cc1fee49b8e5	linear	unplaced-scaffold	Chromosome	chromosome	2759747	48.97119341563786	0	0
GCF_014145615.1	NZ_JACIVH010000036.1	265	ecc7c74570a9b358cfe0aaa42679b32d3b8de83a6f18f73a1e14e8ec87633d46	linear	unplaced-scaffold	Chromosome	chromosome	2759747	50.56603773584906	0	0
GCF_014145615.1	NZ_JACIVH010000037.1	385	05e0d26b34c942c8637ed6b01e13a6ecf3c101bf02ff3be14ac949f2e8b4b69e	linear	unplaced-scaffold	Chromosome	chromosome	2759747	42.5974025974026	0	0
GCF_014145615.1	NZ_JACIVH010000038.1	229	98bc609b735b14b56819350289a8a9f0a2366a5ae588a1b78026eb21e1104f51	linear	unplaced-scaffold	Chromosome	chromosome	2759747	49.34497816593886	0	0
GCF_014145615.1	NZ_JACIVH010000039.1	237	0aeb6e86ea7ab975fbcc9e3e317a47b41059a90911f7315c12d60f22034534c5	linear	unplaced-scaffold	Chromosome	chromosome	2759747	49.78902953586498	0	0
GCF_014145615.1	NZ_JACIVH010000004.1	237	e97d612a342e50db22c0809a31d684ed3bccd0c80d43a870492bd0a723a65e19	linear	unplaced-scaffold	Chromosome	chromosome	2759747	51.0548523206751	0	0
GCF_014145615.1	NZ_JACIVH010000040.1	249	85ed36493205d322ffa90e1f3c178fb3dec5efd00b909ad7c0d35373be6b4da9	linear	unplaced-scaffold	Chromosome	chromosome	2759747	50.200803212851405	0	0
GCF_014145615.1	NZ_JACIVH010000041.1	93930	6634d399719a789d2f28d6cd64cf6fccc31105626c38dd892483ce9711403d45	linear	unplaced-scaffold	Chromosome	chromosome	2759747	38.48930054295752	0	0
GCF_014145615.1	NZ_JACIVH010000042.1	390120	bb313ed3d35d5ae6130fcb9009e6a80279274f1b3c85bc57417071534eab40fc	linear	unplaced-scaffold	Chromosome	chromosome	2759747	37.90397826309854	0	0
GCF_014145615.1	NZ_JACIVH010000043.1	384	3da0ed1b3503fafa48dc3503047af7df968c82e6ac9f0c0cb342e7d6916c0f9e	linear	unplaced-scaffold	Chromosome	chromosome	2759747	50.0	0	0
GCF_014145615.1	NZ_JACIVH010000044.1	237	ea041100ef3f7c4bd5c9e0eb1bdfbdeda7ddd7c6cda3bbdcbd11b32b544b49f3	linear	unplaced-scaffold	Chromosome	chromosome	2759747	37.552742616033754	0	0
GCF_014145615.1	NZ_JACIVH010000045.1	223	a41707217f5d64be52be2c55f42ddc06623421dbd4536ae74be432377c6e8469	linear	unplaced-scaffold	Chromosome	chromosome	2759747	47.98206278026906	0	0
GCF_014145615.1	NZ_JACIVH010000046.1	382	85a482557a06bfe9fda5f58d12b51408c9d9cdda581a14665326724f36328e22	linear	unplaced-scaffold	Chromosome	chromosome	2759747	45.54973821989529	0	0
GCF_014145615.1	NZ_JACIVH010000047.1	427	64dbaae20c1371a036879aaa9631089c8acacd5a4fea5373c6a52dffedc6d2bf	linear	unplaced-scaffold	Chromosome	chromosome	2759747	42.15456674473068	0	0
GCF_014145615.1	NZ_JACIVH010000048.1	200	e82a1d27897a0d957ebb94adbe6b16f9d1bba67d810b20bc15be0473c75c1a20	linear	unplaced-scaffold	Chromosome	chromosome	2759747	52.5	0	0
GCF_014145615.1	NZ_JACIVH010000049.1	237	6073e2291f53fcbf16300a0d0bd10283257f6fcbc5f47594ac99ea8823cdb18a	linear	unplaced-scaffold	Chromosome	chromosome	2759747	41.77215189873418	0	0
GCF_014145615.1	NZ_JACIVH010000005.1	246	8b6b8313900afee42bbb9afab921b47e09e2f8d8b4af59da917d2007f38cf17b	linear	unplaced-scaffold	Chromosome	chromosome	2759747	47.15447154471545	0	0
GCF_014145615.1	NZ_JACIVH010000050.1	237	ba31a93707249662c7127022962aff39934f3a3086d7a8b8cbed0fdfa00474d1	linear	unplaced-scaffold	Chromosome	chromosome	2759747	41.35021097046413	0	0
GCF_014145615.1	NZ_JACIVH010000051.1	273	0f13af191c092450f0ef746d5f13a8cf2acfc54dd7394d47eb2d86f53023c6a3	linear	unplaced-scaffold	Chromosome	chromosome	2759747	40.29304029304029	0	0
GCF_014145615.1	NZ_JACIVH010000052.1	473	30b75a6284acc00b287c9e6e43fc6648db82d2647220138a52720590c2d86849	linear	unplaced-scaffold	Chromosome	chromosome	2759747	42.91754756871036	0	0
GCF_014145615.1	NZ_JACIVH010000053.1	318	09613e812a2370358c8a4a0990ae722caae563fb4b27c5627dd1ff6e0d3853b1	linear	unplaced-scaffold	Chromosome	chromosome	2759747	47.484276729559745	0	0
GCF_014145615.1	NZ_JACIVH010000054.1	234	5cb37c78ef443491755957346bfc77f82704c467dc4a2bd8f5242e912536f3be	linear	unplaced-scaffold	Chromosome	chromosome	2759747	39.31623931623932	0	0
GCF_014145615.1	NZ_JACIVH010000055.1	256	016af5f70f5f8167809c1a3213c8c9051cb123c0ad4c794abed70ee1947de0d7	linear	unplaced-scaffold	Chromosome	chromosome	2759747	40.625	0	0
GCF_014145615.1	NZ_JACIVH010000056.1	11428	5b67ae21b5950096187b6549b5b21424ec105fad1bf3ed825e7ba5b365b7cbf5	linear	unplaced-scaffold	Chromosome	chromosome	2759747	40.85579278963948	0	0
GCF_014145615.1	NZ_JACIVH010000057.1	13997	0698af4e9994d5310ff79910ecfa1f77e41cfdc805df95b54440391e75cbdcc8	linear	unplaced-scaffold	Chromosome	chromosome	2759747	36.25062513395728	0	0
GCF_014145615.1	NZ_JACIVH010000058.1	42699	cc024bbc3162158aa54e07123ea3e3d84d3608efaf38d170a1f5d17e32bb29f1	linear	unplaced-scaffold	Chromosome	chromosome	2759747	40.094615798964846	0	0
GCF_014145615.1	NZ_JACIVH010000059.1	127790	2b07c68555de55de8437352b96c915984730e8758399ef574c2f376c0cfb8921	linear	unplaced-scaffold	Chromosome	chromosome	2759747	38.07966194537914	0	0
GCF_014145615.1	NZ_JACIVH010000006.1	274	1d9d334889ae9815707cded6217c0da1de2415d63eaa9d5ac891bb5c581aafc3	linear	unplaced-scaffold	Chromosome	chromosome	2759747	45.98540145985402	0	0
GCF_014145615.1	NZ_JACIVH010000060.1	4583	e7661d7bc3d1dd6baf328cf00780ac28dfe747487300b97220ab7898b22812d5	linear	unplaced-scaffold	Chromosome	chromosome	2759747	38.64281038620991	0	0
GCF_014145615.1	NZ_JACIVH010000061.1	16606	9792c592ee98fa3839a0d8a42114fe2bacaf200dc672e3f7b9fa146f4b6753fa	linear	unplaced-scaffold	Chromosome	chromosome	2759747	37.359990364928336	0	0
GCF_014145615.1	NZ_JACIVH010000062.1	128225	70a204a184e439559c384a55c3d9f827147a4563e2026c68382d10215f03112a	linear	unplaced-scaffold	Chromosome	chromosome	2759747	38.559563267693505	0	0
GCF_014145615.1	NZ_JACIVH010000063.1	60470	ebb491fdddd9e2c0993a6bce39c0856131e1e04eaa2e3500e5e4f7dff441ac0c	linear	unplaced-scaffold	Chromosome	chromosome	2759747	39.69571688440549	0	0
GCF_014145615.1	NZ_JACIVH010000064.1	160830	defe0884c1d67c31e86a673021b91ea70cf480262aecd7b0d915cc9f32dfda1c	linear	unplaced-scaffold	Chromosome	chromosome	2759747	37.687620468818004	0	0
GCF_014145615.1	NZ_JACIVH010000065.1	136912	e20756b8593e3f34e10af547b1f62be2dd572c29542b542fd28ca8b0a98fd871	linear	unplaced-scaffold	Chromosome	chromosome	2759747	38.65037396283744	0	0
GCF_014145615.1	NZ_JACIVH010000066.1	131439	3c60106dada1060b019e4d93be886e90c699cc8bb33d9836f25ec7c43582192a	linear	unplaced-scaffold	Chromosome	chromosome	2759747	39.44491361011572	0	0
GCF_014145615.1	NZ_JACIVH010000067.1	3363	5c2f9301884c624396722bb3a095faa95e639830eab8d263ceb720d090c51461	linear	unplaced-scaffold	Chromosome	chromosome	2759747	39.16146297948261	0	0
GCF_014145615.1	NZ_JACIVH010000068.1	60232	4773a7dc32df56975e73abb82b11dcf22fce48ef48b702cbb09554e1aab15d96	linear	unplaced-scaffold	Chromosome	chromosome	2759747	40.38550936379333	0	0
GCF_014145615.1	NZ_JACIVH010000069.1	143193	edb973bef37a7e30463c81f014f96700d19aa1fc7a4cc63a88306103d066a175	linear	unplaced-scaffold	Chromosome	chromosome	2759747	38.02001494486462	0	0
GCF_014145615.1	NZ_JACIVH010000007.1	642	fd19cb7cfa9050dd89e15157bcf791c417682a3be8d0525e5484643745dcde26	linear	unplaced-scaffold	Chromosome	chromosome	2759747	43.769470404984425	0	0
GCF_014145615.1	NZ_JACIVH010000070.1	33141	0c93c266d35d6caebf532532abe6f95af947b286633ed1ea1475ee1c812e8acb	linear	unplaced-scaffold	Chromosome	chromosome	2759747	38.42973959747744	0	0
GCF_014145615.1	NZ_JACIVH010000071.1	36263	481db9ac2cdafe0d4200f677fec0115673c4c65dc1019966dcc56915d4ae7b1c	linear	unplaced-scaffold	Chromosome	chromosome	2759747	38.62890549596007	0	0
GCF_014145615.1	NZ_JACIVH010000072.1	3046	d3dd45a2f4c22ff59a7e1c429fd43eaf6f507efb8d2a8c180672232ae92fbe07	linear	unplaced-scaffold	Chromosome	chromosome	2759747	41.56270518713066	0	0
GCF_014145615.1	NZ_JACIVH010000073.1	6447	2fb58cafb0a860f3a4cf5cb37001d6a96abf8a69cec1bb352cca3dc1ab4e6a0f	linear	unplaced-scaffold	Chromosome	chromosome	2759747	40.0496354893749	0	0
GCF_014145615.1	NZ_JACIVH010000074.1	237330	4602db4a755e4c7b2a37a88c6784fdb57afc9d6a2a11f4761b5e4d873ab098ae	linear	unplaced-scaffold	Chromosome	chromosome	2759747	37.49209960814056	0	0
GCF_014145615.1	NZ_JACIVH010000075.1	13603	afd5b82fb953a500432a359fd645bbb86e27b6049bb5c931f7d57a635b21a7bd	linear	unplaced-scaffold	Chromosome	chromosome	2759747	40.22642064250533	0	0
GCF_014145615.1	NZ_JACIVH010000076.1	142328	e4275fe7aa0a1f3e1bda6a75c5d0bd5663316c9d85835aba9bca930279d50669	linear	unplaced-scaffold	Chromosome	chromosome	2759747	38.13449725185904	50	50
GCF_014145615.1	NZ_JACIVH010000008.1	672	0785f30079830e9b788eddbb4662c2e95d0825612cc21ec1edec00816de80e68	linear	unplaced-scaffold	Chromosome	chromosome	2759747	41.964285714285715	0	0
GCF_014145615.1	NZ_JACIVH010000009.1	236	7576f5ac0c2d99633552468c0df33a98b1ac45ddda41126b2870d7df8234e5c1	linear	unplaced-scaffold	Chromosome	chromosome	2759747	49.152542372881356	0	0
GCF_014397255.1	NZ_CP060724.1	1659381	8fb3cc8bb69ef3487986036d66d9247724ee876e1d0502e42de8a13d8f68c178	circular	assembled-molecule	Chromosome	chromosome	1162633	39.355096870459526	0	0
GCF_014656585.1	NZ_CP061341.1	2149348	d11187fa637a6f9701462ddb1fcd48bcb84afbcdaddb06dbd71d50497c04c3ee	circular	assembled-molecule	Chromosome	chromosome	267818	37.644346099375255	0	0
GCF_014656585.1	NZ_CP061343.1	19814	44aa3e520262f6be5e854a646ae2c94135bc5d1ef4b302ae04e4405f922a6b99	circular	assembled-molecule	Plasmid	unnamed1	267818	35.57585545573836	0	0
GCF_014656585.1	NZ_CP061342.1	4472	40ea4a650b4ef80d182bd2413f11841d550bb1eb0ae4c7da2cd0450b1b4e645e	circular	assembled-molecule	Plasmid	unnamed2	267818	35.55456171735241	0	0
GCF_014789145.1	NZ_CP061835.1	1593241	8827230ecfa02536aa255c2ae7a48ca78ca08d906b68f25461c60bbd39ea620d	circular	assembled-molecule	Chromosome	chromosome	1629	41.189562658756586	0	0
GCF_016127255.1	NZ_CP065993.1	2114657	dea77a366a31b4b3fbf5575a89d0848115dca8c55ab92172df398efa808b5abe	circular	assembled-molecule	Chromosome	chromosome	33968	38.99611142610835	0	0
GCF_016127815.1	NZ_CP066046.1	2068296	df8ff9dd9f85f86771e75fa14ebae6a132c1ad38d65e83d6f8de0c786e9ce1d7	circular	assembled-molecule	Chromosome	chromosome	1254	42.22911034010606	0	0
GCF_016647595.1	NZ_CP059829.1	2181027	e57cb5d112231dee7e1d41b8d556517e2f1602b5477fb29e8642aabf6d6b6f42	circular	assembled-molecule	Chromosome	chromosome	227945	36.085293762984136	0	0
GCF_016647595.1	NZ_CP059830.1	65362	a6988947d3070b9d8ccfc5e46aae74e20d773eda1e8b460658db9a8cd12dbf72	linear	assembled-molecule	Plasmid	plasmid	227945	34.87347388390808	0	0
GCF_016919665.1	NZ_CP070381.1	2018259	4c123ae9ac61a82854b8d455b0e0d3d784d522966606d0ce3dd7ced2abc33fff	circular	assembled-molecule	Chromosome	chromosome	1151742	38.754837709134456	0	0
GCF_017068355.1	NZ_CP070872.1	1995099	43b444555734cf2e7bed53fe78831a450c83de2ab53b27f1fab11e676884bd60	circular	assembled-molecule	Chromosome	chromosome	1151742	38.7804815700875	0	0
GCF_017894345.1	NZ_CP059276.1	1893948	213804845a1b1ddd75ef0aa74991e78a543363226ab1ec255e50584dc2f42cb9	circular	assembled-molecule	Chromosome	chromosome	508451	34.289061790503226	0	0
GCF_017894345.1	NZ_CP059277.1	137288	3b1ed1805a550e94ad7dcd052b42756639b826836ce8404f7953a6720d19c155	circular	assembled-molecule	Plasmid	unnamed1	508451	31.71435231047142	0	0
GCF_017894345.1	NZ_CP059278.1	10527	5bf15a1c5573243245c102eaecc982c4000c6b1a695aa6c164825466c44e1619	circular	assembled-molecule	Plasmid	unnamed2	508451	34.96722713023654	0	0
GCF_018394055.1	NZ_CP074441.1	1505791	3c7cb99b209405d4b95f11b876cffe42e04cb47da0ef4e0fb9cdfbde9952c50a	circular	assembled-molecule	Chromosome	chromosome	759620	40.6921013606802	0	0
GCF_018502505.1	NZ_CP075544.1	1386044	ad5c3d97492c437c8bb857285da2c833714ff51d8733affd2890fa42d6fa3434	circular	assembled-molecule	Chromosome	chromosome	887702	40.74004865646401	0	0
GCF_019448175.1	NZ_CP080397.1	2044111	050120c369ac03ca3f96002ff36af08d5f246c0979bb10894d68fa508dd54a95	circular	assembled-molecule	Chromosome	chromosome	1254	42.23038768442614	0	0
GCF_019469265.1	NZ_CP048268.1	2188116	6228f645d6d60a01bedb970fa31533cb7ae9aa35bae7a1ad385652da2d814dc6	circular	assembled-molecule	Chromosome	chromosome	2012495	37.871438260128805	0	0
GCF_019576155.1	NZ_CP080582.1	2503583	1e5326dfe29d1dca431e834426c4712472b8033a7f15440b3fd8f2ca2ed30ae7	circular	assembled-molecule	Chromosome	chromosome	1583	44.493591784254804	0	0
GCF_019576155.1	NZ_CP080583.1	25850	dbb2c5fd13a0b37545e6d8e5b7936140deaffd7eccfa7b1a710ea3a982b70534	circular	assembled-molecule	Plasmid	plasmid	1583	36.78916827852998	0	0
GCF_019797825.1	NZ_CP081855.1	2071550	dbba8b8ca7ce347b38949fe481d76f97e995d4d909c3bf294e6a28df42d362b1	circular	assembled-molecule	Chromosome	chromosome	47493	47.054620936014096	0	0
GCF_019797825.1	NZ_CP081856.1	46566	785483f130094f515cdbafc1805c998d9dee814c527d0ef9dc3a0efc2a0e6f99	circular	assembled-molecule	Plasmid	Lpani24-MT-P1	47493	40.52527595241163	0	0
GCF_019797825.1	NZ_CP081857.1	10959	8e030c08a8dab5d469d5a3b66304a3948c5516f2ee03a582a20c28b2634da7a6	circular	assembled-molecule	Plasmid	Lpani24-MT-P2	47493	40.54202025732275	0	0
GCF_020510245.1	NZ_CP084701.1	1870168	a2b22ac145e7e6f1138d3a37c4fe24deba5e6dc72b479dc57fcb746b41e402ef	circular	assembled-molecule	Chromosome	chromosome	1247	38.041662567213216	0	0
GCF_020510245.1	NZ_CP084702.1	21906	778922b74ebe62b0a1b5296988f1f3b4d468982541a67a02b48c8e0693eb5d6f	circular	assembled-molecule	Plasmid	plasmid	1247	40.89290605313613	0	0
GCF_020784695.1	NZ_JAJGUA010000001.1	230	1424d8ede3860a83c2ab51c2b2d00510f6e805f3adc9713ff296bdfd0fc5264e	linear	unplaced-scaffold	Chromosome	chromosome	3695464	46.08695652173913	0	0
GCF_020784695.1	NZ_JAJGUA010000010.1	249	7a0dc91360cc4d16e6e9dc6b384fa532ecdf3f73ace46f09d264b69b6bcd9e6e	linear	unplaced-scaffold	Chromosome	chromosome	3695464	31.72690763052209	0	0
GCF_020784695.1	NZ_JAJGUA010000011.1	272	a5bc95a1bbd665a73da23accd0091810bcf4ad3bc12c9472c908da8127997c48	linear	unplaced-scaffold	Chromosome	chromosome	3695464	45.220588235294116	0	0
GCF_020784695.1	NZ_JAJGUA010000012.1	414	8436f93a88ec31b728dd88c55bbcb3215ae68d5f43358811081ecb5e4578c358	linear	unplaced-scaffold	Chromosome	chromosome	3695464	36.95652173913044	0	0
GCF_020784695.1	NZ_JAJGUA010000013.1	252	77efbd6dfb36ffd823a2a73a22cb8d8c719fb3841fedbe26b33cc34e8811047a	linear	unplaced-scaffold	Chromosome	chromosome	3695464	38.095238095238095	0	0
GCF_020784695.1	NZ_JAJGUA010000014.1	248	2f37b4705115b94c4773ea58a3bb3877b5b724b41da382dc94dfa09003bdd5c0	linear	unplaced-scaffold	Chromosome	chromosome	3695464	37.096774193548384	0	0
GCF_020784695.1	NZ_JAJGUA010000015.1	247	fe2f46ba69e868dcedcd2120e87301ebb158e602f294b35f413d3fe1381186dd	linear	unplaced-scaffold	Chromosome	chromosome	3695464	38.05668016194332	0	0
GCF_020784695.1	NZ_JAJGUA010000016.1	385	c24bf2082e5a7f90841f171389853f587f93e774f51bca81d5351442b543468c	linear	unplaced-scaffold	Chromosome	chromosome	3695464	50.64935064935065	0	0
GCF_020784695.1	NZ_JAJGUA010000017.1	327	069ddefa435c615039cd5f1f749dceabbab8d4ca22f6247ceebccc70b0a053fe	linear	unplaced-scaffold	Chromosome	chromosome	3695464	48.01223241590214	0	0
GCF_020784695.1	NZ_JAJGUA010000018.1	552	9a818ba53ee568672e7ec55c24fe826072b072b82ca1c3897f61169b3e1397a8	linear	unplaced-scaffold	Chromosome	chromosome	3695464	45.289855072463766	0	0
GCF_020784695.1	NZ_JAJGUA010000019.1	5276	93ae2c831a34340a4ce80dca7805e94d7c448a2d1e6b2302031ebad3e21974fd	linear	unplaced-scaffold	Chromosome	chromosome	3695464	39.613343442001515	0	0
GCF_020784695.1	NZ_JAJGUA010000002.1	319	36df00674a687014d631244d55814281333b939efddd8b37e40db16fe608857e	linear	unplaced-scaffold	Chromosome	chromosome	3695464	46.708463949843264	0	0
GCF_020784695.1	NZ_JAJGUA010000020.1	285	9b954ab07009d78a51c1aa1efe3a1078f00168a6b6507b8d335bc5b5fa1b78b0	linear	unplaced-scaffold	Chromosome	chromosome	3695464	44.91228070175438	0	0
GCF_020784695.1	NZ_JAJGUA010000021.1	8610	c7a8c758248574961dc35cb69f18e5f7c7057fea4bd16df0ce3ecfa7a4265b88	linear	unplaced-scaffold	Chromosome	chromosome	3695464	33.937282229965156	0	0
GCF_020784695.1	NZ_JAJGUA010000022.1	227890	175188e6fd80b6d13ecb0852162f7c4183b77041d5ff44211ee9d66b62395020	linear	unplaced-scaffold	Chromosome	chromosome	3695464	38.31804818114002	0	0
GCF_020784695.1	NZ_JAJGUA010000023.1	5310	c61af239253ac63533f0860cbbdb4d7ad337d750a47d96a6dc243030507faa98	linear	unplaced-scaffold	Chromosome	chromosome	3695464	37.70244821092279	0	0
GCF_020784695.1	NZ_JAJGUA010000024.1	155310	92995fa16f52fb712d690e933a5597d27d9cb471ffd6f8d8089598699c2a4931	linear	unplaced-scaffold	Chromosome	chromosome	3695464	37.74901809284656	0	0
GCF_020784695.1	NZ_JAJGUA010000025.1	25214	700415f44e515ab89bd17dec8294ab325a933980c9bc29f3876e8a85abe2b546	linear	unplaced-scaffold	Chromosome	chromosome	3695464	38.66106131514238	0	0
GCF_020784695.1	NZ_JAJGUA010000026.1	142462	efdb5e06e86baba46eadf62668ca62d7cf3c951ae8d153e18684127895906195	linear	unplaced-scaffold	Chromosome	chromosome	3695464	38.49517766141146	0	0
GCF_020784695.1	NZ_JAJGUA010000027.1	30642	e4c038f148d01787e51157ff1e30522af97d4203435142d6b4ac8d13767ef5f8	linear	unplaced-scaffold	Chromosome	chromosome	3695464	35.64388747470792	0	0
GCF_020784695.1	NZ_JAJGUA010000028.1	78428	e11274bbaeb59e2302a387cf51013c22fb285e534f8512a274615f8646432e4a	linear	unplaced-scaffold	Chromosome	chromosome	3695464	37.92650583975111	0	0
GCF_020784695.1	NZ_JAJGUA010000029.1	100928	d262bcd7ac3a81abd7fd6b7932ce3cd12b3026c63a7447f6dc18d39902b66255	linear	unplaced-scaffold	Chromosome	chromosome	3695464	37.777425491439445	0	0
GCF_020784695.1	NZ_JAJGUA010000003.1	246	ee4ee4552f30b2b31232b60b1e603b0b8b856b40f61f68b9bf94c7da815b4f3f	linear	unplaced-scaffold	Chromosome	chromosome	3695464	46.7479674796748	0	0
GCF_020784695.1	NZ_JAJGUA010000030.1	4358	60cc765672cc22b4212d4ec25e815f546ab89a76004114fde3188e2a004caf07	linear	unplaced-scaffold	Chromosome	chromosome	3695464	50.91785222579165	0	0
GCF_020784695.1	NZ_JAJGUA010000031.1	66260	26186a60ab2cd87d7dab6d3bddd9c39c49f58ee7a2b9ec983676b61274c503a0	linear	unplaced-scaffold	Chromosome	chromosome	3695464	38.94959251433746	0	0
GCF_020784695.1	NZ_JAJGUA010000032.1	129406	408255ccd96661acfcb6214e0c3d750b1e264690900de2c72551ea83d70d77c4	linear	unplaced-scaffold	Chromosome	chromosome	3695464	39.0646492434663	0	0
GCF_020784695.1	NZ_JAJGUA010000033.1	1958	93204f17be39dfdfc4432c79f4265a6d80d607a30af29ebb08c45f031766d36a	linear	unplaced-scaffold	Chromosome	chromosome	3695464	48.11031664964249	0	0
GCF_020784695.1	NZ_JAJGUA010000034.1	174787	d9b4282d284347f881b95e32149108e99729a2a556616b491aaa086089db9e8a	linear	unplaced-scaffold	Chromosome	chromosome	3695464	39.1733939022925	0	0
GCF_020784695.1	NZ_JAJGUA010000035.1	52676	51183c6ce98d32f1e91422c788261c9a9f143f2dfe4fdb5eb4f743dabade209e	linear	unplaced-scaffold	Chromosome	chromosome	3695464	39.77333130837573	0	0
GCF_020784695.1	NZ_JAJGUA010000036.1	19849	bafd00c76682cd5e6978da3a5fdbd5c34a6d6f8526bdf58ef0934f00d2d5e0fd	linear	unplaced-scaffold	Chromosome	chromosome	3695464	41.42274169983374	0	0
GCF_020784695.1	NZ_JAJGUA010000037.1	25739	4ecfd3dd80979e54a1042c8fb6f2e9491761a7587c6b8a45b9362355ae0c092b	linear	unplaced-scaffold	Chromosome	chromosome	3695464	37.67434632270096	0	0
GCF_020784695.1	NZ_JAJGUA010000038.1	75843	01db7496a923f6cdab1f5a7ed9054725c62af5510e1ed5ae4f0ba542f8f39370	linear	unplaced-scaffold	Chromosome	chromosome	3695464	39.233680102316626	0	0
GCF_020784695.1	NZ_JAJGUA010000039.1	70642	bed46ac9bd0575f10fbc94afe58804d68f89619b61ad3f23d7688d7bfbb268af	linear	unplaced-scaffold	Chromosome	chromosome	3695464	37.36587299340336	0	0
GCF_020784695.1	NZ_JAJGUA010000004.1	51586	d6f1d94a4620ff8136235e2cc6db99d935fc278485216b5621ffddfabef89912	linear	unplaced-scaffold	Chromosome	chromosome	3695464	38.31853603690924	0	0
GCF_020784695.1	NZ_JAJGUA010000040.1	4511	aa0c8109084fa80c697a066d57856f8355fa03e98c24e3a18fb2b294a1feb8fb	linear	unplaced-scaffold	Chromosome	chromosome	3695464	39.9246286854356	0	0
GCF_020784695.1	NZ_JAJGUA010000041.1	52485	276798217203f818d28e0e3bec6d0619066071d5270beade1fc59bda1ed8d34b	linear	unplaced-scaffold	Chromosome	chromosome	3695464	38.47384967133467	0	0
GCF_020784695.1	NZ_JAJGUA010000042.1	102756	201f404a9ddbfeb98bf4c8a26a27ad076e67b455d97c81d4dbcda073328b9794	linear	unplaced-scaffold	Chromosome	chromosome	3695464	37.54600510194146	50	50
GCF_020784695.1	NZ_JAJGUA010000043.1	69786	3c0ea913a85b81e8e281654bff674fd16367eb86c0092f3570171af80309f5f8	linear	unplaced-scaffold	Chromosome	chromosome	3695464	35.918379044507496	0	0
GCF_020784695.1	NZ_JAJGUA010000044.1	151749	adbeb1058485b43938c717989918e94af15ed4f55d5021cbe041571819c0b163	linear	unplaced-scaffold	Chromosome	chromosome	3695464	38.75173864033382	50	50
GCF_020784695.1	NZ_JAJGUA010000045.1	48116	c57672139812e9d9627ba2488abef6833f2fb1a15ae7bf31ec51324c82481c17	linear	unplaced-scaffold	Chromosome	chromosome	3695464	37.93332779117134	0	0
GCF_020784695.1	NZ_JAJGUA010000046.1	124921	b5a22d1156260b3dd8bb00fdd881f423580d404cbb9ca5e2e2b114c51b630b6c	linear	unplaced-scaffold	Chromosome	chromosome	3695464	38.75409258651468	0	0
GCF_020784695.1	NZ_JAJGUA010000005.1	368	7153d4da8ba01996918b683c96a4a503784f54473e9ff0fbbd5b5f78920ca9e3	linear	unplaced-scaffold	Chromosome	chromosome	3695464	47.01086956521739	0	0
GCF_020784695.1	NZ_JAJGUA010000006.1	506	96ee86aec61eb84289e6118dc4d072d8cb59dbfe13b65561cb0599ccd8f07c59	linear	unplaced-scaffold	Chromosome	chromosome	3695464	40.71146245059288	0	0
GCF_020784695.1	NZ_JAJGUA010000007.1	679	5f42c72f35188d9272b7ec49b0796d3c1a5e7d1c24b43f58e0e62360c612ba52	linear	unplaced-scaffold	Chromosome	chromosome	3695464	52.72459499263623	0	0
GCF_020784695.1	NZ_JAJGUA010000008.1	1095	c470cd3274d2244f166ec42a00c88970bc62682f2f9e61142f273bab4ee13565	linear	unplaced-scaffold	Chromosome	chromosome	3695464	37.1689497716895	0	0
GCF_020784695.1	NZ_JAJGUA010000009.1	237	08337d3bebea8c009cc859daa9318bfc8511edd68de520a0cbf8078be383d722	linear	unplaced-scaffold	Chromosome	chromosome	3695464	41.35021097046413	0	0
GCF_020844005.1	NZ_CP065477.1	1837840	7e8226824d369419084c2ba4c9a970a5ba95d5b185dc6aa265fb73b187d919c6	circular	assembled-molecule	Chromosome	chromosome	1308	39.08191137422191	0	0
GCF_021378055.1	NZ_JAHDAS010000010.1	70809	e93fdff6ab1230a36b26c7cdc512dd348210028c97629c45596d2b5083bdf0fe	linear	unplaced-scaffold	Chromosome	chromosome	1255	36.33860102529339	0	0
GCF_021378055.1	NZ_JAHDAS010000011.1	45297	067df6b5e25dd755c03487620cdbffef9b70ebafdb913303a19328468a25d2bb	linear	unplaced-scaffold	Chromosome	chromosome	1255	34.65938004734828	100	100
GCF_021378055.1	NZ_JAHDAS010000012.1	9358	6c9238adfa030cf1a6b3cc8583292cfe331902e2b46b1fb6878731bad8b713d6	linear	unplaced-scaffold	Chromosome	chromosome	1255	35.509724300064114	0	0
GCF_021378055.1	NZ_JAHDAS010000013.1	5188	1a8db78e424f3a1014f4b73974ef38ed5e0945faf4a452b1f4174cbf5158b59e	linear	unplaced-scaffold	Chromosome	chromosome	1255	48.958333333333336	100	100
GCF_021378055.1	NZ_JAHDAS010000014.1	1560	a522b62123e159df6aa897df55fd4b8ddadb8a86a2ae8bec7a0bca7e1aedf08a	linear	unplaced-scaffold	Chromosome	chromosome	1255	34.1025641025641	0	0
GCF_021378055.1	NZ_JAHDAS010000015.1	1328	bf47e265af651750070b58701df109f4c32cb76747f51c46d3108d4c45942adc	linear	unplaced-scaffold	Chromosome	chromosome	1255	39.08132530120482	0	0
GCF_021378055.1	NZ_JAHDAS010000001.1	354780	186833ff27fcedcbe457cee1aff249428cc88dc21893c8b76632c0ee996ecaf5	linear	unplaced-scaffold	Chromosome	chromosome	1255	37.101020350639835	0	0
GCF_021378055.1	NZ_JAHDAS010000016.1	9342	3c8ed0ac1411e135ec4407ed7c70376cc8c9c69ae83feeac35ec6103b6c37c43	linear	unplaced-scaffold	Chromosome	chromosome	1255	36.02012417041319	0	0
GCF_021378055.1	NZ_JAHDAS010000002.1	296046	abfcb35b576f6ae9ba46058d5ebd5313287a738363ecb6eaa816bc6608ac4cdc	linear	unplaced-scaffold	Chromosome	chromosome	1255	37.22799835160752	0	0
GCF_021378055.1	NZ_JAHDAS010000003.1	282292	fbd8c41a7cd5b9af2c06d8dabc053f0bf94eda947381760534f0322dbeec636c	linear	unplaced-scaffold	Chromosome	chromosome	1255	37.57704787950066	0	0
GCF_021378055.1	NZ_JAHDAS010000004.1	181433	c32d28c511c08abf509287adb2001b7cadcc42a98c414be584d08eee57bda287	linear	unplaced-scaffold	Chromosome	chromosome	1255	36.35832511174924	0	0
GCF_021378055.1	NZ_JAHDAS010000005.1	135820	0f9d0d2c8246ccb9fb4744a739178e25fe1ba769625abc558753d473ce2fa0e4	linear	unplaced-scaffold	Chromosome	chromosome	1255	38.070240023560594	0	0
GCF_021378055.1	NZ_JAHDAS010000006.1	135295	0d960830ed17b015f76bd192d8778f9690cca40a24a40d0bba317f0ebbbf24c8	linear	unplaced-scaffold	Chromosome	chromosome	1255	36.53054436601501	0	0
GCF_021378055.1	NZ_JAHDAS010000007.1	124132	da81b4d54d87e78c316df38334df94d2e8bf1df44bb38d9a594a78b4eadb2512	linear	unplaced-scaffold	Chromosome	chromosome	1255	36.217266511867905	100	100
GCF_021378055.1	NZ_JAHDAS010000008.1	86248	28dc312709e72d98ed596517292cb67ddcf1fc5e24f803472a022ee510a74202	linear	unplaced-scaffold	Chromosome	chromosome	1255	36.8124478248771	0	0
GCF_021378055.1	NZ_JAHDAS010000009.1	79514	d7c7a5e91a3da3f8e15f692e37c2d0b3da8c030ea90294d1f06e715dd4a8a2d7	linear	unplaced-scaffold	Chromosome	chromosome	1255	38.90006791256886	0	0
GCF_023169905.1	NZ_AP025520.1	2557589	fc876e8a2c5fc1ab6b1287598f2aae76600de707dddc839122b85ca384533561	circular	assembled-molecule	Chromosome	chromosome	1359	35.72047737146195	0	0
GCF_023169905.1	NZ_AP025521.1	98383	30039f521162153ab74ed29d9ba84401ed103c0526a845a9a0552c4323f10e26	linear	assembled-molecule	Plasmid	pLC71A	1359	35.37603041175813	0	0
GCF_023169905.1	NZ_AP025522.1	31483	21e247f459c95d0e28b2d530aa629a3a644a135c6aa7eb4e32523ec165969326	linear	assembled-molecule	Plasmid	pLC71B	1359	34.88231744115872	0	0
GCF_023499275.1	NZ_CP094882.1	2106259	b2a9d4e8fdc7c7ad15bebbfc1f189f92137d3c5ca4499ac69e2e2e512dfb6747	circular	assembled-molecule	Chromosome	chromosome	1940789	38.09094702978124	0	0
GCF_023920145.1	NZ_CP087569.1	1989703	12285faa3e150e2e9d7d4d925b654a5e7657247d4da22e22128a4bfd34aabe03	circular	assembled-molecule	Chromosome	chromosome	1247	37.81353297451931	0	0
GCF_024334065.1	NZ_CP089060.1	1853948	0e1bb3585315c9eda463faff9e32138f670e352a7a1c1f44b098d571ea4f3a7f	circular	assembled-molecule	Chromosome	chromosome	1308	39.28124120120003	2	2
GCF_024397795.1	NZ_CP072983.1	1699754	4bd4b8c6e6ad47632b8693dd7488122b9d1de36cf12e5c5d1450fe9e69376f08	circular	assembled-molecule	Chromosome	chromosome	151781	35.814359019010986	0	0
GCF_024397795.1	NZ_CP072984.1	19578	6c8df9cafd295abab92119a806c6810b90af9635786c51298de9af02593f35ec	linear	assembled-molecule	Plasmid	unnamed1	151781	29.860046991521095	0	0
GCF_024397795.1	NZ_CP072985.1	319380	3be7538c32914ed141d08a48ddb61ecc3d410fa6bace4f367935cbb3fb73c882	linear	assembled-molecule	Plasmid	unnamed2	151781	34.22506105579561	0	0
GCF_024718545.1	NZ_JAMXDB010000010.1	57238	f09b4899b126b90a7779c7c0232c9b5ef684ef4bf91f4e858641463b3d9ba927	linear	unplaced-scaffold	Chromosome	chromosome	2953879	38.792410636290576	0	0
GCF_024718545.1	NZ_JAMXDB010000011.1	49912	068c12b919101297170e1639cd2edf9492a04482438160cc776b1296998aa054	linear	unplaced-scaffold	Chromosome	chromosome	2953879	40.258855585831064	0	0
GCF_024718545.1	NZ_JAMXDB010000012.1	47218	bccb25ae444ab27e12b2ff448c269054a71d141d772bdd9065162692744a7306	linear	unplaced-scaffold	Chromosome	chromosome	2953879	37.2082680333771	0	0
GCF_024718545.1	NZ_JAMXDB010000013.1	38872	f54158450ef1bd0ebfc1ddbdb49b3256771755c96fe34cfb0a91a8b7b5bef71d	linear	unplaced-scaffold	Chromosome	chromosome	2953879	37.88588186869726	0	0
GCF_024718545.1	NZ_JAMXDB010000014.1	38493	7d8582d58264bf4fd19b4df801c51318a0feaf24d862da629d6a3f8bfdd625cb	linear	unplaced-scaffold	Chromosome	chromosome	2953879	39.82802067908451	0	0
GCF_024718545.1	NZ_JAMXDB010000015.1	37201	1f795298a0934080bf409358d3369d370f5e5e7e8caeeeed74e5cef47d00626c	linear	unplaced-scaffold	Chromosome	chromosome	2953879	39.90215316792559	0	0
GCF_024718545.1	NZ_JAMXDB010000016.1	35631	6441773d759de428da5010b335808f45ef7b2b39bad7b670e1d8ed6589d79e30	linear	unplaced-scaffold	Chromosome	chromosome	2953879	39.57228256293677	0	0
GCF_024718545.1	NZ_JAMXDB010000017.1	34621	274119b61c5cf6bfdfcd9bcf3eb85bced02d10d70f78f55022f686cbd1d465da	linear	unplaced-scaffold	Chromosome	chromosome	2953879	39.55980474278617	0	0
GCF_024718545.1	NZ_JAMXDB010000018.1	33919	fa65ac53bdb1879da245dce9cfb602fc9ffd366345a8e596c2abd7d173320c7f	linear	unplaced-scaffold	Chromosome	chromosome	2953879	38.14970960228781	0	0
GCF_024718545.1	NZ_JAMXDB010000019.1	32790	a53005068ca46770b7b24bf464cd39588e880e0696bd64a5c44628cf82d69ec2	linear	unplaced-scaffold	Chromosome	chromosome	2953879	41.41201585849344	0	0
GCF_024718545.1	NZ_JAMXDB010000001.1	195759	27348ba5cd0af5b3d7da8fb14c46244bdae6d264bd1eb005408adeb66760b517	linear	unplaced-scaffold	Chromosome	chromosome	2953879	38.67101895698282	0	0
GCF_024718545.1	NZ_JAMXDB010000020.1	32597	49e7bc8912087ebf9131a1e782b94fc2e02c944023e2edb00d0a4161a8c8387c	linear	unplaced-scaffold	Chromosome	chromosome	2953879	40.157069668987944	0	0
GCF_024718545.1	NZ_JAMXDB010000021.1	29834	183812813847a350f108e1d2c7af07f3a87ea4fce157bee45b7960d6f2301af5	linear	unplaced-scaffold	Chromosome	chromosome	2953879	37.58798686062881	0	0
GCF_024718545.1	NZ_JAMXDB010000022.1	29413	6ff4e99f2d5afb0382d779a7f46add377fd6aff37ddc6de7ef154fd891a860c1	linear	unplaced-scaffold	Chromosome	chromosome	2953879	39.42814401795125	0	0
GCF_024718545.1	NZ_JAMXDB010000023.1	28379	cf2001bb208b79531c200822d144ed285eb978c2eb781db3a2561a4da0d11b29	linear	unplaced-scaffold	Chromosome	chromosome	2953879	38.69058106346242	0	0
GCF_024718545.1	NZ_JAMXDB010000024.1	26500	aabeb5efa0c93660ef28f9a879469a4a433bd3859a1967ff1f60832796bf82ec	linear	unplaced-scaffold	Chromosome	chromosome	2953879	40.17358490566038	0	0
GCF_024718545.1	NZ_JAMXDB010000025.1	24472	294455278131536c8cee27a87f0c7cd94b783b7a750eb6f0cdb44a20067ce05f	linear	unplaced-scaffold	Chromosome	chromosome	2953879	37.724746649231776	0	0
GCF_024718545.1	NZ_JAMXDB010000026.1	22828	0d181c977fff7e2d2579348f5d15aa8fd5e53bd0a2c27145868aef51647ef6b4	linear	unplaced-scaffold	Chromosome	chromosome	2953879	36.26686525319783	0	0
GCF_024718545.1	NZ_JAMXDB010000027.1	21734	b9d689550229c7fb1b32476f5e22ffc9454c648e8947974cb2ffac8502aca6cf	linear	unplaced-scaffold	Chromosome	chromosome	2953879	36.22434894635134	0	0
GCF_024718545.1	NZ_JAMXDB010000028.1	20526	af000094175e2a2404e474f00269300d87499112c99c10c7a76ea36e2acd2633	linear	unplaced-scaffold	Chromosome	chromosome	2953879	37.81545357108058	0	0
GCF_024718545.1	NZ_JAMXDB010000029.1	20430	710916a1ad26bc01db4f91db494f61226a1fb413b135818a1ede7baa61f529a7	linear	unplaced-scaffold	Chromosome	chromosome	2953879	38.29172785119922	0	0
GCF_024718545.1	NZ_JAMXDB010000002.1	120613	78a533092a66f6837924a845f829721db0f928dd1b9a70b9db9cf6a52c3d4ff0	linear	unplaced-scaffold	Chromosome	chromosome	2953879	38.799300241267524	0	0
GCF_024718545.1	NZ_JAMXDB010000030.1	20020	bb1c1cfc46db15ec6b5933cd6318a9946e7c99f6e38112c76d7a09189d0d647a	linear	unplaced-scaffold	Chromosome	chromosome	2953879	38.90609390609391	0	0
GCF_024718545.1	NZ_JAMXDB010000031.1	19949	7fe3d242a45c74e7afa448b7e957067bf4171af1cd45f4c6edcc59056162a017	linear	unplaced-scaffold	Chromosome	chromosome	2953879	38.4731064213745	0	0
GCF_024718545.1	NZ_JAMXDB010000032.1	18828	f7e516896dc9781910eebfc3385cbf836d5e12bdafb8c73ecf6e80ddd5779de1	linear	unplaced-scaffold	Chromosome	chromosome	2953879	39.20756320373911	0	0
GCF_024718545.1	NZ_JAMXDB010000033.1	18687	448f5c4e15cd8dcd4d540e17a9ec5d252aa8374d49907a95cefebe9b83e2a24b	linear	unplaced-scaffold	Chromosome	chromosome	2953879	37.314710761491945	0	0
GCF_024718545.1	NZ_JAMXDB010000034.1	17407	60f3a1315227f25a546ff4311a6f950598cb295c72c8eed9ed6ac7c5d849ed47	linear	unplaced-scaffold	Chromosome	chromosome	2953879	38.23749066467513	0	0
GCF_024718545.1	NZ_JAMXDB010000035.1	17028	be35d2cd2f529f46a5f11a074479c8bdc41c7f93266c6eaa1edd64ee80c2d43a	linear	unplaced-scaffold	Chromosome	chromosome	2953879	34.531360112755465	0	0
GCF_024718545.1	NZ_JAMXDB010000036.1	16686	e13b36a28d1cb0c33e61091f0f60f01076df1fde72903fb005740490092fef2c	linear	unplaced-scaffold	Chromosome	chromosome	2953879	38.62519477406209	0	0
GCF_024718545.1	NZ_JAMXDB010000037.1	15987	afecac9397577d6c10def65761583b70c6446494c88f498f84bc0cc042b1f50f	linear	unplaced-scaffold	Chromosome	chromosome	2953879	38.95665227997748	0	0
GCF_024718545.1	NZ_JAMXDB010000038.1	15897	bb56d4de5e2484cc01456dfe8f854e252b930ecfbfe51ff9bb5cc33781e2350f	linear	unplaced-scaffold	Chromosome	chromosome	2953879	40.91337988299679	0	0
GCF_024718545.1	NZ_JAMXDB010000039.1	14926	df7b108b39f5e49ad279a9d25519d12cd5bbeba0f78775c4cd7f37fbbee4826a	linear	unplaced-scaffold	Chromosome	chromosome	2953879	36.982446737237034	0	0
GCF_024718545.1	NZ_JAMXDB010000003.1	113973	ca134db04c61007b6626c00db2bb1c05ad4a2ed33ba04a4ae55326176282b0da	linear	unplaced-scaffold	Chromosome	chromosome	2953879	38.674949330104496	0	0
GCF_024718545.1	NZ_JAMXDB010000040.1	14649	0de2bc2f0c6a4743696c89fdc6cfecdd5c0e89918069b01a1f2b488839187541	linear	unplaced-scaffold	Chromosome	chromosome	2953879	36.794320431428766	0	0
GCF_024718545.1	NZ_JAMXDB010000041.1	14445	566fa2f296a1f92d568fa0901e169162c23cd787a6ace2d98a32f37136fa56b4	linear	unplaced-scaffold	Chromosome	chromosome	2953879	38.110072689511945	0	0
GCF_024718545.1	NZ_JAMXDB010000042.1	14115	cef73747132b2cfb0628c6f6973116c026bda5c013a6ab87c55cda9b87512d11	linear	unplaced-scaffold	Chromosome	chromosome	2953879	35.60750974140985	0	0
GCF_024718545.1	NZ_JAMXDB010000043.1	14043	f821cb5e481da4b237b2774d93ace9f8738ef32dd87bff03d2e13a07c866ff92	linear	unplaced-scaffold	Chromosome	chromosome	2953879	37.349569180374566	0	0
GCF_024718545.1	NZ_JAMXDB010000044.1	13175	c09e3e7414de267af4493d8470d809677eb0d885b3d1ddd36996cc23ab208b2b	linear	unplaced-scaffold	Chromosome	chromosome	2953879	37.56356736242884	0	0
GCF_024718545.1	NZ_JAMXDB010000045.1	12876	7827cc4bb1e7725d068a16be24cae48ed3eaa7fee71981e3895214ad093c09ef	linear	unplaced-scaffold	Chromosome	chromosome	2953879	33.09257533395464	0	0
GCF_024718545.1	NZ_JAMXDB010000046.1	12504	58591bc910673cdb7519b9e065d2642927166a2ea2a3220d7aa186d5c3b690da	linear	unplaced-scaffold	Chromosome	chromosome	2953879	38.13979526551503	0	0
GCF_024718545.1	NZ_JAMXDB010000047.1	11991	522c751035ed0230d085399807862f9f19cb2b3174028c5af3a879ff2733e99c	linear	unplaced-scaffold	Chromosome	chromosome	2953879	39.6797598198649	0	0
GCF_024718545.1	NZ_JAMXDB010000048.1	11048	d08720c145d4ff02302d8b254693a56d61929fe65605dcce1ee90861b29c9667	linear	unplaced-scaffold	Chromosome	chromosome	2953879	35.49058653149891	0	0
GCF_024718545.1	NZ_JAMXDB010000049.1	10582	1b30bfad40a28cde5072eab4f066ca8522b30fe2dad37f87ba00f28379080d82	linear	unplaced-scaffold	Chromosome	chromosome	2953879	35.30523530523531	0	0
GCF_024718545.1	NZ_JAMXDB010000004.1	86079	8ea0187d85dfc3375e94761f32e6b336a27333242ec4ffda8c16b7b06cdbb391	linear	unplaced-scaffold	Chromosome	chromosome	2953879	38.31131867238235	0	0
GCF_024718545.1	NZ_JAMXDB010000050.1	9802	abd7aa4ecdcef8bc3ef36985ff1826a60e2f75ab7885deb05157d526dfbb8c1c	linear	unplaced-scaffold	Chromosome	chromosome	2953879	37.24750051009998	0	0
GCF_024718545.1	NZ_JAMXDB010000051.1	9517	911a34c1d70a9b6d4d6463814df883c1fd8a03de640bfd13763b4b4efd7259ea	linear	unplaced-scaffold	Chromosome	chromosome	2953879	40.327834401597144	0	0
GCF_024718545.1	NZ_JAMXDB010000052.1	8704	822f00e88504cbe619a506751507772d2ee424c448da6a1f7b7914546d5b2c78	linear	unplaced-scaffold	Chromosome	chromosome	2953879	38.25827205882353	0	0
GCF_024718545.1	NZ_JAMXDB010000053.1	8603	acdebda7506a287041e8b131e69cd2026118e52b7c5d1d0c9ff6a757a62cd6f3	linear	unplaced-scaffold	Chromosome	chromosome	2953879	36.75462048122748	0	0
GCF_024718545.1	NZ_JAMXDB010000054.1	8212	67d9b5dbb1140d15f3e2111eb8ab7ac1c9fa044723e983425b0dfa77d817eb33	linear	unplaced-scaffold	Chromosome	chromosome	2953879	40.13638577691184	0	0
GCF_024718545.1	NZ_JAMXDB010000055.1	8198	514da5704b507698c4575950fe539049ec9fed3d56e9dc7c3fb6be633526487b	linear	unplaced-scaffold	Chromosome	chromosome	2953879	36.66747987313979	0	0
GCF_024718545.1	NZ_JAMXDB010000056.1	7641	64b3d0c0779e305aa0a9bcb73da02236fa8413f17dbcdc4712b23c705353826d	linear	unplaced-scaffold	Chromosome	chromosome	2953879	38.56825022902761	0	0
GCF_024718545.1	NZ_JAMXDB010000057.1	6944	f03bb01ffd3056b716768b5a336cf51d8bfa974b92e6a32e5f8dcfaa8ce24706	linear	unplaced-scaffold	Chromosome	chromosome	2953879	41.5610599078341	0	0
GCF_024718545.1	NZ_JAMXDB010000058.1	6647	2d57b7e4ca26b613286ec8e06883885229be4e9f9a6f701d8b6b4314bfb1a378	linear	unplaced-scaffold	Chromosome	chromosome	2953879	39.1906123063036	0	0
GCF_024718545.1	NZ_JAMXDB010000059.1	6494	ed3b79a5605d64dbe69443469264692100f6e1f9b56de965c9c3d6c52626197d	linear	unplaced-scaffold	Chromosome	chromosome	2953879	33.58484755158608	0	0
GCF_024718545.1	NZ_JAMXDB010000005.1	76722	e966cb0dcdd442613a3bbb0a21250d6541a64ec0d9a7775d4d9dadde06195dd3	linear	unplaced-scaffold	Chromosome	chromosome	2953879	38.84804879956206	0	0
GCF_024718545.1	NZ_JAMXDB010000060.1	5852	72a5fab1ef23be72cdd8739bad500e3e56fcb16f5e7cfee60816e02a285d3017	linear	unplaced-scaffold	Chromosome	chromosome	2953879	37.37183868762816	0	0
GCF_024718545.1	NZ_JAMXDB010000061.1	5733	f6aa30ad1d818c979ff5b4b35fd61d8473c5d464f0576918e26ed5b65f9fb906	linear	unplaced-scaffold	Chromosome	chromosome	2953879	37.34519448805163	0	0
GCF_024718545.1	NZ_JAMXDB010000062.1	5254	c2c245d0b07df3e1d4fb163fc5c3b66d62a43de4b2a7bfd6195cc05ec474e069	linear	unplaced-scaffold	Chromosome	chromosome	2953879	37.09554625047583	0	0
GCF_024718545.1	NZ_JAMXDB010000063.1	4801	17818361fc4980751e876caca52eea2e91a5c6691dc5a2a8c21f1887c650d0ee	linear	unplaced-scaffold	Chromosome	chromosome	2953879	49.577281595491	188	188
GCF_024718545.1	NZ_JAMXDB010000064.1	4767	084566c8b38f0cafb38c434474d7d41ed10d8983649bce4380c3f645f1273df0	linear	unplaced-scaffold	Chromosome	chromosome	2953879	37.29809104258443	0	0
GCF_024718545.1	NZ_JAMXDB010000065.1	4728	d33c6ad49fe5b6e94d4f5c1c1a19ee65e2fb204403a42339b17537590a74cb96	linear	unplaced-scaffold	Chromosome	chromosome	2953879	35.63874788494078	0	0
GCF_024718545.1	NZ_JAMXDB010000066.1	4645	117c46164f64ad1199c82df3bea85fc7c90b91a433a3005ebb8c533b5a475307	linear	unplaced-scaffold	Chromosome	chromosome	2953879	35.60818083961249	0	0
GCF_024718545.1	NZ_JAMXDB010000067.1	4100	45d48709acf5154036668b88685542bec462bc7629265e5a00ea0c652242f9f6	linear	unplaced-scaffold	Chromosome	chromosome	2953879	38.41463414634146	0	0
GCF_024718545.1	NZ_JAMXDB010000068.1	3144	a49825fdc621b2cabe40cc43d7ceb90661b8cdeb883981d82a9a801db0cb597a	linear	unplaced-scaffold	Chromosome	chromosome	2953879	38.32697201017812	0	0
GCF_024718545.1	NZ_JAMXDB010000069.1	2988	cf3946ac49858ec370db444f6f807ec84cbbe25ee2a170e920bdc5f97bb44256	linear	unplaced-scaffold	Chromosome	chromosome	2953879	38.72155287817938	0	0
GCF_024718545.1	NZ_JAMXDB010000006.1	74100	c1d4aad43f6ab68ce40b2ea599485d96cb5c67dbe08dea1bbd22a2cb5b4ac0ed	linear	unplaced-scaffold	Chromosome	chromosome	2953879	36.87179487179487	0	0
GCF_024718545.1	NZ_JAMXDB010000070.1	2605	6554352e56f454d0f2b91a865446afaedd13ae5f3d51c2994c5b6bfa4bfdf83d	linear	unplaced-scaffold	Chromosome	chromosome	2953879	34.587332053742806	0	0
GCF_024718545.1	NZ_JAMXDB010000071.1	2166	9541f85585ad60410a8e2ec538b330df8979e5234eb3c870f1cdc2feb2807228	linear	unplaced-scaffold	Chromosome	chromosome	2953879	44.50600184672207	0	0
GCF_024718545.1	NZ_JAMXDB010000072.1	2100	a1c0496af0b30c6446476739735252197c50e08fd8407288d47e640ca4c95cc3	linear	unplaced-scaffold	Chromosome	chromosome	2953879	39.19047619047619	0	0
GCF_024718545.1	NZ_JAMXDB010000073.1	1493	41d691f31a633c75c1852a31ca3882a671770e5466f52fe96626e97a7b6be1b3	linear	unplaced-scaffold	Chromosome	chromosome	2953879	44.47421299397187	0	0
GCF_024718545.1	NZ_JAMXDB010000074.1	1446	633847cf1c40cf38f0c3e8121edca1ccebc8a0e4e1e17534f7cb5c4b6d81e721	linear	unplaced-scaffold	Chromosome	chromosome	2953879	34.64730290456431	0	0
GCF_024718545.1	NZ_JAMXDB010000075.1	1437	ea34f7daa42033a8b51bb87b9a54c4664d2632ea0b6026a138a584ae4a616817	linear	unplaced-scaffold	Chromosome	chromosome	2953879	37.50869867780097	0	0
GCF_024718545.1	NZ_JAMXDB010000076.1	1316	41edd3b4ddce1f17f20b2d8da8e67a8b5a1eaa83517d22c75117a98daba214ed	linear	unplaced-scaffold	Chromosome	chromosome	2953879	37.61398176291793	0	0
GCF_024718545.1	NZ_JAMXDB010000077.1	1024	d10cb15db11866d897b0927e3a5cd6e4e333acb571fd553c7ac277336adf17d7	linear	unplaced-scaffold	Chromosome	chromosome	2953879	41.69921875	0	0
GCF_024718545.1	NZ_JAMXDB010000007.1	71801	e35deb45227482c23fd32b3d6ff3049c449ed615e17a8964c27381dc1c609037	linear	unplaced-scaffold	Chromosome	chromosome	2953879	41.307224133368614	0	0
GCF_024718545.1	NZ_JAMXDB010000008.1	63942	0626f91d31264394e0970fd5bde202912dfb21319e3e3ff079dcc9edae011a5d	linear	unplaced-scaffold	Chromosome	chromosome	2953879	38.51928310030966	0	0
GCF_024718545.1	NZ_JAMXDB010000009.1	58209	e49a44c43445ffebb1181ad15097e0bb84cfb2edc7d62355504d9483b16bde26	linear	unplaced-scaffold	Chromosome	chromosome	2953879	37.97866309333608	0	0
GCF_025311495.1	NZ_CP104398.1	2007883	c5f6b9b51c83ccdcfb1a3cdefab6ae441e9a87c57dad69c85c2380e934c190b7	circular	assembled-molecule	Chromosome	chromosome	1632	49.68870198114133	0	0
GCF_025490915.1	NZ_JANQBA010000001.1	437180	e409ed5602f7e1014e8d41588db9e512cacc22b1730e1082351224115514f475	linear	unplaced-scaffold	Chromosome	chromosome	2970927	61.603458529667414	0	0
GCF_025490915.1	NZ_JANQBA010000010.1	116026	b41d78ee075f69b1358b09c0f592fa9da4dc0942ac0b3722a97d0d13259755ef	linear	unplaced-scaffold	Chromosome	chromosome	2970927	62.43859135021461	0	0
GCF_025490915.1	NZ_JANQBA010000011.1	98785	3f00b4277d00e3482e207c8671ea07b129697ad19d9a02a5870221d986fb6130	linear	unplaced-scaffold	Chromosome	chromosome	2970927	60.989016551095816	0	0
GCF_025490915.1	NZ_JANQBA010000012.1	80537	49987ff16fc9813cd9dd2b41d5a322029b57ec68256d8ba1bd79005febc061ca	linear	unplaced-scaffold	Chromosome	chromosome	2970927	58.36944509976781	0	0
GCF_025490915.1	NZ_JANQBA010000013.1	79849	2046687d92b5ad2c850779b77c704d265da7aae0237e79b3dba381f23ace3839	linear	unplaced-scaffold	Chromosome	chromosome	2970927	62.86115042142043	0	0
GCF_025490915.1	NZ_JANQBA010000014.1	68260	ec589a62bdf0ec58eadb2a1bfad0e0d0b6094980493020594c459baf160aff5c	linear	unplaced-scaffold	Chromosome	chromosome	2970927	59.942865514210375	0	0
GCF_025490915.1	NZ_JANQBA010000015.1	67941	b750662279156a4f4761613639b6cdd846d622c4841f3dd213517ed2fb7f22e4	linear	unplaced-scaffold	Chromosome	chromosome	2970927	61.902238707113526	0	0
GCF_025490915.1	NZ_JANQBA010000016.1	66370	9838b97f97ec7a04d36a5d8e7e7c0bbd452fa419213c26949b8fa019fa9546f2	linear	unplaced-scaffold	Chromosome	chromosome	2970927	62.861232484556275	0	0
GCF_025490915.1	NZ_JANQBA010000017.1	62924	cac6ba1436524c6556978bd42e702f1b16f5837b2dd741ff171b3b9c75307f02	linear	unplaced-scaffold	Chromosome	chromosome	2970927	57.715656983027145	0	0
GCF_025490915.1	NZ_JANQBA010000018.1	41356	2729568e65cb94bcc45f006e22ce798c91a129928d5fc31270bac379f88b7ca4	linear	unplaced-scaffold	Chromosome	chromosome	2970927	62.8735854531386	0	0
GCF_025490915.1	NZ_JANQBA010000019.1	37686	e9254554299982b9ef4a86e19b0d339dbefa3e79ea9273086cd98888d92d2e86	linear	unplaced-scaffold	Chromosome	chromosome	2970927	60.722814838401526	0	0
GCF_025490915.1	NZ_JANQBA010000002.1	323503	6f4c46c65f6facead1b8badaa24828e296191809973095e2b399d559d6e10c75	linear	unplaced-scaffold	Chromosome	chromosome	2970927	62.3700553008782	0	0
GCF_025490915.1	NZ_JANQBA010000020.1	26272	a07e6a6da22bcf71a4ed3def0a78d825e16aef6077d229454acef5fbef3593d4	linear	unplaced-scaffold	Chromosome	chromosome	2970927	64.5173568818514	0	0
GCF_025490915.1	NZ_JANQBA010000021.1	20098	c51d230e7383ee74de7e7d8860cac02f9c0c08ea45ebb33ab35f800d46503c7e	linear	unplaced-scaffold	Chromosome	chromosome	2970927	58.42869937307195	0	0
GCF_025490915.1	NZ_JANQBA010000022.1	15622	e61e69e4b0c38d0dcfb3900bb061b9a9cae0aed75a5adfa4987206889f367e73	linear	unplaced-scaffold	Chromosome	chromosome	2970927	60.76046600947382	0	0
GCF_025490915.1	NZ_JANQBA010000023.1	14056	17926e5567c28509016052eaa048b5355fab09f0e49d0af45460dff360f9a36e	linear	unplaced-scaffold	Chromosome	chromosome	2970927	64.71969265793967	0	0
GCF_025490915.1	NZ_JANQBA010000024.1	10231	783d428ab1c27ae795c67e650081124e6cf9fad1587145d893c8f3267dbd38b7	linear	unplaced-scaffold	Chromosome	chromosome	2970927	44.44335842048675	0	0
GCF_025490915.1	NZ_JANQBA010000025.1	7388	69fb1fdc72de20600a254aaf08f56bc7866a3e0e8714ee05c469d32e8a72abdc	linear	unplaced-scaffold	Chromosome	chromosome	2970927	59.2041147807255	0	0
GCF_025490915.1	NZ_JANQBA010000026.1	4895	ea5c01d64e522e8ebb5372e4f28b57893954d99db4b95635772286006db5d3b5	linear	unplaced-scaffold	Chromosome	chromosome	2970927	51.86652763295099	100	100
GCF_025490915.1	NZ_JANQBA010000027.1	4391	f571838680a0e9a56581416882bf5825718b199767f7b2d6d25664fb1c84685b	linear	unplaced-scaffold	Chromosome	chromosome	2970927	49.350945115007974	0	0
GCF_025490915.1	NZ_JANQBA010000028.1	3977	2ebf40bafa274d8dc86cc42d68be6b3d59d8db505df44492067c483c02411ecf	linear	unplaced-scaffold	Chromosome	chromosome	2970927	59.16519989942167	0	0
GCF_025490915.1	NZ_JANQBA010000029.1	2602	75a7205aaab684a1c920401b837b6c6651e7334677f463dbc9e357a6bf065718	linear	unplaced-scaffold	Chromosome	chromosome	2970927	61.222136817832435	0	0
GCF_025490915.1	NZ_JANQBA010000003.1	232898	c6f5df89cccfa273be15ed090a90ceec0ef27fb7d1f857c402dbe858bd3eb70a	linear	unplaced-scaffold	Chromosome	chromosome	2970927	61.29391145972044	100	100
GCF_025490915.1	NZ_JANQBA010000030.1	2321	2d017c671282c419acde6400ff1105a6fa3fc136a1e37c8c292896cfb2cafaea	linear	unplaced-scaffold	Chromosome	chromosome	2970927	52.34812580784145	0	0
GCF_025490915.1	NZ_JANQBA010000031.1	1364	8073a8ed06ab05282caf40c6fb20891b120bc69376b6297fc537d90c372fee65	linear	unplaced-scaffold	Chromosome	chromosome	2970927	48.90029325513196	0	0
GCF_025490915.1	NZ_JANQBA010000032.1	1292	33f1b4a8093138daf72d88bb0e46c61afcb5dc3e2b040c58f71a3cbad5463833	linear	unplaced-scaffold	Chromosome	chromosome	2970927	44.5046439628483	0	0
GCF_025490915.1	NZ_JANQBA010000004.1	230110	cd797f6128aed11c9ef50a320a327c66a02c0affd30adebee61e431c5d940c38	linear	unplaced-scaffold	Chromosome	chromosome	2970927	61.982964669071315	0	0
GCF_025490915.1	NZ_JANQBA010000005.1	194595	c7ceb50f73690a3fa179d6cea822e5a1bc74a8447845a3e6d450a9f1bd71511c	linear	unplaced-scaffold	Chromosome	chromosome	2970927	63.309437549782885	0	0
GCF_025490915.1	NZ_JANQBA010000006.1	182339	d5fa9f0e79a542b5a8e555d99c868b4b2cc898237ad28da7df84110de09fe24d	linear	unplaced-scaffold	Chromosome	chromosome	2970927	60.480204454340544	0	0
GCF_025490915.1	NZ_JANQBA010000007.1	149467	cc8f393f8dfb20c1eb2fb118a30cc4b0b019ac9cfd8e5b078718ddd890375a57	linear	unplaced-scaffold	Chromosome	chromosome	2970927	62.13411656084621	0	0
GCF_025490915.1	NZ_JANQBA010000008.1	119161	546ab0792488f0c8a7ecfed20ce8030021db461a3e30da803f4fcff0882a0149	linear	unplaced-scaffold	Chromosome	chromosome	2970927	63.33615864250888	0	0
GCF_025490915.1	NZ_JANQBA010000009.1	117057	b5f6713ed82f1408eb3a9035009a6adcc9f7fc973ab6be7780a94cd4131333d5	linear	unplaced-scaffold	Chromosome	chromosome	2970927	61.61101002075912	0	0
GCF_025739325.1	NZ_CP065483.1	1794270	5849cf0e01f4d5b3a0d5b838d81bdc1a0ae41f490cc405bf159221c749810322	circular	assembled-molecule	Chromosome	chromosome	1308	39.05376559826559	0	0
GCF_025948295.1	NZ_CP065495.1	1897009	b83d6b2fc576af430f49269d45efa08e18a541c6df965857a785b58a0fdc8975	circular	assembled-molecule	Chromosome	chromosome	1308	39.066604322910436	0	0
GCF_026222675.1	NZ_CP110417.1	3622037	2ba8e48d727a15ac66769baeff00c80c4f2471c94e7661da6c92f2862bedb530	circular	assembled-molecule	Chromosome	chromosome	1589	46.40772581837237	0	0
GCF_028607025.1	NZ_CP117296.1	1928671	02704c050435d1cf5a4a476a0b7da6260147aba2a03f24273618fa7a14be6424	circular	assembled-molecule	Chromosome	chromosome	2742601	40.2570474694751	0	0
GCF_028607025.1	NZ_CP117297.1	62042	dd955f6ee0ea51f5f46840f01976b9c75983d5476c9e22b6a7b79cf8630f471b	circular	assembled-molecule	Plasmid	pLV1	2742601	40.561232713323236	0	0
GCF_028621815.1	NZ_CP117486.1	2025732	f9def25479ee7f373c5c5726768a363b8bcc51f7c32b569cca850c8f11e1b0ea	circular	assembled-molecule	Chromosome	chromosome	1254	42.23767013602984	0	0
GCF_028621815.1	NZ_CP117487.1	59600	c1dba499b5136b00941369179a6cf27857e437125e4c527cb91214843898ea02	circular	assembled-molecule	Plasmid	unnamed1	1254	40.01677852348993	0	0
GCF_028621815.1	NZ_CP117488.1	9423	32c85398910330613be85475041028bb4f324bc8c7d4030c04a0689b37237ca9	circular	assembled-molecule	Plasmid	unnamed2	1254	33.93823623049984	0	0
GCF_028736235.1	NZ_CP117884.1	2548252	6558edd291b0a5a3f778b9c6153f1aa76bd760510bcf3e754798f4c0dc4d0d62	circular	assembled-molecule	Chromosome	chromosome	3025672	51.37254871182285	0	0
GCF_028736235.1	NZ_CP117885.1	33894	ee95b1c92b139314de562751a381f807ebf2ee0c14e7d2fe3d01da917ef191eb	circular	assembled-molecule	Plasmid	unnamed1	3025672	45.007966011683486	0	0
GCF_029025825.1	NZ_CP118745.1	3236228	23bc20e0d625147f00f83c089fbe9144cf47aaa58694d72ec836074af277b6c1	circular	assembled-molecule	Chromosome	chromosome	60520	43.827381754313976	0	0
GCF_029025825.1	NZ_CP118746.1	8916	8043e85bbb64f8f6c9ce8da5b3f8f1d53f89294a056d273422c74451ab4dbbdb	circular	assembled-molecule	Plasmid	unnamed1	60520	36.76536563481382	0	0
GCF_029726355.1	NZ_CP120687.1	3094327	d1fa04dd589d2032b1db3b06f32c02b67b84ccbf47e892caed2d356181fbd0d3	circular	assembled-molecule	Chromosome	chromosome	3035291	47.938146162315746	0	0
GCF_029854335.1	NZ_CP122966.1	3241756	9bc7f980582e1c29a57f642573a54a2b210ccdbf1d23ce8f4f5cac952b3fe933	circular	assembled-molecule	Chromosome	chromosome	1590	44.701698708971314	0	0
GCF_029854335.1	NZ_CP122967.1	16808	877609dbf9b0b34ced62921289756664045de22793007c72ece9aa943024fcdc	circular	assembled-molecule	Plasmid	unnamed1	1590	40.97453593526892	0	0
GCF_029854335.1	NZ_CP122968.1	45237	c2856b8e5d861ccf235fc9c84cf9192e1f91b1144d4398be4345e14ff0c9a111	circular	assembled-molecule	Plasmid	unnamed2	1590	43.205782876848595	0	0
GCF_029854335.1	NZ_CP122969.1	30633	926e43214a9c3cbbf0d84fb577204d055f1617eec089f9b00c9b5c8bc019dd1f	circular	assembled-molecule	Plasmid	unnamed3	1590	38.853523977409985	0	0
GCF_029854335.1	NZ_CP122970.1	35957	0a221214e9fa04c8f8f036966892d77be73e9f22ed8a537ac142682dc60e7742	circular	assembled-molecule	Plasmid	unnamed4	1590	41.683121506243566	0	0
GCF_029854335.1	NZ_CP122971.1	51866	9de00601d0f64e7b31b437c6fab115fbd143344be84f8095ba1e02558a95721f	circular	assembled-molecule	Plasmid	unnamed5	1590	39.9741641923418	0	0
GCF_029854335.1	NZ_CP122972.1	18462	8b8f3fe6b7c46dc85eb3b09863c78dbbc17f58e54ab16d2df7002ad5b55707a5	circular	assembled-molecule	Plasmid	unnamed6	1590	36.76199761672625	0	0
GCF_029854335.1	NZ_CP122973.1	35236	fc5439e858bfcece6ecf2fbbd0fcf5fa752eda6846a7708b850fa7451d186db1	circular	assembled-molecule	Plasmid	unnamed7	1590	38.14848450448405	0	0
GCF_029866985.1	NZ_CP123436.1	1865206	083de73ae3675f957be36a191cb82a4419ccba0725569f62ea5bce18fb893c22	circular	assembled-molecule	Chromosome	chromosome	1308	39.0801380725814	100	100
GCF_030480545.1	NZ_CP129566.1	2686785	4e1b3a1f47ff8dbc16b7fe86a7674030348e94163085fa102a7144b0a0d5f685	circular	assembled-molecule	Chromosome	chromosome	171523	52.83548313255927	100	100
GCF_030770265.1	NZ_CP132482.1	3055873	5eeb62c9163aa2471d5c45131767943be9f3e4d9cb5291816770a4962c6a612d	circular	assembled-molecule	Chromosome	chromosome	3068305	48.01704782888556	0	0
GCF_030770295.1	NZ_CP132483.1	3134053	22752d60dba80bdc39a3f570dd936c21754ca4a74ceed6f725101fbeb1e802d9	circular	assembled-molecule	Chromosome	chromosome	3068306	47.930172208319384	0	0
GCF_030770335.1	NZ_CP132484.1	3046355	5f7195cf78b5fa6c5c07e0eb25bc120eaa37f358f21509d922f00729b7169948	circular	assembled-molecule	Chromosome	chromosome	3068307	48.034979508297624	0	0
GCF_032762665.1	NZ_CP136429.1	1862087	7b475f52e1955b5fa6135e65ebcf02518ae1280f641788c2f4c641d4d4c7e370	circular	assembled-molecule	Chromosome	chromosome	1247	37.82938176358033	0	0
GCF_033142085.1	NZ_WERV01000001.1	411399	6b561acb9ce468324b33be0b800c2916c4a673b4fa8fb3449f7a3998dfaa9bbe	linear	unplaced-scaffold	Chromosome	chromosome	1247	38.446131371247866	0	0
GCF_033142085.1	NZ_WERV01000002.1	395527	630726e62d1a076f766976a895108d76a4844637307287dd5c5db784b4c9274e	linear	unplaced-scaffold	Chromosome	chromosome	1247	37.422982501826674	0	0
GCF_033142085.1	NZ_WERV01000003.1	368559	66ce11339afb45860486c401de6d1ed9b3228548914285070180940c53b4efe6	linear	unplaced-scaffold	Chromosome	chromosome	1247	38.062019920826785	0	0
GCF_033142085.1	NZ_WERV01000004.1	174833	274b662233c19948ba6f42bbbce63a2e785dfb77a8f39fde725915608e436dfa	linear	unplaced-scaffold	Chromosome	chromosome	1247	38.38577385276235	0	0
GCF_033142085.1	NZ_WERV01000005.1	153594	1eae070723f8fb8ec8bc812cfaea17dd2c7f4815b31dd0f2954047d32df233bc	linear	unplaced-scaffold	Chromosome	chromosome	1247	38.157740536739716	0	0
GCF_033142085.1	NZ_WERV01000006.1	142453	01ee2377a68191d64cea89d3a2428a209657daf66241fffe72e38469d0192738	linear	unplaced-scaffold	Chromosome	chromosome	1247	36.2028177714755	0	0
GCF_033142085.1	NZ_WERV01000007.1	140803	0cc80d15fa3f09b0483a25a2f8cdde905b431749f43d2c17d507441d5f0a1a18	linear	unplaced-scaffold	Chromosome	chromosome	1247	36.86285093357386	0	0
GCF_033142085.1	NZ_WERV01000008.1	36338	d534e4a6ecba887568af8d34978fb33320e1a49b632d6479628a374124d22c99	linear	unplaced-scaffold	Chromosome	chromosome	1247	37.55022290714954	0	0
GCF_033142085.1	NZ_WERV01000009.1	24916	315fb38e2f4a9a4878c3d859f006d569ab4777c296c5478ba71cefe2bdaf76b6	linear	unplaced-scaffold	Chromosome	chromosome	1247	34.178840905442286	0	0
GCF_033142085.1	NZ_WERV01000010.1	10903	bb8084e1e9df2bc4e3e28ee7fc62df468d695b32544df8fc48b9db1c4ce38942	linear	unplaced-scaffold	Chromosome	chromosome	1247	36.34175691937425	100	100
GCF_033142085.1	NZ_WERV01000011.1	5460	efdef4bc34dbf796196855fd96098f0326a8c30c81b12479afecf3adcd9bfcc3	linear	unplaced-scaffold	Chromosome	chromosome	1247	46.59340659340659	0	0
GCF_033142085.1	NZ_WERV01000012.1	3707	7da38d65c7742a58519ed8a6c564fb05e136faf69d82587fc7095d948841441f	linear	unplaced-scaffold	Chromosome	chromosome	1247	32.15538171027785	0	0
GCF_033142085.1	NZ_WERV01000013.1	2535	b9e9b78698b306e24d06d9953792b890f71f3cfb4c8d3213f260eed0eb687ab9	linear	unplaced-scaffold	Chromosome	chromosome	1247	38.34319526627219	0	0
GCF_033142085.1	NZ_WERV01000014.1	1553	abcdae208ae390ef0382d366c2c2dcf590dc88d49ae5fd3986f0fd8c4084fc11	linear	unplaced-scaffold	Chromosome	chromosome	1247	46.555054732775275	0	0
GCF_033142085.1	NZ_WERV01000015.1	1330	962eb1f4e43592180f8a2a899e18941b358d80200ef4baf4cb4e6a2ad9118fcb	linear	unplaced-scaffold	Chromosome	chromosome	1247	40.526315789473685	0	0
GCF_033142085.1	NZ_WERV01000016.1	1180	e63f8ef8a8dc19be8ed43b40f2489d088cb13492e33c19c2003e7c49d8ca2ff2	linear	unplaced-scaffold	Chromosome	chromosome	1247	38.220338983050844	0	0
GCF_033142085.1	NZ_WERV01000017.1	1173	e28e23e8d25dd06b7fe481a2f56029c8a0dae13634ffcd2039a1555d4c381533	linear	unplaced-scaffold	Chromosome	chromosome	1247	37.59590792838875	0	0
GCF_033142085.1	NZ_WERV01000018.1	980	3c2f1c02d6f074f1257f99221960c17d406b717ac8e5ff61d000ccd18c1bb1e1	linear	unplaced-scaffold	Chromosome	chromosome	1247	39.89795918367347	0	0
GCF_033142085.1	NZ_WERV01000019.1	627	55590b94559a3e1d0a39c255e4c91fea2627ad02f9748ff8ff7af929c98eef75	linear	unplaced-scaffold	Chromosome	chromosome	1247	39.07496012759171	0	0
GCF_033142085.1	NZ_WERV01000020.1	584	c21e91af27003f4c0d2c1e2afbb2193bdaf097ddd1f7e3ca78e31ba95dc3c8fd	linear	unplaced-scaffold	Chromosome	chromosome	1247	27.397260273972602	0	0
GCF_033142085.1	NZ_WERV01000021.1	533	e1c9c6c6df027657abc5020f5e3045fdbc66ff9bb78ed5b394799f78aa0e2571	linear	unplaced-scaffold	Chromosome	chromosome	1247	37.711069418386494	0	0
GCF_033570435.1	NZ_CP136906.1	2148242	f45549b96294c73b59435de71cb90a6fc78d841546638338e1b5974692f0fc6b	circular	assembled-molecule	Chromosome	chromosome	1598	38.79930659581183	0	0
GCF_034703025.1	NZ_CP138502.1	2138608	e5832435300d6731b537f292d363a43d4ab61a5ebe7e806a8fc4ffee933ada4a	circular	assembled-molecule	Chromosome	chromosome	1254	42.09219267860215	0	0
GCF_034703025.1	NZ_CP138503.1	37357	75eed0d730887edf035e1bb24f9820a5d01dd7db8c7b18214206666092a4d235	linear	assembled-molecule	Plasmid	pAF20191	1254	40.8785502047809	0	0
GCF_034703025.1	NZ_CP138504.1	28691	36705fc9a588f2771243158a5a358c17acf654b5a682677a790c72520f9a82bb	circular	assembled-molecule	Plasmid	pAF20192	1254	40.162420271165175	0	0
GCF_034703025.1	NZ_CP138505.1	15435	22dc994f92f034ca8ccfdda79e97843376eee516ba04391f76cac25438e37696	circular	assembled-molecule	Plasmid	pAF20193	1254	35.71752510528021	0	0
GCF_035985965.1	NZ_CP142589.1	2416264	c4df743b9f018a9252077be4e3bc1f8012673b7662f73d21355ccaf2c1db61bf	circular	assembled-molecule	Chromosome	chromosome	1360	35.2133293381849	0	0
GCF_036246165.1	NZ_BTPV01000001.1	232023	99f44ac7df1581b82c401f67d62942ecf6cec4997d878de69ae74494e3d17f41	linear	unplaced-scaffold	Chromosome	chromosome	3076224	45.3153351176392	0	0
GCF_036246165.1	NZ_BTPV01000002.1	206160	2b833c2d754547e985e97448ba0f49010f3ad86c58626fbbea0f2ce01be6c9d3	linear	unplaced-scaffold	Chromosome	chromosome	3076224	45.5476329064804	0	0
GCF_036246165.1	NZ_BTPV01000003.1	191516	4e5a0637d71527dee3ac608a40ade3eb0501ff105c8b327368de2dee1238476e	linear	unplaced-scaffold	Chromosome	chromosome	3076224	44.85682658367969	0	0
GCF_036246165.1	NZ_BTPV01000004.1	186369	9136c9e056c4730ee319a32f4db6c623044d6a034db6d7cb1fb7bbc68d7b716f	linear	unplaced-scaffold	Chromosome	chromosome	3076224	46.2753998787352	0	0
GCF_036246165.1	NZ_BTPV01000005.1	182088	376e5fdb54b760b25901ee1b493432719a667d664124ad377ccd40e5f435176f	linear	unplaced-scaffold	Chromosome	chromosome	3076224	44.24344273098721	0	0
GCF_036246165.1	NZ_BTPV01000006.1	157481	df521c664dc63fe1871fae1934b1d5f2a8a9694f4aa80fceaf51062beb118562	linear	unplaced-scaffold	Chromosome	chromosome	3076224	45.93062020180212	0	0
GCF_036246165.1	NZ_BTPV01000007.1	144042	64953d4b658b5a858ca5df202869db67d5865b8ac06dc6ffcf4afa07d6f7bc55	linear	unplaced-scaffold	Chromosome	chromosome	3076224	45.82691159522917	0	0
GCF_036246165.1	NZ_BTPV01000008.1	138830	1028c4106081caf9db6a5253946370b162f3ed8c0382932977850bbcf2a34953	linear	unplaced-scaffold	Chromosome	chromosome	3076224	45.443347979543326	0	0
GCF_036246165.1	NZ_BTPV01000009.1	128502	3af3a2b47e40f818e9ab895103681f1cf51fe52a00c99f2f7fb4680f2767625e	linear	unplaced-scaffold	Chromosome	chromosome	3076224	44.26468070535867	0	0
GCF_036246165.1	NZ_BTPV01000010.1	106450	415fdc2bd6d1323b0a20d63658b51f0067b10c5412492ba0f513dcbe710e9a32	linear	unplaced-scaffold	Chromosome	chromosome	3076224	45.45702207609206	0	0
GCF_036246165.1	NZ_BTPV01000011.1	103914	5c136c219b1ef2f8c8befe266ab4192e74d567e63c952a4a64dd947681610d72	linear	unplaced-scaffold	Chromosome	chromosome	3076224	45.51167311430606	0	0
GCF_036246165.1	NZ_BTPV01000012.1	96399	6da9915254a55159250777b32299bb6b0034db2de095543034c3dfc0b6601248	linear	unplaced-scaffold	Chromosome	chromosome	3076224	46.30442224504404	0	0
GCF_036246165.1	NZ_BTPV01000013.1	86008	925fb554420f64d0c62498f5e6be45f6f06b80304731da5dc6767f394a429214	linear	unplaced-scaffold	Chromosome	chromosome	3076224	46.18872663008092	0	0
GCF_036246165.1	NZ_BTPV01000014.1	83443	ef9d47608e9ae5bb3a73886abd1e4c2dce63174d85443b2a5d4362f871f1ed6d	linear	unplaced-scaffold	Chromosome	chromosome	3076224	41.19099265366777	0	0
GCF_036246165.1	NZ_BTPV01000015.1	72423	135fe908f6fc4d6b9403c7ded35d1bef7281a74056d57021a9f9e3148a5f0eb6	linear	unplaced-scaffold	Chromosome	chromosome	3076224	46.438286179804756	0	0
GCF_036246165.1	NZ_BTPV01000016.1	70659	f7f834c82231374516eede03b25a4d7b349be288e44e22c2f841d5356217706b	linear	unplaced-scaffold	Chromosome	chromosome	3076224	46.356444331224615	0	0
GCF_036246165.1	NZ_BTPV01000017.1	66966	84a1e148c5b840cd3f6a014ba201e0a6429d187748204ae92df04778b6052cb2	linear	unplaced-scaffold	Chromosome	chromosome	3076224	45.54848729205866	0	0
GCF_036246165.1	NZ_BTPV01000018.1	65383	c747242ae0bbb80d62201327e88e944ac5bce0018dba109b35d0a5304fe6ad24	linear	unplaced-scaffold	Chromosome	chromosome	3076224	45.84830919352125	0	0
GCF_036246165.1	NZ_BTPV01000019.1	65052	e587bd5c278915bf5ff8a8a7121e9ed144b0a0738d185df0659677932c599116	linear	unplaced-scaffold	Chromosome	chromosome	3076224	46.22763327799299	0	0
GCF_036246165.1	NZ_BTPV01000020.1	64606	f8e005a49e9b4e2aaae369aee1961f239fa51446155a9cfe24a649153cda5e19	linear	unplaced-scaffold	Chromosome	chromosome	3076224	46.812989505618674	0	0
GCF_036246165.1	NZ_BTPV01000021.1	56699	06dd8bdc92aef2c804745c58d8d70edf8675a09cfcd8390718fb2f05a03972e1	linear	unplaced-scaffold	Chromosome	chromosome	3076224	46.4311539886065	0	0
GCF_036246165.1	NZ_BTPV01000022.1	53542	9c50b3aa1f0fff4303e8dc750e59775f42ce343ccc84f4a9eeb4ea8c41ccaa5d	linear	unplaced-scaffold	Chromosome	chromosome	3076224	45.86306077471891	0	0
GCF_036246165.1	NZ_BTPV01000023.1	52985	ac29ecefe6611d09d191875c66444d3beb3263ac16c8583b23d453648f4d7655	linear	unplaced-scaffold	Chromosome	chromosome	3076224	46.10361423044258	0	0
GCF_036246165.1	NZ_BTPV01000024.1	51739	b6752e82d3454b84a27294123765b4a0485a4fe5e8a44d908788ac8063c1ad77	linear	unplaced-scaffold	Chromosome	chromosome	3076224	46.12381375751367	0	0
GCF_036246165.1	NZ_BTPV01000025.1	46306	448bd65563243485a13eb4192d6916e41257bb78fc9ef92385710fc9ed376e2a	linear	unplaced-scaffold	Chromosome	chromosome	3076224	44.41325098259405	0	0
GCF_036246165.1	NZ_BTPV01000026.1	36820	333d69fd271e2eec373fc9089c06c68d20852450cd64413772915580b2ceda0c	linear	unplaced-scaffold	Chromosome	chromosome	3076224	46.24388919065725	0	0
GCF_036246165.1	NZ_BTPV01000027.1	33853	9e94cb2eb74812d1f9c34be37a06de78a399e5b1f64bc274f56e7af806246df8	linear	unplaced-scaffold	Chromosome	chromosome	3076224	45.11564706229876	0	0
GCF_036246165.1	NZ_BTPV01000028.1	28435	44abda5813a2b62c9cb86e4c300db9e8ee40e5dde7398c9a6750ef127b8a3a10	linear	unplaced-scaffold	Chromosome	chromosome	3076224	45.32442412519782	0	0
GCF_036246165.1	NZ_BTPV01000029.1	25340	e8b006923aff1fcd6eb909e083334db75128b83a2ac9f8e23f46de213eafbe1a	linear	unplaced-scaffold	Chromosome	chromosome	3076224	45.086819258089974	0	0
GCF_036246165.1	NZ_BTPV01000030.1	25098	4d6129c388ff3f6e88c4b403f27dbb8a3b53b43ff256229588e78935417d02ed	linear	unplaced-scaffold	Chromosome	chromosome	3076224	45.42194597179058	0	0
GCF_036246165.1	NZ_BTPV01000031.1	24818	6fc0c9f86406371d2a75d479e1f0cc48e3013e26715381f583f6bb88be16975d	linear	unplaced-scaffold	Chromosome	chromosome	3076224	44.97542106535579	0	0
GCF_036246165.1	NZ_BTPV01000032.1	21031	0becd71115b82c7976bdda2d08f621b51fde3941f8cd186d706796d4bae85d62	linear	unplaced-scaffold	Chromosome	chromosome	3076224	45.537539822167275	0	0
GCF_036246165.1	NZ_BTPV01000033.1	16495	53d8f986f8c72e81433e39f434f12dd889e7c6fe02efb798b9cc12abf3c0e61d	linear	unplaced-scaffold	Chromosome	chromosome	3076224	46.37162776598969	0	0
GCF_036246165.1	NZ_BTPV01000034.1	14962	9f2263fd61c72fbc0dcdef8166f02b010624c9d7ac422b0c23d83ac59a62e305	linear	unplaced-scaffold	Chromosome	chromosome	3076224	39.82756316000535	0	0
GCF_036246165.1	NZ_BTPV01000035.1	14188	f415c797810749acb8a4d7f9eceba050d5dde2e10c4246a040bff81cd7da572e	linear	unplaced-scaffold	Chromosome	chromosome	3076224	39.970397519030165	0	0
GCF_036246165.1	NZ_BTPV01000036.1	12827	1a6812c5d6b50213c7f6d93d565e523a88900650aa2a7cfd3da0292b524a73e9	linear	unplaced-scaffold	Chromosome	chromosome	3076224	37.36649255476729	0	0
GCF_036246165.1	NZ_BTPV01000037.1	9148	ccee518d8221c12b3f3905513885eb91244452a3fd3e6c25a33d116b6900cc0e	linear	unplaced-scaffold	Chromosome	chromosome	3076224	41.70310450371666	0	0
GCF_036246165.1	NZ_BTPV01000038.1	8260	34256bb11ceb4f5215c7788abc426fba4ffaf90c8ed9222f0f88be297c68c2f8	linear	unplaced-scaffold	Chromosome	chromosome	3076224	39.69733656174334	0	0
GCF_036246165.1	NZ_BTPV01000039.1	5552	e566f0b6a4907bedcd573d909c35c18e45ae16be54956bf5643df33a7a733179	linear	unplaced-scaffold	Chromosome	chromosome	3076224	37.73414985590778	0	0
GCF_036246165.1	NZ_BTPV01000040.1	5502	24446bec3b11213dbd12e0b2eb43a6ec25ee037bec80fa860691162a8723956c	linear	unplaced-scaffold	Chromosome	chromosome	3076224	45.16539440203562	0	0
GCF_036246165.1	NZ_BTPV01000041.1	5318	356090735412ed31ab5ad0e0571970c077d9a60f475cd7eee85dde85054dc3bc	linear	unplaced-scaffold	Chromosome	chromosome	3076224	49.26544576373516	349	349
GCF_036246165.1	NZ_BTPV01000042.1	4742	87566d6b981b259e20df9f0c8d411d403bcf7a47d78b586bbd651d19506c3feb	linear	unplaced-scaffold	Chromosome	chromosome	3076224	43.50485027414593	0	0
GCF_036246165.1	NZ_BTPV01000043.1	4729	8b32c4bef3ab92cad249ed9e948005fcede822f8897a582bf41437fd2c8cac15	linear	unplaced-scaffold	Chromosome	chromosome	3076224	41.108056671600764	0	0
GCF_036246165.1	NZ_BTPV01000044.1	4326	77c415a601779a90221c2185cffa73e45471cec792d03831c974855eec32b06c	linear	unplaced-scaffold	Chromosome	chromosome	3076224	37.63291724456773	0	0
GCF_036246165.1	NZ_BTPV01000045.1	3663	2163e8bce398a6eadeb1f5dfb0882abc8bc7194ffe50b22b64b0a13ec84a932e	linear	unplaced-scaffold	Chromosome	chromosome	3076224	39.63963963963964	0	0
GCF_036246165.1	NZ_BTPV01000046.1	3617	d3502b7fa9af7a62e89267fcdeee9b4891e65caf73a9a96551635f20bd730a70	linear	unplaced-scaffold	Chromosome	chromosome	3076224	39.31434890793475	0	0
GCF_036246165.1	NZ_BTPV01000047.1	3085	bd95367b29cd07567e06e15b4f6d4b5cd2f4e04338466b3869776ae5c0715070	linear	unplaced-scaffold	Chromosome	chromosome	3076224	38.86547811993517	0	0
GCF_036246165.1	NZ_BTPV01000048.1	2663	68aeacb871919c27f8b8656c1dc63bdd69250df68a4add4f4bd7d5ad75e1e78c	linear	unplaced-scaffold	Chromosome	chromosome	3076224	34.772812617348855	0	0
GCF_036246165.1	NZ_BTPV01000049.1	2093	3e48797c24df3909dc08c81e6c2165e8cac2b9c56ea3fa757791b345aaeaf2b1	linear	unplaced-scaffold	Chromosome	chromosome	3076224	36.83707596751075	0	0
GCF_036246165.1	NZ_BTPV01000050.1	1705	710d60bb087b5702c68db246bdfe9c2803fa36e10c13385c0ba8a1f85733466f	linear	unplaced-scaffold	Chromosome	chromosome	3076224	40.410557184750736	0	0
GCF_036246165.1	NZ_BTPV01000051.1	1543	2d13cddfe7a2e7f4e7b239fd58f73c8ca85fe3620a76e5868e7e7dc0dbe022ab	linear	unplaced-scaffold	Chromosome	chromosome	3076224	34.34867141931303	0	0
GCF_036246165.1	NZ_BTPV01000052.1	1492	d364728a35c5b3a582a7bb936d07b3a702dd82e999dcd7b4a0333fd4363c0865	linear	unplaced-scaffold	Chromosome	chromosome	3076224	39.47721179624665	0	0
GCF_036246165.1	NZ_BTPV01000053.1	1238	9bae5e753fe20b1b544b2ae7f9b99f2e6546c25b8bfae70a0cc02ae05b76de90	linear	unplaced-scaffold	Chromosome	chromosome	3076224	39.17609046849758	0	0
GCF_036246165.1	NZ_BTPV01000054.1	1214	0009afd7e9e06c4126fd33c8616f56efc17a99fa39c7ae37f9b7508776db806b	linear	unplaced-scaffold	Chromosome	chromosome	3076224	48.68204283360791	0	0
GCF_036246165.1	NZ_BTPV01000055.1	1204	e9799cd7776db89eb0edb779c2009e5a9bdbe38517c38bc1049fbb9e16b79fff	linear	unplaced-scaffold	Chromosome	chromosome	3076224	44.60132890365448	0	0
GCF_036246165.1	NZ_BTPV01000056.1	1094	388d6b504cc2419d05cd5ff32a7dd222222ea5ce0b878665a898c6f7adc905d8	linear	unplaced-scaffold	Chromosome	chromosome	3076224	47.714808043875685	0	0
GCF_036246185.1	NZ_BTPW01000001.1	246932	828f0714a65daac7feaef657404b25462333e382beb2d4c78a6bfccace0e6bfe	linear	unplaced-scaffold	Chromosome	chromosome	3076224	45.3481120308425	0	0
GCF_036246185.1	NZ_BTPW01000002.1	186477	a82958b9461f5211b809d24767986aa1188cffebab79e58c79a9bf44c0edd9a2	linear	unplaced-scaffold	Chromosome	chromosome	3076224	46.272194426122255	0	0
GCF_036246185.1	NZ_BTPW01000003.1	178026	50f6298e77f52bee7a4a0c8a7cbd564546eac4a696ddd239ffc428fae7f895d7	linear	unplaced-scaffold	Chromosome	chromosome	3076224	46.37524855919922	0	0
GCF_036246185.1	NZ_BTPW01000004.1	146158	0c6154d1528623273d34fac4dc9f250966bc0c11f109c9c91d874861c86776d2	linear	unplaced-scaffold	Chromosome	chromosome	3076224	45.95232556548393	0	0
GCF_036246185.1	NZ_BTPW01000005.1	138835	3f87757434efcea5dfa63a45e7cdbf24d6fe4a3bedf397f8b7fb25d073a60b6a	linear	unplaced-scaffold	Chromosome	chromosome	3076224	45.440270825080134	0	0
GCF_036246185.1	NZ_BTPW01000006.1	130833	5c97f4fa7a179b72374cf72df9a3b2e9b3e1bb08ee94a2e6de08d375fbaf426e	linear	unplaced-scaffold	Chromosome	chromosome	3076224	45.431198550824334	0	0
GCF_036246185.1	NZ_BTPW01000007.1	127276	1ec76b20ca83eaff67a1e59e4c7257c14f2c1e0903ae4d7e8b15aade49635cb8	linear	unplaced-scaffold	Chromosome	chromosome	3076224	45.62132688016594	0	0
GCF_036246185.1	NZ_BTPW01000008.1	117214	3c653872b02d38650ec35de07de4de9475f38a454e6a63c410a294b9f0f86d50	linear	unplaced-scaffold	Chromosome	chromosome	3076224	43.58694353916768	0	0
GCF_036246185.1	NZ_BTPW01000009.1	115674	4ae951415a8e96471d5a11a976fcc4a256aa4b68c00a37804ef55b8c455f2480	linear	unplaced-scaffold	Chromosome	chromosome	3076224	44.00988986289054	0	0
GCF_036246185.1	NZ_BTPW01000010.1	109940	838b6c13ef75a37773343da22a54b5b5fde814f1fed29aecd915405a8db5708a	linear	unplaced-scaffold	Chromosome	chromosome	3076224	46.138802983445515	0	0
GCF_036246185.1	NZ_BTPW01000011.1	107882	44f910c226eb29b1de53dc4fe5e99742fb08c524593ade1d6e29b00e78306ef2	linear	unplaced-scaffold	Chromosome	chromosome	3076224	45.19011512578558	0	0
GCF_036246185.1	NZ_BTPW01000012.1	107609	1c756e7e5fcce9223ef1e49762d41f79c0cf784538ab66ceda7c6e7aac886761	linear	unplaced-scaffold	Chromosome	chromosome	3076224	44.86706502244236	0	0
GCF_036246185.1	NZ_BTPW01000013.1	103174	09b78e62ccf62c5668ee0ec69e5a7696874afb09780d7ad51d0c994c52642927	linear	unplaced-scaffold	Chromosome	chromosome	3076224	45.55120476088937	0	0
GCF_036246185.1	NZ_BTPW01000014.1	86566	469703845fab1350df3839b2d305793bbf7290fca950f9c2926e6d05165d7abe	linear	unplaced-scaffold	Chromosome	chromosome	3076224	46.12549961878798	0	0
GCF_036246185.1	NZ_BTPW01000015.1	74222	0091068fa90a6236a8feac9e2166e2fc3eb84d22c40c9f5d1d9bbd84bdf594a3	linear	unplaced-scaffold	Chromosome	chromosome	3076224	46.505079356525016	0	0
GCF_036246185.1	NZ_BTPW01000016.1	73737	f064263478aef6d1c48d8ca075ea70b018788d182d3b620939b7369f311d2502	linear	unplaced-scaffold	Chromosome	chromosome	3076224	45.85350638078577	0	0
GCF_036246185.1	NZ_BTPW01000017.1	72358	08e187197ad96f7b723c33e940de074ca65e8180c139f53cf51e8e17a8178d67	linear	unplaced-scaffold	Chromosome	chromosome	3076224	46.38049697338235	0	0
GCF_036246185.1	NZ_BTPW01000018.1	65663	3fa84cf59cf5d0fd9dd125387dec7bee2fa5709306fe46552c82fde552f79cd8	linear	unplaced-scaffold	Chromosome	chromosome	3076224	45.805095716004445	0	0
GCF_036246185.1	NZ_BTPW01000019.1	65066	b468e8cf37bf3284520a4ec46f7a4474ad8ca2c0bc4cf5351f02f8fc4b0236c6	linear	unplaced-scaffold	Chromosome	chromosome	3076224	46.22690806258261	0	0
GCF_036246185.1	NZ_BTPW01000020.1	62766	0eea8cf31c3cc3a0f7d08094959952debb3ad52928cdf7ecb482a5826dfdde36	linear	unplaced-scaffold	Chromosome	chromosome	3076224	44.94949494949495	0	0
GCF_036246185.1	NZ_BTPW01000021.1	51876	69936b51c7ab90ffe7fbdd89877eb4a4b857f7b1e62d51c7586dacbcf31d1c27	linear	unplaced-scaffold	Chromosome	chromosome	3076224	46.53404271724882	0	0
GCF_036246185.1	NZ_BTPW01000022.1	48379	c78357518bafa5f5f36f9849c77f4ea3f741021d7a3414b14cd17eba271e3eff	linear	unplaced-scaffold	Chromosome	chromosome	3076224	45.48461109158933	0	0
GCF_036246185.1	NZ_BTPW01000023.1	46621	e599c5c0257598d7f461ba2594ae198564f92d590d77730673027c342aee27b4	linear	unplaced-scaffold	Chromosome	chromosome	3076224	44.35983784131614	0	0
GCF_036246185.1	NZ_BTPW01000024.1	44144	314ae6c06a73f0bb699262a750ccb2eb4da67b863c3e9111d68c29573385d398	linear	unplaced-scaffold	Chromosome	chromosome	3076224	47.38129757158391	0	0
GCF_036246185.1	NZ_BTPW01000025.1	42555	5af01667e10968f5d4c92b9495255bb164730a1d55cb6a6fa82463df3bd659e5	linear	unplaced-scaffold	Chromosome	chromosome	3076224	43.990130419457174	0	0
GCF_036246185.1	NZ_BTPW01000026.1	41498	7ddbd72f9e0e76cd5e9394835eeea8f4fe97301c3065dd69f38bd71fd70d381b	linear	unplaced-scaffold	Chromosome	chromosome	3076224	44.52985686057159	0	0
GCF_036246185.1	NZ_BTPW01000027.1	38003	a2e5c7347b12521da2576b99603d6c5b0d041144defdf2ce7eb450cbe0df314e	linear	unplaced-scaffold	Chromosome	chromosome	3076224	45.00434176249244	0	0
GCF_036246185.1	NZ_BTPW01000028.1	36856	db2aeec902cd74dc06bd7aca286bc28479cc1d05f6fbf32f1fc9dc5b7ff6c449	linear	unplaced-scaffold	Chromosome	chromosome	3076224	46.233991751682225	0	0
GCF_036246185.1	NZ_BTPW01000029.1	35027	ec0a2732fd830a35ac7b9b0a04659811b0d950d16f56e78d4e777e49be818a37	linear	unplaced-scaffold	Chromosome	chromosome	3076224	40.77996973763097	0	0
GCF_036246185.1	NZ_BTPW01000030.1	33740	72d16690dcf9d6d94a4a67e2bd39364b20b2e2ebb2729ff84bdcbfd7382b18ce	linear	unplaced-scaffold	Chromosome	chromosome	3076224	46.21813870776526	0	0
GCF_036246185.1	NZ_BTPW01000031.1	32225	59e801b87e36a6c488c3b072fd2e321900b23fdcefc9cc757c03020b8d469b66	linear	unplaced-scaffold	Chromosome	chromosome	3076224	40.459270752521334	0	0
GCF_036246185.1	NZ_BTPW01000032.1	25487	fc5f31bb8191850eecf09885df71fe7b6b7b82313dc57f37213b2c1cb2f3adb4	linear	unplaced-scaffold	Chromosome	chromosome	3076224	47.30646996508024	0	0
GCF_036246185.1	NZ_BTPW01000033.1	25413	903b01da0fd7a3d9212613cfa43c75177f4de2cf6767f9f94616bb30aaaef591	linear	unplaced-scaffold	Chromosome	chromosome	3076224	45.29571479164207	0	0
GCF_036246185.1	NZ_BTPW01000034.1	24824	b7cf347aa9124ca9d45b88adffefc553db1fd6b9bc07c7af36e38eca5d4a4a88	linear	unplaced-scaffold	Chromosome	chromosome	3076224	44.96455043506284	0	0
GCF_036246185.1	NZ_BTPW01000035.1	22769	ba657840867a0c3f47f1a333e31529f79f1e56f3960e7e1abb75bc37d2921f92	linear	unplaced-scaffold	Chromosome	chromosome	3076224	34.902718608634544	0	0
GCF_036246185.1	NZ_BTPW01000036.1	20838	085fbd0e4b58417c2148c997d488e13456f9e8f698ac7b1e2d42a29da7b7ada7	linear	unplaced-scaffold	Chromosome	chromosome	3076224	46.06488146655149	0	0
GCF_036246185.1	NZ_BTPW01000037.1	19500	21e820f171ad2a17436b3baa3c2f3da36a71e7ee0d17ba375fb18f0f07de3b13	linear	unplaced-scaffold	Chromosome	chromosome	3076224	45.312820512820515	0	0
GCF_036246185.1	NZ_BTPW01000038.1	19350	543af16505304d7992784c40b3c4116c9aabe8b4985fb55257241f7d4c3ec85c	linear	unplaced-scaffold	Chromosome	chromosome	3076224	41.328165374677006	0	0
GCF_036246185.1	NZ_BTPW01000039.1	17851	6e096649b0ea7769d4fd2a9072d0cc1dfdc8f2e48448272c77ffc43cda2e093f	linear	unplaced-scaffold	Chromosome	chromosome	3076224	45.924598061733235	0	0
GCF_036246185.1	NZ_BTPW01000040.1	17033	a139847f6ce702335b953c95b57ad13e40be1e0b6c7c2b1a4816f795941eb035	linear	unplaced-scaffold	Chromosome	chromosome	3076224	39.75224564081489	0	0
GCF_036246185.1	NZ_BTPW01000041.1	16531	3e8f57f49571108b029a101c27417a887f083b5162be14745720599fa3be3b7d	linear	unplaced-scaffold	Chromosome	chromosome	3076224	46.3492831649628	0	0
GCF_036246185.1	NZ_BTPW01000042.1	13969	71afd002dfae3963f049326815d5664f169a572f1ac329577aa66a517692d65e	linear	unplaced-scaffold	Chromosome	chromosome	3076224	46.64614503543561	0	0
GCF_036246185.1	NZ_BTPW01000043.1	13438	8fa7c995dd1c7dccd67e0f25e486a9ceaa343c2f4a0ec2552ced91620321c5fa	linear	unplaced-scaffold	Chromosome	chromosome	3076224	44.731358833159696	0	0
GCF_036246185.1	NZ_BTPW01000044.1	13402	12805ecf543be7dc738f9c0ec163ee61182fded451920545ff1a4391e291a736	linear	unplaced-scaffold	Chromosome	chromosome	3076224	45.86628861363975	0	0
GCF_036246185.1	NZ_BTPW01000045.1	10854	6046ad7a6e0d1f84de382b4d74deb6f73016111bd197f3fb8bcf2d1be3bd8cc9	linear	unplaced-scaffold	Chromosome	chromosome	3076224	45.19992629445366	0	0
GCF_036246185.1	NZ_BTPW01000046.1	10281	67a7971b043c7a75d900461e2fdefa08b5ffa719d69c3aeb5dc66e53c0a4fb4c	linear	unplaced-scaffold	Chromosome	chromosome	3076224	41.45511137048925	0	0
GCF_036246185.1	NZ_BTPW01000047.1	9023	0e80270e82e86601698d84ff14e35f3463c2f026113fe103bcf9c5a7249e67af	linear	unplaced-scaffold	Chromosome	chromosome	3076224	36.20746979940153	0	0
GCF_036246185.1	NZ_BTPW01000048.1	8020	01db4eeaf46e8292996e01e4e947a8ece8a3055f9a04d60e779ca623bfd7e6aa	linear	unplaced-scaffold	Chromosome	chromosome	3076224	39.80049875311721	0	0
GCF_036246185.1	NZ_BTPW01000049.1	7889	b445ad14b280b9381eb4b6e0adf8cd0ff064118ebab7e03f9ec5cb03a1b4cf1d	linear	unplaced-scaffold	Chromosome	chromosome	3076224	37.73608822410952	0	0
GCF_036246185.1	NZ_BTPW01000050.1	7337	71a104faa08b067ef547d36609eb516e34e67bd7f93116ff9fe857c61fd04138	linear	unplaced-scaffold	Chromosome	chromosome	3076224	44.336922447866975	0	0
GCF_036246185.1	NZ_BTPW01000051.1	6900	47ead8428c81a570fbc6a31f03a53a62567f59fb65a936ed68a8feca985849d9	linear	unplaced-scaffold	Chromosome	chromosome	3076224	41.391304347826086	0	0
GCF_036246185.1	NZ_BTPW01000052.1	5920	bcc2d3eefde4e0ed811f4bfbc3215024ceaf69ecebedd20b5d376d182fcca4f1	linear	unplaced-scaffold	Chromosome	chromosome	3076224	40.7061266874351	142	142
GCF_036246185.1	NZ_BTPW01000053.1	5658	7d7afc33cc2a56c40e1b85ce06d331bf51b82cd7e3668e464297a0cf6a4f1585	linear	unplaced-scaffold	Chromosome	chromosome	3076224	39.02439024390244	0	0
GCF_036246185.1	NZ_BTPW01000054.1	5318	efc466f5adb9667ce5e1f9ee2c124cfe1b0b207440b3f30af736b7dd2a38296a	linear	unplaced-scaffold	Chromosome	chromosome	3076224	49.284994964753274	353	353
GCF_036246185.1	NZ_BTPW01000055.1	5018	f12dac3702b075a2aa4187398aab6946a2eb9c09de848fb72424510fcaf7ae64	linear	unplaced-scaffold	Chromosome	chromosome	3076224	36.90713431646074	0	0
GCF_036246185.1	NZ_BTPW01000056.1	4069	f22a2f655224155761c2f991d9be6951f31e84e2d5ac7fee446e04f7964a93d6	linear	unplaced-scaffold	Chromosome	chromosome	3076224	38.55984271319735	0	0
GCF_036246185.1	NZ_BTPW01000057.1	3471	390644bd984632c799d6c597a7bd029e9d5fa91290a1bd47f7d944f360862c7d	linear	unplaced-scaffold	Chromosome	chromosome	3076224	38.40391817919908	0	0
GCF_036246185.1	NZ_BTPW01000058.1	1705	a20e2aba33f5819c55c274e1783bfe63bb3b75d103162c1c21d0a3c54fb7986a	linear	unplaced-scaffold	Chromosome	chromosome	3076224	40.410557184750736	0	0
GCF_036246185.1	NZ_BTPW01000059.1	1203	657188ce152f249bb12be3f67dfd90546351e1f2d9da669b7b5c208ddde2fe3b	linear	unplaced-scaffold	Chromosome	chromosome	3076224	44.63840399002494	0	0
GCF_036246185.1	NZ_BTPW01000060.1	1035	4ad086eea9b426a50c8727cc7e973e080328406479e0bd3a3cdc081f2e65b81f	linear	unplaced-scaffold	Chromosome	chromosome	3076224	37.29468599033817	0	0
GCF_036246225.1	NZ_BTTP01000001.1	425968	d6efdaae881836e9bc3f7865dc12d9e80fd9b6d524cd0f7aa203272965da6cc0	linear	unplaced-scaffold	Chromosome	chromosome	3081441	52.50934342485821	0	0
GCF_036246225.1	NZ_BTTP01000002.1	256195	0fd5f46b523aa0d5b0ad88f810f8574b664416497517e91e1c447f45b8de8e82	linear	unplaced-scaffold	Chromosome	chromosome	3081441	53.62868127793283	0	0
GCF_036246225.1	NZ_BTTP01000003.1	211939	7eb71026caf149fb33c9a8219ac52a9f08abf5f25ed72d50aa1320f448ed913d	linear	unplaced-scaffold	Chromosome	chromosome	3081441	54.024507051557286	0	0
GCF_036246225.1	NZ_BTTP01000004.1	174817	6c2c7fe51880a169064c6ff3c81d955e368bce2452df53736390e864919790d0	linear	unplaced-scaffold	Chromosome	chromosome	3081441	54.20582666445483	0	0
GCF_036246225.1	NZ_BTTP01000005.1	148539	c5e0b575f8e461bacbcdcb7ae040c64133aa425e316fc57940adde80804df3eb	linear	unplaced-scaffold	Chromosome	chromosome	3081441	54.22077703498744	0	0
GCF_036246225.1	NZ_BTTP01000006.1	111560	f2255425bc8438b34a86b54d32e8251c651d0570e31e2adfb8a9405cff87b151	linear	unplaced-scaffold	Chromosome	chromosome	3081441	52.90068124775905	0	0
GCF_036246225.1	NZ_BTTP01000007.1	105640	278913f1600b70540c3c0b94bf6bf8608a8c62eae9f421d874bec011b39835a1	linear	unplaced-scaffold	Chromosome	chromosome	3081441	53.33964407421431	0	0
GCF_036246225.1	NZ_BTTP01000008.1	100043	72442e45869b4ea1f99622c11d267c4f391161f0a8960c4080f23b2a94eeab0d	linear	unplaced-scaffold	Chromosome	chromosome	3081441	52.70333756484712	0	0
GCF_036246225.1	NZ_BTTP01000009.1	96652	a56237746f5dd9e6446dab681ac633ce4fd8de88a65ab8e1a984ffad3a51d9eb	linear	unplaced-scaffold	Chromosome	chromosome	3081441	54.03406034018955	0	0
GCF_036246225.1	NZ_BTTP01000010.1	96272	271312be9f3dd102db76ab4aad2dbd8f3d45065812e4b7cbb0352a3150033225	linear	unplaced-scaffold	Chromosome	chromosome	3081441	54.65555924879508	0	0
GCF_036246225.1	NZ_BTTP01000011.1	75806	7d7d03180986761453ad9f26d1c4f916da93fd64ba904f02f312c1b1c5aeecea	linear	unplaced-scaffold	Chromosome	chromosome	3081441	54.1751312561011	0	0
GCF_036246225.1	NZ_BTTP01000012.1	75435	ee11d780c9948ffe36ad0542bea5122903d74668ae3f1f9b9669bae33cd6395a	linear	unplaced-scaffold	Chromosome	chromosome	3081441	52.87068336978856	0	0
GCF_036246225.1	NZ_BTTP01000013.1	74260	aa83b0774f50630dc64321ba0fbd2459efe191c3eb418846ad171288eaa65844	linear	unplaced-scaffold	Chromosome	chromosome	3081441	51.15405332615136	0	0
GCF_036246225.1	NZ_BTTP01000014.1	73230	5f72cb41049d4cefe50f724decc3b7dc759c4033728361e74658e4d3d15adb9d	linear	unplaced-scaffold	Chromosome	chromosome	3081441	53.979243479448314	0	0
GCF_036246225.1	NZ_BTTP01000015.1	70392	4482d047351023aba987d10133ff3b6d4f48075b87347ccbce8d2c0fd85c4c21	linear	unplaced-scaffold	Chromosome	chromosome	3081441	52.8994772133197	0	0
GCF_036246225.1	NZ_BTTP01000016.1	65971	49038880c0ee0e28764818ff6d474c64cc840b2d339d64817de6176383a66a6b	linear	unplaced-scaffold	Chromosome	chromosome	3081441	53.509875551378634	0	0
GCF_036246225.1	NZ_BTTP01000017.1	53163	c27d712d350a269c5fc8d8849755487824ba1e32a4685770f018905758d38572	linear	unplaced-scaffold	Chromosome	chromosome	3081441	53.650094990877115	0	0
GCF_036246225.1	NZ_BTTP01000018.1	47509	98ea402550d1134c5197ddbac3691d01317d4fc0972b3d138abb4a6077e29b91	linear	unplaced-scaffold	Chromosome	chromosome	3081441	50.476751773348205	0	0
GCF_036246225.1	NZ_BTTP01000019.1	42220	1ab420b1c5e2baeeb26c27741bff2bc6315d8e2a8370d38e288b69c023b3c41d	linear	unplaced-scaffold	Chromosome	chromosome	3081441	53.97441970630033	0	0
GCF_036246225.1	NZ_BTTP01000020.1	39172	f4ea45e58b1c14ce577077b87fbc7905c7653aaa4415418d922c168902369a78	linear	unplaced-scaffold	Chromosome	chromosome	3081441	51.11559277034617	0	0
GCF_036246225.1	NZ_BTTP01000021.1	36190	b7a61471845268b558831f504eb34a4f8a3936aaa7c057b2973150cdb3bdb0f8	linear	unplaced-scaffold	Chromosome	chromosome	3081441	46.35258358662614	0	0
GCF_036246225.1	NZ_BTTP01000022.1	33533	a63db14f3dfb19845e0f5b297fd042de10e0cacd347ca46803a1e5964ef34133	linear	unplaced-scaffold	Chromosome	chromosome	3081441	54.54924999254466	0	0
GCF_036246225.1	NZ_BTTP01000023.1	26770	ec4353807f2009d0879ccb86b113b1f7c00bb98672acd52be7243b9354566510	linear	unplaced-scaffold	Chromosome	chromosome	3081441	54.751587598057526	0	0
GCF_036246225.1	NZ_BTTP01000024.1	25176	d3d4f358aaed20b910651690e3d6a16fbd9338154f863bab827c15034e37d39f	linear	unplaced-scaffold	Chromosome	chromosome	3081441	53.94026056561805	0	0
GCF_036246225.1	NZ_BTTP01000025.1	23492	fb572f562f49d3730abf6d37fa033a478effb6b69a9afc47dcb4f8bb90a9a669	linear	unplaced-scaffold	Chromosome	chromosome	3081441	52.677507236506045	0	0
GCF_036246225.1	NZ_BTTP01000026.1	20226	bb54853861057c45d054e5d7f53b8526072fd7b0ebedc5e30a32ec0dc55d00b7	linear	unplaced-scaffold	Chromosome	chromosome	3081441	57.52496786314644	0	0
GCF_036246225.1	NZ_BTTP01000027.1	19753	eab557a3b43109ec715dc4b1dda8e681aa1374d5b90ad813aee0a75fbe63ed0e	linear	unplaced-scaffold	Chromosome	chromosome	3081441	46.909330228319746	0	0
GCF_036246225.1	NZ_BTTP01000028.1	12247	98a7868e79a4b9163c6f69644e68893a8c887b04b14ea56c640c0efb40900a6d	linear	unplaced-scaffold	Chromosome	chromosome	3081441	49.840777333224466	0	0
GCF_036246225.1	NZ_BTTP01000029.1	9759	9ec57edb8f723bd4df5abdd14b75435f7bbf8dcbc431a09f85bd1c3c9d4f3447	linear	unplaced-scaffold	Chromosome	chromosome	3081441	50.63018751921303	0	0
GCF_036246225.1	NZ_BTTP01000030.1	9183	59738d3fdca75012ca2958e0c4be9c9f19feb508d24ca213aea6a088d05f51aa	linear	unplaced-scaffold	Chromosome	chromosome	3081441	52.86943264728302	0	0
GCF_036246225.1	NZ_BTTP01000031.1	8331	9296829ed6ca2a9c069ea588b83fd1eb70d19c6aac7f2a8217f2ec0e4af9cb61	linear	unplaced-scaffold	Chromosome	chromosome	3081441	43.824270795822834	0	0
GCF_036246225.1	NZ_BTTP01000032.1	6988	3e93ebf200016c8ce8a7af0e410be447422fdf2ec11a9db01e4d16f29f1a5a36	linear	unplaced-scaffold	Chromosome	chromosome	3081441	50.60103033772181	0	0
GCF_036246225.1	NZ_BTTP01000033.1	6656	ddc7481c56fc5dd638f318709c506225419494379750abde7b4fc11edd743178	linear	unplaced-scaffold	Chromosome	chromosome	3081441	53.21514423076923	0	0
GCF_036246225.1	NZ_BTTP01000034.1	5393	cf4c4a5e879f1d01a0fabd2dc77bd458bb385ea674afc9aefb4471dfe5d66208	linear	unplaced-scaffold	Chromosome	chromosome	3081441	50.71388837381791	0	0
GCF_036246225.1	NZ_BTTP01000035.1	5110	519f55b29919c3688ea356cfa41f8c806ee90ad62a74033812896c04ed1626c9	linear	unplaced-scaffold	Chromosome	chromosome	3081441	51.306511820821235	288	288
GCF_036246225.1	NZ_BTTP01000036.1	2767	12c2788515ebd139c1441ee18d2a47f05aa4fa72bcfc253c20ab33cb5d3670b5	linear	unplaced-scaffold	Chromosome	chromosome	3081441	41.597397903867005	0	0
GCF_036246225.1	NZ_BTTP01000037.1	2761	dd50629bb526217dcf837ca0109c24f4cb73211a24d1b428847cd96b020648c9	linear	unplaced-scaffold	Chromosome	chromosome	3081441	42.99166968489678	0	0
GCF_036246225.1	NZ_BTTP01000038.1	2545	c524fdaae02b0c95d38bb0ad1c4515fe47e7cccfa2031b59e9fe5d3138e26fa4	linear	unplaced-scaffold	Chromosome	chromosome	3081441	40.70726915520628	0	0
GCF_036246225.1	NZ_BTTP01000039.1	2167	172d5faee35127f31e61ff9df9796b28b07786a1c63fd3e9173ef9e8d2606a3f	linear	unplaced-scaffold	Chromosome	chromosome	3081441	43.19335486848177	0	0
GCF_036246225.1	NZ_BTTP01000040.1	1592	ea66e29ceef4f3ad823541aa434d981b3660282bfff3597901102ebbb2d85b30	linear	unplaced-scaffold	Chromosome	chromosome	3081441	49.56030150753769	0	0
GCF_036246225.1	NZ_BTTP01000041.1	1407	4f4d2255a881e6a11f738351e008fdec6c9eacc095b6da4d8b77af7a23845d4e	linear	unplaced-scaffold	Chromosome	chromosome	3081441	44.27860696517413	0	0
GCF_036246225.1	NZ_BTTP01000042.1	1370	4911ba6c1c0668532bb59e12f758630529d60d3973e6f65cb12da5e54b910f84	linear	unplaced-scaffold	Chromosome	chromosome	3081441	50.21897810218978	0	0
GCF_036246225.1	NZ_BTTP01000043.1	1217	d22e1532d2f7acbb33d7958b9e0174ae75145030931b43b43054ed72ea896ee1	linear	unplaced-scaffold	Chromosome	chromosome	3081441	51.848808545603944	0	0
GCF_036246225.1	NZ_BTTP01000044.1	1178	19f02732bb546481c7ad46adc99264f02715bd8ad97bc00bde5e7ef6a4b75e3d	linear	unplaced-scaffold	Chromosome	chromosome	3081441	50.42444821731749	0	0
GCF_036246225.1	NZ_BTTP01000045.1	1118	c61d63ee853a848404cf1970523d28c826c937a7a5e7528a9669b9a4d753e07c	linear	unplaced-scaffold	Chromosome	chromosome	3081441	49.55277280858676	0	0
GCF_036327715.1	NZ_CP130559.1	1968676	6486b3fc9069bef21488d21815ffc3a8e956b6d33c408177ca6f1ca06857050e	circular	assembled-molecule	Chromosome	chromosome	1249	38.09854948198688	0	0
GCF_036327715.1	NZ_CP130560.1	38734	e54a03d39af4b5ab73c4e0bb548cae48aa1eb89744924ebafb107d01c2e2f8ff	circular	assembled-molecule	Plasmid	pMbWp-142	1249	38.81602726286983	0	0
GCF_037290055.1	NZ_CP147647.1	3016664	6d527ba52dd798b8e594b60b1420593c39b1739808b52e1fba62d2e8c0c07b9d	circular	assembled-molecule	Chromosome	chromosome	271881	45.43790756942106	0	0
GCF_037891785.1	NZ_CP141698.1	2146082	e686106284a555c1c337df36d1e493b32d7f4392d8efa454e01b076215b20c03	circular	assembled-molecule	Chromosome	chromosome	1940789	38.047567613912236	0	0
GCF_037892375.1	NZ_CP141721.1	2024581	97609937cf0f0b79340f676cacdad9d6cdd95269e2b299e0bbb2c7e93a998044	circular	assembled-molecule	Chromosome	chromosome	1281486	38.289453472101144	0	0
GCF_037892375.1	NZ_CP141722.1	67982	a6f270db19a0c3957eb2fa87cf0f86e6b3ddafac84f55e9ead2bfe51446f1749	circular	assembled-molecule	Plasmid	plasmid	1281486	34.613574181400956	0	0
GCF_038049945.1	NZ_CP150875.1	1811076	0d116c580f8425e1239bc9c054d3f7f9b1f03e410b09fd92f1dbe0c9f5ccae1a	circular	assembled-molecule	Chromosome	chromosome	1308	38.95391468938907	0	0
GCF_039645515.1	NZ_CP141700.1	2082218	ac211962dd1469f596365ad21f5d9787e630a42be4556c0aac66014593e68992	circular	assembled-molecule	Chromosome	chromosome	1940789	38.21506681817178	0	0
GCF_039645575.1	NZ_CP141727.1	2124569	3920da2499d1078e0cc8349c3bb010744819e01dae1ec3116a40de4517eaafd2	circular	assembled-molecule	Chromosome	chromosome	1281486	38.059201654547344	0	0
GCF_039783225.1	NZ_CP065482.1	1871101	3fa64a11fddd7aa4509af905b4f375e0bc7fba991f73fc9cd4909fefe2b99cf9	circular	assembled-molecule	Chromosome	chromosome	1308	39.064914186887826	0	0
GCF_039783785.1	NZ_CP065491.1	1780100	343e30a7053626a414abbf3b59850f4b1dfe553bc6be6d53fcf03fe53ee5ca70	circular	assembled-molecule	Chromosome	chromosome	1308	39.13420594348632	0	0
GCF_039955095.1	NZ_CP154878.1	2356337	418412ece5ab084d69d913d78e7b6c65893eafe49b292ab374e1b3c302a1dfc4	circular	assembled-molecule	Chromosome	chromosome	3142938	46.96047297139586	0	0
GCF_041225485.1	NZ_JBCLSI010000001.1	165859	17fc84d860221ce17705ab8ea9f7521feeb8393410ee46b3a14636019cb2da49	linear	unplaced-scaffold	Chromosome	chromosome	2941329	38.757619423727384	0	0
GCF_041225485.1	NZ_JBCLSI010000002.1	154715	a0af79add90d6417f1e45997d3ca4e229a2d4216d4743c8ca6f75088d371a237	linear	unplaced-scaffold	Chromosome	chromosome	2941329	39.923084380958535	0	0
GCF_041225485.1	NZ_JBCLSI010000003.1	146540	0edb143fc745737cf3de04be6bf2479e1614438a854dc03cba1ecbc56e84e54a	linear	unplaced-scaffold	Chromosome	chromosome	2941329	39.79172357279432	100	100
GCF_041225485.1	NZ_JBCLSI010000004.1	118925	a57c6e69372c3fcd471d728421b658144b07b3c306fcbed9cc0ae714009d3ff8	linear	unplaced-scaffold	Chromosome	chromosome	2941329	39.107841076308596	0	0
GCF_041225485.1	NZ_JBCLSI010000005.1	115747	7ede966a9909978ba9cc821d67cd4640aacc58848b862053790a04c07f06499d	linear	unplaced-scaffold	Chromosome	chromosome	2941329	39.22952646720865	0	0
GCF_041225485.1	NZ_JBCLSI010000006.1	114171	870e7fd91b126367ddf503064b96f458224710c01758c459ac22f11f28637227	linear	unplaced-scaffold	Chromosome	chromosome	2941329	39.92695167774654	0	0
GCF_041225485.1	NZ_JBCLSI010000007.1	110691	376533cdbbd9c75cce1e9f7a3d228c70f615f3d45f3acc5026a22e331edb4cb2	linear	unplaced-scaffold	Chromosome	chromosome	2941329	40.15878326446094	100	100
GCF_041225485.1	NZ_JBCLSI010000008.1	96663	1abe7f44aa631e15715d3d9723bbe7c80a3b287cdccdb8d6917ff3a80ddd2b54	linear	unplaced-scaffold	Chromosome	chromosome	2941329	38.64043118876923	0	0
GCF_041225485.1	NZ_JBCLSI010000009.1	90356	39041d236d7d0b21d637eeb7cc26aca22279511d949de75559a879a81db9a4ac	linear	unplaced-scaffold	Chromosome	chromosome	2941329	39.76271636637301	0	0
GCF_041225485.1	NZ_JBCLSI010000010.1	86566	21da9b6592c7584a8a6de07a0fcd13815a25038a3a3d0f61c413d3e0d24e89c3	linear	unplaced-scaffold	Chromosome	chromosome	2941329	38.70341704595338	0	0
GCF_041225485.1	NZ_JBCLSI010000011.1	72498	f1a1b76add8ab21b6eb44b628936cd5c2abe6e2862816f0fe73bd169a7024aec	linear	unplaced-scaffold	Chromosome	chromosome	2941329	37.53344919859858	0	0
GCF_041225485.1	NZ_JBCLSI010000012.1	71779	88ca2b683606b20cbaacca1b2c7f206ef672dc00d701870f0ee0e8e2a817dc9f	linear	unplaced-scaffold	Chromosome	chromosome	2941329	40.00752309171206	0	0
GCF_041225485.1	NZ_JBCLSI010000013.1	71363	8ff97c93b13517bbbc70ea433412a786e06b59fe1ea27df53ffe305b18309c7e	linear	unplaced-scaffold	Chromosome	chromosome	2941329	39.02862828076174	0	0
GCF_041225485.1	NZ_JBCLSI010000014.1	69078	1933fc63fcaddc868792811d1c6c7f4158fc79912ad82f1ae7301c4f43b742cf	linear	unplaced-scaffold	Chromosome	chromosome	2941329	39.86797533223313	0	0
GCF_041225485.1	NZ_JBCLSI010000015.1	68879	2e12003e011ff7f863d2515e334c49bef69fe55098c9b459bf6c955a1f4fcd02	linear	unplaced-scaffold	Chromosome	chromosome	2941329	40.55517646888021	0	0
GCF_041225485.1	NZ_JBCLSI010000016.1	68827	e0f9e2e611e6b93833cdad104fc11a5de12f95e78a72261878191baa12489900	linear	unplaced-scaffold	Chromosome	chromosome	2941329	38.66651168872681	0	0
GCF_041225485.1	NZ_JBCLSI010000017.1	51567	aa100ea470408916e619cf9d0dc11f5075643a10bda9b31c95d7ef9dc6dc2efb	linear	unplaced-scaffold	Chromosome	chromosome	2941329	37.30292629006923	0	0
GCF_041225485.1	NZ_JBCLSI010000018.1	50036	c02757223fa4cb263b0588dc2906ed436cfdceb5ce503b36dd5d1849729aac63	linear	unplaced-scaffold	Chromosome	chromosome	2941329	40.570789031897036	0	0
GCF_041225485.1	NZ_JBCLSI010000019.1	42884	a42ff1db13c802f225733116622606e2336683ffec658f766d53cc23c9c3d3e2	linear	unplaced-scaffold	Chromosome	chromosome	2941329	38.66164921465968	100	100
GCF_041225485.1	NZ_JBCLSI010000020.1	40240	f2ca9bd6dd5eed3ba53cf2fa892806800fed62a711a5f325c7997385ede1f01d	linear	unplaced-scaffold	Chromosome	chromosome	2941329	38.25546719681908	0	0
GCF_041225485.1	NZ_JBCLSI010000021.1	39715	0af72582749f455c78cdb2fd2052005451e4f0b5f0b1b81128132e7e55f7a9e9	linear	unplaced-scaffold	Chromosome	chromosome	2941329	39.435981367241595	0	0
GCF_041225485.1	NZ_JBCLSI010000022.1	36100	bbbd64055ea28d0c9fc9617451b43394abcc72f6fbc8da1fc215ade1d5a0db3c	linear	unplaced-scaffold	Chromosome	chromosome	2941329	39.83102493074792	0	0
GCF_041225485.1	NZ_JBCLSI010000023.1	29851	041760dc1559d3cda5983d08569d608c2ffb2f8e26ce998fbf05abdac0a9f583	linear	unplaced-scaffold	Chromosome	chromosome	2941329	40.481055911024754	0	0
GCF_041225485.1	NZ_JBCLSI010000024.1	29145	4b81ce6d36d4ed58371a33e5d4888f5a3d11702d3acd7f213ae05e2b80bf25de	linear	unplaced-scaffold	Chromosome	chromosome	2941329	39.88334191113398	0	0
GCF_041225485.1	NZ_JBCLSI010000025.1	28750	5d67c2a959509bc01085a76e114bff058af39c1e2052901ef855df4965b8ba39	linear	unplaced-scaffold	Chromosome	chromosome	2941329	39.5043630017452	100	100
GCF_041225485.1	NZ_JBCLSI010000026.1	25038	c82ea9239cb0b3c496120a3c0325ed55ff3a1167e4e25527e747d7ed3bf32e64	linear	unplaced-scaffold	Chromosome	chromosome	2941329	41.377106797667544	0	0
GCF_041225485.1	NZ_JBCLSI010000027.1	24667	f42870df88dff5a371a904f8d18a500f83a0b94660deb9ba35ab15dd06320899	linear	unplaced-scaffold	Chromosome	chromosome	2941329	38.82515101147282	0	0
GCF_041225485.1	NZ_JBCLSI010000028.1	24364	46708f10ac20d546828f57971d1eecba102015272e91d13cd9517b9274bc7c48	linear	unplaced-scaffold	Chromosome	chromosome	2941329	37.53488753899195	0	0
GCF_041225485.1	NZ_JBCLSI010000029.1	23918	4f60ba2751c49147e442d57f0f5892d3f3a0aee77b932cc0dbb72f0742f5fef1	linear	unplaced-scaffold	Chromosome	chromosome	2941329	40.78100175599967	0	0
GCF_041225485.1	NZ_JBCLSI010000030.1	23657	90f78c5cb8f9b5eb85e0de951528d969261023686495830bc7e99d050147dc6b	linear	unplaced-scaffold	Chromosome	chromosome	2941329	39.996618337067254	0	0
GCF_041225485.1	NZ_JBCLSI010000031.1	23575	020e7f0c930a8728e6bd8a3ac5f7f18f2d6180ccbaf687930620f2216df52565	linear	unplaced-scaffold	Chromosome	chromosome	2941329	41.44644750795334	0	0
GCF_041225485.1	NZ_JBCLSI010000032.1	23178	9c56b5a1ceaaea3bf5814e65525f346067c5fb69e610d1dec0e5af7acbece6bd	linear	unplaced-scaffold	Chromosome	chromosome	2941329	39.1405643282423	0	0
GCF_041225485.1	NZ_JBCLSI010000033.1	22009	2b2c7d7bdc4a5612535d40aa287e2247c1bdcb30535c31c9134d7811786d817b	linear	unplaced-scaffold	Chromosome	chromosome	2941329	40.35167431505293	0	0
GCF_041225485.1	NZ_JBCLSI010000034.1	17641	cdb7bde3128deaa084475ca2bbdd058dc65b0ecef5332316944b34b9742fc286	linear	unplaced-scaffold	Chromosome	chromosome	2941329	38.30281730060654	0	0
GCF_041225485.1	NZ_JBCLSI010000035.1	16800	621aaabe8eaeb2deee01a0fdaa07582238c7544ddf1de45775caf97759e7070f	linear	unplaced-scaffold	Chromosome	chromosome	2941329	41.88095238095238	0	0
GCF_041225485.1	NZ_JBCLSI010000036.1	8562	0dcfba7f3442e52e80c11df2b8e43d933724369e28d4ccb84e00d929de065d0d	linear	unplaced-scaffold	Chromosome	chromosome	2941329	40.10745153001635	0	0
GCF_041225485.1	NZ_JBCLSI010000037.1	5462	28cdc8d7ce28d8b988ebfd4f28b2c13c09f527d60c8761cd9feff67a738cda73	linear	unplaced-scaffold	Chromosome	chromosome	2941329	40.91907726107653	0	0
GCF_041225485.1	NZ_JBCLSI010000038.1	5419	fb5608d3bd26592a5a480bdb9f42d459412c049050ebd8febf1c4719daecbdfc	linear	unplaced-scaffold	Chromosome	chromosome	2941329	48.403764532201514	0	0
GCF_041225485.1	NZ_JBCLSI010000039.1	1254	018c4dfb81854f180514ce0ace52d7ba88985c8da1573b09c67188934d8d554f	linear	unplaced-scaffold	Chromosome	chromosome	2941329	35.56618819776715	0	0
GCF_041225485.1	NZ_JBCLSI010000040.1	1073	3c07272e639219724a85269237f345b9a3b510d6764ecff49e86c5d433c8d6b8	linear	unplaced-scaffold	Chromosome	chromosome	2941329	49.20782851817334	0	0
GCF_041225485.1	NZ_JBCLSI010000041.1	960	125abe77184df8cfb4888f819225abb01c4b832c8d1e193693c973387d2f7461	linear	unplaced-scaffold	Chromosome	chromosome	2941329	48.75	0	0
GCF_041225485.1	NZ_JBCLSI010000042.1	942	fbc418e1220f304081b67e1dbc8fab09e42a822d1df759baf88763d680abcf2a	linear	unplaced-scaffold	Chromosome	chromosome	2941329	42.038216560509554	0	0
GCF_041225605.1	NZ_JBCLSQ010000001.1	154717	af53fe339721a481ac82452f24a3818167ac1ebef297ba19aeddd3412bfc1241	linear	unplaced-scaffold	Chromosome	chromosome	2941330	38.154178273880696	0	0
GCF_041225605.1	NZ_JBCLSQ010000002.1	140850	9a82677cefc9e348e37111b734dc921db86e04f2dbadc6504057f4f076b63472	linear	unplaced-scaffold	Chromosome	chromosome	2941330	39.652822151224704	0	0
GCF_041225605.1	NZ_JBCLSQ010000003.1	130468	3df3bd61865717e3396f14bed9490df292ce658ede8e3d09d8474eaec121caeb	linear	unplaced-scaffold	Chromosome	chromosome	2941330	39.156728086580614	0	0
GCF_041225605.1	NZ_JBCLSQ010000004.1	120369	9c7a32bd151941da65ea514915759827e51b12d8962608c0a878d0106b1fd729	linear	unplaced-scaffold	Chromosome	chromosome	2941330	38.49080743380771	0	0
GCF_041225605.1	NZ_JBCLSQ010000005.1	118425	a7c073aba76aa8692a2526cfeff7c49fd1e2c165e5a5725fc6cfeb0ffcdc4841	linear	unplaced-scaffold	Chromosome	chromosome	2941330	40.15537259869115	0	0
GCF_041225605.1	NZ_JBCLSQ010000006.1	111315	06cb2b5467c6b178de0a9f629b24fabd315be5a53423db0dcca3a4ca3cfb87e4	linear	unplaced-scaffold	Chromosome	chromosome	2941330	38.6641512823968	0	0
GCF_041225605.1	NZ_JBCLSQ010000007.1	92859	01ac8315e1ce2d10140689a2738fba67b69bf449718d7e246207d2d9fe165eb0	linear	unplaced-scaffold	Chromosome	chromosome	2941330	38.855684424773045	0	0
GCF_041225605.1	NZ_JBCLSQ010000008.1	91043	9d40232912d0b2ef53368653048bca753661b6d7982e85ffd4e01f788452ea45	linear	unplaced-scaffold	Chromosome	chromosome	2941330	38.73114901749722	0	0
GCF_041225605.1	NZ_JBCLSQ010000009.1	87712	12b876a4585f7744e451ad7f2ac48a3b83bb5529f406fdbef035ec056104da84	linear	unplaced-scaffold	Chromosome	chromosome	2941330	39.47578438526085	0	0
GCF_041225605.1	NZ_JBCLSQ010000010.1	85538	67717988fffe6ff446c756f63cab1e768b7fc8f4a592866c56ac805d16775181	linear	unplaced-scaffold	Chromosome	chromosome	2941330	39.245715354579254	0	0
GCF_041225605.1	NZ_JBCLSQ010000011.1	79903	6293d5dd1d0c7e31f7bc7787d8c514355ddf54b538807c1f8eed3f9a21429785	linear	unplaced-scaffold	Chromosome	chromosome	2941330	40.73439044841871	0	0
GCF_041225605.1	NZ_JBCLSQ010000012.1	77031	1dade32869fb7ecec10b4fb2256a5918a4142f51d48a6107e1798fab21c5f233	linear	unplaced-scaffold	Chromosome	chromosome	2941330	39.57497630823954	0	0
GCF_041225605.1	NZ_JBCLSQ010000013.1	66934	0eee2df3395269cc29b6b727431f345e0f7c4264c37338230f9e799b6faba80f	linear	unplaced-scaffold	Chromosome	chromosome	2941330	38.73666596946246	0	0
GCF_041225605.1	NZ_JBCLSQ010000014.1	66783	a42bd07efb2c8961060f675751f163fbbfc468900c7fdc580a7cc5784201ddf7	linear	unplaced-scaffold	Chromosome	chromosome	2941330	40.39201593219831	0	0
GCF_041225605.1	NZ_JBCLSQ010000015.1	63026	ecbd55720a2f3b8b54210bdc0ba510dc808e52d8e60eb9c0a2587e2420b76042	linear	unplaced-scaffold	Chromosome	chromosome	2941330	34.77453749246343	0	0
GCF_041225605.1	NZ_JBCLSQ010000016.1	62081	6811dcd79afde76427987562f4055ce25c0e7b5ff8852322b66a8591984361c0	linear	unplaced-scaffold	Chromosome	chromosome	2941330	39.047373592564554	0	0
GCF_041225605.1	NZ_JBCLSQ010000017.1	61319	705e243de8b343af4271e360680432a2d3de5195630e267ed024fcdb71418f7d	linear	unplaced-scaffold	Chromosome	chromosome	2941330	35.798039759291576	0	0
GCF_041225605.1	NZ_JBCLSQ010000018.1	51473	892cd73863dfd2e2f6ca3b12848b721a56272afab85fa47857d643b1e459e2ba	linear	unplaced-scaffold	Chromosome	chromosome	2941330	37.5808676393449	0	0
GCF_041225605.1	NZ_JBCLSQ010000019.1	49533	ce3bf8733c66ea1bcea07524e729f9bb93f1c3d90b2d2e9aa0b3db016dcec0b6	linear	unplaced-scaffold	Chromosome	chromosome	2941330	38.20281428542588	0	0
GCF_041225605.1	NZ_JBCLSQ010000020.1	47343	9239f90ecdd1fcc66cd91193ea0e64178f7967851fc194000377caad6c1afb05	linear	unplaced-scaffold	Chromosome	chromosome	2941330	40.36288363644044	0	0
GCF_041225605.1	NZ_JBCLSQ010000021.1	45704	bb271dece16e0488f172ec795cf89b2fc9198c9a2ce136d3246dfeff9d4bf453	linear	unplaced-scaffold	Chromosome	chromosome	2941330	38.322685104148434	0	0
GCF_041225605.1	NZ_JBCLSQ010000022.1	42130	555387e6581ffa361049fcaef7c2c01c5ff4402a790cdda03e8ad98b6d2fc561	linear	unplaced-scaffold	Chromosome	chromosome	2941330	39.185853311179685	0	0
GCF_041225605.1	NZ_JBCLSQ010000023.1	39288	c945d216a9fe4ece2a05049c6ce9f7a4790e1a4659f7bca8a2b4bd2c9efbc277	linear	unplaced-scaffold	Chromosome	chromosome	2941330	41.07870087558542	0	0
GCF_041225605.1	NZ_JBCLSQ010000024.1	35804	60517389c0afdab8fe9c763136a3cb5351b8bdc8040b1c28b2adf4f334c6abc7	linear	unplaced-scaffold	Chromosome	chromosome	2941330	38.317835536634554	100	100
GCF_041225605.1	NZ_JBCLSQ010000025.1	29259	ff827bd40a849c99c6ccc8ef140f0569db42513411530499ce81eb5411417034	linear	unplaced-scaffold	Chromosome	chromosome	2941330	40.88656481766294	0	0
GCF_041225605.1	NZ_JBCLSQ010000026.1	29034	6e02fb1c7b5e6e9518d2ebb426a519c5063bc6d1149d4073c29eb125360b6d4e	linear	unplaced-scaffold	Chromosome	chromosome	2941330	38.42391678721499	0	0
GCF_041225605.1	NZ_JBCLSQ010000027.1	27689	7b9d8f3abcc8fa07b72b0cd6d9d34dfd0a0346f155f2ce36b449d8b357ca79a0	linear	unplaced-scaffold	Chromosome	chromosome	2941330	38.972155007403664	0	0
GCF_041225605.1	NZ_JBCLSQ010000028.1	25716	86ed3170f1099b3367873e02386ed959a545316c53d13e09576249240aff02d2	linear	unplaced-scaffold	Chromosome	chromosome	2941330	39.372375174988335	0	0
GCF_041225605.1	NZ_JBCLSQ010000029.1	24900	36a7396485ba9516133b62c3a9c7540ea25123778202972f7ee9defa4eaad73e	linear	unplaced-scaffold	Chromosome	chromosome	2941330	38.89558232931727	0	0
GCF_041225605.1	NZ_JBCLSQ010000030.1	24440	68028428a65aef8010cf465d38a9382734c762aa8b5d067f22f7bcc3dfc0a196	linear	unplaced-scaffold	Chromosome	chromosome	2941330	39.83633387888707	0	0
GCF_041225605.1	NZ_JBCLSQ010000031.1	24369	783960339bbdda1295d296aa2b0f348028c748aba0f9c97f4c8aa304ddaac1c7	linear	unplaced-scaffold	Chromosome	chromosome	2941330	40.485863186835736	0	0
GCF_041225605.1	NZ_JBCLSQ010000032.1	22885	3dec00d7002b118d7740a51e00830736f2485b7f4f1248e0b3a1e16dc0fc17a8	linear	unplaced-scaffold	Chromosome	chromosome	2941330	39.98689097662224	0	0
GCF_041225605.1	NZ_JBCLSQ010000033.1	21567	9f77378d8097e6e19a664e3e091df0061f8c8357480aebfbf01204c2f8926429	linear	unplaced-scaffold	Chromosome	chromosome	2941330	37.63620345898827	0	0
GCF_041225605.1	NZ_JBCLSQ010000034.1	21492	be26d9102e87f857bf95135ce35058a8a82d75365f246e1ef0598d9ad7253f1d	linear	unplaced-scaffold	Chromosome	chromosome	2941330	39.40536013400335	0	0
GCF_041225605.1	NZ_JBCLSQ010000035.1	20025	602776ea1b032528956beddc64b83ca9722fe4d87cac9773a3a86f07ff6b412d	linear	unplaced-scaffold	Chromosome	chromosome	2941330	38.78152309612984	0	0
GCF_041225605.1	NZ_JBCLSQ010000036.1	19233	5f8737be162f3e90ea309ced4da5a701239b2c4e0dfb5b2047e5144bf44f0c26	linear	unplaced-scaffold	Chromosome	chromosome	2941330	40.95044974782925	0	0
GCF_041225605.1	NZ_JBCLSQ010000037.1	17340	72ca552f775dcf52c0c3dee42c2f5b69a1c669f03e9e868acded52ecb5537c7b	linear	unplaced-scaffold	Chromosome	chromosome	2941330	41.701268742791235	0	0
GCF_041225605.1	NZ_JBCLSQ010000038.1	16422	51d16cb90ebcc73c6a405a8f425b4b1fbfea3556a150daa5f10d90d1d582d7cc	linear	unplaced-scaffold	Chromosome	chromosome	2941330	38.12568505663135	0	0
GCF_041225605.1	NZ_JBCLSQ010000039.1	15924	a3bf0e7f58d1591c323dbd940921ec98e4ee38334e3d048c05fa980995fadcd9	linear	unplaced-scaffold	Chromosome	chromosome	2941330	37.23938708867119	0	0
GCF_041225605.1	NZ_JBCLSQ010000040.1	15836	5ef401f409c684c1e4756c809cca2225be265e35e52da651317d33aabfde16ed	linear	unplaced-scaffold	Chromosome	chromosome	2941330	38.32407173528669	0	0
GCF_041225605.1	NZ_JBCLSQ010000041.1	13949	e72c59c40d0ee97d6acf4fdc5bc15ff3efbd716c0795cde701f55832597108b7	linear	unplaced-scaffold	Chromosome	chromosome	2941330	35.24983869811456	0	0
GCF_041225605.1	NZ_JBCLSQ010000042.1	11986	f53f7f5dc826cf76e0e57fc30836a64d6a51fe63d35b215a57f80005f088aca4	linear	unplaced-scaffold	Chromosome	chromosome	2941330	40.647421992324375	0	0
GCF_041225605.1	NZ_JBCLSQ010000043.1	10524	d3e9be93279bc9261fe3cb6e5c9e9ce0787ba5d5a2d1867ad6b6d637bf503197	linear	unplaced-scaffold	Chromosome	chromosome	2941330	39.386164956290386	0	0
GCF_041225605.1	NZ_JBCLSQ010000044.1	10431	9e37edc97da8f434ef937a159841e4baee979a6288afcdd28279a107d4ffbb0e	linear	unplaced-scaffold	Chromosome	chromosome	2941330	40.35087719298246	0	0
GCF_041225605.1	NZ_JBCLSQ010000045.1	9197	453a751b7def610da7e86777ca5d1236e76539d1f2a22fdfc2476014c175024a	linear	unplaced-scaffold	Chromosome	chromosome	2941330	41.0894857018593	0	0
GCF_041225605.1	NZ_JBCLSQ010000046.1	8552	73fa767b39bd0e67b0d7d97ab40537f852acd0de4b9b9dad4d8d6e21a7424017	linear	unplaced-scaffold	Chromosome	chromosome	2941330	36.318989710009355	0	0
GCF_041225605.1	NZ_JBCLSQ010000047.1	8230	0ca5afb86b94f17b4226e07fe509ecd00eb6631d07bbc03d6985196f6e6b8485	linear	unplaced-scaffold	Chromosome	chromosome	2941330	38.83353584447145	0	0
GCF_041225605.1	NZ_JBCLSQ010000048.1	8176	1aa2a8ebbee26a2985cd0a246775e27638731774eebd2ed0fab2377d6d2e3c73	linear	unplaced-scaffold	Chromosome	chromosome	2941330	34.744923229321444	100	100
GCF_041225605.1	NZ_JBCLSQ010000049.1	6134	e6a65bf51979caa3b291606840ba3ea55f2e6983c9f3ce4acc5aa535f399c78a	linear	unplaced-scaffold	Chromosome	chromosome	2941330	39.66416693837626	0	0
GCF_041225605.1	NZ_JBCLSQ010000050.1	5670	b14cbbfd0647fe50dc15a039e0d55bda9e608c81c56203b22c111f24da5b53a9	linear	unplaced-scaffold	Chromosome	chromosome	2941330	48.27160493827161	0	0
GCF_041225605.1	NZ_JBCLSQ010000051.1	4440	3ebbcd6ca36e970e3b89e3ceaf2e33e2b586b9e2ac7191580c680a2be5640567	linear	unplaced-scaffold	Chromosome	chromosome	2941330	38.986486486486484	0	0
GCF_041225605.1	NZ_JBCLSQ010000052.1	4140	7e8a207fb164903c288f18467d8595e51878beea7ccb6104e6c871620921cfc2	linear	unplaced-scaffold	Chromosome	chromosome	2941330	33.26086956521739	0	0
GCF_041225605.1	NZ_JBCLSQ010000053.1	3832	6de5fe8e0c3578a3611fdaddf8abfeab8d55b0ddee499515ea938d185099cfe0	linear	unplaced-scaffold	Chromosome	chromosome	2941330	39.718162839248436	0	0
GCF_041225605.1	NZ_JBCLSQ010000054.1	3818	447e195a90c2b67e5623036a1a39fbece158f1892589e617da337ab33849af3e	linear	unplaced-scaffold	Chromosome	chromosome	2941330	40.230487166055525	0	0
GCF_041225605.1	NZ_JBCLSQ010000055.1	3471	d346c77160913bd7ffea74f0ee8a0007cf313aeeca615602c6294413243f754c	linear	unplaced-scaffold	Chromosome	chromosome	2941330	35.522904062229905	0	0
GCF_041225605.1	NZ_JBCLSQ010000056.1	2922	3459eb04e0334896a72f4e0e2033acf8ea82fc6e34d19148fde1f71a85886978	linear	unplaced-scaffold	Chromosome	chromosome	2941330	38.84325804243669	0	0
GCF_041225605.1	NZ_JBCLSQ010000057.1	2784	e8ec87128134330143360a5628f99054e2c963a294850857dd9e62d31253ec96	linear	unplaced-scaffold	Chromosome	chromosome	2941330	41.882183908045974	0	0
GCF_041225605.1	NZ_JBCLSQ010000058.1	1979	c1bbd1b79c69f05e4f4ae690c30a314ee40bb605fdb0d95742e6a823272aadca	linear	unplaced-scaffold	Chromosome	chromosome	2941330	39.96968165740273	0	0
GCF_041225605.1	NZ_JBCLSQ010000059.1	1916	3f43a2cdbafeba4b0b05d3aa4e487b5247a819ec8c350348439fb2fb57cb090c	linear	unplaced-scaffold	Chromosome	chromosome	2941330	36.11691022964509	0	0
GCF_041225605.1	NZ_JBCLSQ010000060.1	1816	d33784d61edb941ffb6f7bd827744fe4f53330aa035f0c885e6d96824b0f3f3f	linear	unplaced-scaffold	Chromosome	chromosome	2941330	33.97577092511013	0	0
GCF_041225605.1	NZ_JBCLSQ010000061.1	1764	05744c621cd6df1ace17b8b18310dbb7b6a5ca5b151093ff7b824feb3fa1250b	linear	unplaced-scaffold	Chromosome	chromosome	2941330	42.290249433106574	0	0
GCF_041225605.1	NZ_JBCLSQ010000062.1	1448	b6d1c131e2f8568bbfd5b0e55caebe3ca0252b6a7390bd72b83760a18e3e0882	linear	unplaced-scaffold	Chromosome	chromosome	2941330	35.98066298342541	0	0
GCF_041225605.1	NZ_JBCLSQ010000063.1	1172	99628ebc43da71497a4ad6f5417348af3d11ff02c70487093eec8bc1e047ee2d	linear	unplaced-scaffold	Chromosome	chromosome	2941330	38.13993174061434	0	0
GCF_041225605.1	NZ_JBCLSQ010000064.1	1079	dceba35746da6e42b711ecf7ac3eca71902ec4b0cbdd77214be82ad888242dcb	linear	unplaced-scaffold	Chromosome	chromosome	2941330	37.256719184430025	0	0
GCF_041225605.1	NZ_JBCLSQ010000065.1	981	f6877d528c53eabefde328e448dee280fd8d31d7c94228f0f57da3e9cbeed41d	linear	unplaced-scaffold	Chromosome	chromosome	2941330	40.67278287461774	0	0
GCF_041225605.1	NZ_JBCLSQ010000066.1	978	56d9e3bfd9c60698dc5e668ae094af7a2555fa06f297c1601edd7d4718f2c48a	linear	unplaced-scaffold	Chromosome	chromosome	2941330	34.04907975460123	0	0
GCF_041225605.1	NZ_JBCLSQ010000067.1	907	ef6443d449f9c5cb0d68a4f27f3d8a00bfdf4df9a760e21ff0a442c6e197c35b	linear	unplaced-scaffold	Chromosome	chromosome	2941330	42.33737596471885	0	0
GCF_041225605.1	NZ_JBCLSQ010000068.1	898	9788b665e0305c7e535e575414afc9d755d449afadf58a550b2cf86f8321cc91	linear	unplaced-scaffold	Chromosome	chromosome	2941330	35.634743875278396	0	0
GCF_041225605.1	NZ_JBCLSQ010000069.1	884	2fccf29cfedcc26849f4fe81c23c4f0bb69461d8853360d6d886a9bcf3d7b704	linear	unplaced-scaffold	Chromosome	chromosome	2941330	42.53393665158371	0	0
GCF_041225605.1	NZ_JBCLSQ010000070.1	763	913847b4a03413a7c2543112223ad0d66f7043462c443b196a4d576c6fc6f243	linear	unplaced-scaffold	Chromosome	chromosome	2941330	42.72608125819135	0	0
GCF_041225605.1	NZ_JBCLSQ010000071.1	763	4e3d429faef49ea61b483594aa81a748a926ae7dc4eea34d05750f0949e047f9	linear	unplaced-scaffold	Chromosome	chromosome	2941330	35.77981651376147	0	0
GCF_041225605.1	NZ_JBCLSQ010000072.1	735	58b1b639f07f4b40a9fef4c14fb893e2f747491b8e92137753bf735e93844aff	linear	unplaced-scaffold	Chromosome	chromosome	2941330	42.585034013605444	0	0
GCF_041225605.1	NZ_JBCLSQ010000073.1	674	f7871ea5e6818cf3c582b3b897a6907f8981f6c6e702d09de67bc9fee75279a3	linear	unplaced-scaffold	Chromosome	chromosome	2941330	40.0593471810089	0	0
GCF_041225605.1	NZ_JBCLSQ010000074.1	554	49fa4dc4383d70b18681f6b961234db30fc1e0f18104bc132ac2b15b7347dabe	linear	unplaced-scaffold	Chromosome	chromosome	2941330	54.51263537906137	0	0
GCF_041225605.1	NZ_JBCLSQ010000075.1	552	47cca26c4ee6586896dff5d03e1d5276f98fae43af49361333e3c2c47ab6914d	linear	unplaced-scaffold	Chromosome	chromosome	2941330	35.68840579710145	0	0
GCF_041225605.1	NZ_JBCLSQ010000076.1	527	fc0b799cfd9b320dba58efa2636fec32c8c19e5d41aac562d8264434a550516a	linear	unplaced-scaffold	Chromosome	chromosome	2941330	47.6280834914611	0	0
GCF_041281755.1	NZ_CP166295.1	1862304	c25fcf4f5103cb42b6d32785071a9378cb39f74ee24a249ef3df47a1415fab7c	circular	assembled-molecule	Chromosome	chromosome	2559928	36.912072357681666	0	0
GCF_041281755.1	NZ_CP166296.1	78390	c706b638ce0651020d257df9c2b63cf6ba3eb4afcb1a5c9470a0ff5bd43c95a0	linear	assembled-molecule	Plasmid	unnamed1	2559928	35.79283071820385	0	0
GCF_041509385.1	NZ_CP072427.1	1928694	c9e280504b26c026ad1c9e7271f0deb2079fda55d9972b0056ad689139765722	circular	assembled-molecule	Chromosome	chromosome	1308	38.97253789351758	0	0
GCF_041514285.1	NZ_CP072438.1	1936170	158f115f75a165f27f81c85279c4656cc673bf74a0b6650f31ee9eba6a71c407	circular	assembled-molecule	Chromosome	chromosome	1308	39.0012757144259	0	0
GCF_041514295.1	NZ_CP072439.1	1936833	4a4945c177f2f51d052e02abed77b2f7396020fad4b0749949791dac251f9888	circular	assembled-molecule	Chromosome	chromosome	1308	38.98715067328985	0	0
GCF_041893975.1	NZ_CP072778.1	1934694	d74ffc0f53229fc7736c3e7b4cb87912d32e11601f70e4a217caafa418f410ed	circular	assembled-molecule	Chromosome	chromosome	1308	38.99541736315924	0	0
GCF_042847315.1	NZ_BAAFPR010000001.1	283851	6dfe0efdd1f1c9a7250586167bc82242f663b291966883c67162d14f4a19c02a	linear	unplaced-scaffold	Chromosome	chromosome	3231926	52.07908374464068	0	0
GCF_042847315.1	NZ_BAAFPR010000002.1	232874	4a08ab01eb8b98070fe9cc5bce55ee275b137d4f1ecbd45e326d917adb29f492	linear	unplaced-scaffold	Chromosome	chromosome	3231926	52.06463581164063	0	0
GCF_042847315.1	NZ_BAAFPR010000003.1	205522	96104711314558c1c3bcf23b72179845767bb78a10845d851058442959245caa	linear	unplaced-scaffold	Chromosome	chromosome	3231926	51.881063827716744	0	0
GCF_042847315.1	NZ_BAAFPR010000004.1	189077	6f8ca1fdbc5573bf00ba4d3c23ef7fce08bafdf22285f67dac7f8dca86a38a44	linear	unplaced-scaffold	Chromosome	chromosome	3231926	52.10046700550569	0	0
GCF_042847315.1	NZ_BAAFPR010000005.1	181650	62d7ea28792f7146541eb228b952ba3cfe5e993129505c240b09898d392b1ee3	linear	unplaced-scaffold	Chromosome	chromosome	3231926	51.62895678502615	0	0
GCF_042847315.1	NZ_BAAFPR010000006.1	174228	1775cea0d7bb6274b4000c0be02d0d8de56fdcc1b190d4e58c8775c97e7a96cd	linear	unplaced-scaffold	Chromosome	chromosome	3231926	52.21548775168171	0	0
GCF_042847315.1	NZ_BAAFPR010000007.1	170268	82919d16f317081afbdcaf50fec5b147d0c98cde87d40da69935b25b5eaaecdd	linear	unplaced-scaffold	Chromosome	chromosome	3231926	52.646416237930794	0	0
GCF_042847315.1	NZ_BAAFPR010000008.1	155195	f74462f02b8e17b5066c050d2968fef3650540bcceb2638e62ff6ae2a9646353	linear	unplaced-scaffold	Chromosome	chromosome	3231926	52.073842585134834	0	0
GCF_042847315.1	NZ_BAAFPR010000009.1	139964	cf449864ae3b9a7772bfd46a0e52a1e2a1f0d7c5b55bfc3d2df4c953b502306e	linear	unplaced-scaffold	Chromosome	chromosome	3231926	50.70732474064759	0	0
GCF_042847315.1	NZ_BAAFPR010000010.1	100679	c88461c485eaf0294bd988aa754bf5c6d9e11d3e534fee9cd20e97428da185b9	linear	unplaced-scaffold	Chromosome	chromosome	3231926	53.248443071544216	0	0
GCF_042847315.1	NZ_BAAFPR010000011.1	97099	a8f109cf72201882d0e6755416a57b20de763eedcf354621c1fdd3a12d287959	linear	unplaced-scaffold	Chromosome	chromosome	3231926	52.40630696505628	0	0
GCF_042847315.1	NZ_BAAFPR010000012.1	95178	c52e8e40814e0798dbf4c9e33bddcac13b0dace2d0933b26d2c1fd25b6532d26	linear	unplaced-scaffold	Chromosome	chromosome	3231926	52.5646683057009	0	0
GCF_042847315.1	NZ_BAAFPR010000013.1	74210	03e5b532a4216063671cd95459e911b395a54abc19fb5ae29006be17d14be116	linear	unplaced-scaffold	Chromosome	chromosome	3231926	50.54312668463612	10	10
GCF_042847315.1	NZ_BAAFPR010000014.1	66640	90b17056b9351937bfa8cabb7778925e8b8a2f7871bc8c8417813c48193f970c	linear	unplaced-scaffold	Chromosome	chromosome	3231926	50.95738295318127	0	0
GCF_042847315.1	NZ_BAAFPR010000015.1	66202	f38fb17e5e61c47df654f8b8a2c3bf44e8f487c6e61a8811f8390207cefc9045	linear	unplaced-scaffold	Chromosome	chromosome	3231926	53.45306788314552	0	0
GCF_042847315.1	NZ_BAAFPR010000016.1	62614	b748f4c79a6b2af53492ebf7510c574223e8b756f309961237c9a6e6d9c84217	linear	unplaced-scaffold	Chromosome	chromosome	3231926	50.578145462676076	0	0
GCF_042847315.1	NZ_BAAFPR010000017.1	61594	7347834b6b07e2f45d64f67add413e9de011f02972510418d6909f7bd79d59a6	linear	unplaced-scaffold	Chromosome	chromosome	3231926	52.144689417800436	0	0
GCF_042847315.1	NZ_BAAFPR010000018.1	60788	cfccf3d995a1677def6f41235400d3787b38be5888d123598de303704ed2ac48	linear	unplaced-scaffold	Chromosome	chromosome	3231926	50.490228334539715	0	0
GCF_042847315.1	NZ_BAAFPR010000019.1	60284	4465d3e5d571856902eee12ff99d99d55b96f264647306f653163a4512df6eda	linear	unplaced-scaffold	Chromosome	chromosome	3231926	49.91540043792715	0	0
GCF_042847315.1	NZ_BAAFPR010000020.1	56611	996bb7ca1c7d145248bf21f6314d2b31c56fa267e5073172078fc9ddd41bf29d	linear	unplaced-scaffold	Chromosome	chromosome	3231926	52.11707971948915	0	0
GCF_042847315.1	NZ_BAAFPR010000021.1	55442	640ab6df3580404825e52d89c2456497d937c5a8982613ecf7d70a29be9974f4	linear	unplaced-scaffold	Chromosome	chromosome	3231926	50.82789221168068	0	0
GCF_042847315.1	NZ_BAAFPR010000022.1	51199	2e189ffd23e74250b67364d1b12031d1ca2b8d74c44f145139a267373817dfe1	linear	unplaced-scaffold	Chromosome	chromosome	3231926	51.846715756167114	0	0
GCF_042847315.1	NZ_BAAFPR010000023.1	49349	29b12ccaa82417c02ee9bf31a7b29e61e0a3c76d1781ecb25f6dbed274c3e756	linear	unplaced-scaffold	Chromosome	chromosome	3231926	50.92504407384141	0	0
GCF_042847315.1	NZ_BAAFPR010000024.1	46048	b24d88cfa786081939b60bb94c1637adb76f3122fbd3e535c5ee91e4fb09ebaa	linear	unplaced-scaffold	Chromosome	chromosome	3231926	51.11839819318971	0	0
GCF_042847315.1	NZ_BAAFPR010000025.1	41018	77b606e921502427deb239b8719f220d508707b00d33117f91411839babdaeb2	linear	unplaced-scaffold	Chromosome	chromosome	3231926	49.93417524013847	0	0
GCF_042847315.1	NZ_BAAFPR010000026.1	38014	58a909d8feb21ed4e9c84b64671256db02b1b26ba5ae78cc1c22693ed79bffe0	linear	unplaced-scaffold	Chromosome	chromosome	3231926	51.849318672068186	0	0
GCF_042847315.1	NZ_BAAFPR010000027.1	36943	5be35fc0cf17bc701abdf22e28e1907bd3a22959310ad97654c0a5ffa56bf25f	linear	unplaced-scaffold	Chromosome	chromosome	3231926	52.47543512979455	0	0
GCF_042847315.1	NZ_BAAFPR010000028.1	34416	d19c0d111d96cbf966fb3694174a02c2dc02ce60cedfebbf33bf84733e1d324a	linear	unplaced-scaffold	Chromosome	chromosome	3231926	46.972338447233845	0	0
GCF_042847315.1	NZ_BAAFPR010000029.1	31554	171524c78a12147c199cd686b4f397b4fa4b277a2b46ed891e52d54de50212dd	linear	unplaced-scaffold	Chromosome	chromosome	3231926	53.292767953349816	0	0
GCF_042847315.1	NZ_BAAFPR010000030.1	28635	286112b540fc5b3a72e9ff4a355c7abb68f8128ba63f43b63ecf5195b34276b0	linear	unplaced-scaffold	Chromosome	chromosome	3231926	47.49432512659333	0	0
GCF_042847315.1	NZ_BAAFPR010000031.1	28082	d42b40649f7c0a2102e17a4f35fed075735dfccd3503bd1f84262820e5773a75	linear	unplaced-scaffold	Chromosome	chromosome	3231926	51.30332597393348	0	0
GCF_042847315.1	NZ_BAAFPR010000032.1	25550	5214066cae49f33b387fa3f1323000fc50ed3a44e49e93a2ff01ee7d46991978	linear	unplaced-scaffold	Chromosome	chromosome	3231926	51.11545988258317	0	0
GCF_042847315.1	NZ_BAAFPR010000033.1	23230	32774423f5e1bb926c644d011c97a4aab1fe608ba9219fb3b9c5a52466193f67	linear	unplaced-scaffold	Chromosome	chromosome	3231926	52.46233318984072	0	0
GCF_042847315.1	NZ_BAAFPR010000034.1	21172	c711299ee30dd6bf6e9e9f8ff269c5a10c3226d66edee7668261acf0a427a6f3	linear	unplaced-scaffold	Chromosome	chromosome	3231926	53.02758360098243	0	0
GCF_042847315.1	NZ_BAAFPR010000035.1	20481	95b8353d7a51f48fb4a849c8ac440f62ca28cd98f74e656feb56c323e901c87b	linear	unplaced-scaffold	Chromosome	chromosome	3231926	50.99360382793809	0	0
GCF_042847315.1	NZ_BAAFPR010000036.1	20258	2435eac36398a022fb6d7786bb911d197877301fec252cf265c87f2eadae7fb8	linear	unplaced-scaffold	Chromosome	chromosome	3231926	51.189653470233985	0	0
GCF_042847315.1	NZ_BAAFPR010000037.1	17291	230d2f9ffb33364e3e4c37f13af1b109f9c417bf416058c2d240a071c5b1271a	linear	unplaced-scaffold	Chromosome	chromosome	3231926	50.95136198022092	0	0
GCF_042847315.1	NZ_BAAFPR010000038.1	16129	0f1244d4518d3936d556530cb8fbf9458cca8d2f1c4547e7b2c171a96d3772ca	linear	unplaced-scaffold	Chromosome	chromosome	3231926	47.78969557939116	0	0
GCF_042847315.1	NZ_BAAFPR010000039.1	15249	0d41e672a0f8785d0146d322dd3630c78a8a9f0717c91d5e9a4cb28c152228cd	linear	unplaced-scaffold	Chromosome	chromosome	3231926	46.02924781952915	0	0
GCF_042847315.1	NZ_BAAFPR010000040.1	15014	cf3b0fcc1e4c23ce8ab28e554b34d37db76f9cbd3563d838a872358e891f24e3	linear	unplaced-scaffold	Chromosome	chromosome	3231926	40.96842946583189	0	0
GCF_042847315.1	NZ_BAAFPR010000041.1	13465	ef5f50c532163ffb043bc9215610d211d2bdf9df0ad99699026dbcb9b02dcb26	linear	unplaced-scaffold	Chromosome	chromosome	3231926	51.771258819160785	0	0
GCF_042847315.1	NZ_BAAFPR010000042.1	13004	dc3ea94e4172f5bef97e1bd009b1fc7a34fee917ea3abefbaa3f9dfbf9047113	linear	unplaced-scaffold	Chromosome	chromosome	3231926	47.816056597969855	0	0
GCF_042847315.1	NZ_BAAFPR010000043.1	11787	7bb0ef58b6201cdb49b3be2012da9e6903e746d633f455d58e266e82e57838f1	linear	unplaced-scaffold	Chromosome	chromosome	3231926	46.16102485789429	0	0
GCF_042847315.1	NZ_BAAFPR010000044.1	11768	a532d90b96d534a8c80bc014a286bd7e06527e0f9ad2679f84e7a770bf12fbb6	linear	unplaced-scaffold	Chromosome	chromosome	3231926	54.80965329707682	0	0
GCF_042847315.1	NZ_BAAFPR010000045.1	11714	0f0655c2e9c1e7253d70002a98da9156b87f6159f177d7223aa741a02a64b433	linear	unplaced-scaffold	Chromosome	chromosome	3231926	48.97558477036025	0	0
GCF_042847315.1	NZ_BAAFPR010000046.1	10691	84d1248884b996669178caca91fab716a956aab54271a7fcf3409751053e2dcd	linear	unplaced-scaffold	Chromosome	chromosome	3231926	49.59311570479843	0	0
GCF_042847315.1	NZ_BAAFPR010000047.1	9490	92900fed28b10b9225a6b6b5e9d46f3ff5d7e1d8af7c27e77a5c06bcabd58075	linear	unplaced-scaffold	Chromosome	chromosome	3231926	47.165437302423605	0	0
GCF_042847315.1	NZ_BAAFPR010000048.1	7954	2fe460eeb0221ff33dab506ba1057327a85e356816f6339c9a7fa4d66efa5664	linear	unplaced-scaffold	Chromosome	chromosome	3231926	52.75333165702791	0	0
GCF_042847315.1	NZ_BAAFPR010000049.1	7942	1f705e9193a241e92a28959c6f14b91a18ca0ba882590ccc6948026051def971	linear	unplaced-scaffold	Chromosome	chromosome	3231926	51.07025938050869	0	0
GCF_042847315.1	NZ_BAAFPR010000050.1	7194	18b3dfc17b3f0757dc5bf30e23081f070c75988578f7246ce492f85ee168e790	linear	unplaced-scaffold	Chromosome	chromosome	3231926	44.968028912983044	0	0
GCF_042847315.1	NZ_BAAFPR010000051.1	7066	a95c89b5ee861992f887a1bf63235d4d7431207aaae8da1cecceb19d0a706c59	linear	unplaced-scaffold	Chromosome	chromosome	3231926	52.589866968581944	0	0
GCF_042847315.1	NZ_BAAFPR010000052.1	6718	dc33e9ae3d9221bc5a7ed0ec4c6944a42a1c66665269572294f21e7902baffaa	linear	unplaced-scaffold	Chromosome	chromosome	3231926	47.45459958320929	0	0
GCF_042847315.1	NZ_BAAFPR010000053.1	6603	b4404db15536155244dbeacf0f06e8f1f72a2622e38dae98637dea8d8f2f21d6	linear	unplaced-scaffold	Chromosome	chromosome	3231926	44.87354232924428	0	0
GCF_042847315.1	NZ_BAAFPR010000054.1	6130	02634bc003678d3e1282a4d63cf1a29a73e7f08f82fa2eb3093797169573f1f2	linear	unplaced-scaffold	Chromosome	chromosome	3231926	51.174551386623165	0	0
GCF_042847315.1	NZ_BAAFPR010000055.1	6107	5b75c3271c6772c88a918608042f085375e3e5c0cb785ce5fb2586e70078ed1c	linear	unplaced-scaffold	Chromosome	chromosome	3231926	47.355493695758966	0	0
GCF_042847315.1	NZ_BAAFPR010000056.1	6081	eab2efdb120779feb4721891d28f26b073d709d2386d5a754a1d80e61c956125	linear	unplaced-scaffold	Chromosome	chromosome	3231926	45.81483308666338	0	0
GCF_042847315.1	NZ_BAAFPR010000057.1	5622	c71fd4f3eaf873164626db6cb0731cce396e188f8840abbc62584a5cb7c67d85	linear	unplaced-scaffold	Chromosome	chromosome	3231926	44.005691924582	0	0
GCF_042847315.1	NZ_BAAFPR010000058.1	5532	0aef62ce9c8b87ec49c8b3ee661181879f11b69696d95eedabad98ecdd906a45	linear	unplaced-scaffold	Chromosome	chromosome	3231926	47.975415762834416	0	0
GCF_042847315.1	NZ_BAAFPR010000059.1	5502	6e439afff73c85a4fe7cdd31dab2b403b1ee132666398de4425f205809814f4f	linear	unplaced-scaffold	Chromosome	chromosome	3231926	44.49291166848419	0	0
GCF_042847315.1	NZ_BAAFPR010000060.1	5389	3cfdff6e908370c2c9930b9382052d8c888427592cf46b7867d9c73e705c6f46	linear	unplaced-scaffold	Chromosome	chromosome	3231926	49.02579328261273	0	0
GCF_042847315.1	NZ_BAAFPR010000061.1	5193	37218c82800f06e6beabba7e6f79392e486726144d41e7fe32d4ed27aa4679d8	linear	unplaced-scaffold	Chromosome	chromosome	3231926	50.42085814001232	322	322
GCF_042847315.1	NZ_BAAFPR010000062.1	4908	71a5fdeec4a10ac65831ec1e59f962c10d7e615e4b4e5c11acd44a85da200bbb	linear	unplaced-scaffold	Chromosome	chromosome	3231926	45.660146699266505	0	0
GCF_042847315.1	NZ_BAAFPR010000063.1	4356	5ffc602256b1b76bc6a2b7554d920b098ce2f587028afa1490752a5079e1a10f	linear	unplaced-scaffold	Chromosome	chromosome	3231926	47.842056932966024	0	0
GCF_042847315.1	NZ_BAAFPR010000064.1	4110	5b7a48251da101ea7f7626fb2100f3838195393921a9cff05860de18e157fd5d	linear	unplaced-scaffold	Chromosome	chromosome	3231926	44.54987834549878	0	0
GCF_042847315.1	NZ_BAAFPR010000065.1	3652	41f1cd69100db6de7d5112fefd9bbc5455a13a9ed5d191820185b6b5ab2a7a9a	linear	unplaced-scaffold	Chromosome	chromosome	3231926	48.95947426067908	0	0
GCF_042847315.1	NZ_BAAFPR010000066.1	3586	34be60627c620c3d5de5a4ac0e1d86dcb523b07acfbf94f43b9d22b95563b529	linear	unplaced-scaffold	Chromosome	chromosome	3231926	48.243167875069716	0	0
GCF_042847315.1	NZ_BAAFPR010000067.1	3454	1ca17462e4dff5bffe218357296e3f908f2d6a140d8bf29afef5aaf083543817	linear	unplaced-scaffold	Chromosome	chromosome	3231926	47.336421540243194	0	0
GCF_042847315.1	NZ_BAAFPR010000068.1	2956	d275554517af28a8a9c5307a7bf59e1d72fe29c8c90cc7bd59ffc6f5f064c85e	linear	unplaced-scaffold	Chromosome	chromosome	3231926	47.2936400541272	0	0
GCF_042847315.1	NZ_BAAFPR010000069.1	2808	fe0fdc8992a11d0a87642bb7ee2bdcbe95118fc15e1cbd50ed9ad9d6aef3181a	linear	unplaced-scaffold	Chromosome	chromosome	3231926	45.15669515669516	0	0
GCF_042847315.1	NZ_BAAFPR010000070.1	2792	0b77f49d13bd1f05a92ede41a2cc4df81f66b678bb9ef04a1c1bfabc81c4e537	linear	unplaced-scaffold	Chromosome	chromosome	3231926	43.087392550143264	0	0
GCF_042847315.1	NZ_BAAFPR010000071.1	2286	7982239911b8816e4a2c2fcd03e57356bb65c9ef077a654f3b132ff4b1daaaf6	linear	unplaced-scaffold	Chromosome	chromosome	3231926	48.55643044619423	0	0
GCF_042847315.1	NZ_BAAFPR010000072.1	2266	ba80f021a3601bf3d488e95d738cf4c8024cf1703db0d590b2f78d23b4157ddd	linear	unplaced-scaffold	Chromosome	chromosome	3231926	49.47043248014122	0	0
GCF_042847315.1	NZ_BAAFPR010000073.1	2260	1095e52f3a5e87dabde654a243a0c945e06725fef0d3d4898056f863f8b5dc4e	linear	unplaced-scaffold	Chromosome	chromosome	3231926	45.530973451327434	0	0
GCF_042847315.1	NZ_BAAFPR010000074.1	2260	1aba6470f2ddcd64f93eaa9ff614c417fd7184309db86f2fa8de1dbd53203622	linear	unplaced-scaffold	Chromosome	chromosome	3231926	51.72566371681416	0	0
GCF_042847315.1	NZ_BAAFPR010000075.1	2198	36dc4763c320f117563b2a2d146c224863d6a1e3ae17fc9933361beff700e1e7	linear	unplaced-scaffold	Chromosome	chromosome	3231926	47.08826205641492	0	0
GCF_042847315.1	NZ_BAAFPR010000076.1	2182	3829d5708b88f9464c6bb14e2f6763f679f7c10eb33d6831124e125449f6de5d	linear	unplaced-scaffold	Chromosome	chromosome	3231926	48.44179651695692	0	0
GCF_042847315.1	NZ_BAAFPR010000077.1	2050	a25dc0db2a88f59a8fac55432c48f1c9263c36127318cc2f352dd6e48a2360bf	linear	unplaced-scaffold	Chromosome	chromosome	3231926	45.26829268292683	0	0
GCF_042847315.1	NZ_BAAFPR010000078.1	1988	05a4296c24ad8d7dedb18bc3067bd14fefa3d6ec51c9630ea5e83b009094182d	linear	unplaced-scaffold	Chromosome	chromosome	3231926	39.48692152917505	0	0
GCF_042847315.1	NZ_BAAFPR010000079.1	1685	095d5a7197ab752d968432d643f1f1c1a645dab5beaac5aea2f4894e6c4bc4e4	linear	unplaced-scaffold	Chromosome	chromosome	3231926	46.468842729970326	0	0
GCF_042847315.1	NZ_BAAFPR010000080.1	1662	afc446c1d3c808795c5e93dec4b01808c807db5442ba51a4e8afc7d3ad4e9b22	linear	unplaced-scaffold	Chromosome	chromosome	3231926	45.848375451263536	0	0
GCF_042847315.1	NZ_BAAFPR010000081.1	1634	04527dec86cbf93c0c5e05f83286875cb704f853681cb14b40cbd8f72a8acf63	linear	unplaced-scaffold	Chromosome	chromosome	3231926	45.165238678090574	0	0
GCF_042847315.1	NZ_BAAFPR010000082.1	1582	8337e790ec8dd81d19a05457d8aa076063d76736e6bc926a0d541dcf8c22b429	linear	unplaced-scaffold	Chromosome	chromosome	3231926	45.89127686472819	0	0
GCF_042847315.1	NZ_BAAFPR010000083.1	1556	9bb39d1d2c00f441fd5d481d6dd4c727ba8a25b49ea5673d525b221914456bfb	linear	unplaced-scaffold	Chromosome	chromosome	3231926	42.9305912596401	0	0
GCF_042847315.1	NZ_BAAFPR010000084.1	1399	5705370b4da366d63a1327fae86db576b943521134f761085528736fab342ec9	linear	unplaced-scaffold	Chromosome	chromosome	3231926	47.31951393852752	0	0
GCF_042847315.1	NZ_BAAFPR010000085.1	1385	715ff14aeab4488a983cce4a28e2d69f36fccaf53f0aa81d989d2d4a4bdc9dfc	linear	unplaced-scaffold	Chromosome	chromosome	3231926	45.55956678700361	0	0
GCF_042847315.1	NZ_BAAFPR010000086.1	1360	7a0d5f9a102f52e12be7af633342ebca768b3828c3b85298bdcc1fc865e96b61	linear	unplaced-scaffold	Chromosome	chromosome	3231926	48.89705882352941	0	0
GCF_042847315.1	NZ_BAAFPR010000087.1	1331	ad0aba9f90b9b30e58acd3e09404533cd1de7f297ddc377e551dedf3f7040f3a	linear	unplaced-scaffold	Chromosome	chromosome	3231926	46.28099173553719	0	0
GCF_042847315.1	NZ_BAAFPR010000088.1	1228	d90d5efe7c09fef56c5a4e95dd1bbeb96d8873e779e8d0462f87e3fab28caa9f	linear	unplaced-scaffold	Chromosome	chromosome	3231926	49.0228013029316	0	0
GCF_042847315.1	NZ_BAAFPR010000089.1	1202	104c287607b63050f44460e35fec32fcf8148e87755024e5eff97741e897bf71	linear	unplaced-scaffold	Chromosome	chromosome	3231926	40.93178036605657	0	0
GCF_042847315.1	NZ_BAAFPR010000090.1	1186	af06e1fc0791076eccad1a8f8253950f9865a727a0f2eeab7eee56a8ba986bab	linear	unplaced-scaffold	Chromosome	chromosome	3231926	49.07251264755481	0	0
GCF_042847315.1	NZ_BAAFPR010000091.1	1161	52d45ebe5271b9430be9586c9aea3571ece343d130a5726d2aca2837e31a963f	linear	unplaced-scaffold	Chromosome	chromosome	3231926	43.75538329026701	0	0
GCF_042847315.1	NZ_BAAFPR010000092.1	1151	e997b61be0480226b7e0293cee56692db0592c0c1ca3de91148c753d6b462d77	linear	unplaced-scaffold	Chromosome	chromosome	3231926	48.39270199826238	0	0
GCF_042847315.1	NZ_BAAFPR010000093.1	1139	ac4ed546a4d660dc3aa7cac026414226b532d8e5967ff79b154080ed40b20ca0	linear	unplaced-scaffold	Chromosome	chromosome	3231926	48.46356453028973	0	0
GCF_042847315.1	NZ_BAAFPR010000094.1	1077	329faa065986f6d98928d76be144d735b9dd5ae39f4ad420cd132b5d0ee95507	linear	unplaced-scaffold	Chromosome	chromosome	3231926	46.33240482822656	0	0
GCF_042847315.1	NZ_BAAFPR010000095.1	1050	55d9e11b52ce4e35d6bcd09b93188af683f06bfef6b875673496a929e06c317f	linear	unplaced-scaffold	Chromosome	chromosome	3231926	49.42857142857143	0	0
GCF_042847315.1	NZ_BAAFPR010000096.1	1040	cd8e56e9bd584b515f169358a9556cd01f5c3f1f0e52bb7d6c1bda59ca9d79bf	linear	unplaced-scaffold	Chromosome	chromosome	3231926	53.07692307692308	0	0
GCF_042847315.1	NZ_BAAFPR010000097.1	1034	530ed6721ae8159267e5c1902db02c76c1ff2b34f6eb01ec0eb3fa9aa93cce93	linear	unplaced-scaffold	Chromosome	chromosome	3231926	44.970986460348165	0	0
GCF_042997415.1	NZ_CP160088.1	1711925	b6e2032b22f75a2cff1e6fba1698ab072b6b86446a328a249cfd9e8da7231ac7	circular	assembled-molecule	Chromosome	chromosome	2508708	34.547483096514156	0	0
GCF_045760565.1	NZ_JBJCIX010000001.1	161395	7c3e4a764ce0473a4689863bf45df7470e4211462ae15d35c1ab811d259efa5e	linear	unplaced-scaffold	Chromosome	chromosome	2941330	38.83329719012361	0	0
GCF_045760565.1	NZ_JBJCIX010000002.1	116750	ff47d82218d97f98fe23eb10e5c68db152213235944cb6a871ec32e5318e15c8	linear	unplaced-scaffold	Chromosome	chromosome	2941330	41.09721627408994	0	0
GCF_045760565.1	NZ_JBJCIX010000003.1	113089	fee8d304adce28acbef5c4ed88ac5fb29da5c33fb006cc43b7b10cfbe3020f05	linear	unplaced-scaffold	Chromosome	chromosome	2941330	39.491904606106694	0	0
GCF_045760565.1	NZ_JBJCIX010000004.1	89241	cbc2b7d5d9361e9eae5e7fcd4bc7030850842aaa782f411a2e8843d1bea49bc1	linear	unplaced-scaffold	Chromosome	chromosome	2941330	39.84491433309802	0	0
GCF_045760565.1	NZ_JBJCIX010000005.1	88759	b278d107e8785444916879dd41c7a7f8d75fb13e5902479add073d24c59342a5	linear	unplaced-scaffold	Chromosome	chromosome	2941330	38.27780844759405	0	0
GCF_045760565.1	NZ_JBJCIX010000006.1	88581	9b28c24a8ff890792763c626e8231e96768792e0955efa7e8db66b788ebb6bc0	linear	unplaced-scaffold	Chromosome	chromosome	2941330	37.51820367798964	0	0
GCF_045760565.1	NZ_JBJCIX010000007.1	86032	9439da6cf028de74035297d92b5669c10fdabf998eeefd806d3cf2c6a5da5e14	linear	unplaced-scaffold	Chromosome	chromosome	2941330	38.84040045739889	330	330
GCF_045760565.1	NZ_JBJCIX010000008.1	84949	7956c7dfc0430ddaf394a73e1f4a581f398847caec426d6388385e7927946c35	linear	unplaced-scaffold	Chromosome	chromosome	2941330	39.03989452495026	0	0
GCF_045760565.1	NZ_JBJCIX010000009.1	83433	2d9b020b2d95e9a2ac9d1a52b3e8e411c7423121670bf576de63821a65eb326f	linear	unplaced-scaffold	Chromosome	chromosome	2941330	39.3081874078602	0	0
GCF_045760565.1	NZ_JBJCIX010000010.1	81701	a666545881f844fe32a7b96cd0687465f4e5010012a5de5a224dd51ceee8206d	linear	unplaced-scaffold	Chromosome	chromosome	2941330	38.42915019400007	0	0
GCF_045760565.1	NZ_JBJCIX010000011.1	73246	2972ad6b4ecf1aca41febbd5e6fce7801a2416d54d507e3bce4c2d0309bab649	linear	unplaced-scaffold	Chromosome	chromosome	2941330	40.08819594244054	0	0
GCF_045760565.1	NZ_JBJCIX010000012.1	66924	ee1fb70b69940a55ecfde167fcaf416f911fe6c5be1ab11a95455baf58a05db3	linear	unplaced-scaffold	Chromosome	chromosome	2941330	40.71603491534081	363	363
GCF_045760565.1	NZ_JBJCIX010000013.1	66271	eea4013665b3321aaab7d5710c1706a40973ac52d5a48bb3416ba600d82a87f0	linear	unplaced-scaffold	Chromosome	chromosome	2941330	38.81486623108147	0	0
GCF_045760565.1	NZ_JBJCIX010000014.1	59975	ee32457a21fbf7dd422e3572691bb5ade695c01e48a8d79ed7562e5916db9f4b	linear	unplaced-scaffold	Chromosome	chromosome	2941330	38.82617757398916	0	0
GCF_045760565.1	NZ_JBJCIX010000015.1	54706	de76afa1c559880ec452cc5512e592e8e9d4d696c10d6dbcbd2e0ede0946c14e	linear	unplaced-scaffold	Chromosome	chromosome	2941330	37.36336050890213	0	0
GCF_045760565.1	NZ_JBJCIX010000016.1	48384	daf4393ea3c76bfbdbf4883545a6544794bfc3e84b27cdc61455633479270aa9	linear	unplaced-scaffold	Chromosome	chromosome	2941330	38.760747354497354	0	0
GCF_045760565.1	NZ_JBJCIX010000017.1	48041	7db671186f92385eb5f293eb9ed3c5264697f27ab11ee9902eed67780795795f	linear	unplaced-scaffold	Chromosome	chromosome	2941330	38.81476239045815	0	0
GCF_045760565.1	NZ_JBJCIX010000018.1	43240	bb381efaaa9fc69820c8d490a3c822c535d6a15fb0b85ed22b4b460a6c7c0db7	linear	unplaced-scaffold	Chromosome	chromosome	2941330	40.265957446808514	0	0
GCF_045760565.1	NZ_JBJCIX010000019.1	41289	b4d83d2f6b290c8f15e9194bf5d378d7280b003977068bdb7306cd850db1a824	linear	unplaced-scaffold	Chromosome	chromosome	2941330	38.87476083218291	0	0
GCF_045760565.1	NZ_JBJCIX010000020.1	39458	b0b85a14612f36397c4ec92ca46f72d4932568de35bcc3647b046c9186996270	linear	unplaced-scaffold	Chromosome	chromosome	2941330	39.056718536165036	0	0
GCF_045760565.1	NZ_JBJCIX010000021.1	34502	54aebda4b43ae78f3cbac48c3fce8472ba9f582f513c7451796513b7740cc58b	linear	unplaced-scaffold	Chromosome	chromosome	2941330	41.4439742623616	0	0
GCF_045760565.1	NZ_JBJCIX010000022.1	32978	9a7d4857078ae9e10814fa5ac5560434dcbebd13eeec663055a4142694ca8854	linear	unplaced-scaffold	Chromosome	chromosome	2941330	39.94177936806356	0	0
GCF_045760565.1	NZ_JBJCIX010000023.1	30720	792354e09dc6e9c012a62c36ef83c594fbcd4b503c862b649a47f1b030ec6c3d	linear	unplaced-scaffold	Chromosome	chromosome	2941330	38.811848958333336	0	0
GCF_045760565.1	NZ_JBJCIX010000024.1	30558	457a27c1e440aaa6e69d984a884cdb6caabfc23526d91a44931ecc69b4752666	linear	unplaced-scaffold	Chromosome	chromosome	2941330	41.357418679232936	0	0
GCF_045760565.1	NZ_JBJCIX010000025.1	30150	8d08ae57314b37c4d102111dd997b0df5e23d0599978e35c564990b0f1721550	linear	unplaced-scaffold	Chromosome	chromosome	2941330	38.9485903814262	0	0
GCF_045760565.1	NZ_JBJCIX010000026.1	29265	37206ce1b3364e30273324ed65ef79b4346a96968e258e54d3fdff338d744e5d	linear	unplaced-scaffold	Chromosome	chromosome	2941330	38.5067486758927	0	0
GCF_045760565.1	NZ_JBJCIX010000027.1	27535	ea6cca5df45056bbba4e25e29c5bf2aea2cf92a25ed1db5abc0b8dfcb9b1bd66	linear	unplaced-scaffold	Chromosome	chromosome	2941330	39.58961321953877	0	0
GCF_045760565.1	NZ_JBJCIX010000028.1	25409	5c41d2d3e77eb146c614ef727916fb4186400c34f6dab4091e95469c45a764d4	linear	unplaced-scaffold	Chromosome	chromosome	2941330	39.41123224054469	0	0
GCF_045760565.1	NZ_JBJCIX010000029.1	24921	4464528bbf3ed2353ae303d1e0300be324da57af85c2f784f0cb8e573d89fa10	linear	unplaced-scaffold	Chromosome	chromosome	2941330	38.8467557481642	0	0
GCF_045760565.1	NZ_JBJCIX010000030.1	24903	ddc28f604ca260b366eaceb3dcfec121cd29672eedf2f2413f024fbf2e1b9856	linear	unplaced-scaffold	Chromosome	chromosome	2941330	39.03545757539252	0	0
GCF_045760565.1	NZ_JBJCIX010000031.1	24089	9c90ef95df0181c97f7975a0609f4de1bd1b6a031817542809e11b6f4630967f	linear	unplaced-scaffold	Chromosome	chromosome	2941330	41.12250404749056	0	0
GCF_045760565.1	NZ_JBJCIX010000032.1	23932	99ae0ef08832a4ccf9475613e484bb40e5b3d8bea08ecc1d65ce01a10b1b8c5b	linear	unplaced-scaffold	Chromosome	chromosome	2941330	38.91860270767174	0	0
GCF_045760565.1	NZ_JBJCIX010000033.1	22622	daf067722a601740dbefac671c8494fbff4b0c2cb95246e8de0c03d64e052376	linear	unplaced-scaffold	Chromosome	chromosome	2941330	39.992043143842274	0	0
GCF_045760565.1	NZ_JBJCIX010000034.1	21428	67c5a15423f8154791b66c21bb61a603c28bb3eb1700b787208155302574a28a	linear	unplaced-scaffold	Chromosome	chromosome	2941330	40.26040694418518	0	0
GCF_045760565.1	NZ_JBJCIX010000035.1	20299	6d92dbc1fac0a15e77d613a262e61c54e6e753d2db57e7c7317b0ba415907ff0	linear	unplaced-scaffold	Chromosome	chromosome	2941330	39.07089019163506	0	0
GCF_045760565.1	NZ_JBJCIX010000036.1	20180	c9cee247e8a175f910e79761392f96b0d51e818f125e2ace980ab16df5c572a0	linear	unplaced-scaffold	Chromosome	chromosome	2941330	39.91575817641229	0	0
GCF_045760565.1	NZ_JBJCIX010000037.1	18779	63d6481b0d5288073dc2747271effe4f3cd2e5c2f5a7c4942a2fb2a6fd031ce0	linear	unplaced-scaffold	Chromosome	chromosome	2941330	39.006336865647796	0	0
GCF_045760565.1	NZ_JBJCIX010000038.1	17692	3390033c1fab1a5b6556f60c03c34ff24ba1c4c4523be1bc97ee5a0db8357f0d	linear	unplaced-scaffold	Chromosome	chromosome	2941330	41.97942572914312	0	0
GCF_045760565.1	NZ_JBJCIX010000039.1	17619	74dc7498f01aa319691a1d517730f6a61c1f0abbe1c53ca016908871951a648f	linear	unplaced-scaffold	Chromosome	chromosome	2941330	37.987399965945855	0	0
GCF_045760565.1	NZ_JBJCIX010000040.1	16760	28833d3fd54215cd8c341d7123b88d0348acfbf139af998320f44bebad612f68	linear	unplaced-scaffold	Chromosome	chromosome	2941330	41.23508353221957	0	0
GCF_045760565.1	NZ_JBJCIX010000041.1	16615	0dffee23a062aa358027ed4982cd18629a04bf7bc4a484bff9ca6e7c2e59a6a6	linear	unplaced-scaffold	Chromosome	chromosome	2941330	39.79536563346374	0	0
GCF_045760565.1	NZ_JBJCIX010000042.1	16605	5cbc745f6a3889bfaa2f8630cd305634248ac2b8ea0f721d89c9901246eb7b20	linear	unplaced-scaffold	Chromosome	chromosome	2941330	39.07256850346281	0	0
GCF_045760565.1	NZ_JBJCIX010000043.1	15690	7e2af25540d306693e52653a7607e80de6ae4c3ed54284268d352ec32ce68f81	linear	unplaced-scaffold	Chromosome	chromosome	2941330	41.55513065646909	0	0
GCF_045760565.1	NZ_JBJCIX010000044.1	14760	1b253044c1bb907016047d3daad2866568d22a972f0d59558a3156bea62291db	linear	unplaced-scaffold	Chromosome	chromosome	2941330	41.294037940379404	0	0
GCF_045760565.1	NZ_JBJCIX010000045.1	13855	ed348abc33a0bfef86f8469ecb6db8ce1448c4598f1a80528af49285587c59fd	linear	unplaced-scaffold	Chromosome	chromosome	2941330	40.92385420425839	0	0
GCF_045760565.1	NZ_JBJCIX010000046.1	13224	c82d762cab2849e1c6b618c24bd80a5040244828909c9a0c25e25ffe67e1cd36	linear	unplaced-scaffold	Chromosome	chromosome	2941330	40.970961887477316	0	0
GCF_045760565.1	NZ_JBJCIX010000047.1	12437	3f425e0a167b77d0003c13cac9271a75a8dd4ce647d2e05a494e1ce6b8deb88b	linear	unplaced-scaffold	Chromosome	chromosome	2941330	40.8860657714883	0	0
GCF_045760565.1	NZ_JBJCIX010000048.1	12383	ec3c78e88e14beafab4db918b3171d7db7d9a665653638fcce5f7861c0f985f3	linear	unplaced-scaffold	Chromosome	chromosome	2941330	40.10336751998708	0	0
GCF_045760565.1	NZ_JBJCIX010000049.1	11604	ab9702066a4d9be5fe59ef3134f96a5f4918962b54ebaf65e944dab0f1946228	linear	unplaced-scaffold	Chromosome	chromosome	2941330	40.58083419510513	0	0
GCF_045760565.1	NZ_JBJCIX010000050.1	11271	f513457a51bb5a107b241164d8bb5f03d8b0ae42d4154feb0355f455c39f3e20	linear	unplaced-scaffold	Chromosome	chromosome	2941330	40.874811463046754	0	0
GCF_045760565.1	NZ_JBJCIX010000051.1	10772	ff582eb00e97e6a14d67d0ae2b5b419a967cd1eb28e4dd5a2ff33c213987a1d2	linear	unplaced-scaffold	Chromosome	chromosome	2941330	40.818789454140365	0	0
GCF_045760565.1	NZ_JBJCIX010000052.1	10592	0f33bcfc09ac30508386bc8d45c5eaab8132bf282debb336ee3a394c69e420f9	linear	unplaced-scaffold	Chromosome	chromosome	2941330	42.2583081570997	0	0
GCF_045760565.1	NZ_JBJCIX010000053.1	10515	b52360ed3e296e5cb330c4e204f79040e5432643d5c930f5b849745f09373c97	linear	unplaced-scaffold	Chromosome	chromosome	2941330	39.27722301474085	0	0
GCF_045760565.1	NZ_JBJCIX010000054.1	9590	acf7cf1c1446b2d37c732303403738cf45cf9ccc77aff1d917bf6ce0a00de243	linear	unplaced-scaffold	Chromosome	chromosome	2941330	37.570385818561	0	0
GCF_045760565.1	NZ_JBJCIX010000055.1	9363	9d1566297b4e9572a779b03cc214eb692bde79d9b10f5efe04a749f3d412f9a7	linear	unplaced-scaffold	Chromosome	chromosome	2941330	37.61614867029798	0	0
GCF_045760565.1	NZ_JBJCIX010000056.1	8932	4f0a2258573c712f81d8bc3417d019d38992391fdc4b830b1c9c845270f955a2	linear	unplaced-scaffold	Chromosome	chromosome	2941330	40.58441558441559	0	0
GCF_045760565.1	NZ_JBJCIX010000057.1	8320	5be67a8a44144dcae3a2e0b7fb543252f841769ae1e401b4c9c08efb88be631a	linear	unplaced-scaffold	Chromosome	chromosome	2941330	39.0625	0	0
GCF_045760565.1	NZ_JBJCIX010000058.1	7958	2af5b3d6e97c478814e071d1207a6890ebc5b43bf1b2db30a8ab4c50ffb1fb1c	linear	unplaced-scaffold	Chromosome	chromosome	2941330	38.389042472983164	0	0
GCF_045760565.1	NZ_JBJCIX010000059.1	7813	9003011cf7996e567b71133ac19e7583577926cde1aba0416237db468825ef39	linear	unplaced-scaffold	Chromosome	chromosome	2941330	42.59567387687188	0	0
GCF_045760565.1	NZ_JBJCIX010000060.1	6877	dedbb35bd9fd0caac4c0048d8a703416950f523e4050f1bb178f40a08a0a8470	linear	unplaced-scaffold	Chromosome	chromosome	2941330	41.15166497019049	0	0
GCF_045760565.1	NZ_JBJCIX010000061.1	5409	5736fe14247ce71d56cf6b4fa328278dd175a7dc947de1961fd58a27c401ad51	linear	unplaced-scaffold	Chromosome	chromosome	2941330	48.41930116472546	0	0
GCF_045760565.1	NZ_JBJCIX010000062.1	4891	d0772fffea778c30119850e5521aebcf809ccae997e2c69c9e06ada5130e7345	linear	unplaced-scaffold	Chromosome	chromosome	2941330	39.173993048456346	0	0
GCF_045760565.1	NZ_JBJCIX010000063.1	4420	a25ed154b32990be7086ec8d941049d215925de391761d869408e171af2141b8	linear	unplaced-scaffold	Chromosome	chromosome	2941330	42.69230769230769	0	0
GCF_045760565.1	NZ_JBJCIX010000064.1	3397	1414e992803dfefd05f8f5641d32f39ed4a6716334f68c3198e380c58aecb4a5	linear	unplaced-scaffold	Chromosome	chromosome	2941330	35.23697380041213	0	0
GCF_045760565.1	NZ_JBJCIX010000065.1	2889	450b7ec3d5f442db1e9d447c4e389cec6a98030cf83533158df04afbb58d3121	linear	unplaced-scaffold	Chromosome	chromosome	2941330	38.0754586362063	0	0
GCF_045760565.1	NZ_JBJCIX010000066.1	1801	cfeb6b024e9726073c0226182a8784f9b1c99bbf5a0490ebae9ec14e106a922c	linear	unplaced-scaffold	Chromosome	chromosome	2941330	37.81232648528595	0	0
GCF_045760565.1	NZ_JBJCIX010000067.1	1780	e4de555279f7f222358d98fba3459d03741384e3eb3fb850406800a28dea0a28	linear	unplaced-scaffold	Chromosome	chromosome	2941330	42.13483146067416	0	0
GCF_045760565.1	NZ_JBJCIX010000068.1	1438	e9af407239701f4d8a26a4a766081fb0be402fce0bd8bbb3dd8aacb696286b93	linear	unplaced-scaffold	Chromosome	chromosome	2941330	43.184979137691236	0	0
GCF_045760565.1	NZ_JBJCIX010000069.1	1307	7dc8aeaf6c67e80e7c07216a2237acf7ba9b4d00bbeba032358d4ef3f2ee7ef1	linear	unplaced-scaffold	Chromosome	chromosome	2941330	37.71996939556236	0	0
GCF_045760565.1	NZ_JBJCIX010000070.1	1113	f402e41eda2f662453dc4d365506000b45f6faf00f5872ea5900bbebc722eaad	linear	unplaced-scaffold	Chromosome	chromosome	2941330	44.115004492362985	0	0
GCF_045760565.1	NZ_JBJCIX010000071.1	1022	24d35b10e2acee13a381384cca9c2c1acd5c7d85008f5816321f38817c55e8e9	linear	unplaced-scaffold	Chromosome	chromosome	2941330	54.696673189823876	0	0
GCF_045760565.1	NZ_JBJCIX010000072.1	778	de2b48aca2bba65a5fc313b450381065fc95846859174ca421482b61cf9e1efe	linear	unplaced-scaffold	Chromosome	chromosome	2941330	42.030848329048844	0	0
GCF_045760565.1	NZ_JBJCIX010000073.1	709	dc7f9a797cce4cf1c2fec481744c6657fa646934083d31d59c20463c268a35c4	linear	unplaced-scaffold	Chromosome	chromosome	2941330	41.18476727785614	0	0
GCF_045760565.1	NZ_JBJCIX010000074.1	687	edd0c8c38096e9de8e75754ae99057f984d7980fcb2c6463b6f3a561f2965b0a	linear	unplaced-scaffold	Chromosome	chromosome	2941330	42.21251819505095	0	0
GCF_045760565.1	NZ_JBJCIX010000075.1	677	93270347060233a199f668294f93b1dca887cfad82a972f966db5ec40207739c	linear	unplaced-scaffold	Chromosome	chromosome	2941330	43.42688330871492	0	0
GCF_045760565.1	NZ_JBJCIX010000076.1	569	6dac91cc2df6163f40b7d63638b0fa05d1d9aea11e20f7c8e25a24372fee2152	linear	unplaced-scaffold	Chromosome	chromosome	2941330	58.699472759226715	0	0
GCF_045760565.1	NZ_JBJCIX010000077.1	551	5969b99c79ce5e61b45dd93fa5a98cff360de728c93d274a5df481daf6970965	linear	unplaced-scaffold	Chromosome	chromosome	2941330	50.45372050816697	0	0
GCF_045760565.1	NZ_JBJCIX010000078.1	550	d9745080e8f43e5a2bdfc8c4470936f0ff64d2b1ad4f782c26777c61a23f02d8	linear	unplaced-scaffold	Chromosome	chromosome	2941330	47.45454545454545	0	0
GCF_045760565.1	NZ_JBJCIX010000079.1	542	557d1af7da62a99ff0cf496917f880b089c7b4c0fed47c2c6d6180438cc7bea6	linear	unplaced-scaffold	Chromosome	chromosome	2941330	45.38745387453874	0	0
GCF_045760565.1	NZ_JBJCIX010000080.1	537	95103232665f0f99d015c22caef37980746d07b5d4114f54839ebc7fff3ac447	linear	unplaced-scaffold	Chromosome	chromosome	2941330	41.71322160148976	0	0
GCF_045760565.1	NZ_JBJCIX010000081.1	519	0133c1da9139c04a3f5779ddb91ffc7ed1521bb83ad1ed12e6204dda111412fb	linear	unplaced-scaffold	Chromosome	chromosome	2941330	36.80154142581888	0	0
GCF_045760565.1	NZ_JBJCIX010000082.1	518	b9148e41fc2f97e30a0e84714bfffff5d70de5102e0f8300de4402d7c2a665c6	linear	unplaced-scaffold	Chromosome	chromosome	2941330	46.91119691119691	0	0
GCF_045760565.1	NZ_JBJCIX010000083.1	515	81931b36c9bc3ea318beda4eb32f1214ddd876e9858858542266bce15685b346	linear	unplaced-scaffold	Chromosome	chromosome	2941330	45.8252427184466	0	0
GCF_045801155.1	NZ_CP174386.1	2149007	8286a9ba6abe9a916d8ad43d9625bc4b13f4edabf7041c4d9c9e16a688fe1887	circular	assembled-molecule	Chromosome	chromosome	2766470	38.95492197093821	0	0
GCF_045801155.1	NZ_CP174387.1	21831	982857a963efb1b03286c8ee3acb732ef3df733dd0e54cbf8149fdfef20c9d4f	circular	assembled-molecule	Plasmid	unnamed1	2766470	38.129265723054374	0	0
GCF_045862825.1	NZ_AP027463.1	3044547	752591bc2ace602461de79ccc2f0d457d92050eea4df33bb176b08d9e574e65f	circular	assembled-molecule	Chromosome	chromosome	3069269	43.755803408520215	0	0
GCF_045862825.1	NZ_AP027464.1	41721	32775ba7256e42142df188c224630ba45a6baf9b44936d7302c5e01df179a44d	circular	assembled-molecule	Plasmid	pMH-1L	3069269	40.01342249706383	0	0
GCF_045862825.1	NZ_AP027465.1	37225	5bad2b6f4be07b532aaa7aa884a84642d9eb433e17eb3091e51219becd8a914d	circular	assembled-molecule	Plasmid	pMH-1S	3069269	39.997313633310945	0	0
GCF_046109915.1	NZ_CP151471.1	2120944	42552a772be06913f913adff8c40a5482c347ddc33a067169fbc22b7da3bffcf	circular	assembled-molecule	Chromosome	chromosome	1587	36.81011851326579	0	0
GCF_047344935.1	NZ_CP178852.1	2046746	dd717ef9c8a385dbdd4fab8a702b87c0e5f4ea225b64342ead037871111e53c4	circular	assembled-molecule	Chromosome	chromosome	1245	37.73316278619819	0	0
GCF_047344935.1	NZ_CP178853.1	16603	875a2d9337c245ddceeaea6d82e5d83cc2ae374d4dc9f138ea5aaff9638e96d2	circular	assembled-molecule	Plasmid	pLC1	1245	37.51129313979401	0	0
GCF_047344935.1	NZ_CP178854.1	37376	65e332caa0d195c20888240dc8c33b975785875cde435c35a02d19cdb7d7f6b5	circular	assembled-molecule	Plasmid	pLC2	1245	35.389019691780824	0	0
GCF_047344935.1	NZ_CP178855.1	38318	350145a79e73d7eb5d05475dcd2f1f2c9c8de9dafdd46fc43a1592321967b106	circular	assembled-molecule	Plasmid	pLC4	1245	34.52685421994885	0	0
GCF_047344935.1	NZ_CP178856.1	9288	8179d4cbcd7d94fc9c2c524e8da624dd400b94ceeb8a82aa3c2e1cef5d880839	circular	assembled-molecule	Plasmid	pLC6	1245	39.7609819121447	0	0
GCF_050407965.1	NZ_CP191162.1	3491384	089e956e01379aec006a53a31c38fb8b998bc9910d0cc6b1ba6e6d856b8961e4	circular	assembled-molecule	Chromosome	chromosome	1589	46.59719469413849	0	0
GCF_050407965.1	NZ_CP191163.1	70426	1580eacfb6d4f21150f41f9a33d112007b554760841b03c3da377667a2502a98	circular	assembled-molecule	Plasmid	pA	1589	39.45417885440036	0	0
GCF_050407965.1	NZ_CP191164.1	68335	83481f3f4ec1cf2b1f72f987e9f003de10bb0ae709f969a30c65965a1f9ab06d	circular	assembled-molecule	Plasmid	pB	1589	41.611180215116704	0	0
GCF_050407965.1	NZ_CP191165.1	48057	bd70b173a423d83930db4aa502a9cc6e15e4519175efa99c48050c2d1e034625	circular	assembled-molecule	Plasmid	pC	1589	38.841375866158934	0	0
GCF_050407965.1	NZ_CP191166.1	55487	56822dfa8d21b0e1c17938fd02555604cb3ff2534eb096e232329f1a5238e6a1	circular	assembled-molecule	Plasmid	pD	1589	41.391677329825	0	0
GCF_050407965.1	NZ_CP191167.1	6885	6577c47e403171b9a4f6cadb1a992b1a39d74cac3f595f0f10c7f0fd965c26f7	circular	assembled-molecule	Plasmid	pE	1589	38.3442265795207	0	0
GCF_050847345.1	NZ_CP193775.1	3039689	1eff6d7347b5413c21cdbfc25daca07880313916b94c078348d4ebc145aa87a0	circular	assembled-molecule	Chromosome	chromosome	271881	45.45455143601862	0	0
GCF_050847345.1	NZ_CP193776.1	57009	d88a26108c46fc3c6758d13097827b4041ac6439a5c05ac8068ac0a6b52a47dc	circular	assembled-molecule	Plasmid	plasmid	271881	39.12189303443316	0	0
GCF_051098045.1	NZ_CP142835.1	3332249	961a1b2614e168178364091380d7567a46c5bede655a40701a973096e3f14637	circular	assembled-molecule	Chromosome	chromosome	60520	43.82475619318964	0	0
GCF_052569745.1	NZ_CP194174.1	1841797	39f2371d0a9dcec0a8ee68b2a69d2ee72c6c53fcaf75984588432c554c8d2435	circular	assembled-molecule	Chromosome	chromosome	1308	39.07911675390936	0	0
GCF_052570115.1	NZ_CP194006.1	1839155	31b4b96655b818798b01034727027fa7746c77aadb965213803e9be16006f332	circular	assembled-molecule	Chromosome	chromosome	1308	39.08050164341777	0	0
GCF_052571685.1	NZ_CP194005.1	1839161	f38fb516bc171f7c75bff1881c29d999f402112fdcf83e7f76368322be25aa09	circular	assembled-molecule	Chromosome	chromosome	1308	39.08053726672107	0	0
GCF_054073565.1	NZ_CM133406.1	2513651	295660dde1d36f32c78c335948101c6094244071108471e2f40cdbbe12b1bf04	circular	assembled-molecule	Chromosome	chromosome	137591	44.96757903145664	0	0
GCF_054073565.1	NZ_JBSUSF010000002.1	23510	6ccf030cec7ddef34156a57e6f40eb0b5430de6676bd553a5f88e780433b6ba8	circular	assembled-molecule	Plasmid	pLB13021_1	137591	39.10676307954062	0	0
GCF_054073565.1	NZ_JBSUSF010000003.1	9542	cebfe866948cbb34d8f99d002bd627c4717a4731c7a50e4024cf3ec99e38e312	circular	assembled-molecule	Plasmid	pLB13021_2	137591	37.63361978620834	0	0
GCF_054073565.1	NZ_JBSUSF010000004.1	4818	41325b7eb92888f5ce95391c383f3ae2728f6a0164d7dece8fade336974efa64	circular	assembled-molecule	Plasmid	pLB13021_3	137591	36.757990867579906	0	0
GCF_054331775.1	NZ_CM135820.1	2031037	36a4dd46ee21f3aa1a2f8a59932151e4527ffb99314eced8f28cca5bbf1df6c7	circular	assembled-molecule	Chromosome	chromosome	148604	50.82615432412113	0	0
GCF_054331775.1	NZ_JBTGJO010000002.1	6646	16fe0bd75102c35cf34ad28b35c225f6e128763e2ae5ff163d6941f8c074ad28	circular	assembled-molecule	Plasmid	pCh9e	148604	50.22569966897382	0	0
GCF_054452875.2	NZ_CM136849.1	2483459	caca93a964c3f37e23776432e9b5a53e3ea36aef6650c8b2f54cfc29ce3c70cc	circular	assembled-molecule	Chromosome	chromosome	931533	47.65474284053008	0	0
GCF_054452875.2	NZ_JBTKVL020000003.1	30919	1f0212a50df6211ac0692a19627ee146640b7cedfb36fd4332c4796d71b68614	linear	assembled-molecule	Plasmid	p1	931533	41.69927876063262	0	0
GCF_054452875.2	NZ_JBTKVL020000005.1	3958	8267a22a53ca94fb8b75439ccb0fc2bb8b31dfdd115f835724f99c467bd34c1e	linear	assembled-molecule	Plasmid	unnamed1	931533	42.90045477513896	0	0
GCF_054452875.2	NZ_JBTKVL020000002.1	68264	2db69c092d5841c91e4ec77619932614a677615c70d4526508c7a2fc24072fe1	linear	assembled-molecule	Plasmid	unnamed2	931533	42.6432673151295	0	0
GCF_054452875.2	NZ_JBTKVL020000004.1	8205	ad7507a3b1802804e745aa4f50cc37f469b6089a8f0d369e086738537f118153	linear	assembled-molecule	Plasmid	pWX4	931533	41.121267519804995	0	0
GCF_054784775.1	NZ_BAAIHN010000001.1	247730	77da50ea6cc3ecdbccf8c9a90bf29a5e244c6bd05f59b779017425efd319b002	linear	unplaced-scaffold	Chromosome	chromosome	3455901	53.176442094215474	0	0
GCF_054784775.1	NZ_BAAIHN010000002.1	180040	a346c60498c789a03584a87260a27182a87e7129e4d4cc6bafe65dea59ebbe8c	linear	unplaced-scaffold	Chromosome	chromosome	3455901	53.958564763385915	0	0
GCF_054784775.1	NZ_BAAIHN010000003.1	149085	8d45ee4f26f4c8f162f894e0a48b23e17f132742de50d6a8d89d582fa3fed7d5	linear	unplaced-scaffold	Chromosome	chromosome	3455901	52.72160177080189	0	0
GCF_054784775.1	NZ_BAAIHN010000004.1	146576	b76e75093bafb90b6fe90a4712fef1b211d0291740fb82e97bc33ed46c95b512	linear	unplaced-scaffold	Chromosome	chromosome	3455901	53.82804824800786	0	0
GCF_054784775.1	NZ_BAAIHN010000005.1	124357	c7816a0fc55aa5d2527274530715e7c0f29907524578fcc541071d17b9bd6737	linear	unplaced-scaffold	Chromosome	chromosome	3455901	54.13125115594619	0	0
GCF_054784775.1	NZ_BAAIHN010000006.1	99033	38c4195b88b2ab3ed063a5049c6e4350219de3729ce89411c6248cee6cbe9ed8	linear	unplaced-scaffold	Chromosome	chromosome	3455901	53.18025304696415	0	0
GCF_054784775.1	NZ_BAAIHN010000007.1	98398	2d4543daad2b6630f8da7dc4b620a19d0df4c3737a3ebb622745aa5ad466ad79	linear	unplaced-scaffold	Chromosome	chromosome	3455901	51.794751925852154	0	0
GCF_054784775.1	NZ_BAAIHN010000008.1	97042	3a4eb7e4c15193a44c6308591ba780806822919beed8fe0bdccc6b53b0a292e7	linear	unplaced-scaffold	Chromosome	chromosome	3455901	53.15842624842851	0	0
GCF_054784775.1	NZ_BAAIHN010000009.1	95000	39b3a126adafb1ec423f5a003129f624dae5dbcb00c44ce8ae6ce1cccbf7bb2b	linear	unplaced-scaffold	Chromosome	chromosome	3455901	53.72736842105263	0	0
GCF_054784775.1	NZ_BAAIHN010000010.1	90944	b47f349e8db19437b5549a3ae0084ebaae565a89166226449c1906c45b977e4f	linear	unplaced-scaffold	Chromosome	chromosome	3455901	54.4247009148487	0	0
GCF_054784775.1	NZ_BAAIHN010000011.1	75160	ca3335a2ea99e6034ed95b02d40ff91c630671f571cc58560cac909659433388	linear	unplaced-scaffold	Chromosome	chromosome	3455901	54.974720596061736	0	0
GCF_054784775.1	NZ_BAAIHN010000012.1	67795	f52d29231b334573600e7fa69c9beaffb326373e47cca37d2309cafdf8b7cab5	linear	unplaced-scaffold	Chromosome	chromosome	3455901	54.462718489564125	0	0
GCF_054784775.1	NZ_BAAIHN010000013.1	66626	34ada52ffb05df7cbfd68c577675b69dd33255c25acd214365844c61f72a42c2	linear	unplaced-scaffold	Chromosome	chromosome	3455901	52.7691892054153	0	0
GCF_054784775.1	NZ_BAAIHN010000014.1	65338	a27a71411bbc81c9febd3e8d279d9a8b1c8d9130fb41c2403280ab0825edb263	linear	unplaced-scaffold	Chromosome	chromosome	3455901	53.75126266491169	0	0
GCF_054784775.1	NZ_BAAIHN010000015.1	65195	4a3cfb22218fb2da817a8b3a076c9dec24db33e33473880dd7ae7440abc47c51	linear	unplaced-scaffold	Chromosome	chromosome	3455901	52.0714778740701	0	0
GCF_054784775.1	NZ_BAAIHN010000016.1	61153	cf6164b4647b9fa15d97d2bf62864e414ca07c7b9843fa5aab96f779f3ddeee0	linear	unplaced-scaffold	Chromosome	chromosome	3455901	51.452913184962306	0	0
GCF_054784775.1	NZ_BAAIHN010000017.1	60118	d9c35ef93d4f0dc4ccf2012216ff7b004c9a9bbca92781506a96f60e6cf649b5	linear	unplaced-scaffold	Chromosome	chromosome	3455901	52.34871419541568	0	0
GCF_054784775.1	NZ_BAAIHN010000018.1	57939	267269549dfaf65ab88932d2e8b521d1e5c59db48347fbac203b77a6090107b8	linear	unplaced-scaffold	Chromosome	chromosome	3455901	55.7068641157079	0	0
GCF_054784775.1	NZ_BAAIHN010000019.1	52061	1a2b4a600b1453768fd2fe9d004435b21f539e94fb7a37f53ff04cfae86a1a47	linear	unplaced-scaffold	Chromosome	chromosome	3455901	53.617871343231975	0	0
GCF_054784775.1	NZ_BAAIHN010000020.1	51605	a4e82c5cd4a227fa2d398f9a7d3189ea48a93e149b52b9432db032a9d857baff	linear	unplaced-scaffold	Chromosome	chromosome	3455901	54.63036527468269	0	0
GCF_054784775.1	NZ_BAAIHN010000021.1	50977	b3e2ec43b5d6be2164cd3362e7d0da68edb7dd35509b4c64da86c6d295585317	linear	unplaced-scaffold	Chromosome	chromosome	3455901	53.49471330207741	0	0
GCF_054784775.1	NZ_BAAIHN010000022.1	49828	5a31cac79d476a9939cf878d3cc5dc25649f7aedaad4f63fd0ed9ff17334c9ed	linear	unplaced-scaffold	Chromosome	chromosome	3455901	51.33258408926708	0	0
GCF_054784775.1	NZ_BAAIHN010000023.1	46664	554c2a2ccf552ba0aa7d43e53cc03a2572738cb0c27c4cdbee7f69273986c72c	linear	unplaced-scaffold	Chromosome	chromosome	3455901	55.9746271215498	0	0
GCF_054784775.1	NZ_BAAIHN010000024.1	46584	6101b26e4763d582121c70c88e52bca2e1037f437be48317da8db84e949f6965	linear	unplaced-scaffold	Chromosome	chromosome	3455901	53.49476215009445	0	0
GCF_054784775.1	NZ_BAAIHN010000025.1	42740	65e80a829d7e2341300061fb8aa02d04cf6260097e4201127d87bb76fb3a047d	linear	unplaced-scaffold	Chromosome	chromosome	3455901	53.32943378568086	0	0
GCF_054784775.1	NZ_BAAIHN010000026.1	41575	0dbb229976d4d8e54968c227ceff37080d73953793a7c97cb7cc17372799f268	linear	unplaced-scaffold	Chromosome	chromosome	3455901	54.60252555622369	0	0
GCF_054784775.1	NZ_BAAIHN010000027.1	40041	5c42bc20fce61fa90c1f83b2f2313570eb8c7251c532b7ee00b411adfbd881fe	linear	unplaced-scaffold	Chromosome	chromosome	3455901	52.466222122324616	0	0
GCF_054784775.1	NZ_BAAIHN010000028.1	36670	1fcb595b018c64a5c52568a6bddf6080ecd5a130235b06fa4dff16f619641b10	linear	unplaced-scaffold	Chromosome	chromosome	3455901	53.25334060539951	0	0
GCF_054784775.1	NZ_BAAIHN010000029.1	34730	9a024fc5b2bbf87ec3efd5adedd04c67de564d7ed480d968282c45fbd4ca40ad	linear	unplaced-scaffold	Chromosome	chromosome	3455901	51.405125251943566	0	0
GCF_054784775.1	NZ_BAAIHN010000030.1	34606	477f5b8f01e5c1c1aa4f753956175a50850f0476acb4088f4fd7311713647acf	linear	unplaced-scaffold	Chromosome	chromosome	3455901	53.872160896954284	0	0
GCF_054784775.1	NZ_BAAIHN010000031.1	33441	2a4199b1d6914e9f5e87c058b9cc113a31e737ac8c31f4b0ab475189d9c2d1a6	linear	unplaced-scaffold	Chromosome	chromosome	3455901	54.19395353009779	0	0
GCF_054784775.1	NZ_BAAIHN010000032.1	32984	cfd3664f28ffc5cfb34efbb4221749489eb0c184901bcc3dfd9141c1201f100e	linear	unplaced-scaffold	Chromosome	chromosome	3455901	55.71186029590104	0	0
GCF_054784775.1	NZ_BAAIHN010000033.1	30297	381206fad2a9a89171ae52ca39746cb556a9a6a689058c0b13b6d3679de3303a	linear	unplaced-scaffold	Chromosome	chromosome	3455901	52.52005149024656	0	0
GCF_054784775.1	NZ_BAAIHN010000034.1	29979	ba44568fcc3334420362d39afa9a7e7d69d9bcf3093b68a74a776619f540b187	linear	unplaced-scaffold	Chromosome	chromosome	3455901	51.99306180993362	0	0
GCF_054784775.1	NZ_BAAIHN010000035.1	28089	d0c9e688090e2c8a9f010cac166c864061792c8226eb3efec719ed079b193334	linear	unplaced-scaffold	Chromosome	chromosome	3455901	49.93413791875823	0	0
GCF_054784775.1	NZ_BAAIHN010000036.1	26319	d894917b03cedddd1e5efd63f425d2822335a24b0b9d72835a261394b5fa8f6f	linear	unplaced-scaffold	Chromosome	chromosome	3455901	43.656673885785935	0	0
GCF_054784775.1	NZ_BAAIHN010000037.1	25728	30ef9f70c848113391262deaed684d732a72abd1f2178479f5e6c0017b2fda18	linear	unplaced-scaffold	Chromosome	chromosome	3455901	54.41930970149254	0	0
GCF_054784775.1	NZ_BAAIHN010000038.1	22075	50026fc410a6cd72f3b251273da1aa6b53e6f3ce9b5ac16ad995d5e045bec020	linear	unplaced-scaffold	Chromosome	chromosome	3455901	50.45979614949037	0	0
GCF_054784775.1	NZ_BAAIHN010000039.1	21681	06d4e85b46ea60b28eb31baced487884df65f11c1250cadb6fa60da8ba7deee7	linear	unplaced-scaffold	Chromosome	chromosome	3455901	50.57884783912181	0	0
GCF_054784775.1	NZ_BAAIHN010000040.1	21365	3ee53dff98387342b2290668154cb391b603cf5770ce65471ddcdfea1747b877	linear	unplaced-scaffold	Chromosome	chromosome	3455901	55.46922536859349	0	0
GCF_054784775.1	NZ_BAAIHN010000041.1	20735	fe4188cca04d04314d7cfbee12a2d8fbc9a0022d4acbe2fbf5e062e1bcfadbe1	linear	unplaced-scaffold	Chromosome	chromosome	3455901	53.518205931999034	0	0
GCF_054784775.1	NZ_BAAIHN010000042.1	20095	d98c401f79061475003543cb9a6e98066aef9226d334da27ed9840bd9484a7ce	linear	unplaced-scaffold	Chromosome	chromosome	3455901	54.62055237621299	0	0
GCF_054784775.1	NZ_BAAIHN010000043.1	20069	3f57959aafebb126898dd3b961b92664aba2d1c95711d5794cdc27bce114212b	linear	unplaced-scaffold	Chromosome	chromosome	3455901	53.30111116647566	0	0
GCF_054784775.1	NZ_BAAIHN010000044.1	19443	126fd2de6f25fd3af448921df08de3db7e54e1c558f948c616b9d9fa1dcd869c	linear	unplaced-scaffold	Chromosome	chromosome	3455901	55.37725659620429	0	0
GCF_054784775.1	NZ_BAAIHN010000045.1	15402	39f9d4f6fe344fd4fd5b44c8091b21914553846275e4d753977465524c92f78e	linear	unplaced-scaffold	Chromosome	chromosome	3455901	50.87650954421504	0	0
GCF_054784775.1	NZ_BAAIHN010000046.1	15321	e44dcfe1eabdedf53eae4a974ddf14057f8d28df0acef0545fcd3c88237b7b42	linear	unplaced-scaffold	Chromosome	chromosome	3455901	47.44468376737811	0	0
GCF_054784775.1	NZ_BAAIHN010000047.1	15156	66028405835d75160c9148d59c648747304ddba099b6625e17c27fcfeee1964d	linear	unplaced-scaffold	Chromosome	chromosome	3455901	55.186064924782265	0	0
GCF_054784775.1	NZ_BAAIHN010000048.1	15124	072b322b81f242187445b1c75f2f4ee500c9019b52ea4e862dab4077108240d3	linear	unplaced-scaffold	Chromosome	chromosome	3455901	46.32372388257075	0	0
GCF_054784775.1	NZ_BAAIHN010000049.1	14063	6893de644ad8fd3e1571a458a2363221bd4a48ff7673944686c63d76a123c3f0	linear	unplaced-scaffold	Chromosome	chromosome	3455901	43.397568086468034	0	0
GCF_054784775.1	NZ_BAAIHN010000050.1	10987	2748622ef8e76942b9be4c9875c40a8a95cac2e459c31e6244a604d595b14671	linear	unplaced-scaffold	Chromosome	chromosome	3455901	49.94083917356876	0	0
GCF_054784775.1	NZ_BAAIHN010000051.1	10584	df086e6af1e64a468af05ff5e6de2f9d5c158697462020675ba4ed6c0d79ad44	linear	unplaced-scaffold	Chromosome	chromosome	3455901	55.34769463340892	0	0
GCF_054784775.1	NZ_BAAIHN010000052.1	10062	feb7dc205dc80e8674ea5463575f91176a74e6c233f480603cfd2e9732e8b3f0	linear	unplaced-scaffold	Chromosome	chromosome	3455901	55.635062611806795	0	0
GCF_054784775.1	NZ_BAAIHN010000053.1	10043	4dd6a9bdd533f3739b05bc57f012c90b01e9ea00890ca99a6ce18276a8c7278a	linear	unplaced-scaffold	Chromosome	chromosome	3455901	45.335059245245446	0	0
GCF_054784775.1	NZ_BAAIHN010000054.1	9642	a96323c2650bba5470716a87357b03836ecdf3da359962c070bf235843f1a058	linear	unplaced-scaffold	Chromosome	chromosome	3455901	47.25160755030077	0	0
GCF_054784775.1	NZ_BAAIHN010000055.1	9466	c04e5b9deb57c313d78facdc15c5fa5a58ffa5d47e5d2ca53b29474772e96500	linear	unplaced-scaffold	Chromosome	chromosome	3455901	51.658567504753854	0	0
GCF_054784775.1	NZ_BAAIHN010000056.1	9339	a13e2cd20a4254c7c58ecdcd0478c5b54f7aa86628c212d1b06ce2c9a6691e89	linear	unplaced-scaffold	Chromosome	chromosome	3455901	41.599743013170574	0	0
GCF_054784775.1	NZ_BAAIHN010000057.1	9035	a10b9981f35b7bc636399623cca77377bc69b431a40eeca05a3377fca8d910bf	linear	unplaced-scaffold	Chromosome	chromosome	3455901	49.684560044272274	0	0
GCF_054784775.1	NZ_BAAIHN010000058.1	8620	5fe7003e09208d980d0617596e2a666b1d6e288b2986b532c8d91dfd078c2b8e	linear	unplaced-scaffold	Chromosome	chromosome	3455901	53.39907192575406	0	0
GCF_054784775.1	NZ_BAAIHN010000059.1	8261	2484a16be6b2d230e7ee56ef0518f1ac76763744fe18ff71102561f3fab00742	linear	unplaced-scaffold	Chromosome	chromosome	3455901	35.588911754024934	0	0
GCF_054784775.1	NZ_BAAIHN010000060.1	7872	35c1630aac09610833b6170da82e210b580cb817f1f58439a34b840d66f4396b	linear	unplaced-scaffold	Chromosome	chromosome	3455901	54.611280487804876	0	0
GCF_054784775.1	NZ_BAAIHN010000061.1	6551	a0730b1642b2073736f344f27c3ecd2aa49fc53310bac70ea53a5f4c9d93e398	linear	unplaced-scaffold	Chromosome	chromosome	3455901	51.47305754846588	0	0
GCF_054784775.1	NZ_BAAIHN010000062.1	6047	b29a90ab7692317f6357a604c5208d5656905647b219fcf6ed7b37067ab9291b	linear	unplaced-scaffold	Chromosome	chromosome	3455901	43.49264097899785	0	0
GCF_054784775.1	NZ_BAAIHN010000063.1	5721	caf26e06234982e0105e3b0442499cd46bb9e7e6a43e2a04211a7e1d62528e0b	linear	unplaced-scaffold	Chromosome	chromosome	3455901	45.00961370389792	0	0
GCF_054784775.1	NZ_BAAIHN010000064.1	5658	e40bf48eabd10689397f683440ce6afc8d58229cd0138a248907613e726668e6	linear	unplaced-scaffold	Chromosome	chromosome	3455901	50.653941322021915	0	0
GCF_054784775.1	NZ_BAAIHN010000065.1	5606	58f99c49bc36ec36e0983c584d62605b857fd5d2d8d955aaf81d203a9bcfa20d	linear	unplaced-scaffold	Chromosome	chromosome	3455901	56.154120585087405	0	0
GCF_054784775.1	NZ_BAAIHN010000066.1	5166	b19e2c93c7da0c0a2a5ccba3554f773536c5046d2016d332a7e66ec0b22e029d	linear	unplaced-scaffold	Chromosome	chromosome	3455901	50.547633808638146	327	327
GCF_054784775.1	NZ_BAAIHN010000067.1	5093	90d3aacb4d8a9d3241243ba6383491fc706361e985fba1cbf6121515e2eb1743	linear	unplaced-scaffold	Chromosome	chromosome	3455901	47.22167681130964	0	0
GCF_054784775.1	NZ_BAAIHN010000068.1	4701	b9a2fab7e1277df3c49510580a848c679a0a6cf9c7ee36a4db846bb455d8cf5a	linear	unplaced-scaffold	Chromosome	chromosome	3455901	46.500744522442034	0	0
GCF_054784775.1	NZ_BAAIHN010000069.1	3882	ff6e4f474764db3d12adec22d179bfb6bfb5ac65019ee8c7190009eacfb99a6a	linear	unplaced-scaffold	Chromosome	chromosome	3455901	52.421432251416796	0	0
GCF_054784775.1	NZ_BAAIHN010000070.1	3261	1a15ffc65fd378c88c7a4e1285bae025155e2d8927178bb21e6155bbc67f25f9	linear	unplaced-scaffold	Chromosome	chromosome	3455901	52.40723704385158	0	0
GCF_054784775.1	NZ_BAAIHN010000071.1	3214	b319ae6d4bdfca09e746c1f657ea92b3d6db7becfb7590c728f563673fa8f07d	linear	unplaced-scaffold	Chromosome	chromosome	3455901	45.55071561916615	0	0
GCF_054784775.1	NZ_BAAIHN010000072.1	3134	0d698cf5a07ab0ab23c64898ba65b597f560d1759031dd780f1b6d785ea71fb7	linear	unplaced-scaffold	Chromosome	chromosome	3455901	51.02105934907466	0	0
GCF_054784775.1	NZ_BAAIHN010000073.1	2663	472537fd9224956e115b9fe49560c6fa36c21bc2a9b51b857b2bcd4517a40e00	linear	unplaced-scaffold	Chromosome	chromosome	3455901	42.80886218550507	0	0
GCF_054784775.1	NZ_BAAIHN010000074.1	2464	41efca67b894c14be82d18e76e40ddb2bbacc4793a3081d508f712da18065e59	linear	unplaced-scaffold	Chromosome	chromosome	3455901	44.23701298701299	0	0
GCF_054784775.1	NZ_BAAIHN010000075.1	2314	1c7ddaa21f14a534ae82b8d4b83d57d99bff48641b9a566b3e2d94a8cfd2c591	linear	unplaced-scaffold	Chromosome	chromosome	3455901	39.36905790838375	0	0
GCF_054784775.1	NZ_BAAIHN010000076.1	1885	f2f66ccc42daa449ad09af3fea8f6327a74f622be2f1a7ff21cc5303d4745c0c	linear	unplaced-scaffold	Chromosome	chromosome	3455901	47.95755968169761	0	0
GCF_054784775.1	NZ_BAAIHN010000077.1	1409	1fe7b1fd587e9bbf7d8e7e0e43b45921b0025e3b8124215e9b58ca63988f24fa	linear	unplaced-scaffold	Chromosome	chromosome	3455901	52.30660042583393	0	0
GCF_054784775.1	NZ_BAAIHN010000078.1	1351	6d648173c154d722dba2ba193c21918b5818bf014559cf67ad6f16ba1f5134bd	linear	unplaced-scaffold	Chromosome	chromosome	3455901	40.56254626202813	0	0
GCF_054784775.1	NZ_BAAIHN010000079.1	1312	935a52684f9c1ddfc84795904a2a2e05a637f0fef8f7887dd56ee3011cbdf4ee	linear	unplaced-scaffold	Chromosome	chromosome	3455901	40.548780487804876	0	0
GCF_054784775.1	NZ_BAAIHN010000080.1	1252	85e2b596e5cb0b3bb4f45db532b955f5bc6e3f70fcec129dc94228516c0ae132	linear	unplaced-scaffold	Chromosome	chromosome	3455901	46.246006389776355	0	0
GCF_054784775.1	NZ_BAAIHN010000081.1	1240	715c111e6db7cbe6566dd571fdf8f6d46915ebfd2ce9f379475fef1dcfa60701	linear	unplaced-scaffold	Chromosome	chromosome	3455901	46.854838709677416	0	0
GCF_054784775.1	NZ_BAAIHN010000082.1	1205	02a4aae6dcb246f93f858bbbda083408cac917f9e354c56f020b5167db4567ea	linear	unplaced-scaffold	Chromosome	chromosome	3455901	53.69294605809129	0	0
GCF_054784775.1	NZ_BAAIHN010000083.1	1168	693e0a932bed1ab69d132be91e0e547ae2f1d3304b36b7ed2d2afa54a120bb63	linear	unplaced-scaffold	Chromosome	chromosome	3455901	54.195205479452056	0	0
GCF_054784775.1	NZ_BAAIHN010000084.1	1156	9aeb5c67861795b63d5f1eaab94bc9ecda2c2c1498708760b17fc430a64caea6	linear	unplaced-scaffold	Chromosome	chromosome	3455901	45.155709342560556	0	0
GCF_054784775.1	NZ_BAAIHN010000085.1	1114	d0510333d9b89efc38beec802e1d6fdc1535de0dc61c3edee34d054cfded5162	linear	unplaced-scaffold	Chromosome	chromosome	3455901	51.974865350089765	0	0
GCF_054784775.1	NZ_BAAIHN010000086.1	1101	da018f21ef340225a9717a9b28a5fa55ff56f89b2f5a6577b997a61e6d7cfb0f	linear	unplaced-scaffold	Chromosome	chromosome	3455901	50.04541326067211	0	0
GCF_054785075.1	NZ_BAAGBJ010000001.1	552578	b39a3cd383e691df5fce3f73c60038c7420224fd7e6301ffd20afbf7e4472c29	linear	unplaced-scaffold	Chromosome	chromosome	3373076	60.87303511902392	0	0
GCF_054785075.1	NZ_BAAGBJ010000002.1	257119	dbeaa0d36f2267ead55fd98e38b663b8a72f5150fd2c1304fb879337b895419b	linear	unplaced-scaffold	Chromosome	chromosome	3373076	61.616216615652675	0	0
GCF_054785075.1	NZ_BAAGBJ010000003.1	244185	bed122bc3c7e1a3b6d014c2ff42c7ab36801d048c658080bf88cb5f63a1b5ab1	linear	unplaced-scaffold	Chromosome	chromosome	3373076	62.21594283023118	0	0
GCF_054785075.1	NZ_BAAGBJ010000004.1	216036	2acd843295d44cbfbc82dac8a91dd7894116bb1b36382c35173c73d1f24032e5	linear	unplaced-scaffold	Chromosome	chromosome	3373076	62.35025643874169	0	0
GCF_054785075.1	NZ_BAAGBJ010000005.1	201880	64cfb7ceb76f5295c980db505a2e63619d125f646a4b00bcbe7311ee697ecbae	linear	unplaced-scaffold	Chromosome	chromosome	3373076	62.35040618189023	0	0
GCF_054785075.1	NZ_BAAGBJ010000006.1	179098	7db963165fb8180b2170f50698edcfbc9a3c7485c348b0e59e14a72d161cf91c	linear	unplaced-scaffold	Chromosome	chromosome	3373076	61.75725022054964	0	0
GCF_054785075.1	NZ_BAAGBJ010000007.1	175004	d1b79b1bb4c7b52e48c8307b6a298ca77ffd6111baa81e8a6126b4b0bcfcd78d	linear	unplaced-scaffold	Chromosome	chromosome	3373076	62.61171173230326	0	0
GCF_054785075.1	NZ_BAAGBJ010000008.1	124294	153f6726bab089638acbf31755d39024b342ae12ecffbdd9fa5daab06d794ecb	linear	unplaced-scaffold	Chromosome	chromosome	3373076	58.04222247252482	0	0
GCF_054785075.1	NZ_BAAGBJ010000009.1	120293	7c4acb44cb40189b5e5e372abf9d190431407f6e15a4ad955cb78c6ff9ad9c4e	linear	unplaced-scaffold	Chromosome	chromosome	3373076	62.61877249715278	0	0
GCF_054785075.1	NZ_BAAGBJ010000010.1	105393	17f75803091855f646f76570fdc37a689f908738cc428be74da6a8c44a6e7527	linear	unplaced-scaffold	Chromosome	chromosome	3373076	62.14928885220081	0	0
GCF_054785075.1	NZ_BAAGBJ010000011.1	78501	60cf26182259bc0f8208a24c832a75457042602f16ee2fa9e841322bddc4b4b8	linear	unplaced-scaffold	Chromosome	chromosome	3373076	62.66926535967695	0	0
GCF_054785075.1	NZ_BAAGBJ010000012.1	77218	26b7b74fb103a94bf1de81e9c00af218bad30f9fde51d8338229323be713ad4d	linear	unplaced-scaffold	Chromosome	chromosome	3373076	58.74019011111399	0	0
GCF_054785075.1	NZ_BAAGBJ010000013.1	77008	8716482cc4a5feb9c48404f31985722fb17654ce36edd8de99bda2de243de487	linear	unplaced-scaffold	Chromosome	chromosome	3373076	62.11432578433409	0	0
GCF_054785075.1	NZ_BAAGBJ010000014.1	72112	b42f614906011d93326f619dfb3bd8a86a7627b5289584cc8d4eb91c55565c51	linear	unplaced-scaffold	Chromosome	chromosome	3373076	63.154537386288	0	0
GCF_054785075.1	NZ_BAAGBJ010000015.1	52512	242df130048e3759a51a01e209b8c23d6d772a6e3d258ba552cfb1de505a313f	linear	unplaced-scaffold	Chromosome	chromosome	3373076	61.02224253503961	0	0
GCF_054785075.1	NZ_BAAGBJ010000016.1	48689	f564a2a4d23a2ce912d744afb0b95a4d145d6c7128ba4023841ec6bb2ee633e9	linear	unplaced-scaffold	Chromosome	chromosome	3373076	51.32576146562879	0	0
GCF_054785075.1	NZ_BAAGBJ010000017.1	47508	0c8094f1a485ed7fa4a1529b528856d43dc6cf467fa4dd0c27484e830eb6e670	linear	unplaced-scaffold	Chromosome	chromosome	3373076	64.12183211248632	0	0
GCF_054785075.1	NZ_BAAGBJ010000018.1	38275	0eaf86077574f45182f722e7e3064fc319a4900d1e1f2be34673bb95d71175d3	linear	unplaced-scaffold	Chromosome	chromosome	3373076	61.07380796864794	0	0
GCF_054785075.1	NZ_BAAGBJ010000019.1	35933	aedbc67201a40cec17a03f656e02a74bf896c755226f1208e09dda428484c4d8	linear	unplaced-scaffold	Chromosome	chromosome	3373076	63.081290178944144	0	0
GCF_054785075.1	NZ_BAAGBJ010000020.1	26713	8fa69242993b6d80e3386d689f366ca9f5bc65f7a25b4887925068919864412b	linear	unplaced-scaffold	Chromosome	chromosome	3373076	62.43027739302961	0	0
GCF_054785075.1	NZ_BAAGBJ010000021.1	20211	bf7d4609f4467afa3b26723d649f9bcff48e6569ecbc95785e940015450734a4	linear	unplaced-scaffold	Chromosome	chromosome	3373076	59.210331007867005	0	0
GCF_054785075.1	NZ_BAAGBJ010000022.1	11814	cc4b65c3d128b19ccde72b8d38c8c8079d41d236eb2ec45a1ac5cba855289b26	linear	unplaced-scaffold	Chromosome	chromosome	3373076	60.919248349415945	0	0
GCF_054785075.1	NZ_BAAGBJ010000023.1	9912	f5d9a51832099725f604a53cdf5c1f9a4a5a1f37f2fb2ed4dd7c838a23cb2fe8	linear	unplaced-scaffold	Chromosome	chromosome	3373076	59.01937046004843	0	0
GCF_054785075.1	NZ_BAAGBJ010000024.1	9660	c4d8ae88f3cb51fc5ee32fb7be7b1206e8a2f4a53b8414cdbd4d3b2e6c983801	linear	unplaced-scaffold	Chromosome	chromosome	3373076	57.5879917184265	0	0
GCF_054785075.1	NZ_BAAGBJ010000025.1	6644	439cc05b3c1643be0219391343b305308f887ea516d3b5dab30f36357c593384	linear	unplaced-scaffold	Chromosome	chromosome	3373076	57.73630343166767	0	0
GCF_054785075.1	NZ_BAAGBJ010000026.1	5973	1648fd8c0e1fc28de845060990e26f11b06977b8c565b14f5b3c367a122cf60f	linear	unplaced-scaffold	Chromosome	chromosome	3373076	44.332831073162566	0	0
GCF_054785075.1	NZ_BAAGBJ010000027.1	5947	6ad0344467b9359f8e679ff1261ee38ecef40d5f82b68319b691f1c818ca0e44	linear	unplaced-scaffold	Chromosome	chromosome	3373076	44.324869682192706	0	0
GCF_054785075.1	NZ_BAAGBJ010000028.1	5922	05ac6f3af71b72393f2ac1a50a4636bf01b665960c687eec7675774f16249ca2	linear	unplaced-scaffold	Chromosome	chromosome	3373076	44.34312732185072	0	0
GCF_054785075.1	NZ_BAAGBJ010000029.1	5324	8e89a327008c782c039a298919cfd946c4891fab1d820c370c558dc11ae1eaee	linear	unplaced-scaffold	Chromosome	chromosome	3373076	51.80327868852459	444	444
GCF_054785075.1	NZ_BAAGBJ010000030.1	5029	43424284e6abdc956273870c10d7aaaea5dd793779e992a3117e68f3ee59ec05	linear	unplaced-scaffold	Chromosome	chromosome	3373076	61.06581825412607	0	0
GCF_054785075.1	NZ_BAAGBJ010000031.1	2633	b0f4cfa3480a443663c3b4177822288289c19464b67c3b9e484c5f11ec1532c2	linear	unplaced-scaffold	Chromosome	chromosome	3373076	41.32168628940372	0	0
GCF_054785075.1	NZ_BAAGBJ010000032.1	2234	39077e9978784c902b9a2693c0058f34af17063d2d8b40894331dbd9ee82a813	linear	unplaced-scaffold	Chromosome	chromosome	3373076	40.46553267681289	0	0
GCF_054785075.1	NZ_BAAGBJ010000033.1	1502	0b7071a06195bffe737ffa4976ff0fd2112d97218e8b7b96be6205fc82d30ecf	linear	unplaced-scaffold	Chromosome	chromosome	3373076	48.26897470039947	0	0
GCF_054785075.1	NZ_BAAGBJ010000034.1	1431	c253ac4b6c1ea4d6134f7db5b8e27bd6bf76f73e7d557aa662eaaaa0417a2e84	linear	unplaced-scaffold	Chromosome	chromosome	3373076	46.121593291404615	0	0
GCF_054785075.1	NZ_BAAGBJ010000035.1	1316	5888c5fee984aac888d977863250ea7df6ca632095beec294edc5a98fe4b87c4	linear	unplaced-scaffold	Chromosome	chromosome	3373076	44.680851063829785	0	0
GCF_054785075.1	NZ_BAAGBJ010000036.1	1282	77c1054ea47d705f2865639149750610943b8865c2e2518bd989ccb370ef8abb	linear	unplaced-scaffold	Chromosome	chromosome	3373076	42.27769110764431	0	0
GCF_054785075.1	NZ_BAAGBJ010000037.1	1126	3cc90df9d86165d77f75f004d366c41ff82e9f88ba0c4d58d0b7dace821fe788	linear	unplaced-scaffold	Chromosome	chromosome	3373076	54.4404973357016	0	0
GCF_055180435.1	NZ_CM143694.1	2552831	f2524e969b3889b8a6380b386580ca5f3ea7e45972d9826f1eb2ee867c3d75e5	circular	assembled-molecule	Chromosome	chromosome	1359	35.696056652398845	0	0
GCF_055180435.1	NZ_JBUPYE010000002.1	70577	6cc98118f577d3e75694a0cc2d79de402fa21c410121e38f0b644c3a8f35bce6	circular	assembled-molecule	Plasmid	pFAM17886_1	1359	32.87898323816541	0	0
GCF_055180435.1	NZ_JBUPYE010000003.1	46611	88de428c6bcc28c23296cf0f32093625359d4a3f43a48a7eb886ca61b6beeb83	circular	assembled-molecule	Plasmid	pFAM17886_2	1359	32.92999506554247	0	0
GCF_055180435.1	NZ_JBUPYE010000004.1	37934	aa5735d44cf0dd2c72105fec2d7c06ac60a4641b6f7191747f4b2ac987a58746	circular	assembled-molecule	Plasmid	pFAM17886_3	1359	32.680444983392206	0	0
GCF_055180435.1	NZ_JBUPYE010000005.1	29699	e9bd4d06bb4d19ec6ddf5798ec35de9187be9c46961907ccb4f7e5f0ad47cf21	circular	assembled-molecule	Plasmid	pFAM17886_4	1359	32.846223778578405	0	0
GCF_055180435.1	NZ_JBUPYE010000006.1	23884	904d42b1099101926997acc74da05bfe3a20452942d3b5b76235b03511ca05cd	circular	assembled-molecule	Plasmid	pFAM17886_5	1359	36.71495561882432	0	0
GCF_055180435.1	NZ_JBUPYE010000007.1	14867	607a05eb0311e8861dc4c74569b93a22a606d5ac6bbd2cb2c47026128ba8136c	circular	assembled-molecule	Plasmid	pFAM17886_6	1359	32.23246115557947	0	0
GCF_055180435.1	NZ_JBUPYE010000008.1	9106	945080001e4695bf835a05ae1ec98c042531a75b9eeb39829b778cbef44a2c7a	circular	assembled-molecule	Plasmid	pFAM17886_7	1359	34.83417526905337	0	0
GCF_055180435.1	NZ_JBUPYE010000009.1	2510	abe64c6559ffbba6167794416c8dd62f174c025e59d5837375a9fd51c8b7fae6	circular	assembled-molecule	Plasmid	pFAM17886_8	1359	34.14342629482072	0	0
GCF_055502585.1	NZ_CM145187.1	1990324	d6ae66ec47555d8d690292bf08415ee95752a2d0f21e9806183bfba510553f88	circular	assembled-molecule	Chromosome	chromosome	237446	37.504245539922145	0	0
GCF_055502585.1	NZ_JBUQCW010000002.1	9031	95aa826ec74cda6f9a0dffae326445ead03ee0835af67e68862e364c97be229f	circular	assembled-molecule	Plasmid	pPLL01	237446	37.3269848300299	0	0
GCF_055755075.1	NZ_CM146902.1	1838212	28b7784322498faa9a78735b65be2315f3f12ac55403075c494a6859592722b8	circular	assembled-molecule	Chromosome	chromosome	1255	37.27513475050756	0	0
GCF_055755075.1	NZ_JBVTTH010000002.1	30540	c8bd0fb0def67b231f183e5505680ce3eba883890effb91b9bafaee77cc079e5	circular	assembled-molecule	Plasmid	p_1	1255	38.84413883431565	0	0
GCF_055755075.1	NZ_JBVTTH010000003.1	11909	dbf6696634aebe75869e29e2b345cb0202a51092234141c970f8f6d1721ac365	circular	assembled-molecule	Plasmid	p_2	1255	35.40179696028214	0	0
GCF_055755075.1	NZ_JBVTTH010000004.1	10706	cc5cad7796ab32045298ca468f189335259384651b00e1a2687c050c2e7fee3f	circular	assembled-molecule	Plasmid	p_3	1255	34.513356996076965	0	0
GCF_055755075.1	NZ_JBVTTH010000005.1	2271	a17592d3561e3454ed94d71c417fbdd7c738ccff0b816c4b95e50447e29503ed	circular	assembled-molecule	Plasmid	p_4	1255	36.5477763099956	0	0
GCF_056269605.1	NZ_CM149855.1	1829878	58ae9b960b852eedc3c4ea1304d4ff3f301e52ef73b6e9e45465a432df66d3ee	circular	assembled-molecule	Chromosome	chromosome	1308	39.03211033741047	0	0
GCF_056676095.1	NZ_CM155240.1	2110231	633aac0f67f932c1ba069f2d9c09ac8fd5562eb85fa28390078e98f76bde86f3	circular	assembled-molecule	Chromosome	chromosome	97478	46.90206901519312	0	0
GCF_056676095.1	NZ_JBWWDC010000002.1	73237	0927213349d78a8c770e331c096430848dee590263c9ed6d48da8871419607c9	circular	assembled-molecule	Plasmid	punname1	97478	42.88133047503311	0	0
GCF_057786735.1	NZ_CM173528.1	1853935	968901ae38cfafc07f93b610d9d0e1cd89be82ebe9559e4e9b12827dcc9b0f36	circular	assembled-molecule	Chromosome	chromosome	1308	39.28001790785545	0	0
GCF_058111805.1	NZ_CM176611.1	2085249	15f5e343619454c72512a0c36efa263c698a286a312d6b9a3a8ea3f7e91e1ae6	circular	assembled-molecule	Chromosome	chromosome	1511761	37.22735270464103	0	0
GCF_058111805.1	NZ_JBYPYZ010000002.1	32044	562b9ec0c167fa1beb749a1defd39e8407beac25955de0a60bdd6d1f322106f5	circular	assembled-molecule	Plasmid	unnamed1	1511761	30.570465609786545	0	0
GCF_058111805.1	NZ_JBYPYZ010000003.1	30584	452f0b4fc55e59a57cf3a0b1627795866cfcfa1de6a0f79d41a1bf00fe344a6d	circular	assembled-molecule	Plasmid	unnamed2	1511761	32.99437614438922	0	0
GCF_059089415.1	NZ_CM181001.1	707088	4a4f728a8df5a5bc6ac586115e9791d0cbf9ad5b96f818322410fb3200a28f79	circular	assembled-molecule	Chromosome	1	1254	41.22103613694477	0	0
GCF_059089415.1	NZ_CM181002.1	473689	2a3c0776ea0be739ffedf236d8fe117f0240fac3bac39b027a8f0cb5957c8fe1	circular	assembled-molecule	Chromosome	2	1254	42.105474266871305	0	0
GCF_059089415.1	NZ_CM181003.1	399074	d163939627f172d6399ed59e4554803f981ee5b00ab97717c3f34a0eec651dcc	circular	assembled-molecule	Chromosome	3	1254	42.72616106286052	0	0
GCF_059089415.1	NZ_CM181004.1	313001	8625c1eb9217223f3a2e4634951e299d72a27b039582446bedd1e7892603009c	circular	assembled-molecule	Chromosome	4	1254	42.92478298791378	0	0
GCF_059089415.1	NZ_CM181005.1	136876	1ee6c71f105750eb11aabc764792a0d4bebea9575ba046aa09c7588df9ec7fa4	circular	assembled-molecule	Chromosome	5	1254	41.92334667874572	0	0
GCF_059089415.1	NZ_CM181006.1	41630	e7e10585b66acd3a8af39bdf049db8c3dab73e8af5275b361c68bf60c43e18a8	circular	assembled-molecule	Chromosome	6	1254	43.43982704780207	0	0
GCF_059089415.1	NZ_CM181007.1	9478	9e4fffe613f73e5d659f0db03706d8ab85ba26ceec805d27754a19c6667b47e2	circular	assembled-molecule	Chromosome	7	1254	44.51361046634311	0	0
GCF_059089415.1	NZ_CM181008.1	3292	98108a794c57fbf18a68c01745392de4a384b3eb07a68c4313256ee801737821	circular	assembled-molecule	Chromosome	8	1254	49.848116646415555	0	0
GCF_059089415.1	NZ_CM181009.1	1791	227c801f841dedb484470ab4fcda4262d96143ffb0f5e1242b604785c5bc09e2	circular	assembled-molecule	Chromosome	9	1254	49.804578447794526	0	0
GCF_059089415.1	NZ_CM181010.1	513	5072b6d52c8a79a9c3e61479f6c19f6fcb726e3b348fdaba0cc10ad399bc4f66	circular	assembled-molecule	Chromosome	10	1254	44.2495126705653	0	0
GCF_059089415.1	NZ_CM181011.1	327	f5680f72a4006acee51935d223eb1605e5f8db205d80ab9a46b3cfb23797fb4a	circular	assembled-molecule	Chromosome	11	1254	45.56574923547401	0	0
GCF_060305805.1	NZ_CP162855.1	2450530	11d07d48a3e7cce178ad58ef07eb65127639e9e1a820402d516c8f9dc27829f2	circular	assembled-molecule	Chromosome	chromosome	1358	35.10514052062207	0	0
GCF_060305805.1	NZ_CP162856.1	85938	00b7aa0ada6b531f22ca7e8836b549364faca4b7b7fe63bcc9d104785e56599f	circular	assembled-molecule	Plasmid	ps9.ctg000010c	1358	35.468593637273386	0	0
GCF_060307215.1	NZ_CP162857.1	2450530	11d07d48a3e7cce178ad58ef07eb65127639e9e1a820402d516c8f9dc27829f2	circular	assembled-molecule	Chromosome	chromosome	1358	35.10514052062207	0	0
GCF_060307215.1	NZ_CP162858.1	85938	00b7aa0ada6b531f22ca7e8836b549364faca4b7b7fe63bcc9d104785e56599f	circular	assembled-molecule	Plasmid	ps2.ctg000003c	1358	35.468593637273386	0	0
GCF_900016205.1	NZ_FBTU01000029.1	13045	8b02d65ffb9b5c0d0735e08f02d5d96eab60124f7b36cf6ad840988258c5effe	linear	unplaced-scaffold	Chromosome	chromosome	178001	28.80030663089306	0	0
GCF_900016205.1	NZ_FBTU01000028.1	97688	5dba5b7634fcdab04a568d6ec90e51111096f872bba645dc9634befc4c23da3e	linear	unplaced-scaffold	Chromosome	chromosome	178001	38.15393435574029	10	10
GCF_900016205.1	NZ_FBTU01000026.1	127837	50e3778d6d1266f78a4a457f160daa71a0f5a657b59de7e0e77f8ae33d29027b	linear	unplaced-scaffold	Chromosome	chromosome	178001	36.191884343683256	10	10
GCF_900016205.1	NZ_FBTU01000025.1	59951	aa37d297eb0c62138144bde994d2421dbdb8e642cc3056ab7360b8a7df44842a	linear	unplaced-scaffold	Chromosome	chromosome	178001	36.45643942553085	0	0
GCF_900016205.1	NZ_FBTU01000024.1	296352	722f16cd0f5b74d96b1379512a2658559d65681be1bf494bd23665401a0a3fa8	linear	unplaced-scaffold	Chromosome	chromosome	178001	36.85718334953029	0	0
GCF_900016205.1	NZ_FBTU01000023.1	30941	105164aab7baa93a23ca82d22bbe5289d5f852dc44359998f44267a855ba230d	linear	unplaced-scaffold	Chromosome	chromosome	178001	37.50363595229631	0	0
GCF_900016205.1	NZ_FBTU01000007.1	79712	ea2948aea1555b119d14602fb2d9edc63380cca52bcaed3feee85478b3d3a199	linear	unplaced-scaffold	Chromosome	chromosome	178001	35.928834910039896	10	10
GCF_900016205.1	NZ_FBTU01000014.1	32709	b2f6ff1e064bf1da1d7c1e2927fa12fd6577ea0a0cf0ccedbae892c6e35b60d4	linear	unplaced-scaffold	Chromosome	chromosome	178001	33.79192271240331	0	0
GCF_900016205.1	NZ_FBTU01000005.1	50158	3511b3612611766c5999d185d02c3a18bd2ae539e3c8b019333b89211730d43d	linear	unplaced-scaffold	Chromosome	chromosome	178001	36.65417281390805	0	0
GCF_900016205.1	NZ_FBTU01000018.1	32362	b186a41be4821c65a792f210df9572e807f2cbea9b1c820b6a005bf72c7b80ff	linear	unplaced-scaffold	Chromosome	chromosome	178001	37.330820097645386	0	0
GCF_900016205.1	NZ_FBTU01000015.1	15850	214b6ec7f4fbcefaad0b938e6dd3e5a62b308e65faf53f6882d77a9568ec4c73	linear	unplaced-scaffold	Chromosome	chromosome	178001	35.54574132492114	0	0
GCF_900016205.1	NZ_FBTU01000010.1	34983	4967c2c2a017abd120ddca31c7992562856ee4cbe0b1473de3bad31c3eb67eb7	linear	unplaced-scaffold	Chromosome	chromosome	178001	36.975102192493495	0	0
GCF_900016205.1	NZ_FBTU01000022.1	62354	19c695591ab3da567ba62ed04f955e3ba522821904ebcac5a1ff0f7a2f59cc08	linear	unplaced-scaffold	Chromosome	chromosome	178001	35.9191070340315	0	0
GCF_900016205.1	NZ_FBTU01000004.1	16076	70a5a844d96ce7d22505f0fa1cd0819c8624f20c4081ea5522aa2fcb9b4cd8a2	linear	unplaced-scaffold	Chromosome	chromosome	178001	36.09728788255785	0	0
GCF_900016205.1	NZ_FBTU01000008.1	16225	beff602c5fcc3289deae1850453d3a0c07578e2e305ca0c59cb4f0929f066592	linear	unplaced-scaffold	Chromosome	chromosome	178001	37.02927580893682	0	0
GCF_900016205.1	NZ_FBTU01000012.1	38924	ff7129c4f84cc9dfc58295fdacac420b3e167ea26017d8b00044e7afc9abe5d5	linear	unplaced-scaffold	Chromosome	chromosome	178001	35.407460692631794	0	0
GCF_900016205.1	NZ_FBTU01000003.1	16517	91e9c52a3ff271bca6cf466827ff610120f1158ebe53d6c01b851153474823c2	linear	unplaced-scaffold	Chromosome	chromosome	178001	39.43210026033783	0	0
GCF_900016205.1	NZ_FBTU01000002.1	20455	fe8576dfac5247508a4f76755d913bf8d1720fb28a0c76597c4933ba791a4aad	linear	unplaced-scaffold	Chromosome	chromosome	178001	36.94451234417013	0	0
GCF_900016205.1	NZ_FBTU01000001.1	114693	c636e2a156fb2cc5b5c073b278740ea8e62bde1dc538f542547ddcb56382bdbf	linear	unplaced-scaffold	Chromosome	chromosome	178001	35.31863322085916	0	0
GCF_900016205.1	NZ_FBTU01000027.1	1413	ea6483dc441a541db51f7c3a92e0ef4769d7d513d1a7c78bd070e91338709988	linear	unplaced-scaffold	Chromosome	chromosome	178001	38.78273177636235	0	0
GCF_900016205.1	NZ_FBTU01000011.1	16091	f68fec1456be09d229f94cd3ebcff9ce9a3b6020217b1c526b54fec5fe018cbc	linear	unplaced-scaffold	Chromosome	chromosome	178001	33.18003853085576	0	0
GCF_900016205.1	NZ_FBTU01000006.1	99210	aa50cc60b3022ee407a889910e2ecc56b15d9f360c51af5926fcd5717325bbc2	linear	unplaced-scaffold	Chromosome	chromosome	178001	36.51648019352888	0	0
GCF_900016205.1	NZ_FBTU01000013.1	97355	2d8d6494fcf1d0ed273c0639e6465effb67971138c8d1f5e408e3a7761b8d77c	linear	unplaced-scaffold	Chromosome	chromosome	178001	36.79831544348005	0	0
GCF_900016205.1	NZ_FBTU01000009.1	11108	88f19528cc47033564d8a56cbaa067fb05852e14a9622afc415b12b09dfa6a36	linear	unplaced-scaffold	Chromosome	chromosome	178001	37.71155923658625	0	0
GCF_900016205.1	NZ_FBTU01000017.1	282624	db77019684487ef2b61bdcb343a72190d357a8be5970ca9e6f3a5bf33a98ede8	linear	unplaced-scaffold	Chromosome	chromosome	178001	36.91193953804348	0	0
GCF_900016205.1	NZ_FBTU01000020.1	137311	a33d54c7d6d9881cfa26f6fa822c277df0ebcdf8deab9591f6e98f7908acd757	linear	unplaced-scaffold	Chromosome	chromosome	178001	36.779047494191595	10	10
GCF_900016205.1	NZ_FBTU01000016.1	198911	6786b6bcf955bdf98aeb0413302b8b63748b3dfcb992004c87eac40a817285ff	linear	unplaced-scaffold	Chromosome	chromosome	178001	36.08096083172876	0	0
GCF_900016205.1	NZ_FBTU01000019.1	52723	affadd9621ca2da435f41a7781f6ee51acad144d04cc35660a32cf76f6cb83ce	linear	unplaced-scaffold	Chromosome	chromosome	178001	38.49932666957495	0	0
GCF_900016205.1	NZ_FBTU01000021.1	4523	c48451551da305f09d5d1ffb9c4722a9f79700f059f58cfa3fed09ff3c6c0439	linear	unplaced-scaffold	Chromosome	chromosome	178001	39.95135971700199	0	0
GCF_900094835.1	NZ_FMAO01000027.1	2952	92c361c3c140a78fd3b0f65aac112a9f6a75786f39ce5ffc222dfd973b8e08ef	linear	unplaced-scaffold	Chromosome	chromosome	1505725	35.97560975609756	0	0
GCF_900094835.1	NZ_FMAO01000025.1	5452	a3c5d1a44e2b000f64b85f2a4ac2d1573803207d0b59588362ce76d8c9bf85df	linear	unplaced-scaffold	Chromosome	chromosome	1505725	35.41819515774028	0	0
GCF_900094835.1	NZ_FMAO01000026.1	4858	eb890a248c139ab3cd93820cf18b76b1fa1a2745bb358074e02f1038ec7709ab	linear	unplaced-scaffold	Chromosome	chromosome	1505725	36.2289007822149	0	0
GCF_900094835.1	NZ_FMAO01000024.1	5800	05372f6a09c7c39f0b4ffa3daa2fd5aba1b8193d7dc5978a84895bdd58236c60	linear	unplaced-scaffold	Chromosome	chromosome	1505725	33.172413793103445	0	0
GCF_900094835.1	NZ_FMAO01000010.1	66482	3a54aae7247f897af6a8653017738de9cb29a5cbeeca6f2a4c5b17f040c634fd	linear	unplaced-scaffold	Chromosome	chromosome	1505725	37.399596883366925	0	0
GCF_900094835.1	NZ_FMAO01000007.1	95153	358135adf90ee9fb7485d3dcf134c12309ff9e32a49bf709af8a9c82eaa97a4d	linear	unplaced-scaffold	Chromosome	chromosome	1505725	36.66095656469055	0	0
GCF_900094835.1	NZ_FMAO01000015.1	27643	8f0f7fe379f6662a603558d1278c65f69f6f2572399e29a98baa1d18f50f683b	linear	unplaced-scaffold	Chromosome	chromosome	1505725	38.00600513692436	0	0
GCF_900094835.1	NZ_FMAO01000029.1	1866	4a44d9ff78521d13f0a744d3b8c957baad5751b808fc03f661fd6dec722f0bec	linear	unplaced-scaffold	Chromosome	chromosome	1505725	31.564844587352624	0	0
GCF_900094835.1	NZ_FMAO01000017.1	25689	39ce9486c4da5a911c31fcb439a373ac5aee7a1969fa12df1f2f0b2784f5ca1d	linear	unplaced-scaffold	Chromosome	chromosome	1505725	37.82163571956869	0	0
GCF_900094835.1	NZ_FMAO01000005.1	114246	24cfd0813f07ad20ff40c92f09d6fff8e5f72dbacd5e14557be563fb03ea5ebe	linear	unplaced-scaffold	Chromosome	chromosome	1505725	37.60131645746897	0	0
GCF_900094835.1	NZ_FMAO01000023.1	6575	b0c8757bc28db4f362d9fb0974f6858fb65259df2c4becfd9682f7abdfee20f8	linear	unplaced-scaffold	Chromosome	chromosome	1505725	36.01520912547529	0	0
GCF_900094835.1	NZ_FMAO01000009.1	68741	4b5daba7c28ef1ff6c95054c0e31504532cd450a05009d22e16ed100a37c0836	linear	unplaced-scaffold	Chromosome	chromosome	1505725	35.75013456307008	0	0
GCF_900094835.1	NZ_FMAO01000003.1	129516	b333a3eb73563ec3ddfd7e546a20c04a08de173cf521bf6a8ad218ec5789c2fb	linear	unplaced-scaffold	Chromosome	chromosome	1505725	36.830970690879894	0	0
GCF_900094835.1	NZ_FMAO01000016.1	27294	d860e73e4088f2b2d378d756758e493206755f4572a83d0173104eee544e5d39	linear	unplaced-scaffold	Chromosome	chromosome	1505725	36.66739942844581	0	0
GCF_900094835.1	NZ_FMAO01000022.1	8187	bce1888606b00a17ff452d36e5686808bfc19bf595d102dc6a37fa35a0513445	linear	unplaced-scaffold	Chromosome	chromosome	1505725	31.061438866495664	0	0
GCF_900094835.1	NZ_FMAO01000006.1	110873	2b49c9715a149b4504ef9743b2b4b80aa300504f79c7d4940e263e22bea52307	linear	unplaced-scaffold	Chromosome	chromosome	1505725	37.682754142126576	0	0
GCF_900094835.1	NZ_FMAO01000002.1	192965	5ae17da6658312c3d57e0f9781c6be1974ee144bda0d251803f395398f0bca72	linear	unplaced-scaffold	Chromosome	chromosome	1505725	36.60301090871402	0	0
GCF_900094835.1	NZ_FMAO01000013.1	54399	d84347239160b90a856b6295e99651c2cd9db57fbe5864cbeb9282c7e350d358	linear	unplaced-scaffold	Chromosome	chromosome	1505725	38.02827257854005	0	0
GCF_900094835.1	NZ_FMAO01000008.1	77664	42e90d124c14b1a844a0163bed0911ebfeeb60d77c2f728475b68614e55b747a	linear	unplaced-scaffold	Chromosome	chromosome	1505725	39.87433044911413	0	0
GCF_900094835.1	NZ_FMAO01000001.1	467268	d6b1404dc8222c64583386ab7741be1098a2c3dd1dc38f0f34dc4afb2b9227cb	linear	unplaced-scaffold	Chromosome	chromosome	1505725	35.98940398485549	300	300
GCF_900094835.1	NZ_FMAO01000011.1	61489	6ab3606b42fd6eb70afe243190bc4931d559295df5a9e4e9267cb44a583f3456	linear	unplaced-scaffold	Chromosome	chromosome	1505725	37.242433606010835	0	0
GCF_900094835.1	NZ_FMAO01000019.1	11274	4db5f00b4374d51a8bf999166f3b838f03aeb22eaaf1d16070bc2d8e96b1068e	linear	unplaced-scaffold	Chromosome	chromosome	1505725	35.24037608657087	0	0
GCF_900094835.1	NZ_FMAO01000004.1	115809	454594da599219570efc1f4922e244f834e481b0d5c280f04f805e851545d21b	linear	unplaced-scaffold	Chromosome	chromosome	1505725	36.826153407766235	0	0
GCF_900094835.1	NZ_FMAO01000021.1	10195	bf12b7857154d47fab0aade3d238feeb2cdd28a3754669559b6c2dbf80d19d7a	linear	unplaced-scaffold	Chromosome	chromosome	1505725	35.4193231976459	0	0
GCF_900094835.1	NZ_FMAO01000028.1	2830	15b41d314f769e4cce7cb97a8e0a1c228dc9659e10cfa8d436786a4519e233e6	linear	unplaced-scaffold	Chromosome	chromosome	1505725	37.879858657243815	0	0
GCF_900094835.1	NZ_FMAO01000012.1	57636	a865692b918ef492318df60d2c6876f6862dda9ce8ee56cfd69e893a4abf900c	linear	unplaced-scaffold	Chromosome	chromosome	1505725	37.79235200222083	0	0
GCF_900094835.1	NZ_FMAO01000018.1	22213	c31c39c6f0bb53bebffb0777c76cd05a4a0c1d1847091b9e63b92b4fd2d841d4	linear	unplaced-scaffold	Chromosome	chromosome	1505725	37.92824021969117	0	0
GCF_900094835.1	NZ_FMAO01000014.1	35021	97e23585960a9f25e802def7dff645db90928060c04f1e5390a8eed30460d946	linear	unplaced-scaffold	Chromosome	chromosome	1505725	37.48893521030239	0	0
GCF_900094835.1	NZ_FMAO01000020.1	10811	1fda74a5152e4b23f7a28edb3e3cb9bb5d55c65ae5db1dbb3e0e47a9a8ff83cf	linear	unplaced-scaffold	Chromosome	chromosome	1505725	35.90787161224679	0	0
GCF_900240275.1	NZ_LT964761.1	1623765	4c5d78943aaa46010371d15dde80b22fdf473cad23b441f32db026764a5c3a93	linear	unplaced-scaffold	Chromosome	chromosome	1970790	46.96368979766974	1714	1714
GCF_900240275.1	NZ_LT964762.1	6791	700a23c0d7eb504d308a7ed42b69e2aed5e22ed3475d446f5c69b5fa65a84890	linear	unplaced-scaffold	Chromosome	chromosome	1970790	42.74775438079811	0	0
GCF_900240275.1	NZ_LT964763.1	6457	190d77653416848af2d7c7db9b26f5cf1b83a7bab2ec4f1a1c80475f6e69040e	linear	unplaced-scaffold	Chromosome	chromosome	1970790	36.28620102214651	0	0
GCF_900240275.1	NZ_LT964764.1	5426	ef401dc8d899a6a9a481c647f05dcf9b6fa6d141f488c95eecb1efa8e26a952f	linear	unplaced-scaffold	Chromosome	chromosome	1970790	41.98304460007372	0	0
GCF_900240275.1	NZ_LT964765.1	4937	5ca3c03932eca700b567a4141c8cda4febac83efc84e8108ab6b1a2897ef4685	linear	unplaced-scaffold	Chromosome	chromosome	1970790	50.39497670650192	0	0
GCF_900240275.1	NZ_LT964766.1	4876	ce8adc5a0cb307fab8e1c1e51aee1a7605572557cc0bd0732bed729c933f5839	linear	unplaced-scaffold	Chromosome	chromosome	1970790	44.934372436423295	0	0
GCF_900240275.1	NZ_LT964767.1	4752	7a4f8b5fe040054989a7cfb7ae2f5b874b1535558ccd9efc3e2ef839af848993	linear	unplaced-scaffold	Chromosome	chromosome	1970790	43.26599326599327	0	0
GCF_900240275.1	NZ_LT964768.1	4569	df1b8c18fea5ea37e8216ac814064c0da4f819d6dfe05ba05ff7b5b268679401	linear	unplaced-scaffold	Chromosome	chromosome	1970790	43.40118187787262	0	0
GCF_900240275.1	NZ_LT964769.1	4357	ed1c4d008fb6a4fa5eccfcf385e7960274a1f1d602bb4b4efb3230d3a2f4cc9b	linear	unplaced-scaffold	Chromosome	chromosome	1970790	39.24718843240762	0	0
GCF_900240275.1	NZ_LT964770.1	3482	5a5b1166712e43777260a0ed6ba5b2faca11dfffff740be2e0cde906764be8ec	linear	unplaced-scaffold	Chromosome	chromosome	1970790	33.40034462952326	0	0
GCF_900240275.1	NZ_LT964771.1	2188	92f6800999a1fb26d43d3cd277ef904225de0d37fa2807084135b38bb4d73caf	linear	unplaced-scaffold	Chromosome	chromosome	1970790	48.49177330895795	0	0
GCF_900240275.1	NZ_LT964772.1	1636	382e1a0fa8332809474389fb0204ab65d9bf8111e6c524baa43639911cb7ad25	linear	unplaced-scaffold	Chromosome	chromosome	1970790	47.31051344743276	0	0
GCF_900240275.1	NZ_LT964773.1	1513	4edac1cdd06b2d38f40ef4d5a7b0677893c30c9b06c7794cc7ee4accf53a8065	linear	unplaced-scaffold	Chromosome	chromosome	1970790	44.87772637144746	0	0
GCF_900240275.1	NZ_LT964774.1	1271	613f99441c7ec08a92672262abf9c7ccb55d0cb57e2b593e26f03b78b9cb51cb	linear	unplaced-scaffold	Chromosome	chromosome	1970790	36.821400472069236	0	0
GCF_900240275.1	NZ_LT964775.1	1172	76a028bb8760c7c6a750369e3a52c607bde95ddc38a1f31ac2eb5a9c672d83c4	linear	unplaced-scaffold	Chromosome	chromosome	1970790	52.901023890784984	0	0
GCF_900240275.1	NZ_LT964776.1	1133	b7db3a1a300bd3dfe409788105f745ef3918db4d4a159edb67ce7c5d71dc548b	linear	unplaced-scaffold	Chromosome	chromosome	1970790	33.980582524271846	0	0
GCF_900519455.1	NZ_LR031514.1	1876981	12f2afb6703e4a7c95e663058934fabee81a71be89b4a0fb2df9cd9ede493457	circular	assembled-molecule	Chromosome	chromosome	1247	37.73357322210507	0	0
GCF_900519475.1	NZ_LR031358.1	1834577	f2978e8a3c9a72d1c24f07029134ae666b53283bb2cca9ee8688ed6a1c315859	circular	assembled-molecule	Chromosome	chromosome	1247	37.814875036588816	0	0
GCF_900636965.1	NZ_LR134331.1	2988387	97ac623270203b9f6751c733597b6f412d851cd30f2ca2e687adb8290bb7c8ab	circular	assembled-molecule	Chromosome	chromosome	47715	46.76258463177627	0	0
GCF_903885985.1	NZ_LR822008.1	1860070	64da902a7b8a1bb8c49688792197b62ccb14fc271a9fc16aad2d5db5de57f282	linear	assembled-molecule	Chromosome	chromosome	1308	39.090894428704296	0	0
GCF_903886345.1	NZ_LR822013.1	1860069	22c340756ef4e964a95c640c0f283bc6d5bba9e2a0d3c7fc2933513836de3b04	linear	assembled-molecule	Chromosome	chromosome	1308	39.091022967427556	0	0
GCF_903886475.1	NZ_LR822015.1	1788289	65be9fc29a532eb6155d1a60cce494dc3c07c696dd9118d0d63684c3ce0facc7	circular	assembled-molecule	Chromosome	chromosome	1308	39.13383127671199	0	0
GCF_903886475.1	NZ_LR822016.1	3345	73e41c964d3e26e439f8ea5287185c1ccc6f63535ff037e1cb5abcf2e2195cd1	circular	assembled-molecule	Plasmid	pSTHERMO	1308	35.54559043348281	0	0
GCF_903891025.1	NZ_LR822036.1	1839159	af3ed8ac1255f18a555d1a2a871e4c9868ed782e15067ff5113c22cf76537a7b	circular	assembled-molecule	Chromosome	chromosome	1308	39.08128660980372	0	0
GCF_903891205.1	NZ_LR822040.1	1767283	84967409bdf48c4280831d991b86fabdab8ba905649e8a838dd4c9fe682839d0	circular	assembled-molecule	Chromosome	chromosome	1308	39.16328058381142	0	0
GCF_947539375.1	NZ_OX443569.1	2119816	75f826dcb724a06fea1d07d145fb95e50b211f48dfe6b3c9a00d79fc34b3f073	circular	assembled-molecule	Chromosome	chromosome	2993455	34.771461296640844	0	0
GCF_963243495.1	NZ_OY725316.1	3028805	9ceca2e0a6263a8f9fb340a0f0c3129f59e7a3846b82dc3b693b8281504d8656	circular	assembled-molecule	Chromosome	chromosome	942150	45.38806559022453	0	0
GCF_963243495.1	NZ_OY725317.1	32844	bded2e7a15b6100999345f4ca5f35d150b350d0e29df311e58036b9769db7a3c	circular	assembled-molecule	Plasmid	p1	942150	39.74241870661308	0	0
GCF_963243495.1	NZ_OY725318.1	1945	f4636546dbbbf05ae06b52cdccaefd3c093a5627b3649bae8b60296f6cc4a919	circular	assembled-molecule	Plasmid	p2	942150	37.326478149100254	0	0
GCF_963281025.1	NZ_OY725466.1	1897802	b1a63ca3166361d2f7a8ec61d055171a9743764d1d5dd335a86ed70ad65dae82	linear	assembled-molecule	Chromosome	chromosome	1633	40.32433309691949	0	0
GCF_964063315.1	NZ_OZ061310.1	1585892	0d8c8f6a4f0551548c05b9a97e7ecb9c710a6cf8b4edff36c999746cee81bd32	linear	assembled-molecule	Chromosome	chromosome	1252	37.362380288191126	0	0
GCF_964063315.1	NZ_OZ061311.1	55481	6dd33f25dc029f707ce90d37b34b624848fd1d7929fbdb3d8152e5894e088606	linear	assembled-molecule	Plasmid	2	1252	40.6445449793623	0	0
GCF_964063315.1	NZ_OZ061312.1	53754	7e3acc1281b3b2f8af09481af33c5b604ea86a28ec9aca163f483047ef0c728d	linear	assembled-molecule	Plasmid	3	1252	36.92934479294564	0	0
GCF_964063315.1	NZ_OZ061313.1	47149	0320840156f860cd8283b03342f820b5ca950ef5ac869b40a39c313bbe7a3a30	linear	assembled-molecule	Plasmid	4	1252	35.84805616237884	0	0
GCF_964063315.1	NZ_OZ061314.1	25048	49d6c7685e3b0616c191ed7b929b863540866d6628902531df375176536906ac	linear	assembled-molecule	Plasmid	5	1252	36.122644522516765	0	0
GCF_965136965.1	NZ_CBCRXD010000001.1	134201	6383a8a21c684f7a4f0839fb730f4cbd26a412cea0f9b86f1971c397ab10df53	linear	unplaced-scaffold	Chromosome	chromosome	1457217	50.632637853949326	1	1
GCF_965136965.1	NZ_CBCRXD010000002.1	128720	0fc179689b128c05f23feb307a43dd43ff5809bb0c2945a1252365db684b4cc5	linear	unplaced-scaffold	Chromosome	chromosome	1457217	49.701268733830055	9	9
GCF_965136965.1	NZ_CBCRXD010000003.1	128059	55642e0b2c213bad43e3cfb73a615b390f4151883ce00bfe917a1e0093bba91f	linear	unplaced-scaffold	Chromosome	chromosome	1457217	49.456067599122214	10	10
GCF_965136965.1	NZ_CBCRXD010000004.1	126580	c53e3d3a4027d3d716559960afe34bff13ba52be7de7d5314b9460d618848d6e	linear	unplaced-scaffold	Chromosome	chromosome	1457217	50.40489188399156	3	3
GCF_965136965.1	NZ_CBCRXD010000005.1	109659	caab490e5e36d81a5aea47ddc4a8d23642dfd0c5cc3498a26d993fe229453aa9	linear	unplaced-scaffold	Chromosome	chromosome	1457217	50.25716787043117	3	3
GCF_965136965.1	NZ_CBCRXD010000006.1	106020	40501d4b060ea42bdbd060f60751f363dec5243b456e8830666f0c5642e01ecd	linear	unplaced-scaffold	Chromosome	chromosome	1457217	50.55084985568488	2	2
GCF_965136965.1	NZ_CBCRXD010000007.1	105467	2792a9ffbe1a61d66edf811988e0ff6163471174d72d41aa709166825f9e158f	linear	unplaced-scaffold	Chromosome	chromosome	1457217	49.161333143696964	2	2
GCF_965136965.1	NZ_CBCRXD010000008.1	94407	ea9fde71a3c378d78c8006171e900167a4ea3938b0d685c79d94b4552a86e6b4	linear	unplaced-scaffold	Chromosome	chromosome	1457217	48.868548182049324	15	15
GCF_965136965.1	NZ_CBCRXD010000009.1	88600	45bef3e35b3ac2f9d9b95b139c72e542e97cd9696edbb0317b077bbced938ff1	linear	unplaced-scaffold	Chromosome	chromosome	1457217	50.19300661414479	2	2
GCF_965136965.1	NZ_CBCRXD010000010.1	88348	f0153589a479ce0a98f67c23e579318c90cc2d69cecc19f2df90555ddceacbaa	linear	unplaced-scaffold	Chromosome	chromosome	1457217	46.30910469894384	9	9
GCF_965136965.1	NZ_CBCRXD010000011.1	78087	ab9615785ef8fbb307b2a3675f47fdfb975354b24dcdf4981f87f49c5b480682	linear	unplaced-scaffold	Chromosome	chromosome	1457217	50.12294137233307	1	1
GCF_965136965.1	NZ_CBCRXD010000012.1	73936	75802c95546f8582b457176e8b6d24ea16dc9665e3d873492f7db9acd8ea25bc	linear	unplaced-scaffold	Chromosome	chromosome	1457217	48.2889682410864	4	4
GCF_965136965.1	NZ_CBCRXD010000013.1	64817	b86b1c70f1c331a16eb05de9e1811e584e22352092019a8512f093186846174f	linear	unplaced-scaffold	Chromosome	chromosome	1457217	51.10545398441719	2	2
GCF_965136965.1	NZ_CBCRXD010000014.1	63007	e5430d6aa7a5ecf1fa4cfac9002947b91e3c3644efa4c4a9bf983cddcce78b6c	linear	unplaced-scaffold	Chromosome	chromosome	1457217	49.73018442687998	1	1
GCF_965136965.1	NZ_CBCRXD010000015.1	61461	a11838726eedcd58dcca3a7f6dd611b2c910d5c874a8b0a8b7670e1be3fea75a	linear	unplaced-scaffold	Chromosome	chromosome	1457217	50.272530547827074	0	0
GCF_965136965.1	NZ_CBCRXD010000016.1	57894	1ba55054d19b34b721ccf533f9c9bf3a0375873d6c16cecdad85c7712c1c5eaa	linear	unplaced-scaffold	Chromosome	chromosome	1457217	50.234052476119736	1	1
GCF_965136965.1	NZ_CBCRXD010000017.1	55985	d6c1902b701321711a4982e75ce6b862aec07a7d2b175968339c943ba3fb45f7	linear	unplaced-scaffold	Chromosome	chromosome	1457217	49.86692864160043	0	0
GCF_965136965.1	NZ_CBCRXD010000018.1	55163	dfa4b31b07ebe1ae43fc94226f287110ae57f59102e9329bfc533cc7d12e5cef	linear	unplaced-scaffold	Chromosome	chromosome	1457217	51.5255343449176	2	2
GCF_965136965.1	NZ_CBCRXD010000019.1	54476	99e8737b4bcdeab23544c8fab8bd3dbefe31a69d1dee97ff9f2efc2444b765f5	linear	unplaced-scaffold	Chromosome	chromosome	1457217	50.49566749889852	4	4
GCF_965136965.1	NZ_CBCRXD010000020.1	50331	d5d8e1c3740ab2ad1f6a6eaa42d1b918a3e1ba557f979eeb34ae06084f5c4440	linear	unplaced-scaffold	Chromosome	chromosome	1457217	50.958653712423754	0	0
GCF_965136965.1	NZ_CBCRXD010000021.1	49573	80745b3382881d89e77288438749362816c906c9dae7074433eba126af0da9ab	linear	unplaced-scaffold	Chromosome	chromosome	1457217	49.330267086258374	1	1
GCF_965136965.1	NZ_CBCRXD010000022.1	49464	89da8eda4f5e00a809b08824d10a616244f32398b7b700226182a0b400991df2	linear	unplaced-scaffold	Chromosome	chromosome	1457217	49.50469027979945	0	0
GCF_965136965.1	NZ_CBCRXD010000023.1	46641	9ece5929f440ac2eddfda49b6aacdeec255be2a03dc53146fa97ee6beb3c8e8a	linear	unplaced-scaffold	Chromosome	chromosome	1457217	49.2099226002873	0	0
GCF_965136965.1	NZ_CBCRXD010000024.1	45834	97890fe188fd45a4fea174b1aa817c7876c9f5128feb1a7f1312e11abe24d22d	linear	unplaced-scaffold	Chromosome	chromosome	1457217	47.97966575031636	0	0
GCF_965136965.1	NZ_CBCRXD010000025.1	44996	35fce288dcbcd8440af1a2bf55d902e4f9dd0a6b32ade84e708644ef90fb3c23	linear	unplaced-scaffold	Chromosome	chromosome	1457217	43.762640293365926	1	1
GCF_965136965.1	NZ_CBCRXD010000026.1	44200	523c364e78ff2d1fe7f8261959d4cd3a16019ddbe9551e4d796a35bfce106129	linear	unplaced-scaffold	Chromosome	chromosome	1457217	50.99441138538815	3	3
GCF_965136965.1	NZ_CBCRXD010000027.1	43696	4a56763dd9663b2a0601cc6e34468f23fc1359554f62a1d31c8a153f339be612	linear	unplaced-scaffold	Chromosome	chromosome	1457217	49.28939237899073	1	1
GCF_965136965.1	NZ_CBCRXD010000028.1	39080	be3e398352c515d4e439e1295d41f707a161cfd1ac39eb72ec08c227775b6088	linear	unplaced-scaffold	Chromosome	chromosome	1457217	44.23859361805573	1	1
GCF_965136965.1	NZ_CBCRXD010000029.1	38076	6de77375cdb2c9683111a15107d7a2ea59bfd1030a3438834b4803b318b20e68	linear	unplaced-scaffold	Chromosome	chromosome	1457217	48.538411030860146	1	1
GCF_965136965.1	NZ_CBCRXD010000030.1	36923	8d81c39684d01d2dba268a6c997490d2c0c26040ef01e891c2f39e357d2dd3dc	linear	unplaced-scaffold	Chromosome	chromosome	1457217	47.01723016905071	11	11
GCF_965136965.1	NZ_CBCRXD010000031.1	33652	4ebe1ca214cd1a62864cca2df019b6ae074dd9859e1de16646028cab64a9b710	linear	unplaced-scaffold	Chromosome	chromosome	1457217	49.14261939433564	3	3
GCF_965136965.1	NZ_CBCRXD010000032.1	33625	659f1c2190514b7efcdf890961e02561a4b67cfea136f23b0cab3f1a31970ecb	linear	unplaced-scaffold	Chromosome	chromosome	1457217	49.778438661710034	0	0
GCF_965136965.1	NZ_CBCRXD010000033.1	32113	e42882c90f307592211e418caec8f78bb459d09d871aca20ca46b2c79179f13d	linear	unplaced-scaffold	Chromosome	chromosome	1457217	34.8914702126997	2	2
GCF_965136965.1	NZ_CBCRXD010000034.1	32096	7079d68716b2e6c2d3ec2d19b1ca6bd2b45f799d114f9223878ab1905fbd3cd4	linear	unplaced-scaffold	Chromosome	chromosome	1457217	51.35842472582253	0	0
GCF_965136965.1	NZ_CBCRXD010000035.1	31388	703e81f4101cce15afddac1896c863c965ed01e164d0cc1e38259c7a57a5fbcc	linear	unplaced-scaffold	Chromosome	chromosome	1457217	48.38946060470896	1	1
GCF_965136965.1	NZ_CBCRXD010000036.1	28472	526aa0f63ae5915a20db711713219cd8917ae0bccf17349a5b5507fb312a6231	linear	unplaced-scaffold	Chromosome	chromosome	1457217	47.18485476449721	1	1
GCF_965136965.1	NZ_CBCRXD010000037.1	28320	01bfd84394c0c58cd52edb60ed5c481c9ad0635810ecb3ea9c039d1afbe6e5aa	linear	unplaced-scaffold	Chromosome	chromosome	1457217	51.26059322033898	0	0
GCF_965136965.1	NZ_CBCRXD010000038.1	23424	b0e5232442aeac063a3cb9cb2ca5b6d98e29e24711c0d8c89134b3d0ff7b0942	linear	unplaced-scaffold	Chromosome	chromosome	1457217	49.99146174863388	0	0
GCF_965136965.1	NZ_CBCRXD010000039.1	21520	c93bfc0101d53e9fa205b33bc2efb2b5fbd38daa9f6ae871b9897693ac6cade5	linear	unplaced-scaffold	Chromosome	chromosome	1457217	47.97620707281937	1	1
GCF_965136965.1	NZ_CBCRXD010000040.1	21371	d3624973f46ff3cb5d254726ae8859a8fee87f76aaa2f72f96a6ffd50abd29d6	linear	unplaced-scaffold	Chromosome	chromosome	1457217	48.79509615834542	0	0
GCF_965136965.1	NZ_CBCRXD010000041.1	21223	94c98a0202f6d091ecf0439edd4689e785873aef9718d67c7fa8d0c7c1cbcbd4	linear	unplaced-scaffold	Chromosome	chromosome	1457217	49.698426161530485	1	1
GCF_965136965.1	NZ_CBCRXD010000042.1	20862	41b5101c50b1e112aa80c4b5b14d9a4a1bd8068dfe9649efd7984f60aaf50ce6	linear	unplaced-scaffold	Chromosome	chromosome	1457217	37.944588246572714	0	0
GCF_965136965.1	NZ_CBCRXD010000043.1	20791	00f9ae5b1f8a9777bc2bedb42de5d1416c4b9ff014826e90917c8ef6ca2491c3	linear	unplaced-scaffold	Chromosome	chromosome	1457217	47.474018475750576	7	7
GCF_965136965.1	NZ_CBCRXD010000044.1	19466	ceb16356fb7c58a7c78de12a2354753193e581654fef139b57a83c96415eb4a5	linear	unplaced-scaffold	Chromosome	chromosome	1457217	38.718791739443134	0	0
GCF_965136965.1	NZ_CBCRXD010000045.1	17501	f6517b23ac17242cf8651ca52d0103ebbfd5f191f2714e8a6fad5f0fa9d66900	linear	unplaced-scaffold	Chromosome	chromosome	1457217	50.98565796240215	0	0
GCF_965136965.1	NZ_CBCRXD010000046.1	15351	aaa25fd53a61a8e55ad24887c7f11f4adcffbe5809a1ca80f2b43145a163f276	linear	unplaced-scaffold	Chromosome	chromosome	1457217	49.52771806396977	0	0
GCF_965136965.1	NZ_CBCRXD010000047.1	13753	c9d851bc562dc5d16d808f72f16a83fc0437a7293b1ee2940718e374b5712259	linear	unplaced-scaffold	Chromosome	chromosome	1457217	39.08522396742292	1	1
GCF_965136965.1	NZ_CBCRXD010000048.1	13333	82adfb955fe07920eec9a44dc017433b44b37d45db9ef7ff93a2b3faae6928aa	linear	unplaced-scaffold	Chromosome	chromosome	1457217	39.3684842121053	0	0
GCF_965136965.1	NZ_CBCRXD010000049.1	13138	c2bb0501b12550f0760abdf35e2a088c0d2e646a69255809a6ac757e476d7b51	linear	unplaced-scaffold	Chromosome	chromosome	1457217	40.34860709392601	0	0
GCF_965136965.1	NZ_CBCRXD010000050.1	12696	acd293675e2d26e0144ad1fedf5035be4f564a95b49b9e26486f51498b700446	linear	unplaced-scaffold	Chromosome	chromosome	1457217	48.18840579710145	0	0
GCF_965136965.1	NZ_CBCRXD010000051.1	9993	e206fbc1e0c3542acb81b44889680fea0b9c6fc2bbd1b536c5b7dae6c9fb031c	linear	unplaced-scaffold	Chromosome	chromosome	1457217	48.59401581106775	0	0
GCF_965136965.1	NZ_CBCRXD010000052.1	9314	1c6c96f224c730ae20c895b8741e827b47cbf7853a4f505cd35455ed9bf6d296	linear	unplaced-scaffold	Chromosome	chromosome	1457217	46.03140460314046	16	16
GCF_965136965.1	NZ_CBCRXD010000053.1	9060	d7e031fbb1b91817920e7dbdbbfba2238e48ca3e2c1cf352cfefa20867a72384	linear	unplaced-scaffold	Chromosome	chromosome	1457217	46.445916114790286	0	0
GCF_965136965.1	NZ_CBCRXD010000054.1	8864	52de0dc5511b1a4147191c091ababb41e490eba186eee287ff3a12c8fae72af5	linear	unplaced-scaffold	Chromosome	chromosome	1457217	48.8379963898917	0	0
GCF_965136965.1	NZ_CBCRXD010000055.1	8411	6481b9fa177557a003defcfc7bbfc31df959936a11379ce86398c5d6009b9147	linear	unplaced-scaffold	Chromosome	chromosome	1457217	42.07585304957794	0	0
GCF_965136965.1	NZ_CBCRXD010000056.1	8167	96af6867c97aca05e3ce2bcadfbfec8309494d7338aec9d7cb97d6e4ac627646	linear	unplaced-scaffold	Chromosome	chromosome	1457217	48.34088404554916	0	0
GCF_965136965.1	NZ_CBCRXD010000057.1	7638	1d44c01b6c8df451f8b13cc48ed4a65721211be45bedb11dbf9001eb2d8a6d1a	linear	unplaced-scaffold	Chromosome	chromosome	1457217	48.874050798638386	0	0
GCF_965136965.1	NZ_CBCRXD010000058.1	7346	e2ab8d11606ce70b4ce700028906260b9f0f233c2ca692e152eae4cc88ac5bcc	linear	unplaced-scaffold	Chromosome	chromosome	1457217	48.27116798257555	0	0
GCF_965136965.1	NZ_CBCRXD010000059.1	6390	74b902c4a8f67befb678b528ee13037fffb544c004a8596187400b332f32f076	linear	unplaced-scaffold	Chromosome	chromosome	1457217	46.291079812206576	0	0
GCF_965136965.1	NZ_CBCRXD010000060.1	5644	d4ce83acfd1f782bdf38fd22f2e650da372d6cad920dd04abc0ebef5e85f734e	linear	unplaced-scaffold	Chromosome	chromosome	1457217	51.966690290574064	0	0
GCF_965136965.1	NZ_CBCRXD010000061.1	5216	6b8a40c4f7a6dda93523326f1eafce0fa94ebeff39d8be17a3fee73c90849264	linear	unplaced-scaffold	Chromosome	chromosome	1457217	49.31560422369965	102	102
GCF_965136965.1	NZ_CBCRXD010000062.1	3946	50a98bbf37996a7fe09618d9590d0bedbf4136f583a76a2e9ae10707d3db82cd	linear	unplaced-scaffold	Chromosome	chromosome	1457217	46.463878326996195	1	1
GCF_965136965.1	NZ_CBCRXD010000063.1	3625	8c464a98378890c6cc649e1ffdd0626f05bc87cfbfdcc9b50bd31f722a36abc8	linear	unplaced-scaffold	Chromosome	chromosome	1457217	37.57241379310345	0	0
GCF_965136965.1	NZ_CBCRXD010000064.1	3320	0e11ed354c88f74bf4eb87ff3356d4d978410e6c839adce03bcb74175fdff3e6	linear	unplaced-scaffold	Chromosome	chromosome	1457217	37.53012048192771	0	0
GCF_965136965.1	NZ_CBCRXD010000065.1	3304	4d746217d8af19ffdbc13ef30f9c16a25ecb6a3d905b9fa516598bd61f6bd2fb	linear	unplaced-scaffold	Chromosome	chromosome	1457217	38.559322033898304	0	0
GCF_965136965.1	NZ_CBCRXD010000066.1	2952	69c1dc9c8264b30aabd955df4f9d2d9bdcd34c4ee576a86e610eb00a514d1e40	linear	unplaced-scaffold	Chromosome	chromosome	1457217	39.22764227642276	0	0
GCF_965136965.1	NZ_CBCRXD010000067.1	2475	d13363eac6237080781f5241612081eb162d7952ae1f1f4ad1a1347a9e085db2	linear	unplaced-scaffold	Chromosome	chromosome	1457217	45.93939393939394	0	0
GCF_965136965.1	NZ_CBCRXD010000068.1	2439	37a7d18ca0a7df6d6bb2b6ef79bfd51503c587cedce2131d2016ca309911e0ad	linear	unplaced-scaffold	Chromosome	chromosome	1457217	40.64940402794903	6	6
GCF_965136965.1	NZ_CBCRXD010000069.1	2330	9b7110b87610c240229504a1a9085dc709c3329b61e748b0cdf90df58d621bbb	linear	unplaced-scaffold	Chromosome	chromosome	1457217	49.162730785744955	1	1
GCF_965136965.1	NZ_CBCRXD010000070.1	1806	96a462ceb459f8875f793fc475248a321b26ea495dc2f21979b4f02b65bfad1e	linear	unplaced-scaffold	Chromosome	chromosome	1457217	42.572062084257205	2	2
GCF_965136965.1	NZ_CBCRXD010000071.1	1723	9cd5676c396064c480b40121e6e73edf0fe96593ccb04ea4c691898ec7ca7ba6	linear	unplaced-scaffold	Chromosome	chromosome	1457217	37.899013348810215	0	0
GCF_965136965.1	NZ_CBCRXD010000072.1	1715	0621fe78c4e0b0fc40b6478d13f739d29abd76e7cf0aaeef3fd0cc1328d2cb65	linear	unplaced-scaffold	Chromosome	chromosome	1457217	44.41193680514921	6	6
GCF_965136965.1	NZ_CBCRXD010000073.1	1675	aa5a868c09d25fece0a3c7fd95460c6d736cdc75e5cc7b3de90cae5bfaa5991b	linear	unplaced-scaffold	Chromosome	chromosome	1457217	41.816009557945044	1	1
GCF_965136965.1	NZ_CBCRXD010000074.1	1330	a633d94c77b65db5e687212a174288b0ebbac94f4002b10044572dc25fa09528	linear	unplaced-scaffold	Chromosome	chromosome	1457217	39.21271763815292	9	9
GCF_965136965.1	NZ_CBCRXD010000075.1	1126	4adaef7549b6b54e21efe35575c27e45f87523deb82f0724eb02da2dd2bc00dc	linear	unplaced-scaffold	Chromosome	chromosome	1457217	42.717584369449376	0	0
GCF_965136965.1	NZ_CBCRXD010000076.1	811	f12a7dffc8ea1b6f53041b92e302900a95ed1143b6eaded41983871aadbaa432	linear	unplaced-scaffold	Chromosome	chromosome	1457217	41.43033292231812	0	0
GCF_965136965.1	NZ_CBCRXD010000077.1	678	3ca70016ce005202486e9129a6211748d90fa98e5f1e37abbc33972e9f0f9b1f	linear	unplaced-scaffold	Chromosome	chromosome	1457217	37.75811209439528	0	0
GCF_965136965.1	NZ_CBCRXD010000078.1	667	a358949ad53ca35c0515d8ee6b1cdab173e651616f14620198a9ff324a6d6e89	linear	unplaced-scaffold	Chromosome	chromosome	1457217	39.280359820089956	0	0
GCF_965286035.1	NZ_OZ260695.1	2260537	c7c53a1bed2ed45c9a7af3a4b0a451d385982abd9c00a289b96839fdc9ecfd3d	circular	assembled-molecule	Chromosome	chromosome	33968	38.925087269086944	0	0
GCF_965286035.1	NZ_OZ260696.1	3158	a6960e61e3e2e32e74beee6646be732f6f7cf90ddb4a6eb4be3535c5bc3047a8	linear	assembled-molecule	Plasmid	p1	33968	43.88853704876504	0	0
GCF_965286295.1	NZ_OZ260843.1	2991518	a0c2ef953da72ea3fcdfb4ee6adc1f7f4355396e6d6e42752cef164821b515d3	circular	assembled-molecule	Chromosome	chromosome	271881	45.31849716431591	0	0
GCF_965286295.1	NZ_OZ260844.1	3425	e00d37207f44a01639550a9d84d60135373a4c7aad3b768884e409c73cea3d69	linear	assembled-molecule	Plasmid	p1	271881	43.56204379562044	0	0
GCF_965286585.1	NZ_OZ260905.1	2097626	2abcbed1d28a84821a2189092df2226200a7e2a93e8b9740bf85f7b3f2b7c6ff	circular	assembled-molecule	Chromosome	chromosome	1613	51.509611341583295	0	0
GCF_965286585.1	NZ_OZ260906.1	26286	34ccd75e4a3ef5e13a6d8f5775b85c40bc39a5f668258276d703234dc4dae9db	circular	assembled-molecule	Plasmid	p1	1613	52.149433158335235	0	0
GCF_965286585.1	NZ_OZ260907.1	3398	68780b7b092e5aca96491186859d601c7cac11f6b514d504519d2201239b3420	linear	assembled-molecule	Plasmid	p2	1613	43.613890523837554	0	0
GCF_982267005.1	NZ_OZ418574.1	1649779	bb69037138e94d353218835c46f0bf6fcc375c7a34be15cf8be4f54c72f615d4	circular	assembled-molecule	Chromosome	chromosome	1246	43.444424980558004	0	0
GCF_982267005.1	NZ_OZ418575.1	32856	6377ff3a1fa0b8d796a7c748e5617885d8f069895d20edf0db29001e3a9332d7	linear	assembled-molecule	Plasmid	2	1246	36.711711711711715	0	0
