accession	selected177	frozen150	historical_actions	unexplained_extra27	source_operational_group	genus_name	genus_tax_id	species_name	species_tax_id	strain	biosample_accession	historical_anchor	historical_anchor_rationale	anchor_evidence_class	external_metadata_status	taxonomy_verification_status	enterococcus_exclusion_status	quality_verification_status	quality_metadata_issues	proposed_decision	proposed_rationale	approval_status	human_approval_status
GCF_000009425.1	false	true	"[""added""]"	false	Lactococcus	Lactococcus	1357	Lactococcus cremoris	1359	MG1363	SAMEA3138204	true	Lactococcus cremoris MG1363; model plasmid-free engineering chassis	SOURCE_DERIVED_LITERATURE_RATIONALE_NOT_REVALIDATED_BIOLOGICAL_ACTIVITY	PASS_EXTERNAL_METADATA	PASS_TAXONOMY	PASS_ENTEROCOCCUS_EXCLUSION	PASS_REPORTED_THRESHOLDS	[]	PROPOSED_FOR_INCLUSION	Add strict-valid historical literature-anchor accession from frozen150; exact current annotated RefSeq version, named species Lactococcus cremoris (taxID1359), ranked genus Lactococcus, non-Enterococcus, strict reported95/5/100 gate pass; HUMAN approval pending.	PENDING_HUMAN_APPROVAL	NOT_GRANTED
GCF_000010145.1	false	true	"[""added""]"	false	Limosilactobacillus	Limosilactobacillus	2742598	Limosilactobacillus fermentum	1613	IFO 3956	SAMD00060917	true	Limosilactobacillus fermentum IFO 3956; reference strain	SOURCE_DERIVED_LITERATURE_RATIONALE_NOT_REVALIDATED_BIOLOGICAL_ACTIVITY	PASS_EXTERNAL_METADATA	PASS_TAXONOMY	PASS_ENTEROCOCCUS_EXCLUSION	PASS_REPORTED_THRESHOLDS	[]	PROPOSED_FOR_INCLUSION	Add strict-valid historical literature-anchor accession from frozen150; exact current annotated RefSeq version, named species Limosilactobacillus fermentum (taxID1613), ranked genus Limosilactobacillus, non-Enterococcus, strict reported95/5/100 gate pass; HUMAN approval pending.	PENDING_HUMAN_APPROVAL	NOT_GRANTED
GCF_000011045.1	false	true	"[""added""]"	false	Lacticaseibacillus	Lacticaseibacillus	2759736	Lacticaseibacillus rhamnosus	47715	ATCC 53103	SAMD00060969	true	Lacticaseibacillus rhamnosus GG; major probiotic reference strain	SOURCE_DERIVED_LITERATURE_RATIONALE_NOT_REVALIDATED_BIOLOGICAL_ACTIVITY	PASS_EXTERNAL_METADATA	PASS_TAXONOMY	PASS_ENTEROCOCCUS_EXCLUSION	PASS_REPORTED_THRESHOLDS	[]	PROPOSED_FOR_INCLUSION	Add strict-valid historical literature-anchor accession from frozen150; exact current annotated RefSeq version, named species Lacticaseibacillus rhamnosus (taxID47715), ranked genus Lacticaseibacillus, non-Enterococcus, strict reported95/5/100 gate pass; HUMAN approval pending.	PENDING_HUMAN_APPROVAL	NOT_GRANTED
GCF_000014385.1	true	true	[]	false	Oenococcus	Oenococcus	46254	Oenococcus oeni	1247	PSU-1	SAMN02598484	true	Oenococcus oeni PSU-1; reference genome	SOURCE_DERIVED_LITERATURE_RATIONALE_NOT_REVALIDATED_BIOLOGICAL_ACTIVITY	PASS_EXTERNAL_METADATA	PASS_TAXONOMY	PASS_ENTEROCOCCUS_EXCLUSION	PASS_REPORTED_THRESHOLDS	[]	PROPOSED_FOR_INCLUSION	Retain original selected177 member; exact current annotated RefSeq version, named species Oenococcus oeni (taxID1247), ranked genus Oenococcus, non-Enterococcus, strict reported95/5/100 gate pass; HUMAN approval pending.	PENDING_HUMAN_APPROVAL	NOT_GRANTED
GCF_000014425.1	true	true	[]	false	Lactobacillus_sensu_stricto	Lactobacillus	1578	Lactobacillus gasseri	1596	ATCC 33323	SAMN02598542	false			PASS_EXTERNAL_METADATA	PASS_TAXONOMY	PASS_ENTEROCOCCUS_EXCLUSION	PASS_REPORTED_THRESHOLDS	[]	PROPOSED_FOR_INCLUSION	Retain original selected177 member; exact current annotated RefSeq version, named species Lactobacillus gasseri (taxID1596), ranked genus Lactobacillus, non-Enterococcus, strict reported95/5/100 gate pass; HUMAN approval pending.	PENDING_HUMAN_APPROVAL	NOT_GRANTED
GCF_000014445.1	true	true	[]	false	Leuconostoc	Leuconostoc	1243	Leuconostoc mesenteroides	1245	ATCC 8293	SAMN02598482	true	Leuconostoc mesenteroides ATCC 8293; reference genome	SOURCE_DERIVED_LITERATURE_RATIONALE_NOT_REVALIDATED_BIOLOGICAL_ACTIVITY	PASS_EXTERNAL_METADATA	PASS_TAXONOMY	PASS_ENTEROCOCCUS_EXCLUSION	PASS_REPORTED_THRESHOLDS	[]	PROPOSED_FOR_INCLUSION	Retain original selected177 member; exact current annotated RefSeq version, named species Leuconostoc mesenteroides (taxID1245), ranked genus Leuconostoc, non-Enterococcus, strict reported95/5/100 gate pass; HUMAN approval pending.	PENDING_HUMAN_APPROVAL	NOT_GRANTED
GCF_000014505.1	true	true	[]	false	Pediococcus	Pediococcus	1253	Pediococcus pentosaceus	1255	ATCC 25745	SAMN02598525	true	Pediococcus pentosaceus ATCC 25745; reference genome	SOURCE_DERIVED_LITERATURE_RATIONALE_NOT_REVALIDATED_BIOLOGICAL_ACTIVITY	PASS_EXTERNAL_METADATA	PASS_TAXONOMY	PASS_ENTEROCOCCUS_EXCLUSION	PASS_REPORTED_THRESHOLDS	[]	PROPOSED_FOR_INCLUSION	Retain original selected177 member; exact current annotated RefSeq version, named species Pediococcus pentosaceus (taxID1255), ranked genus Pediococcus, non-Enterococcus, strict reported95/5/100 gate pass; HUMAN approval pending.	PENDING_HUMAN_APPROVAL	NOT_GRANTED
GCF_000014545.1	false	true	"[""added""]"	false	Lactococcus	Lactococcus	1357	Lactococcus cremoris	1359	SK11	SAMN02598527	true	Lactococcus cremoris SK11; classic dairy genome	SOURCE_DERIVED_LITERATURE_RATIONALE_NOT_REVALIDATED_BIOLOGICAL_ACTIVITY	PASS_EXTERNAL_METADATA	PASS_TAXONOMY	PASS_ENTEROCOCCUS_EXCLUSION	PASS_REPORTED_THRESHOLDS	[]	PROPOSED_FOR_INCLUSION	Add strict-valid historical literature-anchor accession from frozen150; exact current annotated RefSeq version, named species Lactococcus cremoris (taxID1359), ranked genus Lactococcus, non-Enterococcus, strict reported95/5/100 gate pass; HUMAN approval pending.	PENDING_HUMAN_APPROVAL	NOT_GRANTED
GCF_000015385.1	false	true	"[""added""]"	false	Lactobacillus_sensu_stricto	Lactobacillus	1578	Lactobacillus helveticus	1587	DPC 4571	SAMN02603893	true	Lactobacillus helveticus DPC 4571; complete-genome dairy anchor	SOURCE_DERIVED_LITERATURE_RATIONALE_NOT_REVALIDATED_BIOLOGICAL_ACTIVITY	PASS_EXTERNAL_METADATA	PASS_TAXONOMY	PASS_ENTEROCOCCUS_EXCLUSION	PASS_REPORTED_THRESHOLDS	[]	PROPOSED_FOR_INCLUSION	Add strict-valid historical literature-anchor accession from frozen150; exact current annotated RefSeq version, named species Lactobacillus helveticus (taxID1587), ranked genus Lactobacillus, non-Enterococcus, strict reported95/5/100 gate pass; HUMAN approval pending.	PENDING_HUMAN_APPROVAL	NOT_GRANTED
GCF_000016825.1	false	true	"[""added""]"	false	Limosilactobacillus	Limosilactobacillus	2742598	Limosilactobacillus reuteri	1598	DSM 20016	SAMN02598351	true	Limosilactobacillus reuteri DSM 20016; reference strain	SOURCE_DERIVED_LITERATURE_RATIONALE_NOT_REVALIDATED_BIOLOGICAL_ACTIVITY	PASS_EXTERNAL_METADATA	PASS_TAXONOMY	PASS_ENTEROCOCCUS_EXCLUSION	PASS_REPORTED_THRESHOLDS	[]	PROPOSED_FOR_INCLUSION	Add strict-valid historical literature-anchor accession from frozen150; exact current annotated RefSeq version, named species Limosilactobacillus reuteri (taxID1598), ranked genus Limosilactobacillus, non-Enterococcus, strict reported95/5/100 gate pass; HUMAN approval pending.	PENDING_HUMAN_APPROVAL	NOT_GRANTED
GCF_000023085.1	false	true	"[""added""]"	false	Lactiplantibacillus	Lactiplantibacillus	2767842	Lactiplantibacillus plantarum	1590	JDM1	SAMN02603864	true	Lactiplantibacillus plantarum JDM1; mrr/genome anchor	SOURCE_DERIVED_LITERATURE_RATIONALE_NOT_REVALIDATED_BIOLOGICAL_ACTIVITY	PASS_EXTERNAL_METADATA	PASS_TAXONOMY	PASS_ENTEROCOCCUS_EXCLUSION	PASS_REPORTED_THRESHOLDS	[]	PROPOSED_FOR_INCLUSION	Add strict-valid historical literature-anchor accession from frozen150; exact current annotated RefSeq version, named species Lactiplantibacillus plantarum (taxID1590), ranked genus Lactiplantibacillus, non-Enterococcus, strict reported95/5/100 gate pass; HUMAN approval pending.	PENDING_HUMAN_APPROVAL	NOT_GRANTED
GCF_000025045.1	false	true	"[""added""]"	false	Lactococcus	Lactococcus	1357	Lactococcus lactis	1358	KF147	SAMN02603087	true	Lactococcus lactis KF147; plant-associated reference strain in manuscript context	SOURCE_DERIVED_LITERATURE_RATIONALE_NOT_REVALIDATED_BIOLOGICAL_ACTIVITY	PASS_EXTERNAL_METADATA	PASS_TAXONOMY	PASS_ENTEROCOCCUS_EXCLUSION	PASS_REPORTED_THRESHOLDS	[]	PROPOSED_FOR_INCLUSION	Add strict-valid historical literature-anchor accession from frozen150; exact current annotated RefSeq version, named species Lactococcus lactis (taxID1358), ranked genus Lactococcus, non-Enterococcus, strict reported95/5/100 gate pass; HUMAN approval pending.	PENDING_HUMAN_APPROVAL	NOT_GRANTED
GCF_000026405.1	true	true	[]	false	Leuconostoc	Leuconostoc	1243	Leuconostoc citreum	33964	KM20	SAMN02603482	true	Leuconostoc citreum KM20; reference genome	SOURCE_DERIVED_LITERATURE_RATIONALE_NOT_REVALIDATED_BIOLOGICAL_ACTIVITY	PASS_EXTERNAL_METADATA	PASS_TAXONOMY	PASS_ENTEROCOCCUS_EXCLUSION	PASS_REPORTED_THRESHOLDS	[]	PROPOSED_FOR_INCLUSION	Retain original selected177 member; exact current annotated RefSeq version, named species Leuconostoc citreum (taxID33964), ranked genus Leuconostoc, non-Enterococcus, strict reported95/5/100 gate pass; HUMAN approval pending.	PENDING_HUMAN_APPROVAL	NOT_GRANTED
GCF_000056065.1	false	true	"[""added""]"	false	Lactobacillus_sensu_stricto	Lactobacillus	1578	Lactobacillus delbrueckii	1584	ATCC 11842	SAMEA3138258	true	Lactobacillus delbrueckii subsp. bulgaricus ATCC 11842; complete one-contig legacy reference; CheckM contamination unavailable	SOURCE_DERIVED_LITERATURE_RATIONALE_NOT_REVALIDATED_BIOLOGICAL_ACTIVITY	PASS_EXTERNAL_METADATA	PASS_TAXONOMY	PASS_ENTEROCOCCUS_EXCLUSION	UNRESOLVED_QUALITY	"[""MISSING_CHECKM_CONTAMINATION""]"	UNRESOLVED	Hold; MISSING_CHECKM_CONTAMINATION	PENDING_HUMAN_APPROVAL	NOT_GRANTED
GCF_000092505.1	true	true	[]	false	Leuconostoc	Leuconostoc	1243	Leuconostoc kimchii	136609	IMSNU 11154	SAMN02603394	false			PASS_EXTERNAL_METADATA	PASS_TAXONOMY	PASS_ENTEROCOCCUS_EXCLUSION	PASS_REPORTED_THRESHOLDS	[]	PROPOSED_FOR_INCLUSION	Retain original selected177 member; exact current annotated RefSeq version, named species Leuconostoc kimchii (taxID136609), ranked genus Leuconostoc, non-Enterococcus, strict reported95/5/100 gate pass; HUMAN approval pending.	PENDING_HUMAN_APPROVAL	NOT_GRANTED
GCF_000148815.2	false	true	"[""added""]"	false	Lactiplantibacillus	Lactiplantibacillus	2767842	Lactiplantibacillus plantarum	1590	ST-III	SAMN02603896	true	Lactiplantibacillus plantarum ST-III; mrr-negative comparison in donor-methylation literature	SOURCE_DERIVED_LITERATURE_RATIONALE_NOT_REVALIDATED_BIOLOGICAL_ACTIVITY	PASS_EXTERNAL_METADATA	PASS_TAXONOMY	PASS_ENTEROCOCCUS_EXCLUSION	PASS_REPORTED_THRESHOLDS	[]	PROPOSED_FOR_INCLUSION	Add strict-valid historical literature-anchor accession from frozen150; exact current annotated RefSeq version, named species Lactiplantibacillus plantarum (taxID1590), ranked genus Lactiplantibacillus, non-Enterococcus, strict reported95/5/100 gate pass; HUMAN approval pending.	PENDING_HUMAN_APPROVAL	NOT_GRANTED
GCF_000155515.2	true	true	[]	false	Lacticaseibacillus	Lacticaseibacillus	2759736	Lacticaseibacillus paracasei	1597	362.5013889	SAMN02463682	false			PASS_EXTERNAL_METADATA	PASS_TAXONOMY	PASS_ENTEROCOCCUS_EXCLUSION	PASS_REPORTED_THRESHOLDS	[]	PROPOSED_FOR_INCLUSION	Retain original selected177 member; exact current annotated RefSeq version, named species Lacticaseibacillus paracasei (taxID1597), ranked genus Lacticaseibacillus, non-Enterococcus, strict reported95/5/100 gate pass; HUMAN approval pending.	PENDING_HUMAN_APPROVAL	NOT_GRANTED
GCF_000160835.1	true	true	[]	false	Limosilactobacillus	Limosilactobacillus	2742598	Limosilactobacillus antri	227943	DSM 16041	SAMN00001477	false			PASS_EXTERNAL_METADATA	PASS_TAXONOMY	PASS_ENTEROCOCCUS_EXCLUSION	PASS_REPORTED_THRESHOLDS	[]	PROPOSED_FOR_INCLUSION	Retain original selected177 member; exact current annotated RefSeq version, named species Limosilactobacillus antri (taxID227943), ranked genus Limosilactobacillus, non-Enterococcus, strict reported95/5/100 gate pass; HUMAN approval pending.	PENDING_HUMAN_APPROVAL	NOT_GRANTED
GCF_000203855.3	false	true	"[""added""]"	false	Lactiplantibacillus	Lactiplantibacillus	2767842	Lactiplantibacillus plantarum	1590	WCFS1	SAMEA3138345	true	Lactiplantibacillus plantarum WCFS1; mrr/genome and transformation-context anchor	SOURCE_DERIVED_LITERATURE_RATIONALE_NOT_REVALIDATED_BIOLOGICAL_ACTIVITY	PASS_EXTERNAL_METADATA	PASS_TAXONOMY	PASS_ENTEROCOCCUS_EXCLUSION	PASS_REPORTED_THRESHOLDS	[]	PROPOSED_FOR_INCLUSION	Add strict-valid historical literature-anchor accession from frozen150; exact current annotated RefSeq version, named species Lactiplantibacillus plantarum (taxID1590), ranked genus Lactiplantibacillus, non-Enterococcus, strict reported95/5/100 gate pass; HUMAN approval pending.	PENDING_HUMAN_APPROVAL	NOT_GRANTED
GCF_000237995.1	true	true	[]	false	Pediococcus	Pediococcus	1253	Pediococcus claussenii	187452	ATCC BAA-344	SAMN02604240	false			PASS_EXTERNAL_METADATA	PASS_TAXONOMY	PASS_ENTEROCOCCUS_EXCLUSION	PASS_REPORTED_THRESHOLDS	[]	PROPOSED_FOR_INCLUSION	Retain original selected177 member; exact current annotated RefSeq version, named species Pediococcus claussenii (taxID187452), ranked genus Pediococcus, non-Enterococcus, strict reported95/5/100 gate pass; HUMAN approval pending.	PENDING_HUMAN_APPROVAL	NOT_GRANTED
GCF_000241055.1	true	true	[]	false	Oenococcus	Oenococcus	46254	Oenococcus kitaharae	336988	DSM 17330	SAMN02471115	false			PASS_EXTERNAL_METADATA	PASS_TAXONOMY	PASS_ENTEROCOCCUS_EXCLUSION	PASS_REPORTED_THRESHOLDS	[]	PROPOSED_FOR_INCLUSION	Retain original selected177 member; exact current annotated RefSeq version, named species Oenococcus kitaharae (taxID336988), ranked genus Oenococcus, non-Enterococcus, strict reported95/5/100 gate pass; HUMAN approval pending.	PENDING_HUMAN_APPROVAL	NOT_GRANTED
GCF_000269925.1	true	true	[]	false	Lactococcus	Lactococcus	1357	Lactococcus garvieae	1363	ATCC 49156	SAMD00060911	false			PASS_EXTERNAL_METADATA	PASS_TAXONOMY	PASS_ENTEROCOCCUS_EXCLUSION	PASS_REPORTED_THRESHOLDS	[]	PROPOSED_FOR_INCLUSION	Retain original selected177 member; exact current annotated RefSeq version, named species Lactococcus garvieae (taxID1363), ranked genus Lactococcus, non-Enterococcus, strict reported95/5/100 gate pass; HUMAN approval pending.	PENDING_HUMAN_APPROVAL	NOT_GRANTED
GCF_000269945.1	true	true	[]	false	Lactococcus	Lactococcus	1357	Lactococcus garvieae	1363	Lg2	SAMD00060912	false			PASS_EXTERNAL_METADATA	PASS_TAXONOMY	PASS_ENTEROCOCCUS_EXCLUSION	PASS_REPORTED_THRESHOLDS	[]	PROPOSED_FOR_INCLUSION	Retain original selected177 member; exact current annotated RefSeq version, named species Lactococcus garvieae (taxID1363), ranked genus Lactococcus, non-Enterococcus, strict reported95/5/100 gate pass; HUMAN approval pending.	PENDING_HUMAN_APPROVAL	NOT_GRANTED
GCF_000298875.1	true	true	[]	false	Leuconostoc	Leuconostoc	1243	Leuconostoc gelidum	1244	JB7	SAMN02603178	false			PASS_EXTERNAL_METADATA	PASS_TAXONOMY	PASS_ENTEROCOCCUS_EXCLUSION	PASS_REPORTED_THRESHOLDS	[]	PROPOSED_FOR_INCLUSION	Retain original selected177 member; exact current annotated RefSeq version, named species Leuconostoc gelidum (taxID1244), ranked genus Leuconostoc, non-Enterococcus, strict reported95/5/100 gate pass; HUMAN approval pending.	PENDING_HUMAN_APPROVAL	NOT_GRANTED
GCF_000468955.1	true	true	[]	false	Lactococcus	Lactococcus	1357	Lactococcus cremoris	1359	KW2	SAMN02602975	true	Lactococcus cremoris KW2; phage-genome interaction study	SOURCE_DERIVED_LITERATURE_RATIONALE_NOT_REVALIDATED_BIOLOGICAL_ACTIVITY	PASS_EXTERNAL_METADATA	PASS_TAXONOMY	PASS_ENTEROCOCCUS_EXCLUSION	PASS_REPORTED_THRESHOLDS	[]	PROPOSED_FOR_INCLUSION	Retain original selected177 member; exact current annotated RefSeq version, named species Lactococcus cremoris (taxID1359), ranked genus Lactococcus, non-Enterococcus, strict reported95/5/100 gate pass; HUMAN approval pending.	PENDING_HUMAN_APPROVAL	NOT_GRANTED
GCF_000691805.2	true	false	[]	true	Weissella	Weissella	46255	Weissella oryzae	1129792	SG25	SAMD00000341	false			PASS_EXTERNAL_METADATA	PASS_TAXONOMY	PASS_ENTEROCOCCUS_EXCLUSION	PASS_REPORTED_THRESHOLDS	[]	PROPOSED_FOR_INCLUSION	Retain original selected177 member; retain one of27 extras from the documented18/group versus15/group design, now externally taxonomically resolved; exact current annotated RefSeq version, named species Weissella oryzae (taxID1129792), ranked genus Weissella, non-Enterococcus, strict reported95/5/100 gate pass; HUMAN approval pending.	PENDING_HUMAN_APPROVAL	NOT_GRANTED
GCF_001434365.1	true	false	[]	true	Limosilactobacillus	Limosilactobacillus	2742598	Limosilactobacillus gastricus	227942	DSM 16045	SAMN02369419	false			PASS_EXTERNAL_METADATA	PASS_TAXONOMY	PASS_ENTEROCOCCUS_EXCLUSION	PASS_REPORTED_THRESHOLDS	[]	PROPOSED_FOR_INCLUSION	Retain original selected177 member; retain one of27 extras from the documented18/group versus15/group design, now externally taxonomically resolved; exact current annotated RefSeq version, named species Limosilactobacillus gastricus (taxID227942), ranked genus Limosilactobacillus, non-Enterococcus, strict reported95/5/100 gate pass; HUMAN approval pending.	PENDING_HUMAN_APPROVAL	NOT_GRANTED
GCF_001434705.1	true	true	[]	false	Lacticaseibacillus	Lacticaseibacillus	2759736	Lacticaseibacillus nasuensis	944671	JCM 17158	SAMN02369462	false			PASS_EXTERNAL_METADATA	PASS_TAXONOMY	PASS_ENTEROCOCCUS_EXCLUSION	PASS_REPORTED_THRESHOLDS	[]	PROPOSED_FOR_INCLUSION	Retain original selected177 member; exact current annotated RefSeq version, named species Lacticaseibacillus nasuensis (taxID944671), ranked genus Lacticaseibacillus, non-Enterococcus, strict reported95/5/100 gate pass; HUMAN approval pending.	PENDING_HUMAN_APPROVAL	NOT_GRANTED
GCF_001435245.1	true	true	[]	false	Limosilactobacillus	Limosilactobacillus	2742598	Limosilactobacillus equigenerosi	417373	DSM 18793	SAMN02369380	false			PASS_EXTERNAL_METADATA	PASS_TAXONOMY	PASS_ENTEROCOCCUS_EXCLUSION	PASS_REPORTED_THRESHOLDS	[]	PROPOSED_FOR_INCLUSION	Retain original selected177 member; exact current annotated RefSeq version, named species Limosilactobacillus equigenerosi (taxID417373), ranked genus Limosilactobacillus, non-Enterococcus, strict reported95/5/100 gate pass; HUMAN approval pending.	PENDING_HUMAN_APPROVAL	NOT_GRANTED
GCF_001436135.1	true	true	[]	false	Lacticaseibacillus	Lacticaseibacillus	2759736	Lacticaseibacillus thailandensis	381741	DSM 22698	SAMN02369479	false			PASS_EXTERNAL_METADATA	PASS_TAXONOMY	PASS_ENTEROCOCCUS_EXCLUSION	PASS_REPORTED_THRESHOLDS	[]	PROPOSED_FOR_INCLUSION	Retain original selected177 member; exact current annotated RefSeq version, named species Lacticaseibacillus thailandensis (taxID381741), ranked genus Lacticaseibacillus, non-Enterococcus, strict reported95/5/100 gate pass; HUMAN approval pending.	PENDING_HUMAN_APPROVAL	NOT_GRANTED
GCF_001436905.1	true	true	[]	false	Pediococcus	Pediococcus	1253	Pediococcus claussenii	187452	DSM 14800	SAMN02797810	false			PASS_EXTERNAL_METADATA	PASS_TAXONOMY	PASS_ENTEROCOCCUS_EXCLUSION	PASS_REPORTED_THRESHOLDS	[]	PROPOSED_FOR_INCLUSION	Retain original selected177 member; exact current annotated RefSeq version, named species Pediococcus claussenii (taxID187452), ranked genus Pediococcus, non-Enterococcus, strict reported95/5/100 gate pass; HUMAN approval pending.	PENDING_HUMAN_APPROVAL	NOT_GRANTED
GCF_001437055.1	true	true	[]	false	Limosilactobacillus	Limosilactobacillus	2742598	Limosilactobacillus secaliphilus	396268	DSM 17896	SAMN02797776	false			PASS_EXTERNAL_METADATA	PASS_TAXONOMY	PASS_ENTEROCOCCUS_EXCLUSION	PASS_REPORTED_THRESHOLDS	[]	PROPOSED_FOR_INCLUSION	Retain original selected177 member; exact current annotated RefSeq version, named species Limosilactobacillus secaliphilus (taxID396268), ranked genus Limosilactobacillus, non-Enterococcus, strict reported95/5/100 gate pass; HUMAN approval pending.	PENDING_HUMAN_APPROVAL	NOT_GRANTED
GCF_001437425.1	true	true	[]	false	Weissella	Weissella	46255	Weissella minor	1620	DSM 20014	SAMN02797798	false			PASS_EXTERNAL_METADATA	PASS_TAXONOMY	PASS_ENTEROCOCCUS_EXCLUSION	PASS_REPORTED_THRESHOLDS	[]	PROPOSED_FOR_INCLUSION	Retain original selected177 member; exact current annotated RefSeq version, named species Weissella minor (taxID1620), ranked genus Weissella, non-Enterococcus, strict reported95/5/100 gate pass; HUMAN approval pending.	PENDING_HUMAN_APPROVAL	NOT_GRANTED
GCF_001438705.1	true	false	[]	true	Weissella	Weissella	46255	Weissella kandleri	1616	DSM 20593	SAMN02797804	false			PASS_EXTERNAL_METADATA	PASS_TAXONOMY	PASS_ENTEROCOCCUS_EXCLUSION	PASS_REPORTED_THRESHOLDS	[]	PROPOSED_FOR_INCLUSION	Retain original selected177 member; retain one of27 extras from the documented18/group versus15/group design, now externally taxonomically resolved; exact current annotated RefSeq version, named species Weissella kandleri (taxID1616), ranked genus Weissella, non-Enterococcus, strict reported95/5/100 gate pass; HUMAN approval pending.	PENDING_HUMAN_APPROVAL	NOT_GRANTED
GCF_001536305.1	true	true	[]	false	Leuconostoc	Leuconostoc	1243	Leuconostoc gasicomitatum	115778		SAMEA3608619	false			PASS_EXTERNAL_METADATA	PASS_TAXONOMY	PASS_ENTEROCOCCUS_EXCLUSION	PASS_REPORTED_THRESHOLDS	[]	PROPOSED_FOR_INCLUSION	Retain original selected177 member; exact current annotated RefSeq version, named species Leuconostoc gasicomitatum (taxID115778), ranked genus Leuconostoc, non-Enterococcus, strict reported95/5/100 gate pass; HUMAN approval pending.	PENDING_HUMAN_APPROVAL	NOT_GRANTED
GCF_001618285.1	true	true	[]	false	Oenococcus	Oenococcus	46254	Oenococcus oeni	1247	DSPZS12	SAMN03839971	false			PASS_EXTERNAL_METADATA	PASS_TAXONOMY	PASS_ENTEROCOCCUS_EXCLUSION	PASS_REPORTED_THRESHOLDS	[]	PROPOSED_FOR_INCLUSION	Retain original selected177 member; exact current annotated RefSeq version, named species Oenococcus oeni (taxID1247), ranked genus Oenococcus, non-Enterococcus, strict reported95/5/100 gate pass; HUMAN approval pending.	PENDING_HUMAN_APPROVAL	NOT_GRANTED
GCF_001702215.1	true	true	[]	false	Pediococcus	Pediococcus	1253	Pediococcus claussenii	187452	TMW 2.53	SAMN04505731	false			PASS_EXTERNAL_METADATA	PASS_TAXONOMY	PASS_ENTEROCOCCUS_EXCLUSION	PASS_REPORTED_THRESHOLDS	[]	PROPOSED_FOR_INCLUSION	Retain original selected177 member; exact current annotated RefSeq version, named species Pediococcus claussenii (taxID187452), ranked genus Pediococcus, non-Enterococcus, strict reported95/5/100 gate pass; HUMAN approval pending.	PENDING_HUMAN_APPROVAL	NOT_GRANTED
GCF_001702235.1	true	true	[]	false	Pediococcus	Pediococcus	1253	Pediococcus claussenii	187452	TMW 2.54	SAMN04505732	false			PASS_EXTERNAL_METADATA	PASS_TAXONOMY	PASS_ENTEROCOCCUS_EXCLUSION	PASS_REPORTED_THRESHOLDS	[]	PROPOSED_FOR_INCLUSION	Retain original selected177 member; exact current annotated RefSeq version, named species Pediococcus claussenii (taxID187452), ranked genus Pediococcus, non-Enterococcus, strict reported95/5/100 gate pass; HUMAN approval pending.	PENDING_HUMAN_APPROVAL	NOT_GRANTED
GCF_001752505.1	true	true	[]	false	Oenococcus	Oenococcus	46254	Oenococcus kitaharae	336988	NRIC_0650	SAMN03121844	false			PASS_EXTERNAL_METADATA	PASS_TAXONOMY	PASS_ENTEROCOCCUS_EXCLUSION	PASS_REPORTED_THRESHOLDS	[]	PROPOSED_FOR_INCLUSION	Retain original selected177 member; exact current annotated RefSeq version, named species Oenococcus kitaharae (taxID336988), ranked genus Oenococcus, non-Enterococcus, strict reported95/5/100 gate pass; HUMAN approval pending.	PENDING_HUMAN_APPROVAL	NOT_GRANTED
GCF_001752515.1	true	true	[]	false	Oenococcus	Oenococcus	46254	Oenococcus kitaharae	336988	NRIC_0649	SAMN03121843	false			PASS_EXTERNAL_METADATA	PASS_TAXONOMY	PASS_ENTEROCOCCUS_EXCLUSION	PASS_REPORTED_THRESHOLDS	[]	PROPOSED_FOR_INCLUSION	Retain original selected177 member; exact current annotated RefSeq version, named species Oenococcus kitaharae (taxID336988), ranked genus Oenococcus, non-Enterococcus, strict reported95/5/100 gate pass; HUMAN approval pending.	PENDING_HUMAN_APPROVAL	NOT_GRANTED
GCF_001752545.1	true	true	[]	false	Oenococcus	Oenococcus	46254	Oenococcus kitaharae	336988	NRIC_0647	SAMN03121841	false			PASS_EXTERNAL_METADATA	PASS_TAXONOMY	PASS_ENTEROCOCCUS_EXCLUSION	PASS_REPORTED_THRESHOLDS	[]	PROPOSED_FOR_INCLUSION	Retain original selected177 member; exact current annotated RefSeq version, named species Oenococcus kitaharae (taxID336988), ranked genus Oenococcus, non-Enterococcus, strict reported95/5/100 gate pass; HUMAN approval pending.	PENDING_HUMAN_APPROVAL	NOT_GRANTED
GCF_001761545.1	true	true	[]	false	Weissella	Weissella	46255	Weissella soli	155866	KACC 11848	SAMN05787364	false			PASS_EXTERNAL_METADATA	PASS_TAXONOMY	PASS_ENTEROCOCCUS_EXCLUSION	PASS_REPORTED_THRESHOLDS	[]	PROPOSED_FOR_INCLUSION	Retain original selected177 member; exact current annotated RefSeq version, named species Weissella soli (taxID155866), ranked genus Weissella, non-Enterococcus, strict reported95/5/100 gate pass; HUMAN approval pending.	PENDING_HUMAN_APPROVAL	NOT_GRANTED
GCF_001767275.1	true	true	[]	false	Pediococcus	Pediococcus	1253	Pediococcus acidilactici	1254	ZPA017	SAMN04515708	false			PASS_EXTERNAL_METADATA	PASS_TAXONOMY	PASS_ENTEROCOCCUS_EXCLUSION	PASS_REPORTED_THRESHOLDS	[]	PROPOSED_FOR_INCLUSION	Retain original selected177 member; exact current annotated RefSeq version, named species Pediococcus acidilactici (taxID1254), ranked genus Pediococcus, non-Enterococcus, strict reported95/5/100 gate pass; HUMAN approval pending.	PENDING_HUMAN_APPROVAL	NOT_GRANTED
GCF_001888925.1	true	false	"[""removed""]"	false	Lactobacillus_sensu_stricto	Lactobacillus	1578	Lactobacillus delbrueckii	1584	DSM 26046	SAMN06066887	false			PASS_EXTERNAL_METADATA	PASS_TAXONOMY	PASS_ENTEROCOCCUS_EXCLUSION	PASS_REPORTED_THRESHOLDS	[]	PROPOSED_FOR_INCLUSION	Retain original selected177 member; restore historical balancing removal for inclusive strain/species coverage, not because its sequence is proved nonredundant; exact current annotated RefSeq version, named species Lactobacillus delbrueckii (taxID1584), ranked genus Lactobacillus, non-Enterococcus, strict reported95/5/100 gate pass; HUMAN approval pending.	PENDING_HUMAN_APPROVAL	NOT_GRANTED
GCF_001891125.1	true	true	[]	false	Leuconostoc	Leuconostoc	1243	Leuconostoc suionicum	1511761	DSM 20241	SAMN04811211	false			PASS_EXTERNAL_METADATA	PASS_TAXONOMY	PASS_ENTEROCOCCUS_EXCLUSION	PASS_REPORTED_THRESHOLDS	[]	PROPOSED_FOR_INCLUSION	Retain original selected177 member; exact current annotated RefSeq version, named species Leuconostoc suionicum (taxID1511761), ranked genus Leuconostoc, non-Enterococcus, strict reported95/5/100 gate pass; HUMAN approval pending.	PENDING_HUMAN_APPROVAL	NOT_GRANTED
GCF_001932615.1	true	true	[]	false	Weissella	Weissella	46255	Weissella jogaejeotgali	1631871	FOL01	SAMN04193338	false			PASS_EXTERNAL_METADATA	PASS_TAXONOMY	PASS_ENTEROCOCCUS_EXCLUSION	PASS_REPORTED_THRESHOLDS	[]	PROPOSED_FOR_INCLUSION	Retain original selected177 member; exact current annotated RefSeq version, named species Weissella jogaejeotgali (taxID1631871), ranked genus Weissella, non-Enterococcus, strict reported95/5/100 gate pass; HUMAN approval pending.	PENDING_HUMAN_APPROVAL	NOT_GRANTED
GCF_001998805.1	true	true	[]	false	Leuconostoc	Leuconostoc	1243	Leuconostoc garlicum	255248	KFRI01	SAMN05219201	false			PASS_EXTERNAL_METADATA	PASS_TAXONOMY	PASS_ENTEROCOCCUS_EXCLUSION	PASS_REPORTED_THRESHOLDS	[]	PROPOSED_FOR_INCLUSION	Retain original selected177 member; exact current annotated RefSeq version, named species Leuconostoc garlicum (taxID255248), ranked genus Leuconostoc, non-Enterococcus, strict reported95/5/100 gate pass; HUMAN approval pending.	PENDING_HUMAN_APPROVAL	NOT_GRANTED
GCF_002174215.1	true	false	[]	true	Pediococcus	Pediococcus	1253	Pediococcus acidilactici	1254	SRCM101189	SAMN07167785	false			PASS_EXTERNAL_METADATA	PASS_TAXONOMY	PASS_ENTEROCOCCUS_EXCLUSION	PASS_REPORTED_THRESHOLDS	[]	PROPOSED_FOR_INCLUSION	Retain original selected177 member; retain one of27 extras from the documented18/group versus15/group design, now externally taxonomically resolved; exact current annotated RefSeq version, named species Pediococcus acidilactici (taxID1254), ranked genus Pediococcus, non-Enterococcus, strict reported95/5/100 gate pass; HUMAN approval pending.	PENDING_HUMAN_APPROVAL	NOT_GRANTED
GCF_002950695.1	true	true	[]	false	Weissella	Weissella	46255	Weissella koreensis	165096	WiKim0080	SAMN08517352	false			PASS_EXTERNAL_METADATA	PASS_TAXONOMY	PASS_ENTEROCOCCUS_EXCLUSION	PASS_REPORTED_THRESHOLDS	[]	PROPOSED_FOR_INCLUSION	Retain original selected177 member; exact current annotated RefSeq version, named species Weissella koreensis (taxID165096), ranked genus Weissella, non-Enterococcus, strict reported95/5/100 gate pass; HUMAN approval pending.	PENDING_HUMAN_APPROVAL	NOT_GRANTED
GCF_002970915.1	true	true	[]	false	Lactiplantibacillus	Lactiplantibacillus	2767842	Lactiplantibacillus koreensis	2099788	CBA3605	SAMN08583607	false			PASS_EXTERNAL_METADATA	PASS_TAXONOMY	PASS_ENTEROCOCCUS_EXCLUSION	PASS_REPORTED_THRESHOLDS	[]	PROPOSED_FOR_INCLUSION	Retain original selected177 member; exact current annotated RefSeq version, named species Lactiplantibacillus koreensis (taxID2099788), ranked genus Lactiplantibacillus, non-Enterococcus, strict reported95/5/100 gate pass; HUMAN approval pending.	PENDING_HUMAN_APPROVAL	NOT_GRANTED
GCF_002970935.1	true	true	[]	false	Lactiplantibacillus	Lactiplantibacillus	2767842	Lactiplantibacillus kimchii	2099789	CBA3606	SAMN08583614	false			PASS_EXTERNAL_METADATA	PASS_TAXONOMY	PASS_ENTEROCOCCUS_EXCLUSION	PASS_REPORTED_THRESHOLDS	[]	PROPOSED_FOR_INCLUSION	Retain original selected177 member; exact current annotated RefSeq version, named species Lactiplantibacillus kimchii (taxID2099789), ranked genus Lactiplantibacillus, non-Enterococcus, strict reported95/5/100 gate pass; HUMAN approval pending.	PENDING_HUMAN_APPROVAL	NOT_GRANTED
GCF_003150935.1	true	false	[]	true	Lactobacillus_sensu_stricto	Lactobacillus	1578	Lactobacillus apis	303541	ESL0185	SAMN07311028	false			PASS_EXTERNAL_METADATA	PASS_TAXONOMY	PASS_ENTEROCOCCUS_EXCLUSION	PASS_REPORTED_THRESHOLDS	[]	PROPOSED_FOR_INCLUSION	Retain original selected177 member; retain one of27 extras from the documented18/group versus15/group design, now externally taxonomically resolved; exact current annotated RefSeq version, named species Lactobacillus apis (taxID303541), ranked genus Lactobacillus, non-Enterococcus, strict reported95/5/100 gate pass; HUMAN approval pending.	PENDING_HUMAN_APPROVAL	NOT_GRANTED
GCF_003151025.1	true	false	[]	true	Lactobacillus_sensu_stricto	Lactobacillus	1578	Lactobacillus kullabergensis	1218493	ESL0186	SAMN07311029	false			PASS_EXTERNAL_METADATA	PASS_TAXONOMY	PASS_ENTEROCOCCUS_EXCLUSION	PASS_REPORTED_THRESHOLDS	[]	PROPOSED_FOR_INCLUSION	Retain original selected177 member; retain one of27 extras from the documented18/group versus15/group design, now externally taxonomically resolved; exact current annotated RefSeq version, named species Lactobacillus kullabergensis (taxID1218493), ranked genus Lactobacillus, non-Enterococcus, strict reported95/5/100 gate pass; HUMAN approval pending.	PENDING_HUMAN_APPROVAL	NOT_GRANTED
GCF_003173695.1	true	true	[]	false	Lactobacillus_sensu_stricto	Lactobacillus	1578	Lactobacillus helsingborgensis	1218494	ESL0183	SAMN07311026	false			PASS_EXTERNAL_METADATA	PASS_TAXONOMY	PASS_ENTEROCOCCUS_EXCLUSION	PASS_REPORTED_THRESHOLDS	[]	PROPOSED_FOR_INCLUSION	Retain original selected177 member; exact current annotated RefSeq version, named species Lactobacillus helsingborgensis (taxID1218494), ranked genus Lactobacillus, non-Enterococcus, strict reported95/5/100 gate pass; HUMAN approval pending.	PENDING_HUMAN_APPROVAL	NOT_GRANTED
GCF_003176835.1	true	false	"[""removed""]"	false	Lactococcus	Lactococcus	1357	Lactococcus lactis	1358	14B4	SAMN08792430	false			PASS_EXTERNAL_METADATA	PASS_TAXONOMY	PASS_ENTEROCOCCUS_EXCLUSION	PASS_REPORTED_THRESHOLDS	[]	PROPOSED_FOR_INCLUSION	Retain original selected177 member; restore historical balancing removal for inclusive strain/species coverage, not because its sequence is proved nonredundant; exact current annotated RefSeq version, named species Lactococcus lactis (taxID1358), ranked genus Lactococcus, non-Enterococcus, strict reported95/5/100 gate pass; HUMAN approval pending.	PENDING_HUMAN_APPROVAL	NOT_GRANTED
GCF_003264795.1	true	true	[]	false	Oenococcus	Oenococcus	46254	Oenococcus oeni	1247	19	SAMN08545569	false			PASS_EXTERNAL_METADATA	PASS_TAXONOMY	PASS_ENTEROCOCCUS_EXCLUSION	PASS_REPORTED_THRESHOLDS	[]	PROPOSED_FOR_INCLUSION	Retain original selected177 member; exact current annotated RefSeq version, named species Oenococcus oeni (taxID1247), ranked genus Oenococcus, non-Enterococcus, strict reported95/5/100 gate pass; HUMAN approval pending.	PENDING_HUMAN_APPROVAL	NOT_GRANTED
GCF_003584685.1	true	true	[]	false	Lactobacillus_sensu_stricto	Lactobacillus	1578	Lactobacillus paragasseri	2107999	JCM 5343	SAMD00113349	false			PASS_EXTERNAL_METADATA	PASS_TAXONOMY	PASS_ENTEROCOCCUS_EXCLUSION	PASS_REPORTED_THRESHOLDS	[]	PROPOSED_FOR_INCLUSION	Retain original selected177 member; exact current annotated RefSeq version, named species Lactobacillus paragasseri (taxID2107999), ranked genus Lactobacillus, non-Enterococcus, strict reported95/5/100 gate pass; HUMAN approval pending.	PENDING_HUMAN_APPROVAL	NOT_GRANTED
GCF_003641185.1	true	true	[]	false	Lactiplantibacillus	Lactiplantibacillus	2767842	Lactiplantibacillus pentosus	1589	DSM 20314	SAMN10174879	false			PASS_EXTERNAL_METADATA	PASS_TAXONOMY	PASS_ENTEROCOCCUS_EXCLUSION	PASS_REPORTED_THRESHOLDS	[]	PROPOSED_FOR_INCLUSION	Retain original selected177 member; exact current annotated RefSeq version, named species Lactiplantibacillus pentosus (taxID1589), ranked genus Lactiplantibacillus, non-Enterococcus, strict reported95/5/100 gate pass; HUMAN approval pending.	PENDING_HUMAN_APPROVAL	NOT_GRANTED
GCF_003722275.1	false	true	"[""added""]"	false	Lactococcus	Lactococcus	1357	Lactococcus lactis	1358	IL1403	SAMN10387363	true	Lactococcus lactis IL1403; classic complete-genome model	SOURCE_DERIVED_LITERATURE_RATIONALE_NOT_REVALIDATED_BIOLOGICAL_ACTIVITY	PASS_EXTERNAL_METADATA	PASS_TAXONOMY	PASS_ENTEROCOCCUS_EXCLUSION	PASS_REPORTED_THRESHOLDS	[]	PROPOSED_FOR_INCLUSION	Add strict-valid historical literature-anchor accession from frozen150; exact current annotated RefSeq version, named species Lactococcus lactis (taxID1358), ranked genus Lactococcus, non-Enterococcus, strict reported95/5/100 gate pass; HUMAN approval pending.	PENDING_HUMAN_APPROVAL	NOT_GRANTED
GCF_003999355.1	true	true	[]	false	Lactobacillus_sensu_stricto	Lactobacillus	1578	Lactobacillus amylolyticus	83683	L5	SAMN09867391	false			PASS_EXTERNAL_METADATA	PASS_TAXONOMY	PASS_ENTEROCOCCUS_EXCLUSION	PASS_REPORTED_THRESHOLDS	[]	PROPOSED_FOR_INCLUSION	Retain original selected177 member; exact current annotated RefSeq version, named species Lactobacillus amylolyticus (taxID83683), ranked genus Lactobacillus, non-Enterococcus, strict reported95/5/100 gate pass; HUMAN approval pending.	PENDING_HUMAN_APPROVAL	NOT_GRANTED
GCF_004354645.1	true	true	[]	false	Leuconostoc	Leuconostoc	1243	Leuconostoc fallax	1251	ATCC 700006	SAMN08555278	false			PASS_EXTERNAL_METADATA	PASS_TAXONOMY	PASS_ENTEROCOCCUS_EXCLUSION	PASS_REPORTED_THRESHOLDS	[]	PROPOSED_FOR_INCLUSION	Retain original selected177 member; exact current annotated RefSeq version, named species Leuconostoc fallax (taxID1251), ranked genus Leuconostoc, non-Enterococcus, strict reported95/5/100 gate pass; HUMAN approval pending.	PENDING_HUMAN_APPROVAL	NOT_GRANTED
GCF_004377635.1	true	true	[]	false	Oenococcus	Oenococcus	46254	Oenococcus oeni	1247	a1	SAMN11130366	false			PASS_EXTERNAL_METADATA	PASS_TAXONOMY	PASS_ENTEROCOCCUS_EXCLUSION	PASS_REPORTED_THRESHOLDS	[]	PROPOSED_FOR_INCLUSION	Retain original selected177 member; exact current annotated RefSeq version, named species Oenococcus oeni (taxID1247), ranked genus Oenococcus, non-Enterococcus, strict reported95/5/100 gate pass; HUMAN approval pending.	PENDING_HUMAN_APPROVAL	NOT_GRANTED
GCF_005405405.1	true	true	[]	false	Lactiplantibacillus	Lactiplantibacillus	2767842	Lactiplantibacillus plajomi	1457217	NBRC 107333	SAMD00164316	false			PASS_EXTERNAL_METADATA	PASS_TAXONOMY	PASS_ENTEROCOCCUS_EXCLUSION	PASS_REPORTED_THRESHOLDS	[]	PROPOSED_FOR_INCLUSION	Retain original selected177 member; exact current annotated RefSeq version, named species Lactiplantibacillus plajomi (taxID1457217), ranked genus Lactiplantibacillus, non-Enterococcus, strict reported95/5/100 gate pass; HUMAN approval pending.	PENDING_HUMAN_APPROVAL	NOT_GRANTED
GCF_005405465.1	true	true	[]	false	Weissella	Weissella	46255	Weissella thailandensis	89061	JCM 10695	SAMD00164319	false			PASS_EXTERNAL_METADATA	PASS_TAXONOMY	PASS_ENTEROCOCCUS_EXCLUSION	PASS_REPORTED_THRESHOLDS	[]	PROPOSED_FOR_INCLUSION	Retain original selected177 member; exact current annotated RefSeq version, named species Weissella thailandensis (taxID89061), ranked genus Weissella, non-Enterococcus, strict reported95/5/100 gate pass; HUMAN approval pending.	PENDING_HUMAN_APPROVAL	NOT_GRANTED
GCF_007954605.1	true	true	[]	false	Leuconostoc	Leuconostoc	1243	Leuconostoc lactis	1246	CBA3625	SAMN11843673	false			PASS_EXTERNAL_METADATA	PASS_TAXONOMY	PASS_ENTEROCOCCUS_EXCLUSION	PASS_REPORTED_THRESHOLDS	[]	PROPOSED_FOR_INCLUSION	Retain original selected177 member; exact current annotated RefSeq version, named species Leuconostoc lactis (taxID1246), ranked genus Leuconostoc, non-Enterococcus, strict reported95/5/100 gate pass; HUMAN approval pending.	PENDING_HUMAN_APPROVAL	NOT_GRANTED
GCF_007954785.1	true	false	"[""removed""]"	false	Leuconostoc	Leuconostoc	1243	Leuconostoc citreum	33964	CBA3621	SAMN11843662	false			PASS_EXTERNAL_METADATA	PASS_TAXONOMY	PASS_ENTEROCOCCUS_EXCLUSION	PASS_REPORTED_THRESHOLDS	[]	PROPOSED_FOR_INCLUSION	Retain original selected177 member; restore historical balancing removal for inclusive strain/species coverage, not because its sequence is proved nonredundant; exact current annotated RefSeq version, named species Leuconostoc citreum (taxID33964), ranked genus Leuconostoc, non-Enterococcus, strict reported95/5/100 gate pass; HUMAN approval pending.	PENDING_HUMAN_APPROVAL	NOT_GRANTED
GCF_008107645.1	true	true	[]	false	Leuconostoc	Leuconostoc	1243	Leuconostoc litchii	1981069	MB7	SAMN10786216	false			PASS_EXTERNAL_METADATA	PASS_TAXONOMY	PASS_ENTEROCOCCUS_EXCLUSION	PASS_REPORTED_THRESHOLDS	[]	PROPOSED_FOR_INCLUSION	Retain original selected177 member; exact current annotated RefSeq version, named species Leuconostoc litchii (taxID1981069), ranked genus Leuconostoc, non-Enterococcus, strict reported95/5/100 gate pass; HUMAN approval pending.	PENDING_HUMAN_APPROVAL	NOT_GRANTED
GCF_008831485.1	true	true	[]	false	Lactobacillus_sensu_stricto	Lactobacillus	1578	Lactobacillus acetotolerans	1600	LA749	SAMN12784818	false			PASS_EXTERNAL_METADATA	PASS_TAXONOMY	PASS_ENTEROCOCCUS_EXCLUSION	PASS_REPORTED_THRESHOLDS	[]	PROPOSED_FOR_INCLUSION	Retain original selected177 member; exact current annotated RefSeq version, named species Lactobacillus acetotolerans (taxID1600), ranked genus Lactobacillus, non-Enterococcus, strict reported95/5/100 gate pass; HUMAN approval pending.	PENDING_HUMAN_APPROVAL	NOT_GRANTED
GCF_009184845.1	true	true	[]	false	Lacticaseibacillus	Lacticaseibacillus	2759736	Lacticaseibacillus manihotivorans	88233	LM010	SAMN12784792	false			PASS_EXTERNAL_METADATA	PASS_TAXONOMY	PASS_ENTEROCOCCUS_EXCLUSION	PASS_REPORTED_THRESHOLDS	[]	PROPOSED_FOR_INCLUSION	Retain original selected177 member; exact current annotated RefSeq version, named species Lacticaseibacillus manihotivorans (taxID88233), ranked genus Lacticaseibacillus, non-Enterococcus, strict reported95/5/100 gate pass; HUMAN approval pending.	PENDING_HUMAN_APPROVAL	NOT_GRANTED
GCF_009856565.1	true	true	[]	false	Streptococcus_thermophilus	Streptococcus	1301	Streptococcus thermophilus	1308	EU01	SAMN13618337	false			PASS_EXTERNAL_METADATA	PASS_TAXONOMY	PASS_ENTEROCOCCUS_EXCLUSION	PASS_REPORTED_THRESHOLDS	[]	PROPOSED_FOR_INCLUSION	Retain original selected177 member; exact current annotated RefSeq version, named species Streptococcus thermophilus (taxID1308), ranked genus Streptococcus, non-Enterococcus, strict reported95/5/100 gate pass; HUMAN approval pending.	PENDING_HUMAN_APPROVAL	NOT_GRANTED
GCF_009913655.1	true	false	"[""removed""]"	false	Lactiplantibacillus	Lactiplantibacillus	2767842	Lactiplantibacillus plantarum	1590	SRCM100442	SAMN08707598	false			PASS_EXTERNAL_METADATA	PASS_TAXONOMY	PASS_ENTEROCOCCUS_EXCLUSION	PASS_REPORTED_THRESHOLDS	[]	PROPOSED_FOR_INCLUSION	Retain original selected177 member; restore historical balancing removal for inclusive strain/species coverage, not because its sequence is proved nonredundant; exact current annotated RefSeq version, named species Lactiplantibacillus plantarum (taxID1590), ranked genus Lactiplantibacillus, non-Enterococcus, strict reported95/5/100 gate pass; HUMAN approval pending.	PENDING_HUMAN_APPROVAL	NOT_GRANTED
GCF_009913995.1	true	true	[]	false	Pediococcus	Pediococcus	1253	Pediococcus pentosaceus	1255	SRCM102738	SAMN08707613	false			PASS_EXTERNAL_METADATA	PASS_TAXONOMY	PASS_ENTEROCOCCUS_EXCLUSION	PASS_REPORTED_THRESHOLDS	[]	PROPOSED_FOR_INCLUSION	Retain original selected177 member; exact current annotated RefSeq version, named species Pediococcus pentosaceus (taxID1255), ranked genus Pediococcus, non-Enterococcus, strict reported95/5/100 gate pass; HUMAN approval pending.	PENDING_HUMAN_APPROVAL	NOT_GRANTED
GCF_009914015.1	true	true	[]	false	Pediococcus	Pediococcus	1253	Pediococcus pentosaceus	1255	SRCM102739	SAMN08707614	false			PASS_EXTERNAL_METADATA	PASS_TAXONOMY	PASS_ENTEROCOCCUS_EXCLUSION	PASS_REPORTED_THRESHOLDS	[]	PROPOSED_FOR_INCLUSION	Retain original selected177 member; exact current annotated RefSeq version, named species Pediococcus pentosaceus (taxID1255), ranked genus Pediococcus, non-Enterococcus, strict reported95/5/100 gate pass; HUMAN approval pending.	PENDING_HUMAN_APPROVAL	NOT_GRANTED
GCF_009914035.1	true	true	[]	false	Pediococcus	Pediococcus	1253	Pediococcus pentosaceus	1255	SRCM102740	SAMN08707615	false			PASS_EXTERNAL_METADATA	PASS_TAXONOMY	PASS_ENTEROCOCCUS_EXCLUSION	PASS_REPORTED_THRESHOLDS	[]	PROPOSED_FOR_INCLUSION	Retain original selected177 member; exact current annotated RefSeq version, named species Pediococcus pentosaceus (taxID1255), ranked genus Pediococcus, non-Enterococcus, strict reported95/5/100 gate pass; HUMAN approval pending.	PENDING_HUMAN_APPROVAL	NOT_GRANTED
GCF_010092385.1	true	true	[]	false	Pediococcus	Pediococcus	1253	Pediococcus acidilactici	1254	CACC 537	SAMN13871425	false			PASS_EXTERNAL_METADATA	PASS_TAXONOMY	PASS_ENTEROCOCCUS_EXCLUSION	PASS_REPORTED_THRESHOLDS	[]	PROPOSED_FOR_INCLUSION	Retain original selected177 member; exact current annotated RefSeq version, named species Pediococcus acidilactici (taxID1254), ranked genus Pediococcus, non-Enterococcus, strict reported95/5/100 gate pass; HUMAN approval pending.	PENDING_HUMAN_APPROVAL	NOT_GRANTED
GCF_011058775.1	true	true	[]	false	Lactobacillus_sensu_stricto	Lactobacillus	1578	Lactobacillus iners	147802	C0322A1	SAMN14165694	false			PASS_EXTERNAL_METADATA	PASS_TAXONOMY	PASS_ENTEROCOCCUS_EXCLUSION	PASS_REPORTED_THRESHOLDS	[]	PROPOSED_FOR_INCLUSION	Retain original selected177 member; exact current annotated RefSeq version, named species Lactobacillus iners (taxID147802), ranked genus Lactobacillus, non-Enterococcus, strict reported95/5/100 gate pass; HUMAN approval pending.	PENDING_HUMAN_APPROVAL	NOT_GRANTED
GCF_011304355.1	true	true	[]	false	Weissella	Weissella	46255	Weissella coleopterorum	2714949	HDW19	SAMN14260704	false			PASS_EXTERNAL_METADATA	PASS_TAXONOMY	PASS_ENTEROCOCCUS_EXCLUSION	PASS_REPORTED_THRESHOLDS	[]	PROPOSED_FOR_INCLUSION	Retain original selected177 member; exact current annotated RefSeq version, named species Weissella coleopterorum (taxID2714949), ranked genus Weissella, non-Enterococcus, strict reported95/5/100 gate pass; HUMAN approval pending.	PENDING_HUMAN_APPROVAL	NOT_GRANTED
GCF_013113695.1	true	true	[]	false	Oenococcus	Oenococcus	46254	Oenococcus oeni	1247	OE37	SAMN14123602	false			PASS_EXTERNAL_METADATA	PASS_TAXONOMY	PASS_ENTEROCOCCUS_EXCLUSION	PASS_REPORTED_THRESHOLDS	[]	PROPOSED_FOR_INCLUSION	Retain original selected177 member; exact current annotated RefSeq version, named species Oenococcus oeni (taxID1247), ranked genus Oenococcus, non-Enterococcus, strict reported95/5/100 gate pass; HUMAN approval pending.	PENDING_HUMAN_APPROVAL	NOT_GRANTED
GCF_013407595.1	true	true	[]	false	Lacticaseibacillus	Lacticaseibacillus	2759736	Lacticaseibacillus absianus	2729623	YH-lac23	SAMN14675869	false			PASS_EXTERNAL_METADATA	PASS_TAXONOMY	PASS_ENTEROCOCCUS_EXCLUSION	PASS_REPORTED_THRESHOLDS	[]	PROPOSED_FOR_INCLUSION	Retain original selected177 member; exact current annotated RefSeq version, named species Lacticaseibacillus absianus (taxID2729623), ranked genus Lacticaseibacillus, non-Enterococcus, strict reported95/5/100 gate pass; HUMAN approval pending.	PENDING_HUMAN_APPROVAL	NOT_GRANTED
GCF_014131735.1	false	true	"[""added""]"	false	Lactiplantibacillus	Lactiplantibacillus	2767842	Lactiplantibacillus plantarum	1590	DSM 20174	SAMN11357169	true	Lactiplantibacillus plantarum DSM 20174; mrr comparison anchor	SOURCE_DERIVED_LITERATURE_RATIONALE_NOT_REVALIDATED_BIOLOGICAL_ACTIVITY	PASS_EXTERNAL_METADATA	PASS_TAXONOMY	PASS_ENTEROCOCCUS_EXCLUSION	PASS_REPORTED_THRESHOLDS	[]	PROPOSED_FOR_INCLUSION	Add strict-valid historical literature-anchor accession from frozen150; exact current annotated RefSeq version, named species Lactiplantibacillus plantarum (taxID1590), ranked genus Lactiplantibacillus, non-Enterococcus, strict reported95/5/100 gate pass; HUMAN approval pending.	PENDING_HUMAN_APPROVAL	NOT_GRANTED
GCF_014145545.1	true	false	[]	true	Limosilactobacillus	Limosilactobacillus	2742598	Limosilactobacillus agrestis	2759748	BG-MG3-A	SAMN15676317	false			PASS_EXTERNAL_METADATA	PASS_TAXONOMY	PASS_ENTEROCOCCUS_EXCLUSION	PASS_REPORTED_THRESHOLDS	[]	PROPOSED_FOR_INCLUSION	Retain original selected177 member; retain one of27 extras from the documented18/group versus15/group design, now externally taxonomically resolved; exact current annotated RefSeq version, named species Limosilactobacillus agrestis (taxID2759748), ranked genus Limosilactobacillus, non-Enterococcus, strict reported95/5/100 gate pass; HUMAN approval pending.	PENDING_HUMAN_APPROVAL	NOT_GRANTED
GCF_014145555.1	true	true	[]	false	Limosilactobacillus	Limosilactobacillus	2742598	Limosilactobacillus albertensis	2759752	Lr3000	SAMN15676318	false			PASS_EXTERNAL_METADATA	PASS_TAXONOMY	PASS_ENTEROCOCCUS_EXCLUSION	PASS_REPORTED_THRESHOLDS	[]	PROPOSED_FOR_INCLUSION	Retain original selected177 member; exact current annotated RefSeq version, named species Limosilactobacillus albertensis (taxID2759752), ranked genus Limosilactobacillus, non-Enterococcus, strict reported95/5/100 gate pass; HUMAN approval pending.	PENDING_HUMAN_APPROVAL	NOT_GRANTED
GCF_014145615.1	true	true	[]	false	Limosilactobacillus	Limosilactobacillus	2742598	Limosilactobacillus balticus	2759747	BG-AF3-A	SAMN15676314	false			PASS_EXTERNAL_METADATA	PASS_TAXONOMY	PASS_ENTEROCOCCUS_EXCLUSION	PASS_REPORTED_THRESHOLDS	[]	PROPOSED_FOR_INCLUSION	Retain original selected177 member; exact current annotated RefSeq version, named species Limosilactobacillus balticus (taxID2759747), ranked genus Limosilactobacillus, non-Enterococcus, strict reported95/5/100 gate pass; HUMAN approval pending.	PENDING_HUMAN_APPROVAL	NOT_GRANTED
GCF_014397255.1	true	true	[]	false	Weissella	Weissella	46255	Weissella diestrammenae	1162633	KACC 16890	SAMN15892525	false			PASS_EXTERNAL_METADATA	PASS_TAXONOMY	PASS_ENTEROCOCCUS_EXCLUSION	PASS_REPORTED_THRESHOLDS	[]	PROPOSED_FOR_INCLUSION	Retain original selected177 member; exact current annotated RefSeq version, named species Weissella diestrammenae (taxID1162633), ranked genus Weissella, non-Enterococcus, strict reported95/5/100 gate pass; HUMAN approval pending.	PENDING_HUMAN_APPROVAL	NOT_GRANTED
GCF_014656585.1	true	true	[]	false	Lactobacillus_sensu_stricto	Lactobacillus	1578	Lactobacillus kefiranofaciens	267818	1207	SAMN16072876	false			PASS_EXTERNAL_METADATA	PASS_TAXONOMY	PASS_ENTEROCOCCUS_EXCLUSION	PASS_REPORTED_THRESHOLDS	[]	PROPOSED_FOR_INCLUSION	Retain original selected177 member; exact current annotated RefSeq version, named species Lactobacillus kefiranofaciens (taxID267818), ranked genus Lactobacillus, non-Enterococcus, strict reported95/5/100 gate pass; HUMAN approval pending.	PENDING_HUMAN_APPROVAL	NOT_GRANTED
GCF_014789145.1	true	true	[]	false	Weissella	Weissella	46255	Weissella viridescens	1629	NJ100	SAMN16229483	false			PASS_EXTERNAL_METADATA	PASS_TAXONOMY	PASS_ENTEROCOCCUS_EXCLUSION	PASS_REPORTED_THRESHOLDS	[]	PROPOSED_FOR_INCLUSION	Retain original selected177 member; exact current annotated RefSeq version, named species Weissella viridescens (taxID1629), ranked genus Weissella, non-Enterococcus, strict reported95/5/100 gate pass; HUMAN approval pending.	PENDING_HUMAN_APPROVAL	NOT_GRANTED
GCF_016127255.1	true	true	[]	false	Leuconostoc	Leuconostoc	1243	Leuconostoc pseudomesenteroides	33968	FDAARGOS_1003	SAMN16357172	false			PASS_EXTERNAL_METADATA	PASS_TAXONOMY	PASS_ENTEROCOCCUS_EXCLUSION	PASS_REPORTED_THRESHOLDS	[]	PROPOSED_FOR_INCLUSION	Retain original selected177 member; exact current annotated RefSeq version, named species Leuconostoc pseudomesenteroides (taxID33968), ranked genus Leuconostoc, non-Enterococcus, strict reported95/5/100 gate pass; HUMAN approval pending.	PENDING_HUMAN_APPROVAL	NOT_GRANTED
GCF_016127815.1	true	true	[]	false	Pediococcus	Pediococcus	1253	Pediococcus acidilactici	1254	FDAARGOS_1007	SAMN16357176	false			PASS_EXTERNAL_METADATA	PASS_TAXONOMY	PASS_ENTEROCOCCUS_EXCLUSION	PASS_REPORTED_THRESHOLDS	[]	PROPOSED_FOR_INCLUSION	Retain original selected177 member; exact current annotated RefSeq version, named species Pediococcus acidilactici (taxID1254), ranked genus Pediococcus, non-Enterococcus, strict reported95/5/100 gate pass; HUMAN approval pending.	PENDING_HUMAN_APPROVAL	NOT_GRANTED
GCF_016647595.1	true	true	[]	false	Lactobacillus_sensu_stricto	Lactobacillus	1578	Lactobacillus ultunensis	227945	Kx293C1	SAMN15678306	false			PASS_EXTERNAL_METADATA	PASS_TAXONOMY	PASS_ENTEROCOCCUS_EXCLUSION	PASS_REPORTED_THRESHOLDS	[]	PROPOSED_FOR_INCLUSION	Retain original selected177 member; exact current annotated RefSeq version, named species Lactobacillus ultunensis (taxID227945), ranked genus Lactobacillus, non-Enterococcus, strict reported95/5/100 gate pass; HUMAN approval pending.	PENDING_HUMAN_APPROVAL	NOT_GRANTED
GCF_016919665.1	true	false	"[""removed""]"	false	Lactococcus	Lactococcus	1357	Lactococcus taiwanensis	1151742	K_LL001	SAMN17922033	false			PASS_EXTERNAL_METADATA	PASS_TAXONOMY	PASS_ENTEROCOCCUS_EXCLUSION	PASS_REPORTED_THRESHOLDS	[]	PROPOSED_FOR_INCLUSION	Retain original selected177 member; restore historical balancing removal for inclusive strain/species coverage, not because its sequence is proved nonredundant; exact current annotated RefSeq version, named species Lactococcus taiwanensis (taxID1151742), ranked genus Lactococcus, non-Enterococcus, strict reported95/5/100 gate pass; HUMAN approval pending.	PENDING_HUMAN_APPROVAL	NOT_GRANTED
GCF_017068355.1	true	true	[]	false	Lactococcus	Lactococcus	1357	Lactococcus taiwanensis	1151742	K_LL004	SAMN17981207	false			PASS_EXTERNAL_METADATA	PASS_TAXONOMY	PASS_ENTEROCOCCUS_EXCLUSION	PASS_REPORTED_THRESHOLDS	[]	PROPOSED_FOR_INCLUSION	Retain original selected177 member; exact current annotated RefSeq version, named species Lactococcus taiwanensis (taxID1151742), ranked genus Lactococcus, non-Enterococcus, strict reported95/5/100 gate pass; HUMAN approval pending.	PENDING_HUMAN_APPROVAL	NOT_GRANTED
GCF_017894345.1	true	true	[]	false	Lactobacillus_sensu_stricto	Lactobacillus	1578	Lactobacillus taiwanensis	508451	CLG01	SAMN15573980	false			PASS_EXTERNAL_METADATA	PASS_TAXONOMY	PASS_ENTEROCOCCUS_EXCLUSION	PASS_REPORTED_THRESHOLDS	[]	PROPOSED_FOR_INCLUSION	Retain original selected177 member; exact current annotated RefSeq version, named species Lactobacillus taiwanensis (taxID508451), ranked genus Lactobacillus, non-Enterococcus, strict reported95/5/100 gate pass; HUMAN approval pending.	PENDING_HUMAN_APPROVAL	NOT_GRANTED
GCF_018394055.1	true	true	[]	false	Weissella	Weissella	46255	Weissella ceti	759620	CECT 7719	SAMN19073728	false			PASS_EXTERNAL_METADATA	PASS_TAXONOMY	PASS_ENTEROCOCCUS_EXCLUSION	PASS_REPORTED_THRESHOLDS	[]	PROPOSED_FOR_INCLUSION	Retain original selected177 member; exact current annotated RefSeq version, named species Weissella ceti (taxID759620), ranked genus Weissella, non-Enterococcus, strict reported95/5/100 gate pass; HUMAN approval pending.	PENDING_HUMAN_APPROVAL	NOT_GRANTED
GCF_018502505.1	true	true	[]	false	Weissella	Weissella	46255	Weissella tructae	887702	W-1	SAMN19073739	false			PASS_EXTERNAL_METADATA	PASS_TAXONOMY	PASS_ENTEROCOCCUS_EXCLUSION	PASS_REPORTED_THRESHOLDS	[]	PROPOSED_FOR_INCLUSION	Retain original selected177 member; exact current annotated RefSeq version, named species Weissella tructae (taxID887702), ranked genus Weissella, non-Enterococcus, strict reported95/5/100 gate pass; HUMAN approval pending.	PENDING_HUMAN_APPROVAL	NOT_GRANTED
GCF_019448175.1	true	true	[]	false	Pediococcus	Pediococcus	1253	Pediococcus acidilactici	1254	PMC202	SAMN20446287	false			PASS_EXTERNAL_METADATA	PASS_TAXONOMY	PASS_ENTEROCOCCUS_EXCLUSION	PASS_REPORTED_THRESHOLDS	[]	PROPOSED_FOR_INCLUSION	Retain original selected177 member; exact current annotated RefSeq version, named species Pediococcus acidilactici (taxID1254), ranked genus Pediococcus, non-Enterococcus, strict reported95/5/100 gate pass; HUMAN approval pending.	PENDING_HUMAN_APPROVAL	NOT_GRANTED
GCF_019469265.1	true	false	[]	true	Lactobacillus_sensu_stricto	Lactobacillus	1578	Lactobacillus panisapium	2012495	ESL0416	SAMN13893452	false			PASS_EXTERNAL_METADATA	PASS_TAXONOMY	PASS_ENTEROCOCCUS_EXCLUSION	PASS_REPORTED_THRESHOLDS	[]	PROPOSED_FOR_INCLUSION	Retain original selected177 member; retain one of27 extras from the documented18/group versus15/group design, now externally taxonomically resolved; exact current annotated RefSeq version, named species Lactobacillus panisapium (taxID2012495), ranked genus Lactobacillus, non-Enterococcus, strict reported95/5/100 gate pass; HUMAN approval pending.	PENDING_HUMAN_APPROVAL	NOT_GRANTED
GCF_019576155.1	true	true	[]	false	Weissella	Weissella	46255	Weissella confusa	1583	LM1	SAMN20587850	false			PASS_EXTERNAL_METADATA	PASS_TAXONOMY	PASS_ENTEROCOCCUS_EXCLUSION	PASS_REPORTED_THRESHOLDS	[]	PROPOSED_FOR_INCLUSION	Retain original selected177 member; exact current annotated RefSeq version, named species Weissella confusa (taxID1583), ranked genus Weissella, non-Enterococcus, strict reported95/5/100 gate pass; HUMAN approval pending.	PENDING_HUMAN_APPROVAL	NOT_GRANTED
GCF_019797825.1	true	true	[]	false	Limosilactobacillus	Limosilactobacillus	2742598	Limosilactobacillus panis	47493	MT-01	SAMN20308692	false			PASS_EXTERNAL_METADATA	PASS_TAXONOMY	PASS_ENTEROCOCCUS_EXCLUSION	PASS_REPORTED_THRESHOLDS	[]	PROPOSED_FOR_INCLUSION	Retain original selected177 member; exact current annotated RefSeq version, named species Limosilactobacillus panis (taxID47493), ranked genus Limosilactobacillus, non-Enterococcus, strict reported95/5/100 gate pass; HUMAN approval pending.	PENDING_HUMAN_APPROVAL	NOT_GRANTED
GCF_020510245.1	true	true	[]	false	Oenococcus	Oenococcus	46254	Oenococcus oeni	1247	AWRIB429	SAMN21464313	false			PASS_EXTERNAL_METADATA	PASS_TAXONOMY	PASS_ENTEROCOCCUS_EXCLUSION	PASS_REPORTED_THRESHOLDS	[]	PROPOSED_FOR_INCLUSION	Retain original selected177 member; exact current annotated RefSeq version, named species Oenococcus oeni (taxID1247), ranked genus Oenococcus, non-Enterococcus, strict reported95/5/100 gate pass; HUMAN approval pending.	PENDING_HUMAN_APPROVAL	NOT_GRANTED
GCF_020784695.1	true	true	[]	false	Limosilactobacillus	Limosilactobacillus	2742598	Limosilactobacillus secundus	3695464	LR77	SAMN22258643	false			PASS_EXTERNAL_METADATA	PASS_TAXONOMY	PASS_ENTEROCOCCUS_EXCLUSION	PASS_REPORTED_THRESHOLDS	[]	PROPOSED_FOR_INCLUSION	Retain original selected177 member; exact current annotated RefSeq version, named species Limosilactobacillus secundus (taxID3695464), ranked genus Limosilactobacillus, non-Enterococcus, strict reported95/5/100 gate pass; HUMAN approval pending.	PENDING_HUMAN_APPROVAL	NOT_GRANTED
GCF_020844005.1	true	true	[]	false	Streptococcus_thermophilus	Streptococcus	1301	Streptococcus thermophilus	1308	4078	SAMN16933231	false			PASS_EXTERNAL_METADATA	PASS_TAXONOMY	PASS_ENTEROCOCCUS_EXCLUSION	PASS_REPORTED_THRESHOLDS	[]	PROPOSED_FOR_INCLUSION	Retain original selected177 member; exact current annotated RefSeq version, named species Streptococcus thermophilus (taxID1308), ranked genus Streptococcus, non-Enterococcus, strict reported95/5/100 gate pass; HUMAN approval pending.	PENDING_HUMAN_APPROVAL	NOT_GRANTED
GCF_021378055.1	true	true	[]	false	Pediococcus	Pediococcus	1253	Pediococcus pentosaceus	1255	ST75/87BZ	SAMN19274596	false			PASS_EXTERNAL_METADATA	PASS_TAXONOMY	PASS_ENTEROCOCCUS_EXCLUSION	PASS_REPORTED_THRESHOLDS	[]	PROPOSED_FOR_INCLUSION	Retain original selected177 member; exact current annotated RefSeq version, named species Pediococcus pentosaceus (taxID1255), ranked genus Pediococcus, non-Enterococcus, strict reported95/5/100 gate pass; HUMAN approval pending.	PENDING_HUMAN_APPROVAL	NOT_GRANTED
GCF_023169905.1	true	false	[]	true	Lactococcus	Lactococcus	1357	Lactococcus cremoris	1359	7-1	SAMD00413988	false			PASS_EXTERNAL_METADATA	PASS_TAXONOMY	PASS_ENTEROCOCCUS_EXCLUSION	PASS_REPORTED_THRESHOLDS	[]	PROPOSED_FOR_INCLUSION	Retain original selected177 member; retain one of27 extras from the documented18/group versus15/group design, now externally taxonomically resolved; exact current annotated RefSeq version, named species Lactococcus cremoris (taxID1359), ranked genus Lactococcus, non-Enterococcus, strict reported95/5/100 gate pass; HUMAN approval pending.	PENDING_HUMAN_APPROVAL	NOT_GRANTED
GCF_023499275.1	true	true	[]	false	Lactococcus	Lactococcus	1357	Lactococcus petauri	1940789	B1726	SAMN27069516	false			PASS_EXTERNAL_METADATA	PASS_TAXONOMY	PASS_ENTEROCOCCUS_EXCLUSION	PASS_REPORTED_THRESHOLDS	[]	PROPOSED_FOR_INCLUSION	Retain original selected177 member; exact current annotated RefSeq version, named species Lactococcus petauri (taxID1940789), ranked genus Lactococcus, non-Enterococcus, strict reported95/5/100 gate pass; HUMAN approval pending.	PENDING_HUMAN_APPROVAL	NOT_GRANTED
GCF_023920145.1	true	true	[]	false	Oenococcus	Oenococcus	46254	Oenococcus oeni	1247	SD-2a	SAMN23078432	false			PASS_EXTERNAL_METADATA	PASS_TAXONOMY	PASS_ENTEROCOCCUS_EXCLUSION	PASS_REPORTED_THRESHOLDS	[]	PROPOSED_FOR_INCLUSION	Retain original selected177 member; exact current annotated RefSeq version, named species Oenococcus oeni (taxID1247), ranked genus Oenococcus, non-Enterococcus, strict reported95/5/100 gate pass; HUMAN approval pending.	PENDING_HUMAN_APPROVAL	NOT_GRANTED
GCF_024334065.1	true	true	[]	false	Streptococcus_thermophilus	Streptococcus	1301	Streptococcus thermophilus	1308	CH8	SAMN07809268	false			PASS_EXTERNAL_METADATA	PASS_TAXONOMY	PASS_ENTEROCOCCUS_EXCLUSION	PASS_REPORTED_THRESHOLDS	[]	PROPOSED_FOR_INCLUSION	Retain original selected177 member; exact current annotated RefSeq version, named species Streptococcus thermophilus (taxID1308), ranked genus Streptococcus, non-Enterococcus, strict reported95/5/100 gate pass; HUMAN approval pending.	PENDING_HUMAN_APPROVAL	NOT_GRANTED
GCF_024397795.1	true	true	[]	false	Lactobacillus_sensu_stricto	Lactobacillus	1578	Lactobacillus intestinalis	151781	DSM 6629	SAMN18709981	false			PASS_EXTERNAL_METADATA	PASS_TAXONOMY	PASS_ENTEROCOCCUS_EXCLUSION	PASS_REPORTED_THRESHOLDS	[]	PROPOSED_FOR_INCLUSION	Retain original selected177 member; exact current annotated RefSeq version, named species Lactobacillus intestinalis (taxID151781), ranked genus Lactobacillus, non-Enterococcus, strict reported95/5/100 gate pass; HUMAN approval pending.	PENDING_HUMAN_APPROVAL	NOT_GRANTED
GCF_024718545.1	true	false	[]	true	Weissella	Weissella	46255	Weissella fangxianensis	2953879	HBUAS51963	SAMN29205271	false			PASS_EXTERNAL_METADATA	PASS_TAXONOMY	PASS_ENTEROCOCCUS_EXCLUSION	PASS_REPORTED_THRESHOLDS	[]	PROPOSED_FOR_INCLUSION	Retain original selected177 member; retain one of27 extras from the documented18/group versus15/group design, now externally taxonomically resolved; exact current annotated RefSeq version, named species Weissella fangxianensis (taxID2953879), ranked genus Weissella, non-Enterococcus, strict reported95/5/100 gate pass; HUMAN approval pending.	PENDING_HUMAN_APPROVAL	NOT_GRANTED
GCF_025311495.1	true	true	[]	false	Limosilactobacillus	Limosilactobacillus	2742598	Limosilactobacillus oris	1632	AM_LB10	SAMN30837125	false			PASS_EXTERNAL_METADATA	PASS_TAXONOMY	PASS_ENTEROCOCCUS_EXCLUSION	PASS_REPORTED_THRESHOLDS	[]	PROPOSED_FOR_INCLUSION	Retain original selected177 member; exact current annotated RefSeq version, named species Limosilactobacillus oris (taxID1632), ranked genus Limosilactobacillus, non-Enterococcus, strict reported95/5/100 gate pass; HUMAN approval pending.	PENDING_HUMAN_APPROVAL	NOT_GRANTED
GCF_025490915.1	true	false	[]	true	Lacticaseibacillus	Lacticaseibacillus	2759736	Lacticaseibacillus parakribbianus	2970927	YH-lacS6	SAMN30182738	false			PASS_EXTERNAL_METADATA	PASS_TAXONOMY	PASS_ENTEROCOCCUS_EXCLUSION	PASS_REPORTED_THRESHOLDS	[]	PROPOSED_FOR_INCLUSION	Retain original selected177 member; retain one of27 extras from the documented18/group versus15/group design, now externally taxonomically resolved; exact current annotated RefSeq version, named species Lacticaseibacillus parakribbianus (taxID2970927), ranked genus Lacticaseibacillus, non-Enterococcus, strict reported95/5/100 gate pass; HUMAN approval pending.	PENDING_HUMAN_APPROVAL	NOT_GRANTED
GCF_025739325.1	false	true	"[""added""]"	false	Streptococcus_thermophilus	Streptococcus	1301	Streptococcus thermophilus	1308	CNRZ1151	SAMN16933238	true	Streptococcus thermophilus CNRZ1151; culture-collection anchor	SOURCE_DERIVED_LITERATURE_RATIONALE_NOT_REVALIDATED_BIOLOGICAL_ACTIVITY	PASS_EXTERNAL_METADATA	PASS_TAXONOMY	PASS_ENTEROCOCCUS_EXCLUSION	PASS_REPORTED_THRESHOLDS	[]	PROPOSED_FOR_INCLUSION	Add strict-valid historical literature-anchor accession from frozen150; exact current annotated RefSeq version, named species Streptococcus thermophilus (taxID1308), ranked genus Streptococcus, non-Enterococcus, strict reported95/5/100 gate pass; HUMAN approval pending.	PENDING_HUMAN_APPROVAL	NOT_GRANTED
GCF_025948295.1	false	true	"[""added""]"	false	Streptococcus_thermophilus	Streptococcus	1301	Streptococcus thermophilus	1308	CNRZ385	SAMN16933252	true	Streptococcus thermophilus CNRZ385; culture-collection anchor	SOURCE_DERIVED_LITERATURE_RATIONALE_NOT_REVALIDATED_BIOLOGICAL_ACTIVITY	PASS_EXTERNAL_METADATA	PASS_TAXONOMY	PASS_ENTEROCOCCUS_EXCLUSION	PASS_REPORTED_THRESHOLDS	[]	PROPOSED_FOR_INCLUSION	Add strict-valid historical literature-anchor accession from frozen150; exact current annotated RefSeq version, named species Streptococcus thermophilus (taxID1308), ranked genus Streptococcus, non-Enterococcus, strict reported95/5/100 gate pass; HUMAN approval pending.	PENDING_HUMAN_APPROVAL	NOT_GRANTED
GCF_026222675.1	true	false	[]	true	Lactiplantibacillus	Lactiplantibacillus	2767842	Lactiplantibacillus pentosus	1589	OHF 23	SAMN14969420	false			PASS_EXTERNAL_METADATA	PASS_TAXONOMY	PASS_ENTEROCOCCUS_EXCLUSION	PASS_REPORTED_THRESHOLDS	[]	PROPOSED_FOR_INCLUSION	Retain original selected177 member; retain one of27 extras from the documented18/group versus15/group design, now externally taxonomically resolved; exact current annotated RefSeq version, named species Lactiplantibacillus pentosus (taxID1589), ranked genus Lactiplantibacillus, non-Enterococcus, strict reported95/5/100 gate pass; HUMAN approval pending.	PENDING_HUMAN_APPROVAL	NOT_GRANTED
GCF_028607025.1	true	true	[]	false	Limosilactobacillus	Limosilactobacillus	2742598	Limosilactobacillus portuensis	2742601	LV1276_C155	SAMN33053616	false			PASS_EXTERNAL_METADATA	PASS_TAXONOMY	PASS_ENTEROCOCCUS_EXCLUSION	PASS_REPORTED_THRESHOLDS	[]	PROPOSED_FOR_INCLUSION	Retain original selected177 member; exact current annotated RefSeq version, named species Limosilactobacillus portuensis (taxID2742601), ranked genus Limosilactobacillus, non-Enterococcus, strict reported95/5/100 gate pass; HUMAN approval pending.	PENDING_HUMAN_APPROVAL	NOT_GRANTED
GCF_028621815.1	true	false	[]	true	Pediococcus	Pediococcus	1253	Pediococcus acidilactici	1254	SRCM102024	SAMN33195158	false			PASS_EXTERNAL_METADATA	PASS_TAXONOMY	PASS_ENTEROCOCCUS_EXCLUSION	PASS_REPORTED_THRESHOLDS	[]	PROPOSED_FOR_INCLUSION	Retain original selected177 member; retain one of27 extras from the documented18/group versus15/group design, now externally taxonomically resolved; exact current annotated RefSeq version, named species Pediococcus acidilactici (taxID1254), ranked genus Pediococcus, non-Enterococcus, strict reported95/5/100 gate pass; HUMAN approval pending.	PENDING_HUMAN_APPROVAL	NOT_GRANTED
GCF_028736235.1	true	true	[]	false	Lacticaseibacillus	Lacticaseibacillus	2759736	Lacticaseibacillus pabuli	3025672	KACC 23028	SAMN33041120	false			PASS_EXTERNAL_METADATA	PASS_TAXONOMY	PASS_ENTEROCOCCUS_EXCLUSION	PASS_REPORTED_THRESHOLDS	[]	PROPOSED_FOR_INCLUSION	Retain original selected177 member; exact current annotated RefSeq version, named species Lacticaseibacillus pabuli (taxID3025672), ranked genus Lacticaseibacillus, non-Enterococcus, strict reported95/5/100 gate pass; HUMAN approval pending.	PENDING_HUMAN_APPROVAL	NOT_GRANTED
GCF_029025825.1	true	true	[]	false	Lactiplantibacillus	Lactiplantibacillus	2767842	Lactiplantibacillus paraplantarum	60520	FL-8	SAMN33411785	false			PASS_EXTERNAL_METADATA	PASS_TAXONOMY	PASS_ENTEROCOCCUS_EXCLUSION	PASS_REPORTED_THRESHOLDS	[]	PROPOSED_FOR_INCLUSION	Retain original selected177 member; exact current annotated RefSeq version, named species Lactiplantibacillus paraplantarum (taxID60520), ranked genus Lactiplantibacillus, non-Enterococcus, strict reported95/5/100 gate pass; HUMAN approval pending.	PENDING_HUMAN_APPROVAL	NOT_GRANTED
GCF_029726355.1	true	true	[]	false	Lacticaseibacillus	Lacticaseibacillus	2759736	Lacticaseibacillus huelsenbergensis	3035291	DSM 115425	SAMN33777240	false			PASS_EXTERNAL_METADATA	PASS_TAXONOMY	PASS_ENTEROCOCCUS_EXCLUSION	PASS_REPORTED_THRESHOLDS	[]	PROPOSED_FOR_INCLUSION	Retain original selected177 member; exact current annotated RefSeq version, named species Lacticaseibacillus huelsenbergensis (taxID3035291), ranked genus Lacticaseibacillus, non-Enterococcus, strict reported95/5/100 gate pass; HUMAN approval pending.	PENDING_HUMAN_APPROVAL	NOT_GRANTED
GCF_029854335.1	true	false	"[""removed""]"	false	Lactiplantibacillus	Lactiplantibacillus	2767842	Lactiplantibacillus plantarum	1590	MY04	SAMN34164294	false			PASS_EXTERNAL_METADATA	PASS_TAXONOMY	PASS_ENTEROCOCCUS_EXCLUSION	PASS_REPORTED_THRESHOLDS	[]	PROPOSED_FOR_INCLUSION	Retain original selected177 member; restore historical balancing removal for inclusive strain/species coverage, not because its sequence is proved nonredundant; exact current annotated RefSeq version, named species Lactiplantibacillus plantarum (taxID1590), ranked genus Lactiplantibacillus, non-Enterococcus, strict reported95/5/100 gate pass; HUMAN approval pending.	PENDING_HUMAN_APPROVAL	NOT_GRANTED
GCF_029866985.1	false	true	"[""added""]"	false	Streptococcus_thermophilus	Streptococcus	1301	Streptococcus thermophilus	1308	DGCC7710	SAMN32348018	true	Streptococcus thermophilus DGCC7710; exact strain in landmark CRISPR study	SOURCE_DERIVED_LITERATURE_RATIONALE_NOT_REVALIDATED_BIOLOGICAL_ACTIVITY	PASS_EXTERNAL_METADATA	PASS_TAXONOMY	PASS_ENTEROCOCCUS_EXCLUSION	PASS_REPORTED_THRESHOLDS	[]	PROPOSED_FOR_INCLUSION	Add strict-valid historical literature-anchor accession from frozen150; exact current annotated RefSeq version, named species Streptococcus thermophilus (taxID1308), ranked genus Streptococcus, non-Enterococcus, strict reported95/5/100 gate pass; HUMAN approval pending.	PENDING_HUMAN_APPROVAL	NOT_GRANTED
GCF_030480545.1	true	true	[]	false	Lacticaseibacillus	Lacticaseibacillus	2759736	Lacticaseibacillus pantheris	171523	CM2	SAMN36277558	false			PASS_EXTERNAL_METADATA	PASS_TAXONOMY	PASS_ENTEROCOCCUS_EXCLUSION	PASS_REPORTED_THRESHOLDS	[]	PROPOSED_FOR_INCLUSION	Retain original selected177 member; exact current annotated RefSeq version, named species Lacticaseibacillus pantheris (taxID171523), ranked genus Lacticaseibacillus, non-Enterococcus, strict reported95/5/100 gate pass; HUMAN approval pending.	PENDING_HUMAN_APPROVAL	NOT_GRANTED
GCF_030770265.1	true	true	[]	false	Lacticaseibacillus	Lacticaseibacillus	2759736	Lacticaseibacillus parahuelsenbergensis	3068305	NCIMB 15471	SAMN36868838	false			PASS_EXTERNAL_METADATA	PASS_TAXONOMY	PASS_ENTEROCOCCUS_EXCLUSION	PASS_REPORTED_THRESHOLDS	[]	PROPOSED_FOR_INCLUSION	Retain original selected177 member; exact current annotated RefSeq version, named species Lacticaseibacillus parahuelsenbergensis (taxID3068305), ranked genus Lacticaseibacillus, non-Enterococcus, strict reported95/5/100 gate pass; HUMAN approval pending.	PENDING_HUMAN_APPROVAL	NOT_GRANTED
GCF_030770295.1	true	true	[]	false	Lacticaseibacillus	Lacticaseibacillus	2759736	Lacticaseibacillus styriensis	3068306	NCIMB 15473	SAMN36868840	false			PASS_EXTERNAL_METADATA	PASS_TAXONOMY	PASS_ENTEROCOCCUS_EXCLUSION	PASS_REPORTED_THRESHOLDS	[]	PROPOSED_FOR_INCLUSION	Retain original selected177 member; exact current annotated RefSeq version, named species Lacticaseibacillus styriensis (taxID3068306), ranked genus Lacticaseibacillus, non-Enterococcus, strict reported95/5/100 gate pass; HUMAN approval pending.	PENDING_HUMAN_APPROVAL	NOT_GRANTED
GCF_030770335.1	true	true	[]	false	Lacticaseibacillus	Lacticaseibacillus	2759736	Lacticaseibacillus zeae	57037	NCIMB 15474	SAMN36868839	false			PASS_EXTERNAL_METADATA	PASS_TAXONOMY	PASS_ENTEROCOCCUS_EXCLUSION	PASS_REPORTED_THRESHOLDS	[]	PROPOSED_FOR_INCLUSION	Retain original selected177 member; exact current annotated RefSeq version, named species Lacticaseibacillus zeae (taxID57037), ranked genus Lacticaseibacillus, non-Enterococcus, strict reported95/5/100 gate pass; HUMAN approval pending.	PENDING_HUMAN_APPROVAL	NOT_GRANTED
GCF_032762665.1	true	true	[]	false	Oenococcus	Oenococcus	46254	Oenococcus oeni	1247	K19-3	SAMN37434336	false			PASS_EXTERNAL_METADATA	PASS_TAXONOMY	PASS_ENTEROCOCCUS_EXCLUSION	PASS_REPORTED_THRESHOLDS	[]	PROPOSED_FOR_INCLUSION	Retain original selected177 member; exact current annotated RefSeq version, named species Oenococcus oeni (taxID1247), ranked genus Oenococcus, non-Enterococcus, strict reported95/5/100 gate pass; HUMAN approval pending.	PENDING_HUMAN_APPROVAL	NOT_GRANTED
GCF_033142085.1	true	true	[]	false	Oenococcus	Oenococcus	46254	Oenococcus oeni	1247	UCMA15129	SAMN13017133	false			PASS_EXTERNAL_METADATA	PASS_TAXONOMY	PASS_ENTEROCOCCUS_EXCLUSION	PASS_REPORTED_THRESHOLDS	[]	PROPOSED_FOR_INCLUSION	Retain original selected177 member; exact current annotated RefSeq version, named species Oenococcus oeni (taxID1247), ranked genus Oenococcus, non-Enterococcus, strict reported95/5/100 gate pass; HUMAN approval pending.	PENDING_HUMAN_APPROVAL	NOT_GRANTED
GCF_033570435.1	true	false	"[""removed""]"	false	Limosilactobacillus	Limosilactobacillus	2742598	Limosilactobacillus reuteri	1598	P43	SAMN37691133	false			PASS_EXTERNAL_METADATA	PASS_TAXONOMY	PASS_ENTEROCOCCUS_EXCLUSION	PASS_REPORTED_THRESHOLDS	[]	PROPOSED_FOR_INCLUSION	Retain original selected177 member; restore historical balancing removal for inclusive strain/species coverage, not because its sequence is proved nonredundant; exact current annotated RefSeq version, named species Limosilactobacillus reuteri (taxID1598), ranked genus Limosilactobacillus, non-Enterococcus, strict reported95/5/100 gate pass; HUMAN approval pending.	PENDING_HUMAN_APPROVAL	NOT_GRANTED
GCF_034703025.1	true	true	[]	false	Pediococcus	Pediococcus	1253	Pediococcus acidilactici	1254	AF2019	SAMN38196781	false			PASS_EXTERNAL_METADATA	PASS_TAXONOMY	PASS_ENTEROCOCCUS_EXCLUSION	PASS_REPORTED_THRESHOLDS	[]	PROPOSED_FOR_INCLUSION	Retain original selected177 member; exact current annotated RefSeq version, named species Pediococcus acidilactici (taxID1254), ranked genus Pediococcus, non-Enterococcus, strict reported95/5/100 gate pass; HUMAN approval pending.	PENDING_HUMAN_APPROVAL	NOT_GRANTED
GCF_035985965.1	false	true	"[""added""]"	false	Lactococcus	Lactococcus	1357	Lactococcus lactis	1358	C20	SAMN39463775	true	Lactococcus lactis C20; exact strain in 2025 pre-modification/nisin engineering study	SOURCE_DERIVED_LITERATURE_RATIONALE_NOT_REVALIDATED_BIOLOGICAL_ACTIVITY	PASS_EXTERNAL_METADATA	PASS_TAXONOMY	PASS_ENTEROCOCCUS_EXCLUSION	PASS_REPORTED_THRESHOLDS	[]	PROPOSED_FOR_INCLUSION	Add strict-valid historical literature-anchor accession from frozen150; exact current annotated RefSeq version, named species Lactococcus lactis (taxID1358), ranked genus Lactococcus, non-Enterococcus, strict reported95/5/100 gate pass; HUMAN approval pending.	PENDING_HUMAN_APPROVAL	NOT_GRANTED
GCF_036246165.1	true	false	[]	true	Lactiplantibacillus	Lactiplantibacillus	2767842	Lactiplantibacillus paraxiangfangensis	3076224	142-6	SAMD00644769	false			PASS_EXTERNAL_METADATA	PASS_TAXONOMY	PASS_ENTEROCOCCUS_EXCLUSION	PASS_REPORTED_THRESHOLDS	[]	PROPOSED_FOR_INCLUSION	Retain original selected177 member; retain one of27 extras from the documented18/group versus15/group design, now externally taxonomically resolved; exact current annotated RefSeq version, named species Lactiplantibacillus paraxiangfangensis (taxID3076224), ranked genus Lactiplantibacillus, non-Enterococcus, strict reported95/5/100 gate pass; HUMAN approval pending.	PENDING_HUMAN_APPROVAL	NOT_GRANTED
GCF_036246185.1	true	true	[]	false	Lactiplantibacillus	Lactiplantibacillus	2767842	Lactiplantibacillus paraxiangfangensis	3076224	231-9	SAMD00644770	false			PASS_EXTERNAL_METADATA	PASS_TAXONOMY	PASS_ENTEROCOCCUS_EXCLUSION	PASS_REPORTED_THRESHOLDS	[]	PROPOSED_FOR_INCLUSION	Retain original selected177 member; exact current annotated RefSeq version, named species Lactiplantibacillus paraxiangfangensis (taxID3076224), ranked genus Lactiplantibacillus, non-Enterococcus, strict reported95/5/100 gate pass; HUMAN approval pending.	PENDING_HUMAN_APPROVAL	NOT_GRANTED
GCF_036246225.1	true	true	[]	false	Lacticaseibacillus	Lacticaseibacillus	2759736	Lacticaseibacillus salsurivasis	3081441	74-4	SAMD00651224	false			PASS_EXTERNAL_METADATA	PASS_TAXONOMY	PASS_ENTEROCOCCUS_EXCLUSION	PASS_REPORTED_THRESHOLDS	[]	PROPOSED_FOR_INCLUSION	Retain original selected177 member; exact current annotated RefSeq version, named species Lacticaseibacillus salsurivasis (taxID3081441), ranked genus Lacticaseibacillus, non-Enterococcus, strict reported95/5/100 gate pass; HUMAN approval pending.	PENDING_HUMAN_APPROVAL	NOT_GRANTED
GCF_036327715.1	true	true	[]	false	Weissella	Weissella	46255	Weissella paramesenteroides	1249	MbWp-142	SAMN35706291	false			PASS_EXTERNAL_METADATA	PASS_TAXONOMY	PASS_ENTEROCOCCUS_EXCLUSION	PASS_REPORTED_THRESHOLDS	[]	PROPOSED_FOR_INCLUSION	Retain original selected177 member; exact current annotated RefSeq version, named species Weissella paramesenteroides (taxID1249), ranked genus Weissella, non-Enterococcus, strict reported95/5/100 gate pass; HUMAN approval pending.	PENDING_HUMAN_APPROVAL	NOT_GRANTED
GCF_037290055.1	true	true	[]	false	Lactiplantibacillus	Lactiplantibacillus	2767842	Lactiplantibacillus argentoratensis	271881	D1	SAMN40125995	false			PASS_EXTERNAL_METADATA	PASS_TAXONOMY	PASS_ENTEROCOCCUS_EXCLUSION	PASS_REPORTED_THRESHOLDS	[]	PROPOSED_FOR_INCLUSION	Retain original selected177 member; exact current annotated RefSeq version, named species Lactiplantibacillus argentoratensis (taxID271881), ranked genus Lactiplantibacillus, non-Enterococcus, strict reported95/5/100 gate pass; HUMAN approval pending.	PENDING_HUMAN_APPROVAL	NOT_GRANTED
GCF_037891785.1	true	false	[]	true	Lactococcus	Lactococcus	1357	Lactococcus petauri	1940789	R21-91A	SAMN39080992	false			PASS_EXTERNAL_METADATA	PASS_TAXONOMY	PASS_ENTEROCOCCUS_EXCLUSION	PASS_REPORTED_THRESHOLDS	[]	PROPOSED_FOR_INCLUSION	Retain original selected177 member; retain one of27 extras from the documented18/group versus15/group design, now externally taxonomically resolved; exact current annotated RefSeq version, named species Lactococcus petauri (taxID1940789), ranked genus Lactococcus, non-Enterococcus, strict reported95/5/100 gate pass; HUMAN approval pending.	PENDING_HUMAN_APPROVAL	NOT_GRANTED
GCF_037892375.1	true	true	[]	false	Lactococcus	Lactococcus	1357	Lactococcus formosensis	1281486	M04020401 EE5e5	SAMN39080981	false			PASS_EXTERNAL_METADATA	PASS_TAXONOMY	PASS_ENTEROCOCCUS_EXCLUSION	PASS_REPORTED_THRESHOLDS	[]	PROPOSED_FOR_INCLUSION	Retain original selected177 member; exact current annotated RefSeq version, named species Lactococcus formosensis (taxID1281486), ranked genus Lactococcus, non-Enterococcus, strict reported95/5/100 gate pass; HUMAN approval pending.	PENDING_HUMAN_APPROVAL	NOT_GRANTED
GCF_038049945.1	true	true	[]	false	Streptococcus_thermophilus	Streptococcus	1301	Streptococcus thermophilus	1308	TCI125	SAMN40642328	false			PASS_EXTERNAL_METADATA	PASS_TAXONOMY	PASS_ENTEROCOCCUS_EXCLUSION	PASS_REPORTED_THRESHOLDS	[]	PROPOSED_FOR_INCLUSION	Retain original selected177 member; exact current annotated RefSeq version, named species Streptococcus thermophilus (taxID1308), ranked genus Streptococcus, non-Enterococcus, strict reported95/5/100 gate pass; HUMAN approval pending.	PENDING_HUMAN_APPROVAL	NOT_GRANTED
GCF_039645515.1	true	false	"[""removed""]"	false	Lactococcus	Lactococcus	1357	Lactococcus petauri	1940789	R22-25 IC35	SAMN39080990	false			PASS_EXTERNAL_METADATA	PASS_TAXONOMY	PASS_ENTEROCOCCUS_EXCLUSION	PASS_REPORTED_THRESHOLDS	[]	PROPOSED_FOR_INCLUSION	Retain original selected177 member; restore historical balancing removal for inclusive strain/species coverage, not because its sequence is proved nonredundant; exact current annotated RefSeq version, named species Lactococcus petauri (taxID1940789), ranked genus Lactococcus, non-Enterococcus, strict reported95/5/100 gate pass; HUMAN approval pending.	PENDING_HUMAN_APPROVAL	NOT_GRANTED
GCF_039645575.1	true	true	[]	false	Lactococcus	Lactococcus	1357	Lactococcus formosensis	1281486	M20011502 FF20a2	SAMN39080978	false			PASS_EXTERNAL_METADATA	PASS_TAXONOMY	PASS_ENTEROCOCCUS_EXCLUSION	PASS_REPORTED_THRESHOLDS	[]	PROPOSED_FOR_INCLUSION	Retain original selected177 member; exact current annotated RefSeq version, named species Lactococcus formosensis (taxID1281486), ranked genus Lactococcus, non-Enterococcus, strict reported95/5/100 gate pass; HUMAN approval pending.	PENDING_HUMAN_APPROVAL	NOT_GRANTED
GCF_039783225.1	false	true	"[""added""]"	false	Streptococcus_thermophilus	Streptococcus	1301	Streptococcus thermophilus	1308	CNRZ760	SAMN16933237	true	Streptococcus thermophilus CNRZ760; culture-collection anchor	SOURCE_DERIVED_LITERATURE_RATIONALE_NOT_REVALIDATED_BIOLOGICAL_ACTIVITY	PASS_EXTERNAL_METADATA	PASS_TAXONOMY	PASS_ENTEROCOCCUS_EXCLUSION	PASS_REPORTED_THRESHOLDS	[]	PROPOSED_FOR_INCLUSION	Add strict-valid historical literature-anchor accession from frozen150; exact current annotated RefSeq version, named species Streptococcus thermophilus (taxID1308), ranked genus Streptococcus, non-Enterococcus, strict reported95/5/100 gate pass; HUMAN approval pending.	PENDING_HUMAN_APPROVAL	NOT_GRANTED
GCF_039783785.1	false	true	"[""added""]"	false	Streptococcus_thermophilus	Streptococcus	1301	Streptococcus thermophilus	1308	CNRZ887	SAMN16933249	true	Streptococcus thermophilus CNRZ887; culture-collection anchor	SOURCE_DERIVED_LITERATURE_RATIONALE_NOT_REVALIDATED_BIOLOGICAL_ACTIVITY	PASS_EXTERNAL_METADATA	PASS_TAXONOMY	PASS_ENTEROCOCCUS_EXCLUSION	PASS_REPORTED_THRESHOLDS	[]	PROPOSED_FOR_INCLUSION	Add strict-valid historical literature-anchor accession from frozen150; exact current annotated RefSeq version, named species Streptococcus thermophilus (taxID1308), ranked genus Streptococcus, non-Enterococcus, strict reported95/5/100 gate pass; HUMAN approval pending.	PENDING_HUMAN_APPROVAL	NOT_GRANTED
GCF_039955095.1	true	true	[]	false	Limosilactobacillus	Limosilactobacillus	2742598	Limosilactobacillus allomucosae	3142938	WILCCON 0051	SAMN41088281	false			PASS_EXTERNAL_METADATA	PASS_TAXONOMY	PASS_ENTEROCOCCUS_EXCLUSION	PASS_REPORTED_THRESHOLDS	[]	PROPOSED_FOR_INCLUSION	Retain original selected177 member; exact current annotated RefSeq version, named species Limosilactobacillus allomucosae (taxID3142938), ranked genus Limosilactobacillus, non-Enterococcus, strict reported95/5/100 gate pass; HUMAN approval pending.	PENDING_HUMAN_APPROVAL	NOT_GRANTED
GCF_041225485.1	true	true	[]	false	Lactococcus	Lactococcus	1357	Lactococcus ileimucosae	2941329	26-13	SAMN40593544	false			PASS_EXTERNAL_METADATA	PASS_TAXONOMY	PASS_ENTEROCOCCUS_EXCLUSION	PASS_REPORTED_THRESHOLDS	[]	PROPOSED_FOR_INCLUSION	Retain original selected177 member; exact current annotated RefSeq version, named species Lactococcus ileimucosae (taxID2941329), ranked genus Lactococcus, non-Enterococcus, strict reported95/5/100 gate pass; HUMAN approval pending.	PENDING_HUMAN_APPROVAL	NOT_GRANTED
GCF_041225605.1	true	true	[]	false	Lactococcus	Lactococcus	1357	Lactococcus muris	2941330	20-218	SAMN40593536	false			PASS_EXTERNAL_METADATA	PASS_TAXONOMY	PASS_ENTEROCOCCUS_EXCLUSION	PASS_REPORTED_THRESHOLDS	[]	PROPOSED_FOR_INCLUSION	Retain original selected177 member; exact current annotated RefSeq version, named species Lactococcus muris (taxID2941330), ranked genus Lactococcus, non-Enterococcus, strict reported95/5/100 gate pass; HUMAN approval pending.	PENDING_HUMAN_APPROVAL	NOT_GRANTED
GCF_041281755.1	true	true	[]	false	Weissella	Weissella	46255	Weissella sagaensis	2559928	ZD-66	SAMN42422165	false			PASS_EXTERNAL_METADATA	PASS_TAXONOMY	PASS_ENTEROCOCCUS_EXCLUSION	PASS_REPORTED_THRESHOLDS	[]	PROPOSED_FOR_INCLUSION	Retain original selected177 member; exact current annotated RefSeq version, named species Weissella sagaensis (taxID2559928), ranked genus Weissella, non-Enterococcus, strict reported95/5/100 gate pass; HUMAN approval pending.	PENDING_HUMAN_APPROVAL	NOT_GRANTED
GCF_041509385.1	true	true	[]	false	Streptococcus_thermophilus	Streptococcus	1301	Streptococcus thermophilus	1308	S24750	SAMN18478718	false			PASS_EXTERNAL_METADATA	PASS_TAXONOMY	PASS_ENTEROCOCCUS_EXCLUSION	PASS_REPORTED_THRESHOLDS	[]	PROPOSED_FOR_INCLUSION	Retain original selected177 member; exact current annotated RefSeq version, named species Streptococcus thermophilus (taxID1308), ranked genus Streptococcus, non-Enterococcus, strict reported95/5/100 gate pass; HUMAN approval pending.	PENDING_HUMAN_APPROVAL	NOT_GRANTED
GCF_041514285.1	true	true	[]	false	Streptococcus_thermophilus	Streptococcus	1301	Streptococcus thermophilus	1308	S24733	SAMN18478708	false			PASS_EXTERNAL_METADATA	PASS_TAXONOMY	PASS_ENTEROCOCCUS_EXCLUSION	PASS_REPORTED_THRESHOLDS	[]	PROPOSED_FOR_INCLUSION	Retain original selected177 member; exact current annotated RefSeq version, named species Streptococcus thermophilus (taxID1308), ranked genus Streptococcus, non-Enterococcus, strict reported95/5/100 gate pass; HUMAN approval pending.	PENDING_HUMAN_APPROVAL	NOT_GRANTED
GCF_041514295.1	true	true	[]	false	Streptococcus_thermophilus	Streptococcus	1301	Streptococcus thermophilus	1308	S24732	SAMN18478707	false			PASS_EXTERNAL_METADATA	PASS_TAXONOMY	PASS_ENTEROCOCCUS_EXCLUSION	PASS_REPORTED_THRESHOLDS	[]	PROPOSED_FOR_INCLUSION	Retain original selected177 member; exact current annotated RefSeq version, named species Streptococcus thermophilus (taxID1308), ranked genus Streptococcus, non-Enterococcus, strict reported95/5/100 gate pass; HUMAN approval pending.	PENDING_HUMAN_APPROVAL	NOT_GRANTED
GCF_041893975.1	true	true	[]	false	Streptococcus_thermophilus	Streptococcus	1301	Streptococcus thermophilus	1308	S24748	SAMN18490527	false			PASS_EXTERNAL_METADATA	PASS_TAXONOMY	PASS_ENTEROCOCCUS_EXCLUSION	PASS_REPORTED_THRESHOLDS	[]	PROPOSED_FOR_INCLUSION	Retain original selected177 member; exact current annotated RefSeq version, named species Streptococcus thermophilus (taxID1308), ranked genus Streptococcus, non-Enterococcus, strict reported95/5/100 gate pass; HUMAN approval pending.	PENDING_HUMAN_APPROVAL	NOT_GRANTED
GCF_042847315.1	true	true	[]	false	Lacticaseibacillus	Lacticaseibacillus	2759736	Lacticaseibacillus jixiensis	3231926	N163-3-2	SAMD00798333	false			PASS_EXTERNAL_METADATA	PASS_TAXONOMY	PASS_ENTEROCOCCUS_EXCLUSION	PASS_REPORTED_THRESHOLDS	[]	PROPOSED_FOR_INCLUSION	Retain original selected177 member; exact current annotated RefSeq version, named species Lacticaseibacillus jixiensis (taxID3231926), ranked genus Lacticaseibacillus, non-Enterococcus, strict reported95/5/100 gate pass; HUMAN approval pending.	PENDING_HUMAN_APPROVAL	NOT_GRANTED
GCF_042997415.1	true	true	[]	false	Lactobacillus_sensu_stricto	Lactobacillus	1578	Lactobacillus mulieris	2508708	CM2267_MRS1	SAMN41996393	false			PASS_EXTERNAL_METADATA	PASS_TAXONOMY	PASS_ENTEROCOCCUS_EXCLUSION	PASS_REPORTED_THRESHOLDS	[]	PROPOSED_FOR_INCLUSION	Retain original selected177 member; exact current annotated RefSeq version, named species Lactobacillus mulieris (taxID2508708), ranked genus Lactobacillus, non-Enterococcus, strict reported95/5/100 gate pass; HUMAN approval pending.	PENDING_HUMAN_APPROVAL	NOT_GRANTED
GCF_045760565.1	true	true	[]	false	Lactococcus	Lactococcus	1357	Lactococcus muris	2941330	GBG-M2	SAMN44597908	false			PASS_EXTERNAL_METADATA	PASS_TAXONOMY	PASS_ENTEROCOCCUS_EXCLUSION	PASS_REPORTED_THRESHOLDS	[]	PROPOSED_FOR_INCLUSION	Retain original selected177 member; exact current annotated RefSeq version, named species Lactococcus muris (taxID2941330), ranked genus Lactococcus, non-Enterococcus, strict reported95/5/100 gate pass; HUMAN approval pending.	PENDING_HUMAN_APPROVAL	NOT_GRANTED
GCF_045801155.1	true	true	[]	false	Leuconostoc	Leuconostoc	1243	Leuconostoc falkenbergense	2766470	SAEED 24451	SAMN44671624	false			PASS_EXTERNAL_METADATA	PASS_TAXONOMY	PASS_ENTEROCOCCUS_EXCLUSION	PASS_REPORTED_THRESHOLDS	[]	PROPOSED_FOR_INCLUSION	Retain original selected177 member; exact current annotated RefSeq version, named species Leuconostoc falkenbergense (taxID2766470), ranked genus Leuconostoc, non-Enterococcus, strict reported95/5/100 gate pass; HUMAN approval pending.	PENDING_HUMAN_APPROVAL	NOT_GRANTED
GCF_045862825.1	true	true	[]	false	Lactiplantibacillus	Lactiplantibacillus	2767842	Lactiplantibacillus brownii	3069269	MH-1	SAMD00586210	false			PASS_EXTERNAL_METADATA	PASS_TAXONOMY	PASS_ENTEROCOCCUS_EXCLUSION	PASS_REPORTED_THRESHOLDS	[]	PROPOSED_FOR_INCLUSION	Retain original selected177 member; exact current annotated RefSeq version, named species Lactiplantibacillus brownii (taxID3069269), ranked genus Lactiplantibacillus, non-Enterococcus, strict reported95/5/100 gate pass; HUMAN approval pending.	PENDING_HUMAN_APPROVAL	NOT_GRANTED
GCF_046109915.1	true	false	"[""removed""]"	false	Lactobacillus_sensu_stricto	Lactobacillus	1578	Lactobacillus helveticus	1587	TCI357	SAMN40907895	false			PASS_EXTERNAL_METADATA	PASS_TAXONOMY	PASS_ENTEROCOCCUS_EXCLUSION	PASS_REPORTED_THRESHOLDS	[]	PROPOSED_FOR_INCLUSION	Retain original selected177 member; restore historical balancing removal for inclusive strain/species coverage, not because its sequence is proved nonredundant; exact current annotated RefSeq version, named species Lactobacillus helveticus (taxID1587), ranked genus Lactobacillus, non-Enterococcus, strict reported95/5/100 gate pass; HUMAN approval pending.	PENDING_HUMAN_APPROVAL	NOT_GRANTED
GCF_047344935.1	false	true	"[""added""]"	false	Leuconostoc	Leuconostoc	1243	Leuconostoc mesenteroides	1245	F17	SAMN46388514	true	Leuconostoc mesenteroides F17; strain-level anchor for plasmid-borne R-M literature context	SOURCE_DERIVED_LITERATURE_RATIONALE_NOT_REVALIDATED_BIOLOGICAL_ACTIVITY	PASS_EXTERNAL_METADATA	PASS_TAXONOMY	PASS_ENTEROCOCCUS_EXCLUSION	PASS_REPORTED_THRESHOLDS	[]	PROPOSED_FOR_INCLUSION	Add strict-valid historical literature-anchor accession from frozen150; exact current annotated RefSeq version, named species Leuconostoc mesenteroides (taxID1245), ranked genus Leuconostoc, non-Enterococcus, strict reported95/5/100 gate pass; HUMAN approval pending.	PENDING_HUMAN_APPROVAL	NOT_GRANTED
GCF_050407965.1	true	false	"[""removed""]"	false	Lactiplantibacillus	Lactiplantibacillus	2767842	Lactiplantibacillus pentosus	1589	TBRC 20328	SAMN48354799	false			PASS_EXTERNAL_METADATA	PASS_TAXONOMY	PASS_ENTEROCOCCUS_EXCLUSION	PASS_REPORTED_THRESHOLDS	[]	PROPOSED_FOR_INCLUSION	Retain original selected177 member; restore historical balancing removal for inclusive strain/species coverage, not because its sequence is proved nonredundant; exact current annotated RefSeq version, named species Lactiplantibacillus pentosus (taxID1589), ranked genus Lactiplantibacillus, non-Enterococcus, strict reported95/5/100 gate pass; HUMAN approval pending.	PENDING_HUMAN_APPROVAL	NOT_GRANTED
GCF_050847345.1	true	false	"[""removed""]"	false	Lactiplantibacillus	Lactiplantibacillus	2767842	Lactiplantibacillus argentoratensis	271881	12-27B	SAMN48802364	false			PASS_EXTERNAL_METADATA	PASS_TAXONOMY	PASS_ENTEROCOCCUS_EXCLUSION	PASS_REPORTED_THRESHOLDS	[]	PROPOSED_FOR_INCLUSION	Retain original selected177 member; restore historical balancing removal for inclusive strain/species coverage, not because its sequence is proved nonredundant; exact current annotated RefSeq version, named species Lactiplantibacillus argentoratensis (taxID271881), ranked genus Lactiplantibacillus, non-Enterococcus, strict reported95/5/100 gate pass; HUMAN approval pending.	PENDING_HUMAN_APPROVAL	NOT_GRANTED
GCF_051098045.1	true	true	[]	false	Lactiplantibacillus	Lactiplantibacillus	2767842	Lactiplantibacillus paraplantarum	60520	IBB3436	SAMN38381167	false			PASS_EXTERNAL_METADATA	PASS_TAXONOMY	PASS_ENTEROCOCCUS_EXCLUSION	PASS_REPORTED_THRESHOLDS	[]	PROPOSED_FOR_INCLUSION	Retain original selected177 member; exact current annotated RefSeq version, named species Lactiplantibacillus paraplantarum (taxID60520), ranked genus Lactiplantibacillus, non-Enterococcus, strict reported95/5/100 gate pass; HUMAN approval pending.	PENDING_HUMAN_APPROVAL	NOT_GRANTED
GCF_052569745.1	true	false	[]	true	Streptococcus_thermophilus	Streptococcus	1301	Streptococcus thermophilus	1308	UCCSt50	SAMN48746109	false			PASS_EXTERNAL_METADATA	PASS_TAXONOMY	PASS_ENTEROCOCCUS_EXCLUSION	PASS_REPORTED_THRESHOLDS	[]	PROPOSED_FOR_INCLUSION	Retain original selected177 member; retain one of27 extras from the documented18/group versus15/group design, now externally taxonomically resolved; exact current annotated RefSeq version, named species Streptococcus thermophilus (taxID1308), ranked genus Streptococcus, non-Enterococcus, strict reported95/5/100 gate pass; HUMAN approval pending.	PENDING_HUMAN_APPROVAL	NOT_GRANTED
GCF_052570115.1	true	false	[]	true	Streptococcus_thermophilus	Streptococcus	1301	Streptococcus thermophilus	1308	F1B	SAMN48698506	false			PASS_EXTERNAL_METADATA	PASS_TAXONOMY	PASS_ENTEROCOCCUS_EXCLUSION	PASS_REPORTED_THRESHOLDS	[]	PROPOSED_FOR_INCLUSION	Retain original selected177 member; retain one of27 extras from the documented18/group versus15/group design, now externally taxonomically resolved; exact current annotated RefSeq version, named species Streptococcus thermophilus (taxID1308), ranked genus Streptococcus, non-Enterococcus, strict reported95/5/100 gate pass; HUMAN approval pending.	PENDING_HUMAN_APPROVAL	NOT_GRANTED
GCF_052571685.1	true	false	[]	true	Streptococcus_thermophilus	Streptococcus	1301	Streptococcus thermophilus	1308	F2A	SAMN48698507	false			PASS_EXTERNAL_METADATA	PASS_TAXONOMY	PASS_ENTEROCOCCUS_EXCLUSION	PASS_REPORTED_THRESHOLDS	[]	PROPOSED_FOR_INCLUSION	Retain original selected177 member; retain one of27 extras from the documented18/group versus15/group design, now externally taxonomically resolved; exact current annotated RefSeq version, named species Streptococcus thermophilus (taxID1308), ranked genus Streptococcus, non-Enterococcus, strict reported95/5/100 gate pass; HUMAN approval pending.	PENDING_HUMAN_APPROVAL	NOT_GRANTED
GCF_054073565.1	true	true	[]	false	Weissella	Weissella	46255	Weissella cibaria	137591	LB13201	SAMN51833170	false			PASS_EXTERNAL_METADATA	PASS_TAXONOMY	PASS_ENTEROCOCCUS_EXCLUSION	PASS_REPORTED_THRESHOLDS	[]	PROPOSED_FOR_INCLUSION	Retain original selected177 member; exact current annotated RefSeq version, named species Weissella cibaria (taxID137591), ranked genus Weissella, non-Enterococcus, strict reported95/5/100 gate pass; HUMAN approval pending.	PENDING_HUMAN_APPROVAL	NOT_GRANTED
GCF_054331775.1	true	true	[]	false	Limosilactobacillus	Limosilactobacillus	2742598	Limosilactobacillus ingluviei	148604	Ch9e	SAMN54322307	false			PASS_EXTERNAL_METADATA	PASS_TAXONOMY	PASS_ENTEROCOCCUS_EXCLUSION	PASS_REPORTED_THRESHOLDS	[]	PROPOSED_FOR_INCLUSION	Retain original selected177 member; exact current annotated RefSeq version, named species Limosilactobacillus ingluviei (taxID148604), ranked genus Limosilactobacillus, non-Enterococcus, strict reported95/5/100 gate pass; HUMAN approval pending.	PENDING_HUMAN_APPROVAL	NOT_GRANTED
GCF_054452875.2	true	true	[]	false	Lacticaseibacillus	Lacticaseibacillus	2759736	Lacticaseibacillus saniviri	931533	TDH-8	SAMN53066720	false			PASS_EXTERNAL_METADATA	PASS_TAXONOMY	PASS_ENTEROCOCCUS_EXCLUSION	PASS_REPORTED_THRESHOLDS	[]	PROPOSED_FOR_INCLUSION	Retain original selected177 member; exact current annotated RefSeq version, named species Lacticaseibacillus saniviri (taxID931533), ranked genus Lacticaseibacillus, non-Enterococcus, strict reported95/5/100 gate pass; HUMAN approval pending.	PENDING_HUMAN_APPROVAL	NOT_GRANTED
GCF_054784775.1	true	false	[]	true	Lacticaseibacillus	Lacticaseibacillus	2759736	Lacticaseibacillus boliensis	3455901	GG6-2	SAMD01612032	false			PASS_EXTERNAL_METADATA	PASS_TAXONOMY	PASS_ENTEROCOCCUS_EXCLUSION	PASS_REPORTED_THRESHOLDS	[]	PROPOSED_FOR_INCLUSION	Retain original selected177 member; retain one of27 extras from the documented18/group versus15/group design, now externally taxonomically resolved; exact current annotated RefSeq version, named species Lacticaseibacillus boliensis (taxID3455901), ranked genus Lacticaseibacillus, non-Enterococcus, strict reported95/5/100 gate pass; HUMAN approval pending.	PENDING_HUMAN_APPROVAL	NOT_GRANTED
GCF_054785075.1	true	false	[]	true	Lacticaseibacillus	Lacticaseibacillus	2759736	Lacticaseibacillus suihuaensis	3373076	N149-9	SAMD00826827	false			PASS_EXTERNAL_METADATA	PASS_TAXONOMY	PASS_ENTEROCOCCUS_EXCLUSION	PASS_REPORTED_THRESHOLDS	[]	PROPOSED_FOR_INCLUSION	Retain original selected177 member; retain one of27 extras from the documented18/group versus15/group design, now externally taxonomically resolved; exact current annotated RefSeq version, named species Lacticaseibacillus suihuaensis (taxID3373076), ranked genus Lacticaseibacillus, non-Enterococcus, strict reported95/5/100 gate pass; HUMAN approval pending.	PENDING_HUMAN_APPROVAL	NOT_GRANTED
GCF_055180435.1	true	false	"[""removed""]"	false	Lactococcus	Lactococcus	1357	Lactococcus cremoris	1359	FAM 17886	SAMN55067473	false			PASS_EXTERNAL_METADATA	PASS_TAXONOMY	PASS_ENTEROCOCCUS_EXCLUSION	PASS_REPORTED_THRESHOLDS	[]	PROPOSED_FOR_INCLUSION	Retain original selected177 member; restore historical balancing removal for inclusive strain/species coverage, not because its sequence is proved nonredundant; exact current annotated RefSeq version, named species Lactococcus cremoris (taxID1359), ranked genus Lactococcus, non-Enterococcus, strict reported95/5/100 gate pass; HUMAN approval pending.	PENDING_HUMAN_APPROVAL	NOT_GRANTED
GCF_055502585.1	true	true	[]	false	Lactobacillus_sensu_stricto	Lactobacillus	1578	Lactobacillus kitasatonis	237446	PLL-01	SAMN55144199	false			PASS_EXTERNAL_METADATA	PASS_TAXONOMY	PASS_ENTEROCOCCUS_EXCLUSION	PASS_REPORTED_THRESHOLDS	[]	PROPOSED_FOR_INCLUSION	Retain original selected177 member; exact current annotated RefSeq version, named species Lactobacillus kitasatonis (taxID237446), ranked genus Lactobacillus, non-Enterococcus, strict reported95/5/100 gate pass; HUMAN approval pending.	PENDING_HUMAN_APPROVAL	NOT_GRANTED
GCF_055755075.1	true	true	[]	false	Pediococcus	Pediococcus	1253	Pediococcus pentosaceus	1255	MIANGUAN2	SAMN52820470	false			PASS_EXTERNAL_METADATA	PASS_TAXONOMY	PASS_ENTEROCOCCUS_EXCLUSION	PASS_REPORTED_THRESHOLDS	[]	PROPOSED_FOR_INCLUSION	Retain original selected177 member; exact current annotated RefSeq version, named species Pediococcus pentosaceus (taxID1255), ranked genus Pediococcus, non-Enterococcus, strict reported95/5/100 gate pass; HUMAN approval pending.	PENDING_HUMAN_APPROVAL	NOT_GRANTED
GCF_056269605.1	true	true	[]	false	Streptococcus_thermophilus	Streptococcus	1301	Streptococcus thermophilus	1308	ST250	SAMN56509525	false			PASS_EXTERNAL_METADATA	PASS_TAXONOMY	PASS_ENTEROCOCCUS_EXCLUSION	PASS_REPORTED_THRESHOLDS	[]	PROPOSED_FOR_INCLUSION	Retain original selected177 member; exact current annotated RefSeq version, named species Streptococcus thermophilus (taxID1308), ranked genus Streptococcus, non-Enterococcus, strict reported95/5/100 gate pass; HUMAN approval pending.	PENDING_HUMAN_APPROVAL	NOT_GRANTED
GCF_056676095.1	true	true	[]	false	Limosilactobacillus	Limosilactobacillus	2742598	Limosilactobacillus mucosae	97478	CXY	SAMN56895409	false			PASS_EXTERNAL_METADATA	PASS_TAXONOMY	PASS_ENTEROCOCCUS_EXCLUSION	PASS_REPORTED_THRESHOLDS	[]	PROPOSED_FOR_INCLUSION	Retain original selected177 member; exact current annotated RefSeq version, named species Limosilactobacillus mucosae (taxID97478), ranked genus Limosilactobacillus, non-Enterococcus, strict reported95/5/100 gate pass; HUMAN approval pending.	PENDING_HUMAN_APPROVAL	NOT_GRANTED
GCF_057786735.1	true	false	"[""removed""]"	false	Streptococcus_thermophilus	Streptococcus	1301	Streptococcus thermophilus	1308		SAMN60283861	false			PASS_EXTERNAL_METADATA	PASS_TAXONOMY	PASS_ENTEROCOCCUS_EXCLUSION	PASS_REPORTED_THRESHOLDS	[]	PROPOSED_FOR_INCLUSION	Retain original selected177 member; restore historical balancing removal for inclusive strain/species coverage, not because its sequence is proved nonredundant; exact current annotated RefSeq version, named species Streptococcus thermophilus (taxID1308), ranked genus Streptococcus, non-Enterococcus, strict reported95/5/100 gate pass; HUMAN approval pending.	PENDING_HUMAN_APPROVAL	NOT_GRANTED
GCF_058111805.1	true	false	[]	true	Leuconostoc	Leuconostoc	1243	Leuconostoc suionicum	1511761	NIBL3969	SAMN60396673	false			PASS_EXTERNAL_METADATA	PASS_TAXONOMY	PASS_ENTEROCOCCUS_EXCLUSION	PASS_REPORTED_THRESHOLDS	[]	PROPOSED_FOR_INCLUSION	Retain original selected177 member; retain one of27 extras from the documented18/group versus15/group design, now externally taxonomically resolved; exact current annotated RefSeq version, named species Leuconostoc suionicum (taxID1511761), ranked genus Leuconostoc, non-Enterococcus, strict reported95/5/100 gate pass; HUMAN approval pending.	PENDING_HUMAN_APPROVAL	NOT_GRANTED
GCF_059089415.1	true	false	[]	true	Pediococcus	Pediococcus	1253	Pediococcus acidilactici	1254	46A	SAMN52659052	false			PASS_EXTERNAL_METADATA	PASS_TAXONOMY	PASS_ENTEROCOCCUS_EXCLUSION	PASS_REPORTED_THRESHOLDS	[]	PROPOSED_FOR_INCLUSION	Retain original selected177 member; retain one of27 extras from the documented18/group versus15/group design, now externally taxonomically resolved; exact current annotated RefSeq version, named species Pediococcus acidilactici (taxID1254), ranked genus Pediococcus, non-Enterococcus, strict reported95/5/100 gate pass; HUMAN approval pending.	PENDING_HUMAN_APPROVAL	NOT_GRANTED
GCF_060305805.1	true	false	"[""removed""]"	false	Lactococcus	Lactococcus	1357	Lactococcus lactis	1358	LBMWF02	SAMN41748410	false			PASS_EXTERNAL_METADATA	PASS_TAXONOMY	PASS_ENTEROCOCCUS_EXCLUSION	PASS_REPORTED_THRESHOLDS	[]	PROPOSED_FOR_INCLUSION	Retain original selected177 member; restore historical balancing removal for inclusive strain/species coverage, not because its sequence is proved nonredundant; exact current annotated RefSeq version, named species Lactococcus lactis (taxID1358), ranked genus Lactococcus, non-Enterococcus, strict reported95/5/100 gate pass; HUMAN approval pending.	PENDING_HUMAN_APPROVAL	NOT_GRANTED
GCF_060307215.1	true	false	[]	true	Lactococcus	Lactococcus	1357	Lactococcus lactis	1358	LBMWF01	SAMN41748388	false			PASS_EXTERNAL_METADATA	PASS_TAXONOMY	PASS_ENTEROCOCCUS_EXCLUSION	PASS_REPORTED_THRESHOLDS	[]	PROPOSED_FOR_INCLUSION	Retain original selected177 member; retain one of27 extras from the documented18/group versus15/group design, now externally taxonomically resolved; exact current annotated RefSeq version, named species Lactococcus lactis (taxID1358), ranked genus Lactococcus, non-Enterococcus, strict reported95/5/100 gate pass; HUMAN approval pending.	PENDING_HUMAN_APPROVAL	NOT_GRANTED
GCF_900016205.1	true	true	[]	false	Leuconostoc	Leuconostoc	1243	Leuconostoc inhae	178001	PL111	SAMEA3718679	false			PASS_EXTERNAL_METADATA	PASS_TAXONOMY	PASS_ENTEROCOCCUS_EXCLUSION	PASS_REPORTED_THRESHOLDS	[]	PROPOSED_FOR_INCLUSION	Retain original selected177 member; exact current annotated RefSeq version, named species Leuconostoc inhae (taxID178001), ranked genus Leuconostoc, non-Enterococcus, strict reported95/5/100 gate pass; HUMAN approval pending.	PENDING_HUMAN_APPROVAL	NOT_GRANTED
GCF_900094835.1	true	true	[]	false	Weissella	Weissella	46255	Weissella bombi	1505725	R-53094	SAMN04487794	false			PASS_EXTERNAL_METADATA	PASS_TAXONOMY	PASS_ENTEROCOCCUS_EXCLUSION	PASS_REPORTED_THRESHOLDS	[]	PROPOSED_FOR_INCLUSION	Retain original selected177 member; exact current annotated RefSeq version, named species Weissella bombi (taxID1505725), ranked genus Weissella, non-Enterococcus, strict reported95/5/100 gate pass; HUMAN approval pending.	PENDING_HUMAN_APPROVAL	NOT_GRANTED
GCF_900240275.1	true	false	[]	true	Limosilactobacillus	Limosilactobacillus	2742598	[Lactobacillus] timonensis	1970790	Marseille-P3825	SAMEA104414376	false			PASS_EXTERNAL_METADATA	PASS_TAXONOMY	PASS_ENTEROCOCCUS_EXCLUSION	PASS_REPORTED_THRESHOLDS	[]	PROPOSED_FOR_INCLUSION	Retain original selected177 member; retain one of27 extras from the documented18/group versus15/group design, now externally taxonomically resolved; exact current annotated RefSeq version, named species [Lactobacillus] timonensis (taxID1970790), ranked genus Limosilactobacillus, non-Enterococcus, strict reported95/5/100 gate pass; HUMAN approval pending.	PENDING_HUMAN_APPROVAL	NOT_GRANTED
GCF_900519455.1	true	true	[]	false	Oenococcus	Oenococcus	46254	Oenococcus oeni	1247	UBOCC-A-315001	SAMEA4822705	false			PASS_EXTERNAL_METADATA	PASS_TAXONOMY	PASS_ENTEROCOCCUS_EXCLUSION	PASS_REPORTED_THRESHOLDS	[]	PROPOSED_FOR_INCLUSION	Retain original selected177 member; exact current annotated RefSeq version, named species Oenococcus oeni (taxID1247), ranked genus Oenococcus, non-Enterococcus, strict reported95/5/100 gate pass; HUMAN approval pending.	PENDING_HUMAN_APPROVAL	NOT_GRANTED
GCF_900519475.1	true	true	[]	false	Oenococcus	Oenococcus	46254	Oenococcus oeni	1247	CRBO_1381	SAMEA4822710	false			PASS_EXTERNAL_METADATA	PASS_TAXONOMY	PASS_ENTEROCOCCUS_EXCLUSION	PASS_REPORTED_THRESHOLDS	[]	PROPOSED_FOR_INCLUSION	Retain original selected177 member; exact current annotated RefSeq version, named species Oenococcus oeni (taxID1247), ranked genus Oenococcus, non-Enterococcus, strict reported95/5/100 gate pass; HUMAN approval pending.	PENDING_HUMAN_APPROVAL	NOT_GRANTED
GCF_900636965.1	true	false	"[""removed""]"	false	Lacticaseibacillus	Lacticaseibacillus	2759736	Lacticaseibacillus rhamnosus	47715	NCTC13764	SAMEA3905380	false			PASS_EXTERNAL_METADATA	PASS_TAXONOMY	PASS_ENTEROCOCCUS_EXCLUSION	PASS_REPORTED_THRESHOLDS	[]	PROPOSED_FOR_INCLUSION	Retain original selected177 member; restore historical balancing removal for inclusive strain/species coverage, not because its sequence is proved nonredundant; exact current annotated RefSeq version, named species Lacticaseibacillus rhamnosus (taxID47715), ranked genus Lacticaseibacillus, non-Enterococcus, strict reported95/5/100 gate pass; HUMAN approval pending.	PENDING_HUMAN_APPROVAL	NOT_GRANTED
GCF_903885985.1	true	false	"[""removed""]"	false	Streptococcus_thermophilus	Streptococcus	1301	Streptococcus thermophilus	1308		SAMEA6957286	false			PASS_EXTERNAL_METADATA	PASS_TAXONOMY	PASS_ENTEROCOCCUS_EXCLUSION	PASS_REPORTED_THRESHOLDS	[]	PROPOSED_FOR_INCLUSION	Retain original selected177 member; restore historical balancing removal for inclusive strain/species coverage, not because its sequence is proved nonredundant; exact current annotated RefSeq version, named species Streptococcus thermophilus (taxID1308), ranked genus Streptococcus, non-Enterococcus, strict reported95/5/100 gate pass; HUMAN approval pending.	PENDING_HUMAN_APPROVAL	NOT_GRANTED
GCF_903886345.1	true	false	"[""removed""]"	false	Streptococcus_thermophilus	Streptococcus	1301	Streptococcus thermophilus	1308		SAMEA6957292	false			PASS_EXTERNAL_METADATA	PASS_TAXONOMY	PASS_ENTEROCOCCUS_EXCLUSION	PASS_REPORTED_THRESHOLDS	[]	PROPOSED_FOR_INCLUSION	Retain original selected177 member; restore historical balancing removal for inclusive strain/species coverage, not because its sequence is proved nonredundant; exact current annotated RefSeq version, named species Streptococcus thermophilus (taxID1308), ranked genus Streptococcus, non-Enterococcus, strict reported95/5/100 gate pass; HUMAN approval pending.	PENDING_HUMAN_APPROVAL	NOT_GRANTED
GCF_903886475.1	true	true	[]	false	Streptococcus_thermophilus	Streptococcus	1301	Streptococcus thermophilus	1308		SAMEA6957296	false			PASS_EXTERNAL_METADATA	PASS_TAXONOMY	PASS_ENTEROCOCCUS_EXCLUSION	PASS_REPORTED_THRESHOLDS	[]	PROPOSED_FOR_INCLUSION	Retain original selected177 member; exact current annotated RefSeq version, named species Streptococcus thermophilus (taxID1308), ranked genus Streptococcus, non-Enterococcus, strict reported95/5/100 gate pass; HUMAN approval pending.	PENDING_HUMAN_APPROVAL	NOT_GRANTED
GCF_903891025.1	true	false	"[""removed""]"	false	Streptococcus_thermophilus	Streptococcus	1301	Streptococcus thermophilus	1308		SAMEA6957279	false			PASS_EXTERNAL_METADATA	PASS_TAXONOMY	PASS_ENTEROCOCCUS_EXCLUSION	PASS_REPORTED_THRESHOLDS	[]	PROPOSED_FOR_INCLUSION	Retain original selected177 member; restore historical balancing removal for inclusive strain/species coverage, not because its sequence is proved nonredundant; exact current annotated RefSeq version, named species Streptococcus thermophilus (taxID1308), ranked genus Streptococcus, non-Enterococcus, strict reported95/5/100 gate pass; HUMAN approval pending.	PENDING_HUMAN_APPROVAL	NOT_GRANTED
GCF_903891205.1	true	false	"[""removed""]"	false	Streptococcus_thermophilus	Streptococcus	1301	Streptococcus thermophilus	1308		SAMEA6957283	false			PASS_EXTERNAL_METADATA	PASS_TAXONOMY	PASS_ENTEROCOCCUS_EXCLUSION	PASS_REPORTED_THRESHOLDS	[]	PROPOSED_FOR_INCLUSION	Retain original selected177 member; restore historical balancing removal for inclusive strain/species coverage, not because its sequence is proved nonredundant; exact current annotated RefSeq version, named species Streptococcus thermophilus (taxID1308), ranked genus Streptococcus, non-Enterococcus, strict reported95/5/100 gate pass; HUMAN approval pending.	PENDING_HUMAN_APPROVAL	NOT_GRANTED
GCF_947539375.1	true	true	[]	false	Lactobacillus_sensu_stricto	Lactobacillus	1578	Lactobacillus isalae	2993455	AMBV1719	SAMEA112195920	false			PASS_EXTERNAL_METADATA	PASS_TAXONOMY	PASS_ENTEROCOCCUS_EXCLUSION	PASS_REPORTED_THRESHOLDS	[]	PROPOSED_FOR_INCLUSION	Retain original selected177 member; exact current annotated RefSeq version, named species Lactobacillus isalae (taxID2993455), ranked genus Lactobacillus, non-Enterococcus, strict reported95/5/100 gate pass; HUMAN approval pending.	PENDING_HUMAN_APPROVAL	NOT_GRANTED
GCF_963243495.1	true	true	[]	false	Lactiplantibacillus	Lactiplantibacillus	2767842	Lactiplantibacillus xiangfangensis	942150	IMDO EBMM8	SAMEA114249621	false			PASS_EXTERNAL_METADATA	PASS_TAXONOMY	PASS_ENTEROCOCCUS_EXCLUSION	PASS_REPORTED_THRESHOLDS	[]	PROPOSED_FOR_INCLUSION	Retain original selected177 member; exact current annotated RefSeq version, named species Lactiplantibacillus xiangfangensis (taxID942150), ranked genus Lactiplantibacillus, non-Enterococcus, strict reported95/5/100 gate pass; HUMAN approval pending.	PENDING_HUMAN_APPROVAL	NOT_GRANTED
GCF_963281025.1	true	true	[]	false	Limosilactobacillus	Limosilactobacillus	2742598	Limosilactobacillus vaginalis	1633		SAMEA114260472	false			PASS_EXTERNAL_METADATA	PASS_TAXONOMY	PASS_ENTEROCOCCUS_EXCLUSION	PASS_REPORTED_THRESHOLDS	[]	PROPOSED_FOR_INCLUSION	Retain original selected177 member; exact current annotated RefSeq version, named species Limosilactobacillus vaginalis (taxID1633), ranked genus Limosilactobacillus, non-Enterococcus, strict reported95/5/100 gate pass; HUMAN approval pending.	PENDING_HUMAN_APPROVAL	NOT_GRANTED
GCF_964063315.1	true	true	[]	false	Leuconostoc	Leuconostoc	1243	Leuconostoc carnosum	1252		SAMEA115434265	false			PASS_EXTERNAL_METADATA	PASS_TAXONOMY	PASS_ENTEROCOCCUS_EXCLUSION	PASS_REPORTED_THRESHOLDS	[]	PROPOSED_FOR_INCLUSION	Retain original selected177 member; exact current annotated RefSeq version, named species Leuconostoc carnosum (taxID1252), ranked genus Leuconostoc, non-Enterococcus, strict reported95/5/100 gate pass; HUMAN approval pending.	PENDING_HUMAN_APPROVAL	NOT_GRANTED
GCF_965136965.1	true	true	[]	false	Lactiplantibacillus	Lactiplantibacillus	2767842	Lactiplantibacillus plajomi	1457217	CIP110952T	SAMEA117660533	false			PASS_EXTERNAL_METADATA	PASS_TAXONOMY	PASS_ENTEROCOCCUS_EXCLUSION	PASS_REPORTED_THRESHOLDS	[]	PROPOSED_FOR_INCLUSION	Retain original selected177 member; exact current annotated RefSeq version, named species Lactiplantibacillus plajomi (taxID1457217), ranked genus Lactiplantibacillus, non-Enterococcus, strict reported95/5/100 gate pass; HUMAN approval pending.	PENDING_HUMAN_APPROVAL	NOT_GRANTED
GCF_965286035.1	true	false	[]	true	Leuconostoc	Leuconostoc	1243	Leuconostoc pseudomesenteroides	33968	HF-IBB-469	SAMEA118341716	false			PASS_EXTERNAL_METADATA	PASS_TAXONOMY	PASS_ENTEROCOCCUS_EXCLUSION	PASS_REPORTED_THRESHOLDS	[]	PROPOSED_FOR_INCLUSION	Retain original selected177 member; retain one of27 extras from the documented18/group versus15/group design, now externally taxonomically resolved; exact current annotated RefSeq version, named species Leuconostoc pseudomesenteroides (taxID33968), ranked genus Leuconostoc, non-Enterococcus, strict reported95/5/100 gate pass; HUMAN approval pending.	PENDING_HUMAN_APPROVAL	NOT_GRANTED
GCF_965286295.1	true	false	[]	true	Lactiplantibacillus	Lactiplantibacillus	2767842	Lactiplantibacillus argentoratensis	271881	UH016_15	SAMEA118341699	false			PASS_EXTERNAL_METADATA	PASS_TAXONOMY	PASS_ENTEROCOCCUS_EXCLUSION	PASS_REPORTED_THRESHOLDS	[]	PROPOSED_FOR_INCLUSION	Retain original selected177 member; retain one of27 extras from the documented18/group versus15/group design, now externally taxonomically resolved; exact current annotated RefSeq version, named species Lactiplantibacillus argentoratensis (taxID271881), ranked genus Lactiplantibacillus, non-Enterococcus, strict reported95/5/100 gate pass; HUMAN approval pending.	PENDING_HUMAN_APPROVAL	NOT_GRANTED
GCF_965286585.1	true	false	"[""removed""]"	false	Limosilactobacillus	Limosilactobacillus	2742598	Limosilactobacillus fermentum	1613	HF-IBB-205	SAMEA118341727	false			PASS_EXTERNAL_METADATA	PASS_TAXONOMY	PASS_ENTEROCOCCUS_EXCLUSION	PASS_REPORTED_THRESHOLDS	[]	PROPOSED_FOR_INCLUSION	Retain original selected177 member; restore historical balancing removal for inclusive strain/species coverage, not because its sequence is proved nonredundant; exact current annotated RefSeq version, named species Limosilactobacillus fermentum (taxID1613), ranked genus Limosilactobacillus, non-Enterococcus, strict reported95/5/100 gate pass; HUMAN approval pending.	PENDING_HUMAN_APPROVAL	NOT_GRANTED
GCF_982267005.1	true	false	[]	true	Leuconostoc	Leuconostoc	1243	Leuconostoc lactis	1246		SAMEA121950730	false			PASS_EXTERNAL_METADATA	PASS_TAXONOMY	PASS_ENTEROCOCCUS_EXCLUSION	PASS_REPORTED_THRESHOLDS	[]	PROPOSED_FOR_INCLUSION	Retain original selected177 member; retain one of27 extras from the documented18/group versus15/group design, now externally taxonomically resolved; exact current annotated RefSeq version, named species Leuconostoc lactis (taxID1246), ranked genus Leuconostoc, non-Enterococcus, strict reported95/5/100 gate pass; HUMAN approval pending.	PENDING_HUMAN_APPROVAL	NOT_GRANTED
