
================== ASTRAL ===================== 

This is ASTRAL version 5.7.8
Gene trees are treated as unrooted
5 trees read from pilot_output/all_gene_trees.tre
index0
All output trees will be *arbitrarily* rooted at GCF_000009425.1

======== Running the main analysis
Number of taxa: 196 (196 species)
Taxa: [GCF_000009425.1, GCF_000010145.1, GCF_965286585.1, GCF_001437055.1, GCF_000016825.1, GCF_033570435.1, GCF_020784695.1, GCF_014145545.1, GCF_014145615.1, GCF_014145555.1, GCF_028607025.1, GCF_963281025.1, GCF_000160835.1, GCF_025311495.1, GCF_019797825.1, GCF_900240275.1, GCF_054331775.1, GCF_039955095.1, GCF_056676095.1, GCF_000014505.1, GCF_055755075.1, GCF_009914035.1, GCF_009914015.1, GCF_021378055.1, GCF_009913995.1, GCF_001767275.1, GCF_059089415.1, GCF_028621815.1, GCF_034703025.1, GCF_002174215.1, GCF_016127815.1, GCF_019448175.1, GCF_010092385.1, GCF_000237995.1, GCF_001702215.1, GCF_001702235.1, GCF_001436905.1, GCF_000691805.2, GCF_001932615.1, GCF_005405465.1, GCF_024718545.1, GCF_036327715.1, GCF_041281755.1, GCF_900094835.1, GCF_001437425.1, GCF_014789145.1, GCF_018394055.1, GCF_018502505.1, GCF_019576155.1, GCF_054073565.1, GCF_001761545.1, GCF_001438705.1, GCF_002950695.1, GCF_011304355.1, GCF_014397255.1, GCF_001434365.1, GCF_001435245.1, GCF_000011045.1, GCF_900636965.1, GCF_029726355.1, GCF_030770265.1, GCF_030770335.1, GCF_030770295.1, GCF_000155515.2, GCF_036246225.1, GCF_001434705.1, GCF_013407595.1, GCF_025490915.1, GCF_054785075.1, GCF_054452875.2, GCF_009184845.1, GCF_042847315.1, GCF_054784775.1, GCF_001436135.1, GCF_030480545.1, GCF_028736235.1, GCF_000023085.1, GCF_009913655.1, GCF_000148815.2, GCF_029854335.1, GCF_029025825.1, GCF_051098045.1, GCF_050847345.1, GCF_965286295.1, GCF_000203855.3, GCF_014131735.1, GCF_037290055.1, GCF_003641185.1, GCF_026222675.1, GCF_050407965.1, GCF_005405405.1, GCF_965136965.1, GCF_036246165.1, GCF_036246185.1, GCF_963243495.1, GCF_002970915.1, GCF_002970935.1, GCF_045862825.1, GCF_000014425.1, GCF_003584685.1, GCF_017894345.1, GCF_947539375.1, GCF_011058775.1, GCF_000015385.1, GCF_046109915.1, GCF_014656585.1, GCF_055502585.1, GCF_016647595.1, GCF_003150935.1, GCF_019469265.1, GCF_003151025.1, GCF_003173695.1, GCF_008831485.1, GCF_024397795.1, GCF_003999355.1, GCF_001888925.1, GCF_042997415.1, GCF_000014385.1, GCF_020510245.1, GCF_032762665.1, GCF_003264795.1, GCF_013113695.1, GCF_033142085.1, GCF_004377635.1, GCF_900519455.1, GCF_023920145.1, GCF_900519475.1, GCF_001618285.1, GCF_000241055.1, GCF_001752515.1, GCF_001752545.1, GCF_001752505.1, GCF_000026405.1, GCF_007954785.1, GCF_000298875.1, GCF_001536305.1, GCF_900016205.1, GCF_001998805.1, GCF_007954605.1, GCF_982267005.1, GCF_004354645.1, GCF_001891125.1, GCF_058111805.1, GCF_008107645.1, GCF_016127255.1, GCF_009856565.1, GCF_041509385.1, GCF_041514295.1, GCF_041514285.1, GCF_041893975.1, GCF_029866985.1, GCF_020844005.1, GCF_903891025.1, GCF_052571685.1, GCF_052570115.1, GCF_052569745.1, GCF_056269605.1, GCF_038049945.1, GCF_903891205.1, GCF_024334065.1, GCF_025948295.1, GCF_057786735.1, GCF_039783225.1, GCF_903886475.1, GCF_039783785.1, GCF_025739325.1, GCF_903885985.1, GCF_903886345.1, GCF_000269925.1, GCF_000269945.1, GCF_023499275.1, GCF_037891785.1, GCF_039645515.1, GCF_037892375.1, GCF_039645575.1, GCF_041225605.1, GCF_045760565.1, GCF_041225485.1, GCF_016919665.1, GCF_017068355.1, GCF_035985965.1, GCF_003722275.1, GCF_000025045.1, GCF_003176835.1, GCF_060307215.1, GCF_060305805.1, GCF_023169905.1, GCF_055180435.1, GCF_000468955.1, GCF_000014445.1, GCF_047344935.1, GCF_964063315.1, GCF_000092505.1, GCF_965286035.1, GCF_045801155.1, GCF_000014545.1]
Taxon occupancy: {GCF_023169905.1=5, GCF_964063315.1=4, GCF_001436905.1=5, GCF_900094835.1=5, GCF_002970915.1=5, GCF_903885985.1=5, GCF_007954605.1=5, GCF_000016825.1=5, GCF_965136965.1=5, GCF_000092505.1=4, GCF_000203855.3=5, GCF_011304355.1=5, GCF_060305805.1=5, GCF_000241055.1=5, GCF_000269925.1=5, GCF_002950695.1=5, GCF_023920145.1=5, GCF_019448175.1=5, GCF_000023085.1=5, GCF_001618285.1=5, GCF_041225605.1=5, GCF_005405405.1=5, GCF_001752545.1=5, GCF_000026405.1=5, GCF_059089415.1=5, GCF_041509385.1=5, GCF_041225485.1=5, GCF_016127255.1=5, GCF_052569745.1=5, GCF_003173695.1=5, GCF_018394055.1=5, GCF_903891205.1=5, GCF_028607025.1=5, GCF_046109915.1=5, GCF_029025825.1=5, GCF_900519475.1=5, GCF_003151025.1=5, GCF_036246185.1=5, GCF_025311495.1=5, GCF_038049945.1=5, GCF_057786735.1=5, GCF_000014425.1=5, GCF_005405465.1=5, GCF_003999355.1=5, GCF_000468955.1=5, GCF_000015385.1=5, GCF_001702215.1=5, GCF_032762665.1=5, GCF_001998805.1=5, GCF_035985965.1=5, GCF_000025045.1=5, GCF_041281755.1=5, GCF_050407965.1=5, GCF_037891785.1=5, GCF_001436135.1=5, GCF_039783785.1=5, GCF_000014545.1=4, GCF_000160835.1=5, GCF_055502585.1=5, GCF_019576155.1=5, GCF_903891025.1=5, GCF_039645515.1=5, GCF_000148815.2=5, GCF_000298875.1=5, GCF_000691805.2=5, GCF_002174215.1=5, GCF_900240275.1=5, GCF_020844005.1=5, GCF_025739325.1=5, GCF_014145555.1=5, GCF_009914035.1=5, GCF_055180435.1=5, GCF_014145615.1=5, GCF_903886475.1=5, GCF_024718545.1=5, GCF_004377635.1=5, GCF_017894345.1=5, GCF_003176835.1=5, GCF_054331775.1=5, GCF_009913995.1=5, GCF_028736235.1=5, GCF_014145545.1=5, GCF_001437055.1=5, GCF_965286585.1=5, GCF_965286295.1=5, GCF_054785075.1=5, GCF_001761545.1=5, GCF_019469265.1=5, GCF_039645575.1=5, GCF_030770295.1=5, GCF_052571685.1=5, GCF_026222675.1=5, GCF_058111805.1=5, GCF_033142085.1=5, GCF_001932615.1=5, GCF_000269945.1=5, GCF_963281025.1=5, GCF_019797825.1=5, GCF_014789145.1=5, GCF_028621815.1=5, GCF_001435245.1=5, GCF_001434365.1=5, GCF_001434705.1=5, GCF_054784775.1=5, GCF_041514295.1=5, GCF_039783225.1=5, GCF_045862825.1=5, GCF_000014385.1=5, GCF_000014505.1=5, GCF_001438705.1=5, GCF_963243495.1=5, GCF_042847315.1=5, GCF_025948295.1=5, GCF_009913655.1=5, GCF_020510245.1=5, GCF_013113695.1=5, GCF_011058775.1=5, GCF_045801155.1=4, GCF_010092385.1=5, GCF_029854335.1=5, GCF_003722275.1=5, GCF_016127815.1=5, GCF_036246165.1=5, GCF_042997415.1=5, GCF_009184845.1=5, GCF_033570435.1=5, GCF_000014445.1=4, GCF_009856565.1=5, GCF_000010145.1=5, GCF_004354645.1=5, GCF_002970935.1=5, GCF_001702235.1=5, GCF_001891125.1=5, GCF_016647595.1=5, GCF_020784695.1=5, GCF_029726355.1=5, GCF_000155515.2=5, GCF_982267005.1=5, GCF_052570115.1=5, GCF_030770335.1=5, GCF_003150935.1=5, GCF_016919665.1=5, GCF_060307215.1=5, GCF_014656585.1=5, GCF_056269605.1=5, GCF_017068355.1=5, GCF_014397255.1=5, GCF_003584685.1=5, GCF_001767275.1=5, GCF_965286035.1=4, GCF_037892375.1=5, GCF_000009425.1=5, GCF_018502505.1=5, GCF_050847345.1=5, GCF_000237995.1=5, GCF_056676095.1=5, GCF_047344935.1=4, GCF_003641185.1=5, GCF_041514285.1=5, GCF_051098045.1=5, GCF_001752515.1=5, GCF_024397795.1=5, GCF_034703025.1=5, GCF_054452875.2=5, GCF_007954785.1=5, GCF_900519455.1=5, GCF_029866985.1=5, GCF_039955095.1=5, GCF_055755075.1=5, GCF_013407595.1=5, GCF_054073565.1=5, GCF_008831485.1=5, GCF_045760565.1=5, GCF_023499275.1=5, GCF_001752505.1=5, GCF_021378055.1=5, GCF_036327715.1=5, GCF_030480545.1=5, GCF_024334065.1=5, GCF_030770265.1=5, GCF_900636965.1=5, GCF_903886345.1=5, GCF_001536305.1=5, GCF_008107645.1=5, GCF_036246225.1=5, GCF_947539375.1=5, GCF_014131735.1=5, GCF_900016205.1=5, GCF_003264795.1=5, GCF_037290055.1=5, GCF_009914015.1=5, GCF_001888925.1=5, GCF_001437425.1=5, GCF_041893975.1=5, GCF_000011045.1=5, GCF_025490915.1=5}
Number of gene trees: 5
1 trees have missing taxa
Calculating quartet distance matrix (for completion of X)
Species tree distances calculated ...
Will attempt to complete bipartitions from X before adding using a distance matrix.
Building set of clusters (X) from gene trees 
------------------------------
gradient0: 1527
Number of Clusters after addition by distance: 1527
calculating extra bipartitions to be added at level 1 ...
Adding to X using resolutions of greedy consensus ...
Limit for sigma of degrees:4950
polytomy size limit : 14
discarded polytomies:  [3, 3, 3, 3, 3, 3, 3, 3, 3, 3, 3, 3, 3, 3, 3, 4, 4, 4, 4, 4, 4, 4, 4, 4, 4, 4, 4, 4, 4, 4, 5, 5, 6, 14]
Threshold 0.0:
polytomy of size 3; rounds with additions with at least 5 support: 0; clusters: 1531
polytomy of size 4; rounds with additions with at least 5 support: 0; clusters: 1543
polytomy of size 4; rounds with additions with at least 5 support: 0; clusters: 1563
Threshold 0.01:
polytomy of size 3; rounds with additions with at least 5 support: 0; clusters: 1563
polytomy of size 4; rounds with additions with at least 5 support: 0; clusters: 1563
polytomy of size 4; rounds with additions with at least 5 support: 0; clusters: 1563
Threshold 0.02:
polytomy of size 3; rounds with additions with at least 5 support: 0; clusters: 1563
polytomy of size 4; rounds with additions with at least 5 support: 0; clusters: 1565
polytomy of size 4; rounds with additions with at least 5 support: 0; clusters: 1565
Threshold 0.05:
polytomy of size 3; rounds with additions with at least 5 support: 0; clusters: 1565
polytomy of size 4; rounds with additions with at least 5 support: 0; clusters: 1565
polytomy of size 4; rounds with additions with at least 5 support: 0; clusters: 1565
Threshold 0.1:
polytomy of size 3; rounds with additions with at least 5 support: 0; clusters: 1565
polytomy of size 4; rounds with additions with at least 5 support: 0; clusters: 1565
polytomy of size 4; rounds with additions with at least 5 support: 0; clusters: 1565
Threshold 0.2:
polytomy of size 3; rounds with additions with at least 5 support: 0; clusters: 1565
polytomy of size 4; rounds with additions with at least 5 support: 0; clusters: 1565
polytomy of size 4; rounds with additions with at least 5 support: 0; clusters: 1565
Threshold 0.3333333333333333:
polytomy of size 3; rounds with additions with at least 5 support: 0; clusters: 1569
polytomy of size 5; rounds with additions with at least 5 support: 0; clusters: 1569
polytomy of size 14; rounds with additions with at least 5 support: 0; clusters: 1629
polytomy of size 3; rounds with additions with at least 5 support: 0; clusters: 1629
polytomy of size 4; rounds with additions with at least 5 support: 0; clusters: 1629
polytomy of size 3; rounds with additions with at least 5 support: 0; clusters: 1633
polytomy of size 3; rounds with additions with at least 5 support: 0; clusters: 1633
polytomy of size 4; rounds with additions with at least 5 support: 0; clusters: 1633
polytomy of size 3; rounds with additions with at least 5 support: 0; clusters: 1633
polytomy of size 6; rounds with additions with at least 5 support: 0; clusters: 1657
polytomy of size 3; rounds with additions with at least 5 support: 0; clusters: 1659
polytomy of size 3; rounds with additions with at least 5 support: 0; clusters: 1659
polytomy of size 4; rounds with additions with at least 5 support: 0; clusters: 1661
polytomy of size 5; rounds with additions with at least 5 support: 0; clusters: 1683
polytomy of size 3; rounds with additions with at least 5 support: 0; clusters: 1683
polytomy of size 3; rounds with additions with at least 5 support: 0; clusters: 1683
max k is :0
Number of Clusters after addition by greedy: 1683
gradient0 in heuristiic: 1683
partitions formed in 1.462 secs
Dynamic Programming starting after 1.463 secs
Using tree-based weight calculation.
Using polytree-based weight calculation.
Polytree max score: 290000291
Polytree building time: 0.011 seconds.
Number of quartet trees in the gene trees: 290000291
Size of largest cluster: 196
Greedy score: 248027428
estimationFactor: 1.16922669939552
Sub-optimal score: 248097906
Total Number of elements weighted: 1935
Normalized score (portion of input quartet trees satisfied before correcting for multiple individuals): 0.8632558751466908
Optimization score: 250344455
Optimal tree inferred in 1.69 secs.
(GCF_903885985.1,(GCF_903886345.1,(((GCF_025739325.1,(GCF_903886475.1,GCF_039783785.1)),((GCF_025948295.1,(GCF_041893975.1,(GCF_041514285.1,(GCF_041514295.1,(GCF_009856565.1,GCF_041509385.1))))),(GCF_024334065.1,((GCF_039783225.1,(GCF_029866985.1,GCF_057786735.1)),((GCF_038049945.1,GCF_903891205.1),(GCF_056269605.1,(GCF_052569745.1,(GCF_052571685.1,(GCF_052570115.1,(GCF_020844005.1,GCF_903891025.1)))))))))),((((GCF_041225485.1,(GCF_041225605.1,GCF_045760565.1)),((GCF_037892375.1,GCF_039645575.1),((GCF_000269925.1,GCF_000269945.1),(GCF_037891785.1,(GCF_023499275.1,GCF_039645515.1))))),((GCF_016919665.1,GCF_017068355.1),((GCF_000014545.1,((GCF_023169905.1,GCF_055180435.1),(GCF_000009425.1,GCF_000468955.1))),(GCF_035985965.1,(GCF_003176835.1,(GCF_003722275.1,(GCF_000025045.1,(GCF_060307215.1,GCF_060305805.1)))))))),((((GCF_001761545.1,(GCF_014397255.1,(GCF_001438705.1,(GCF_002950695.1,GCF_011304355.1)))),(GCF_000691805.2,(((GCF_001437425.1,GCF_014789145.1),(GCF_018394055.1,GCF_018502505.1)),((GCF_019576155.1,GCF_054073565.1),((GCF_041281755.1,GCF_900094835.1),(GCF_036327715.1,(GCF_024718545.1,(GCF_001932615.1,GCF_005405465.1)))))))),(((GCF_001752505.1,(GCF_001752515.1,(GCF_000241055.1,GCF_001752545.1))),((GCF_023920145.1,(GCF_032762665.1,GCF_004377635.1)),(GCF_900519455.1,((GCF_033142085.1,GCF_900519475.1),(GCF_001618285.1,(GCF_013113695.1,(GCF_003264795.1,(GCF_000014385.1,GCF_020510245.1)))))))),(GCF_004354645.1,((GCF_008107645.1,((GCF_000014445.1,GCF_047344935.1),(GCF_001891125.1,GCF_058111805.1))),((GCF_045801155.1,(GCF_016127255.1,GCF_965286035.1)),(GCF_964063315.1,((GCF_982267005.1,(GCF_001998805.1,GCF_007954605.1)),((GCF_000026405.1,GCF_007954785.1),(GCF_000092505.1,(GCF_000298875.1,(GCF_001536305.1,GCF_900016205.1))))))))))),((((GCF_011058775.1,(GCF_017894345.1,(GCF_947539375.1,(GCF_000014425.1,GCF_003584685.1)))),(GCF_042997415.1,(GCF_001888925.1,(GCF_024397795.1,((GCF_008831485.1,((GCF_003150935.1,GCF_019469265.1),(GCF_003151025.1,GCF_003173695.1))),(GCF_003999355.1,(GCF_055502585.1,(GCF_016647595.1,(GCF_014656585.1,(GCF_000015385.1,GCF_046109915.1)))))))))),((GCF_028736235.1,(GCF_001436135.1,GCF_030480545.1)),((GCF_000155515.2,((GCF_000011045.1,GCF_900636965.1),((GCF_030770265.1,GCF_030770335.1),(GCF_029726355.1,GCF_030770295.1)))),((GCF_054784775.1,(GCF_009184845.1,GCF_042847315.1)),(GCF_054452875.2,(GCF_001434705.1,(GCF_036246225.1,(GCF_013407595.1,(GCF_025490915.1,GCF_054785075.1))))))))),((((GCF_001434365.1,GCF_001435245.1),((GCF_000010145.1,GCF_965286585.1),(GCF_054331775.1,(GCF_001437055.1,GCF_900240275.1)))),((GCF_039955095.1,GCF_056676095.1),((GCF_028607025.1,GCF_963281025.1),((GCF_019797825.1,(GCF_000160835.1,GCF_025311495.1)),(GCF_014145555.1,(GCF_014145545.1,(GCF_014145615.1,(GCF_020784695.1,(GCF_000016825.1,GCF_033570435.1))))))))),(((GCF_001436905.1,(GCF_001702235.1,(GCF_000237995.1,GCF_001702215.1))),((GCF_009913995.1,(GCF_021378055.1,(GCF_009914015.1,(GCF_055755075.1,(GCF_000014505.1,GCF_009914035.1))))),(GCF_002174215.1,(GCF_010092385.1,((GCF_016127815.1,GCF_019448175.1),(GCF_034703025.1,(GCF_028621815.1,(GCF_001767275.1,GCF_059089415.1)))))))),((GCF_002970915.1,GCF_002970935.1),(((GCF_005405405.1,GCF_965136965.1),(GCF_045862825.1,(GCF_036246185.1,(GCF_036246165.1,GCF_963243495.1)))),((GCF_050407965.1,(GCF_003641185.1,GCF_026222675.1)),((GCF_029025825.1,GCF_051098045.1),((GCF_050847345.1,(GCF_965286295.1,GCF_037290055.1)),(GCF_029854335.1,(GCF_000148815.2,(GCF_009913655.1,(GCF_014131735.1,(GCF_000023085.1,GCF_000203855.3))))))))))))))))));
Final quartet score is: 250344455
Final normalized quartet score is: 0.8632558751466908
You may want to ignore posterior probabilities and other statistics related to the following branch branch because the effective number of genes impacting it is only 5:
	{GCF_023169905.1, GCF_055180435.1}
You may want to ignore posterior probabilities and other statistics related to the following branch branch because the effective number of genes impacting it is only 5:
	{GCF_060307215.1, GCF_060305805.1}
You may want to ignore posterior probabilities and other statistics related to the following branch branch because the effective number of genes impacting it is only 5:
	{GCF_000025045.1, GCF_060307215.1, GCF_060305805.1}
You may want to ignore posterior probabilities and other statistics related to the following branch branch because the effective number of genes impacting it is only 5:
	{GCF_003722275.1, GCF_000025045.1, GCF_060307215.1, GCF_060305805.1}
You may want to ignore posterior probabilities and other statistics related to the following branch branch because the effective number of genes impacting it is only 5:
	{GCF_003722275.1, GCF_000025045.1, GCF_003176835.1, GCF_060307215.1, GCF_060305805.1}
You may want to ignore posterior probabilities and other statistics related to the following branch branch because the effective number of genes impacting it is only 5:
	{GCF_035985965.1, GCF_003722275.1, GCF_000025045.1, GCF_003176835.1, GCF_060307215.1, GCF_060305805.1}
You may want to ignore posterior probabilities and other statistics related to the following branch branch because the effective number of genes impacting it is only 5:
	{GCF_016919665.1, GCF_017068355.1}
You may want to ignore posterior probabilities and other statistics related to the following branch branch because the effective number of genes impacting it is only 5:
	{GCF_041225605.1, GCF_045760565.1}
You may want to ignore posterior probabilities and other statistics related to the following branch branch because the effective number of genes impacting it is only 5:
	{GCF_041225605.1, GCF_045760565.1, GCF_041225485.1}
You may want to ignore posterior probabilities and other statistics related to the following branch branch because the effective number of genes impacting it is only 5:
	{GCF_037892375.1, GCF_039645575.1}
You may want to ignore posterior probabilities and other statistics related to the following branch branch because the effective number of genes impacting it is only 5:
	{GCF_000269925.1, GCF_000269945.1}
You may want to ignore posterior probabilities and other statistics related to the following branch branch because the effective number of genes impacting it is only 5:
	{GCF_023499275.1, GCF_039645515.1}
You may want to ignore posterior probabilities and other statistics related to the following branch branch because the effective number of genes impacting it is only 5:
	{GCF_023499275.1, GCF_037891785.1, GCF_039645515.1}
You may want to ignore posterior probabilities and other statistics related to the following branch branch because the effective number of genes impacting it is only 5:
	{GCF_000269925.1, GCF_000269945.1, GCF_023499275.1, GCF_037891785.1, GCF_039645515.1}
You may want to ignore posterior probabilities and other statistics related to the following branch branch because the effective number of genes impacting it is only 5:
	{GCF_000269925.1, GCF_000269945.1, GCF_023499275.1, GCF_037891785.1, GCF_039645515.1, GCF_037892375.1, GCF_039645575.1}
You may want to ignore posterior probabilities and other statistics related to the following branch branch because the effective number of genes impacting it is only 5:
	{GCF_000269925.1, GCF_000269945.1, GCF_023499275.1, GCF_037891785.1, GCF_039645515.1, GCF_037892375.1, GCF_039645575.1, GCF_041225605.1, GCF_045760565.1, GCF_041225485.1}
You may want to ignore posterior probabilities and other statistics related to the following branch branch because the effective number of genes impacting it is only 5:
	{GCF_002950695.1, GCF_011304355.1}
You may want to ignore posterior probabilities and other statistics related to the following branch branch because the effective number of genes impacting it is only 5:
	{GCF_001438705.1, GCF_002950695.1, GCF_011304355.1}
You may want to ignore posterior probabilities and other statistics related to the following branch branch because the effective number of genes impacting it is only 5:
	{GCF_001438705.1, GCF_002950695.1, GCF_011304355.1, GCF_014397255.1}
You may want to ignore posterior probabilities and other statistics related to the following branch branch because the effective number of genes impacting it is only 5:
	{GCF_001761545.1, GCF_001438705.1, GCF_002950695.1, GCF_011304355.1, GCF_014397255.1}
You may want to ignore posterior probabilities and other statistics related to the following branch branch because the effective number of genes impacting it is only 5:
	{GCF_001437425.1, GCF_014789145.1}
You may want to ignore posterior probabilities and other statistics related to the following branch branch because the effective number of genes impacting it is only 5:
	{GCF_018394055.1, GCF_018502505.1}
You may want to ignore posterior probabilities and other statistics related to the following branch branch because the effective number of genes impacting it is only 5:
	{GCF_001437425.1, GCF_014789145.1, GCF_018394055.1, GCF_018502505.1}
You may want to ignore posterior probabilities and other statistics related to the following branch branch because the effective number of genes impacting it is only 5:
	{GCF_019576155.1, GCF_054073565.1}
You may want to ignore posterior probabilities and other statistics related to the following branch branch because the effective number of genes impacting it is only 5:
	{GCF_041281755.1, GCF_900094835.1}
You may want to ignore posterior probabilities and other statistics related to the following branch branch because the effective number of genes impacting it is only 5:
	{GCF_001932615.1, GCF_005405465.1}
You may want to ignore posterior probabilities and other statistics related to the following branch branch because the effective number of genes impacting it is only 5:
	{GCF_001932615.1, GCF_005405465.1, GCF_024718545.1}
You may want to ignore posterior probabilities and other statistics related to the following branch branch because the effective number of genes impacting it is only 5:
	{GCF_001932615.1, GCF_005405465.1, GCF_024718545.1, GCF_036327715.1}
You may want to ignore posterior probabilities and other statistics related to the following branch branch because the effective number of genes impacting it is only 5:
	{GCF_001932615.1, GCF_005405465.1, GCF_024718545.1, GCF_036327715.1, GCF_041281755.1, GCF_900094835.1}
You may want to ignore posterior probabilities and other statistics related to the following branch branch because the effective number of genes impacting it is only 5:
	{GCF_001932615.1, GCF_005405465.1, GCF_024718545.1, GCF_036327715.1, GCF_041281755.1, GCF_900094835.1, GCF_019576155.1, GCF_054073565.1}
You may want to ignore posterior probabilities and other statistics related to the following branch branch because the effective number of genes impacting it is only 5:
	{GCF_001932615.1, GCF_005405465.1, GCF_024718545.1, GCF_036327715.1, GCF_041281755.1, GCF_900094835.1, GCF_001437425.1, GCF_014789145.1, GCF_018394055.1, GCF_018502505.1, GCF_019576155.1, GCF_054073565.1}
You may want to ignore posterior probabilities and other statistics related to the following branch branch because the effective number of genes impacting it is only 5:
	{GCF_000691805.2, GCF_001932615.1, GCF_005405465.1, GCF_024718545.1, GCF_036327715.1, GCF_041281755.1, GCF_900094835.1, GCF_001437425.1, GCF_014789145.1, GCF_018394055.1, GCF_018502505.1, GCF_019576155.1, GCF_054073565.1}
You may want to ignore posterior probabilities and other statistics related to the following branch branch because the effective number of genes impacting it is only 5:
	{GCF_000691805.2, GCF_001932615.1, GCF_005405465.1, GCF_024718545.1, GCF_036327715.1, GCF_041281755.1, GCF_900094835.1, GCF_001437425.1, GCF_014789145.1, GCF_018394055.1, GCF_018502505.1, GCF_019576155.1, GCF_054073565.1, GCF_001761545.1, GCF_001438705.1, GCF_002950695.1, GCF_011304355.1, GCF_014397255.1}
You may want to ignore posterior probabilities and other statistics related to the following branch branch because the effective number of genes impacting it is only 5:
	{GCF_000241055.1, GCF_001752545.1}
You may want to ignore posterior probabilities and other statistics related to the following branch branch because the effective number of genes impacting it is only 5:
	{GCF_000241055.1, GCF_001752515.1, GCF_001752545.1}
You may want to ignore posterior probabilities and other statistics related to the following branch branch because the effective number of genes impacting it is only 5:
	{GCF_000241055.1, GCF_001752515.1, GCF_001752545.1, GCF_001752505.1}
You may want to ignore posterior probabilities and other statistics related to the following branch branch because the effective number of genes impacting it is only 5:
	{GCF_032762665.1, GCF_004377635.1}
You may want to ignore posterior probabilities and other statistics related to the following branch branch because the effective number of genes impacting it is only 5:
	{GCF_032762665.1, GCF_004377635.1, GCF_023920145.1}
You may want to ignore posterior probabilities and other statistics related to the following branch branch because the effective number of genes impacting it is only 5:
	{GCF_033142085.1, GCF_900519475.1}
You may want to ignore posterior probabilities and other statistics related to the following branch branch because the effective number of genes impacting it is only 5:
	{GCF_000014385.1, GCF_020510245.1}
You may want to ignore posterior probabilities and other statistics related to the following branch branch because the effective number of genes impacting it is only 5:
	{GCF_000014385.1, GCF_020510245.1, GCF_003264795.1}
You may want to ignore posterior probabilities and other statistics related to the following branch branch because the effective number of genes impacting it is only 5:
	{GCF_000014385.1, GCF_020510245.1, GCF_003264795.1, GCF_013113695.1}
You may want to ignore posterior probabilities and other statistics related to the following branch branch because the effective number of genes impacting it is only 5:
	{GCF_000014385.1, GCF_020510245.1, GCF_003264795.1, GCF_013113695.1, GCF_001618285.1}
You may want to ignore posterior probabilities and other statistics related to the following branch branch because the effective number of genes impacting it is only 5:
	{GCF_000014385.1, GCF_020510245.1, GCF_003264795.1, GCF_013113695.1, GCF_033142085.1, GCF_900519475.1, GCF_001618285.1}
You may want to ignore posterior probabilities and other statistics related to the following branch branch because the effective number of genes impacting it is only 5:
	{GCF_000014385.1, GCF_020510245.1, GCF_003264795.1, GCF_013113695.1, GCF_033142085.1, GCF_900519455.1, GCF_900519475.1, GCF_001618285.1}
You may want to ignore posterior probabilities and other statistics related to the following branch branch because the effective number of genes impacting it is only 5:
	{GCF_000014385.1, GCF_020510245.1, GCF_032762665.1, GCF_003264795.1, GCF_013113695.1, GCF_033142085.1, GCF_004377635.1, GCF_900519455.1, GCF_023920145.1, GCF_900519475.1, GCF_001618285.1}
You may want to ignore posterior probabilities and other statistics related to the following branch branch because the effective number of genes impacting it is only 5:
	{GCF_000014385.1, GCF_020510245.1, GCF_032762665.1, GCF_003264795.1, GCF_013113695.1, GCF_033142085.1, GCF_004377635.1, GCF_900519455.1, GCF_023920145.1, GCF_900519475.1, GCF_001618285.1, GCF_000241055.1, GCF_001752515.1, GCF_001752545.1, GCF_001752505.1}
You may want to ignore posterior probabilities and other statistics related to the following branch branch because the effective number of genes impacting it is only 4:
	{GCF_000014445.1, GCF_047344935.1}
You may want to ignore posterior probabilities and other statistics related to the following branch branch because the effective number of genes impacting it is only 4:
	{GCF_001891125.1, GCF_058111805.1}
You may want to ignore posterior probabilities and other statistics related to the following branch branch because the effective number of genes impacting it is only 4:
	{GCF_001891125.1, GCF_058111805.1, GCF_000014445.1, GCF_047344935.1}
You may want to ignore posterior probabilities and other statistics related to the following branch branch because the effective number of genes impacting it is only 5:
	{GCF_001891125.1, GCF_058111805.1, GCF_008107645.1, GCF_000014445.1, GCF_047344935.1}
You may want to ignore posterior probabilities and other statistics related to the following branch branch because the effective number of genes impacting it is only 4:
	{GCF_016127255.1, GCF_965286035.1}
You may want to ignore posterior probabilities and other statistics related to the following branch branch because the effective number of genes impacting it is only 4:
	{GCF_016127255.1, GCF_965286035.1, GCF_045801155.1}
You may want to ignore posterior probabilities and other statistics related to the following branch branch because the effective number of genes impacting it is only 5:
	{GCF_001998805.1, GCF_007954605.1}
You may want to ignore posterior probabilities and other statistics related to the following branch branch because the effective number of genes impacting it is only 5:
	{GCF_001998805.1, GCF_007954605.1, GCF_982267005.1}
You may want to ignore posterior probabilities and other statistics related to the following branch branch because the effective number of genes impacting it is only 5:
	{GCF_000026405.1, GCF_007954785.1}
You may want to ignore posterior probabilities and other statistics related to the following branch branch because the effective number of genes impacting it is only 5:
	{GCF_001536305.1, GCF_900016205.1}
You may want to ignore posterior probabilities and other statistics related to the following branch branch because the effective number of genes impacting it is only 4:
	{GCF_000298875.1, GCF_001536305.1, GCF_900016205.1}
You may want to ignore posterior probabilities and other statistics related to the following branch branch because the effective number of genes impacting it is only 4:
	{GCF_000298875.1, GCF_001536305.1, GCF_900016205.1, GCF_000092505.1}
You may want to ignore posterior probabilities and other statistics related to the following branch branch because the effective number of genes impacting it is only 5:
	{GCF_000026405.1, GCF_007954785.1, GCF_000298875.1, GCF_001536305.1, GCF_900016205.1, GCF_000092505.1}
You may want to ignore posterior probabilities and other statistics related to the following branch branch because the effective number of genes impacting it is only 4:
	{GCF_000026405.1, GCF_007954785.1, GCF_000298875.1, GCF_001536305.1, GCF_900016205.1, GCF_001998805.1, GCF_007954605.1, GCF_982267005.1, GCF_000092505.1}
You may want to ignore posterior probabilities and other statistics related to the following branch branch because the effective number of genes impacting it is only 4:
	{GCF_000026405.1, GCF_007954785.1, GCF_000298875.1, GCF_001536305.1, GCF_900016205.1, GCF_001998805.1, GCF_007954605.1, GCF_982267005.1, GCF_964063315.1, GCF_000092505.1}
You may want to ignore posterior probabilities and other statistics related to the following branch branch because the effective number of genes impacting it is only 5:
	{GCF_000026405.1, GCF_007954785.1, GCF_000298875.1, GCF_001536305.1, GCF_900016205.1, GCF_001998805.1, GCF_007954605.1, GCF_982267005.1, GCF_016127255.1, GCF_964063315.1, GCF_000092505.1, GCF_965286035.1, GCF_045801155.1}
You may want to ignore posterior probabilities and other statistics related to the following branch branch because the effective number of genes impacting it is only 5:
	{GCF_000026405.1, GCF_007954785.1, GCF_000298875.1, GCF_001536305.1, GCF_900016205.1, GCF_001998805.1, GCF_007954605.1, GCF_982267005.1, GCF_001891125.1, GCF_058111805.1, GCF_008107645.1, GCF_016127255.1, GCF_000014445.1, GCF_047344935.1, GCF_964063315.1, GCF_000092505.1, GCF_965286035.1, GCF_045801155.1}
You may want to ignore posterior probabilities and other statistics related to the following branch branch because the effective number of genes impacting it is only 5:
	{GCF_000026405.1, GCF_007954785.1, GCF_000298875.1, GCF_001536305.1, GCF_900016205.1, GCF_001998805.1, GCF_007954605.1, GCF_982267005.1, GCF_004354645.1, GCF_001891125.1, GCF_058111805.1, GCF_008107645.1, GCF_016127255.1, GCF_000014445.1, GCF_047344935.1, GCF_964063315.1, GCF_000092505.1, GCF_965286035.1, GCF_045801155.1}
You may want to ignore posterior probabilities and other statistics related to the following branch branch because the effective number of genes impacting it is only 5:
	{GCF_000014385.1, GCF_020510245.1, GCF_032762665.1, GCF_003264795.1, GCF_013113695.1, GCF_033142085.1, GCF_004377635.1, GCF_900519455.1, GCF_023920145.1, GCF_900519475.1, GCF_001618285.1, GCF_000241055.1, GCF_001752515.1, GCF_001752545.1, GCF_001752505.1, GCF_000026405.1, GCF_007954785.1, GCF_000298875.1, GCF_001536305.1, GCF_900016205.1, GCF_001998805.1, GCF_007954605.1, GCF_982267005.1, GCF_004354645.1, GCF_001891125.1, GCF_058111805.1, GCF_008107645.1, GCF_016127255.1, GCF_000014445.1, GCF_047344935.1, GCF_964063315.1, GCF_000092505.1, GCF_965286035.1, GCF_045801155.1}
You may want to ignore posterior probabilities and other statistics related to the following branch branch because the effective number of genes impacting it is only 5:
	{GCF_000691805.2, GCF_001932615.1, GCF_005405465.1, GCF_024718545.1, GCF_036327715.1, GCF_041281755.1, GCF_900094835.1, GCF_001437425.1, GCF_014789145.1, GCF_018394055.1, GCF_018502505.1, GCF_019576155.1, GCF_054073565.1, GCF_001761545.1, GCF_001438705.1, GCF_002950695.1, GCF_011304355.1, GCF_014397255.1, GCF_000014385.1, GCF_020510245.1, GCF_032762665.1, GCF_003264795.1, GCF_013113695.1, GCF_033142085.1, GCF_004377635.1, GCF_900519455.1, GCF_023920145.1, GCF_900519475.1, GCF_001618285.1, GCF_000241055.1, GCF_001752515.1, GCF_001752545.1, GCF_001752505.1, GCF_000026405.1, GCF_007954785.1, GCF_000298875.1, GCF_001536305.1, GCF_900016205.1, GCF_001998805.1, GCF_007954605.1, GCF_982267005.1, GCF_004354645.1, GCF_001891125.1, GCF_058111805.1, GCF_008107645.1, GCF_016127255.1, GCF_000014445.1, GCF_047344935.1, GCF_964063315.1, GCF_000092505.1, GCF_965286035.1, GCF_045801155.1}
You may want to ignore posterior probabilities and other statistics related to the following branch branch because the effective number of genes impacting it is only 5:
	{GCF_000014425.1, GCF_003584685.1}
You may want to ignore posterior probabilities and other statistics related to the following branch branch because the effective number of genes impacting it is only 5:
	{GCF_000014425.1, GCF_003584685.1, GCF_947539375.1}
You may want to ignore posterior probabilities and other statistics related to the following branch branch because the effective number of genes impacting it is only 5:
	{GCF_000014425.1, GCF_003584685.1, GCF_017894345.1, GCF_947539375.1}
You may want to ignore posterior probabilities and other statistics related to the following branch branch because the effective number of genes impacting it is only 5:
	{GCF_000014425.1, GCF_003584685.1, GCF_017894345.1, GCF_947539375.1, GCF_011058775.1}
You may want to ignore posterior probabilities and other statistics related to the following branch branch because the effective number of genes impacting it is only 5:
	{GCF_003150935.1, GCF_019469265.1}
You may want to ignore posterior probabilities and other statistics related to the following branch branch because the effective number of genes impacting it is only 5:
	{GCF_003151025.1, GCF_003173695.1}
You may want to ignore posterior probabilities and other statistics related to the following branch branch because the effective number of genes impacting it is only 5:
	{GCF_003150935.1, GCF_019469265.1, GCF_003151025.1, GCF_003173695.1}
You may want to ignore posterior probabilities and other statistics related to the following branch branch because the effective number of genes impacting it is only 5:
	{GCF_003150935.1, GCF_019469265.1, GCF_003151025.1, GCF_003173695.1, GCF_008831485.1}
You may want to ignore posterior probabilities and other statistics related to the following branch branch because the effective number of genes impacting it is only 5:
	{GCF_000015385.1, GCF_046109915.1}
You may want to ignore posterior probabilities and other statistics related to the following branch branch because the effective number of genes impacting it is only 5:
	{GCF_000015385.1, GCF_046109915.1, GCF_014656585.1}
You may want to ignore posterior probabilities and other statistics related to the following branch branch because the effective number of genes impacting it is only 5:
	{GCF_000015385.1, GCF_046109915.1, GCF_014656585.1, GCF_016647595.1}
You may want to ignore posterior probabilities and other statistics related to the following branch branch because the effective number of genes impacting it is only 5:
	{GCF_000015385.1, GCF_046109915.1, GCF_014656585.1, GCF_055502585.1, GCF_016647595.1}
You may want to ignore posterior probabilities and other statistics related to the following branch branch because the effective number of genes impacting it is only 5:
	{GCF_000015385.1, GCF_046109915.1, GCF_014656585.1, GCF_055502585.1, GCF_016647595.1, GCF_003999355.1}
You may want to ignore posterior probabilities and other statistics related to the following branch branch because the effective number of genes impacting it is only 5:
	{GCF_000015385.1, GCF_046109915.1, GCF_014656585.1, GCF_055502585.1, GCF_016647595.1, GCF_003150935.1, GCF_019469265.1, GCF_003151025.1, GCF_003173695.1, GCF_008831485.1, GCF_003999355.1}
You may want to ignore posterior probabilities and other statistics related to the following branch branch because the effective number of genes impacting it is only 5:
	{GCF_000015385.1, GCF_046109915.1, GCF_014656585.1, GCF_055502585.1, GCF_016647595.1, GCF_003150935.1, GCF_019469265.1, GCF_003151025.1, GCF_003173695.1, GCF_008831485.1, GCF_024397795.1, GCF_003999355.1}
You may want to ignore posterior probabilities and other statistics related to the following branch branch because the effective number of genes impacting it is only 5:
	{GCF_000015385.1, GCF_046109915.1, GCF_014656585.1, GCF_055502585.1, GCF_016647595.1, GCF_003150935.1, GCF_019469265.1, GCF_003151025.1, GCF_003173695.1, GCF_008831485.1, GCF_024397795.1, GCF_003999355.1, GCF_001888925.1}
You may want to ignore posterior probabilities and other statistics related to the following branch branch because the effective number of genes impacting it is only 5:
	{GCF_000015385.1, GCF_046109915.1, GCF_014656585.1, GCF_055502585.1, GCF_016647595.1, GCF_003150935.1, GCF_019469265.1, GCF_003151025.1, GCF_003173695.1, GCF_008831485.1, GCF_024397795.1, GCF_003999355.1, GCF_001888925.1, GCF_042997415.1}
You may want to ignore posterior probabilities and other statistics related to the following branch branch because the effective number of genes impacting it is only 5:
	{GCF_000014425.1, GCF_003584685.1, GCF_017894345.1, GCF_947539375.1, GCF_011058775.1, GCF_000015385.1, GCF_046109915.1, GCF_014656585.1, GCF_055502585.1, GCF_016647595.1, GCF_003150935.1, GCF_019469265.1, GCF_003151025.1, GCF_003173695.1, GCF_008831485.1, GCF_024397795.1, GCF_003999355.1, GCF_001888925.1, GCF_042997415.1}
You may want to ignore posterior probabilities and other statistics related to the following branch branch because the effective number of genes impacting it is only 5:
	{GCF_001436135.1, GCF_030480545.1}
You may want to ignore posterior probabilities and other statistics related to the following branch branch because the effective number of genes impacting it is only 5:
	{GCF_001436135.1, GCF_030480545.1, GCF_028736235.1}
You may want to ignore posterior probabilities and other statistics related to the following branch branch because the effective number of genes impacting it is only 5:
	{GCF_000011045.1, GCF_900636965.1}
You may want to ignore posterior probabilities and other statistics related to the following branch branch because the effective number of genes impacting it is only 5:
	{GCF_030770265.1, GCF_030770335.1}
You may want to ignore posterior probabilities and other statistics related to the following branch branch because the effective number of genes impacting it is only 5:
	{GCF_029726355.1, GCF_030770295.1}
You may want to ignore posterior probabilities and other statistics related to the following branch branch because the effective number of genes impacting it is only 5:
	{GCF_029726355.1, GCF_030770265.1, GCF_030770335.1, GCF_030770295.1}
You may want to ignore posterior probabilities and other statistics related to the following branch branch because the effective number of genes impacting it is only 5:
	{GCF_000011045.1, GCF_900636965.1, GCF_029726355.1, GCF_030770265.1, GCF_030770335.1, GCF_030770295.1}
You may want to ignore posterior probabilities and other statistics related to the following branch branch because the effective number of genes impacting it is only 5:
	{GCF_000011045.1, GCF_900636965.1, GCF_029726355.1, GCF_030770265.1, GCF_030770335.1, GCF_030770295.1, GCF_000155515.2}
You may want to ignore posterior probabilities and other statistics related to the following branch branch because the effective number of genes impacting it is only 5:
	{GCF_009184845.1, GCF_042847315.1}
You may want to ignore posterior probabilities and other statistics related to the following branch branch because the effective number of genes impacting it is only 5:
	{GCF_009184845.1, GCF_042847315.1, GCF_054784775.1}
You may want to ignore posterior probabilities and other statistics related to the following branch branch because the effective number of genes impacting it is only 5:
	{GCF_025490915.1, GCF_054785075.1}
You may want to ignore posterior probabilities and other statistics related to the following branch branch because the effective number of genes impacting it is only 5:
	{GCF_013407595.1, GCF_025490915.1, GCF_054785075.1}
You may want to ignore posterior probabilities and other statistics related to the following branch branch because the effective number of genes impacting it is only 5:
	{GCF_036246225.1, GCF_013407595.1, GCF_025490915.1, GCF_054785075.1}
You may want to ignore posterior probabilities and other statistics related to the following branch branch because the effective number of genes impacting it is only 5:
	{GCF_036246225.1, GCF_001434705.1, GCF_013407595.1, GCF_025490915.1, GCF_054785075.1}
You may want to ignore posterior probabilities and other statistics related to the following branch branch because the effective number of genes impacting it is only 5:
	{GCF_036246225.1, GCF_001434705.1, GCF_013407595.1, GCF_025490915.1, GCF_054785075.1, GCF_054452875.2}
You may want to ignore posterior probabilities and other statistics related to the following branch branch because the effective number of genes impacting it is only 5:
	{GCF_036246225.1, GCF_001434705.1, GCF_013407595.1, GCF_025490915.1, GCF_054785075.1, GCF_054452875.2, GCF_009184845.1, GCF_042847315.1, GCF_054784775.1}
You may want to ignore posterior probabilities and other statistics related to the following branch branch because the effective number of genes impacting it is only 5:
	{GCF_000011045.1, GCF_900636965.1, GCF_029726355.1, GCF_030770265.1, GCF_030770335.1, GCF_030770295.1, GCF_000155515.2, GCF_036246225.1, GCF_001434705.1, GCF_013407595.1, GCF_025490915.1, GCF_054785075.1, GCF_054452875.2, GCF_009184845.1, GCF_042847315.1, GCF_054784775.1}
You may want to ignore posterior probabilities and other statistics related to the following branch branch because the effective number of genes impacting it is only 5:
	{GCF_000011045.1, GCF_900636965.1, GCF_029726355.1, GCF_030770265.1, GCF_030770335.1, GCF_030770295.1, GCF_000155515.2, GCF_036246225.1, GCF_001434705.1, GCF_013407595.1, GCF_025490915.1, GCF_054785075.1, GCF_054452875.2, GCF_009184845.1, GCF_042847315.1, GCF_054784775.1, GCF_001436135.1, GCF_030480545.1, GCF_028736235.1}
You may want to ignore posterior probabilities and other statistics related to the following branch branch because the effective number of genes impacting it is only 5:
	{GCF_000011045.1, GCF_900636965.1, GCF_029726355.1, GCF_030770265.1, GCF_030770335.1, GCF_030770295.1, GCF_000155515.2, GCF_036246225.1, GCF_001434705.1, GCF_013407595.1, GCF_025490915.1, GCF_054785075.1, GCF_054452875.2, GCF_009184845.1, GCF_042847315.1, GCF_054784775.1, GCF_001436135.1, GCF_030480545.1, GCF_028736235.1, GCF_000014425.1, GCF_003584685.1, GCF_017894345.1, GCF_947539375.1, GCF_011058775.1, GCF_000015385.1, GCF_046109915.1, GCF_014656585.1, GCF_055502585.1, GCF_016647595.1, GCF_003150935.1, GCF_019469265.1, GCF_003151025.1, GCF_003173695.1, GCF_008831485.1, GCF_024397795.1, GCF_003999355.1, GCF_001888925.1, GCF_042997415.1}
You may want to ignore posterior probabilities and other statistics related to the following branch branch because the effective number of genes impacting it is only 5:
	{GCF_001434365.1, GCF_001435245.1}
You may want to ignore posterior probabilities and other statistics related to the following branch branch because the effective number of genes impacting it is only 5:
	{GCF_000010145.1, GCF_965286585.1}
You may want to ignore posterior probabilities and other statistics related to the following branch branch because the effective number of genes impacting it is only 5:
	{GCF_001437055.1, GCF_900240275.1}
You may want to ignore posterior probabilities and other statistics related to the following branch branch because the effective number of genes impacting it is only 5:
	{GCF_001437055.1, GCF_900240275.1, GCF_054331775.1}
You may want to ignore posterior probabilities and other statistics related to the following branch branch because the effective number of genes impacting it is only 5:
	{GCF_000010145.1, GCF_965286585.1, GCF_001437055.1, GCF_900240275.1, GCF_054331775.1}
You may want to ignore posterior probabilities and other statistics related to the following branch branch because the effective number of genes impacting it is only 5:
	{GCF_000010145.1, GCF_965286585.1, GCF_001437055.1, GCF_900240275.1, GCF_054331775.1, GCF_001434365.1, GCF_001435245.1}
You may want to ignore posterior probabilities and other statistics related to the following branch branch because the effective number of genes impacting it is only 5:
	{GCF_039955095.1, GCF_056676095.1}
You may want to ignore posterior probabilities and other statistics related to the following branch branch because the effective number of genes impacting it is only 5:
	{GCF_028607025.1, GCF_963281025.1}
You may want to ignore posterior probabilities and other statistics related to the following branch branch because the effective number of genes impacting it is only 5:
	{GCF_000160835.1, GCF_025311495.1}
You may want to ignore posterior probabilities and other statistics related to the following branch branch because the effective number of genes impacting it is only 5:
	{GCF_000160835.1, GCF_025311495.1, GCF_019797825.1}
You may want to ignore posterior probabilities and other statistics related to the following branch branch because the effective number of genes impacting it is only 5:
	{GCF_000016825.1, GCF_033570435.1}
You may want to ignore posterior probabilities and other statistics related to the following branch branch because the effective number of genes impacting it is only 5:
	{GCF_000016825.1, GCF_033570435.1, GCF_020784695.1}
You may want to ignore posterior probabilities and other statistics related to the following branch branch because the effective number of genes impacting it is only 5:
	{GCF_000016825.1, GCF_033570435.1, GCF_020784695.1, GCF_014145615.1}
You may want to ignore posterior probabilities and other statistics related to the following branch branch because the effective number of genes impacting it is only 5:
	{GCF_000016825.1, GCF_033570435.1, GCF_020784695.1, GCF_014145545.1, GCF_014145615.1}
You may want to ignore posterior probabilities and other statistics related to the following branch branch because the effective number of genes impacting it is only 5:
	{GCF_000016825.1, GCF_033570435.1, GCF_020784695.1, GCF_014145545.1, GCF_014145615.1, GCF_014145555.1}
You may want to ignore posterior probabilities and other statistics related to the following branch branch because the effective number of genes impacting it is only 5:
	{GCF_000016825.1, GCF_033570435.1, GCF_020784695.1, GCF_014145545.1, GCF_014145615.1, GCF_014145555.1, GCF_000160835.1, GCF_025311495.1, GCF_019797825.1}
You may want to ignore posterior probabilities and other statistics related to the following branch branch because the effective number of genes impacting it is only 5:
	{GCF_000016825.1, GCF_033570435.1, GCF_020784695.1, GCF_014145545.1, GCF_014145615.1, GCF_014145555.1, GCF_028607025.1, GCF_963281025.1, GCF_000160835.1, GCF_025311495.1, GCF_019797825.1}
You may want to ignore posterior probabilities and other statistics related to the following branch branch because the effective number of genes impacting it is only 5:
	{GCF_000016825.1, GCF_033570435.1, GCF_020784695.1, GCF_014145545.1, GCF_014145615.1, GCF_014145555.1, GCF_028607025.1, GCF_963281025.1, GCF_000160835.1, GCF_025311495.1, GCF_019797825.1, GCF_039955095.1, GCF_056676095.1}
You may want to ignore posterior probabilities and other statistics related to the following branch branch because the effective number of genes impacting it is only 5:
	{GCF_000010145.1, GCF_965286585.1, GCF_001437055.1, GCF_000016825.1, GCF_033570435.1, GCF_020784695.1, GCF_014145545.1, GCF_014145615.1, GCF_014145555.1, GCF_028607025.1, GCF_963281025.1, GCF_000160835.1, GCF_025311495.1, GCF_019797825.1, GCF_900240275.1, GCF_054331775.1, GCF_039955095.1, GCF_056676095.1, GCF_001434365.1, GCF_001435245.1}
You may want to ignore posterior probabilities and other statistics related to the following branch branch because the effective number of genes impacting it is only 5:
	{GCF_000237995.1, GCF_001702215.1}
You may want to ignore posterior probabilities and other statistics related to the following branch branch because the effective number of genes impacting it is only 5:
	{GCF_000237995.1, GCF_001702215.1, GCF_001702235.1}
You may want to ignore posterior probabilities and other statistics related to the following branch branch because the effective number of genes impacting it is only 5:
	{GCF_000237995.1, GCF_001702215.1, GCF_001702235.1, GCF_001436905.1}
You may want to ignore posterior probabilities and other statistics related to the following branch branch because the effective number of genes impacting it is only 5:
	{GCF_000014505.1, GCF_009914035.1}
You may want to ignore posterior probabilities and other statistics related to the following branch branch because the effective number of genes impacting it is only 5:
	{GCF_000014505.1, GCF_055755075.1, GCF_009914035.1}
You may want to ignore posterior probabilities and other statistics related to the following branch branch because the effective number of genes impacting it is only 5:
	{GCF_000014505.1, GCF_055755075.1, GCF_009914035.1, GCF_009914015.1}
You may want to ignore posterior probabilities and other statistics related to the following branch branch because the effective number of genes impacting it is only 5:
	{GCF_000014505.1, GCF_055755075.1, GCF_009914035.1, GCF_009914015.1, GCF_021378055.1}
You may want to ignore posterior probabilities and other statistics related to the following branch branch because the effective number of genes impacting it is only 5:
	{GCF_000014505.1, GCF_055755075.1, GCF_009914035.1, GCF_009914015.1, GCF_021378055.1, GCF_009913995.1}
You may want to ignore posterior probabilities and other statistics related to the following branch branch because the effective number of genes impacting it is only 5:
	{GCF_016127815.1, GCF_019448175.1}
You may want to ignore posterior probabilities and other statistics related to the following branch branch because the effective number of genes impacting it is only 5:
	{GCF_001767275.1, GCF_059089415.1}
You may want to ignore posterior probabilities and other statistics related to the following branch branch because the effective number of genes impacting it is only 5:
	{GCF_001767275.1, GCF_059089415.1, GCF_028621815.1}
You may want to ignore posterior probabilities and other statistics related to the following branch branch because the effective number of genes impacting it is only 5:
	{GCF_001767275.1, GCF_059089415.1, GCF_028621815.1, GCF_034703025.1}
You may want to ignore posterior probabilities and other statistics related to the following branch branch because the effective number of genes impacting it is only 5:
	{GCF_001767275.1, GCF_059089415.1, GCF_028621815.1, GCF_034703025.1, GCF_016127815.1, GCF_019448175.1}
You may want to ignore posterior probabilities and other statistics related to the following branch branch because the effective number of genes impacting it is only 5:
	{GCF_001767275.1, GCF_059089415.1, GCF_028621815.1, GCF_034703025.1, GCF_016127815.1, GCF_019448175.1, GCF_010092385.1}
You may want to ignore posterior probabilities and other statistics related to the following branch branch because the effective number of genes impacting it is only 5:
	{GCF_001767275.1, GCF_059089415.1, GCF_028621815.1, GCF_034703025.1, GCF_002174215.1, GCF_016127815.1, GCF_019448175.1, GCF_010092385.1}
You may want to ignore posterior probabilities and other statistics related to the following branch branch because the effective number of genes impacting it is only 5:
	{GCF_000014505.1, GCF_055755075.1, GCF_009914035.1, GCF_009914015.1, GCF_021378055.1, GCF_009913995.1, GCF_001767275.1, GCF_059089415.1, GCF_028621815.1, GCF_034703025.1, GCF_002174215.1, GCF_016127815.1, GCF_019448175.1, GCF_010092385.1}
You may want to ignore posterior probabilities and other statistics related to the following branch branch because the effective number of genes impacting it is only 5:
	{GCF_000014505.1, GCF_055755075.1, GCF_009914035.1, GCF_009914015.1, GCF_021378055.1, GCF_009913995.1, GCF_001767275.1, GCF_059089415.1, GCF_028621815.1, GCF_034703025.1, GCF_002174215.1, GCF_016127815.1, GCF_019448175.1, GCF_010092385.1, GCF_000237995.1, GCF_001702215.1, GCF_001702235.1, GCF_001436905.1}
You may want to ignore posterior probabilities and other statistics related to the following branch branch because the effective number of genes impacting it is only 5:
	{GCF_002970915.1, GCF_002970935.1}
You may want to ignore posterior probabilities and other statistics related to the following branch branch because the effective number of genes impacting it is only 5:
	{GCF_005405405.1, GCF_965136965.1}
You may want to ignore posterior probabilities and other statistics related to the following branch branch because the effective number of genes impacting it is only 5:
	{GCF_036246165.1, GCF_963243495.1}
You may want to ignore posterior probabilities and other statistics related to the following branch branch because the effective number of genes impacting it is only 5:
	{GCF_036246165.1, GCF_036246185.1, GCF_963243495.1}
You may want to ignore posterior probabilities and other statistics related to the following branch branch because the effective number of genes impacting it is only 5:
	{GCF_036246165.1, GCF_036246185.1, GCF_963243495.1, GCF_045862825.1}
You may want to ignore posterior probabilities and other statistics related to the following branch branch because the effective number of genes impacting it is only 5:
	{GCF_005405405.1, GCF_965136965.1, GCF_036246165.1, GCF_036246185.1, GCF_963243495.1, GCF_045862825.1}
You may want to ignore posterior probabilities and other statistics related to the following branch branch because the effective number of genes impacting it is only 5:
	{GCF_003641185.1, GCF_026222675.1}
You may want to ignore posterior probabilities and other statistics related to the following branch branch because the effective number of genes impacting it is only 5:
	{GCF_003641185.1, GCF_026222675.1, GCF_050407965.1}
You may want to ignore posterior probabilities and other statistics related to the following branch branch because the effective number of genes impacting it is only 5:
	{GCF_029025825.1, GCF_051098045.1}
You may want to ignore posterior probabilities and other statistics related to the following branch branch because the effective number of genes impacting it is only 5:
	{GCF_965286295.1, GCF_037290055.1}
You may want to ignore posterior probabilities and other statistics related to the following branch branch because the effective number of genes impacting it is only 5:
	{GCF_050847345.1, GCF_965286295.1, GCF_037290055.1}
You may want to ignore posterior probabilities and other statistics related to the following branch branch because the effective number of genes impacting it is only 5:
	{GCF_000023085.1, GCF_000203855.3}
You may want to ignore posterior probabilities and other statistics related to the following branch branch because the effective number of genes impacting it is only 5:
	{GCF_000023085.1, GCF_000203855.3, GCF_014131735.1}
You may want to ignore posterior probabilities and other statistics related to the following branch branch because the effective number of genes impacting it is only 5:
	{GCF_000023085.1, GCF_009913655.1, GCF_000203855.3, GCF_014131735.1}
You may want to ignore posterior probabilities and other statistics related to the following branch branch because the effective number of genes impacting it is only 5:
	{GCF_000023085.1, GCF_009913655.1, GCF_000148815.2, GCF_000203855.3, GCF_014131735.1}
You may want to ignore posterior probabilities and other statistics related to the following branch branch because the effective number of genes impacting it is only 5:
	{GCF_000023085.1, GCF_009913655.1, GCF_000148815.2, GCF_029854335.1, GCF_000203855.3, GCF_014131735.1}
You may want to ignore posterior probabilities and other statistics related to the following branch branch because the effective number of genes impacting it is only 5:
	{GCF_000023085.1, GCF_009913655.1, GCF_000148815.2, GCF_029854335.1, GCF_050847345.1, GCF_965286295.1, GCF_000203855.3, GCF_014131735.1, GCF_037290055.1}
You may want to ignore posterior probabilities and other statistics related to the following branch branch because the effective number of genes impacting it is only 5:
	{GCF_000023085.1, GCF_009913655.1, GCF_000148815.2, GCF_029854335.1, GCF_029025825.1, GCF_051098045.1, GCF_050847345.1, GCF_965286295.1, GCF_000203855.3, GCF_014131735.1, GCF_037290055.1}
You may want to ignore posterior probabilities and other statistics related to the following branch branch because the effective number of genes impacting it is only 5:
	{GCF_000023085.1, GCF_009913655.1, GCF_000148815.2, GCF_029854335.1, GCF_029025825.1, GCF_051098045.1, GCF_050847345.1, GCF_965286295.1, GCF_000203855.3, GCF_014131735.1, GCF_037290055.1, GCF_003641185.1, GCF_026222675.1, GCF_050407965.1}
You may want to ignore posterior probabilities and other statistics related to the following branch branch because the effective number of genes impacting it is only 5:
	{GCF_000023085.1, GCF_009913655.1, GCF_000148815.2, GCF_029854335.1, GCF_029025825.1, GCF_051098045.1, GCF_050847345.1, GCF_965286295.1, GCF_000203855.3, GCF_014131735.1, GCF_037290055.1, GCF_003641185.1, GCF_026222675.1, GCF_050407965.1, GCF_005405405.1, GCF_965136965.1, GCF_036246165.1, GCF_036246185.1, GCF_963243495.1, GCF_045862825.1}
You may want to ignore posterior probabilities and other statistics related to the following branch branch because the effective number of genes impacting it is only 5:
	{GCF_000023085.1, GCF_009913655.1, GCF_000148815.2, GCF_029854335.1, GCF_029025825.1, GCF_051098045.1, GCF_050847345.1, GCF_965286295.1, GCF_000203855.3, GCF_014131735.1, GCF_037290055.1, GCF_003641185.1, GCF_026222675.1, GCF_050407965.1, GCF_005405405.1, GCF_965136965.1, GCF_036246165.1, GCF_036246185.1, GCF_963243495.1, GCF_002970915.1, GCF_002970935.1, GCF_045862825.1}
You may want to ignore posterior probabilities and other statistics related to the following branch branch because the effective number of genes impacting it is only 5:
	{GCF_000014505.1, GCF_055755075.1, GCF_009914035.1, GCF_009914015.1, GCF_021378055.1, GCF_009913995.1, GCF_001767275.1, GCF_059089415.1, GCF_028621815.1, GCF_034703025.1, GCF_002174215.1, GCF_016127815.1, GCF_019448175.1, GCF_010092385.1, GCF_000237995.1, GCF_001702215.1, GCF_001702235.1, GCF_001436905.1, GCF_000023085.1, GCF_009913655.1, GCF_000148815.2, GCF_029854335.1, GCF_029025825.1, GCF_051098045.1, GCF_050847345.1, GCF_965286295.1, GCF_000203855.3, GCF_014131735.1, GCF_037290055.1, GCF_003641185.1, GCF_026222675.1, GCF_050407965.1, GCF_005405405.1, GCF_965136965.1, GCF_036246165.1, GCF_036246185.1, GCF_963243495.1, GCF_002970915.1, GCF_002970935.1, GCF_045862825.1}
You may want to ignore posterior probabilities and other statistics related to the following branch branch because the effective number of genes impacting it is only 5:
	{GCF_000010145.1, GCF_965286585.1, GCF_001437055.1, GCF_000016825.1, GCF_033570435.1, GCF_020784695.1, GCF_014145545.1, GCF_014145615.1, GCF_014145555.1, GCF_028607025.1, GCF_963281025.1, GCF_000160835.1, GCF_025311495.1, GCF_019797825.1, GCF_900240275.1, GCF_054331775.1, GCF_039955095.1, GCF_056676095.1, GCF_000014505.1, GCF_055755075.1, GCF_009914035.1, GCF_009914015.1, GCF_021378055.1, GCF_009913995.1, GCF_001767275.1, GCF_059089415.1, GCF_028621815.1, GCF_034703025.1, GCF_002174215.1, GCF_016127815.1, GCF_019448175.1, GCF_010092385.1, GCF_000237995.1, GCF_001702215.1, GCF_001702235.1, GCF_001436905.1, GCF_001434365.1, GCF_001435245.1, GCF_000023085.1, GCF_009913655.1, GCF_000148815.2, GCF_029854335.1, GCF_029025825.1, GCF_051098045.1, GCF_050847345.1, GCF_965286295.1, GCF_000203855.3, GCF_014131735.1, GCF_037290055.1, GCF_003641185.1, GCF_026222675.1, GCF_050407965.1, GCF_005405405.1, GCF_965136965.1, GCF_036246165.1, GCF_036246185.1, GCF_963243495.1, GCF_002970915.1, GCF_002970935.1, GCF_045862825.1}
You may want to ignore posterior probabilities and other statistics related to the following branch branch because the effective number of genes impacting it is only 5:
	{GCF_000010145.1, GCF_965286585.1, GCF_001437055.1, GCF_000016825.1, GCF_033570435.1, GCF_020784695.1, GCF_014145545.1, GCF_014145615.1, GCF_014145555.1, GCF_028607025.1, GCF_963281025.1, GCF_000160835.1, GCF_025311495.1, GCF_019797825.1, GCF_900240275.1, GCF_054331775.1, GCF_039955095.1, GCF_056676095.1, GCF_000014505.1, GCF_055755075.1, GCF_009914035.1, GCF_009914015.1, GCF_021378055.1, GCF_009913995.1, GCF_001767275.1, GCF_059089415.1, GCF_028621815.1, GCF_034703025.1, GCF_002174215.1, GCF_016127815.1, GCF_019448175.1, GCF_010092385.1, GCF_000237995.1, GCF_001702215.1, GCF_001702235.1, GCF_001436905.1, GCF_001434365.1, GCF_001435245.1, GCF_000011045.1, GCF_900636965.1, GCF_029726355.1, GCF_030770265.1, GCF_030770335.1, GCF_030770295.1, GCF_000155515.2, GCF_036246225.1, GCF_001434705.1, GCF_013407595.1, GCF_025490915.1, GCF_054785075.1, GCF_054452875.2, GCF_009184845.1, GCF_042847315.1, GCF_054784775.1, GCF_001436135.1, GCF_030480545.1, GCF_028736235.1, GCF_000023085.1, GCF_009913655.1, GCF_000148815.2, GCF_029854335.1, GCF_029025825.1, GCF_051098045.1, GCF_050847345.1, GCF_965286295.1, GCF_000203855.3, GCF_014131735.1, GCF_037290055.1, GCF_003641185.1, GCF_026222675.1, GCF_050407965.1, GCF_005405405.1, GCF_965136965.1, GCF_036246165.1, GCF_036246185.1, GCF_963243495.1, GCF_002970915.1, GCF_002970935.1, GCF_045862825.1, GCF_000014425.1, GCF_003584685.1, GCF_017894345.1, GCF_947539375.1, GCF_011058775.1, GCF_000015385.1, GCF_046109915.1, GCF_014656585.1, GCF_055502585.1, GCF_016647595.1, GCF_003150935.1, GCF_019469265.1, GCF_003151025.1, GCF_003173695.1, GCF_008831485.1, GCF_024397795.1, GCF_003999355.1, GCF_001888925.1, GCF_042997415.1}
You may want to ignore posterior probabilities and other statistics related to the following branch branch because the effective number of genes impacting it is only 5:
	{GCF_000010145.1, GCF_965286585.1, GCF_001437055.1, GCF_000016825.1, GCF_033570435.1, GCF_020784695.1, GCF_014145545.1, GCF_014145615.1, GCF_014145555.1, GCF_028607025.1, GCF_963281025.1, GCF_000160835.1, GCF_025311495.1, GCF_019797825.1, GCF_900240275.1, GCF_054331775.1, GCF_039955095.1, GCF_056676095.1, GCF_000014505.1, GCF_055755075.1, GCF_009914035.1, GCF_009914015.1, GCF_021378055.1, GCF_009913995.1, GCF_001767275.1, GCF_059089415.1, GCF_028621815.1, GCF_034703025.1, GCF_002174215.1, GCF_016127815.1, GCF_019448175.1, GCF_010092385.1, GCF_000237995.1, GCF_001702215.1, GCF_001702235.1, GCF_001436905.1, GCF_000691805.2, GCF_001932615.1, GCF_005405465.1, GCF_024718545.1, GCF_036327715.1, GCF_041281755.1, GCF_900094835.1, GCF_001437425.1, GCF_014789145.1, GCF_018394055.1, GCF_018502505.1, GCF_019576155.1, GCF_054073565.1, GCF_001761545.1, GCF_001438705.1, GCF_002950695.1, GCF_011304355.1, GCF_014397255.1, GCF_001434365.1, GCF_001435245.1, GCF_000011045.1, GCF_900636965.1, GCF_029726355.1, GCF_030770265.1, GCF_030770335.1, GCF_030770295.1, GCF_000155515.2, GCF_036246225.1, GCF_001434705.1, GCF_013407595.1, GCF_025490915.1, GCF_054785075.1, GCF_054452875.2, GCF_009184845.1, GCF_042847315.1, GCF_054784775.1, GCF_001436135.1, GCF_030480545.1, GCF_028736235.1, GCF_000023085.1, GCF_009913655.1, GCF_000148815.2, GCF_029854335.1, GCF_029025825.1, GCF_051098045.1, GCF_050847345.1, GCF_965286295.1, GCF_000203855.3, GCF_014131735.1, GCF_037290055.1, GCF_003641185.1, GCF_026222675.1, GCF_050407965.1, GCF_005405405.1, GCF_965136965.1, GCF_036246165.1, GCF_036246185.1, GCF_963243495.1, GCF_002970915.1, GCF_002970935.1, GCF_045862825.1, GCF_000014425.1, GCF_003584685.1, GCF_017894345.1, GCF_947539375.1, GCF_011058775.1, GCF_000015385.1, GCF_046109915.1, GCF_014656585.1, GCF_055502585.1, GCF_016647595.1, GCF_003150935.1, GCF_019469265.1, GCF_003151025.1, GCF_003173695.1, GCF_008831485.1, GCF_024397795.1, GCF_003999355.1, GCF_001888925.1, GCF_042997415.1, GCF_000014385.1, GCF_020510245.1, GCF_032762665.1, GCF_003264795.1, GCF_013113695.1, GCF_033142085.1, GCF_004377635.1, GCF_900519455.1, GCF_023920145.1, GCF_900519475.1, GCF_001618285.1, GCF_000241055.1, GCF_001752515.1, GCF_001752545.1, GCF_001752505.1, GCF_000026405.1, GCF_007954785.1, GCF_000298875.1, GCF_001536305.1, GCF_900016205.1, GCF_001998805.1, GCF_007954605.1, GCF_982267005.1, GCF_004354645.1, GCF_001891125.1, GCF_058111805.1, GCF_008107645.1, GCF_016127255.1, GCF_000014445.1, GCF_047344935.1, GCF_964063315.1, GCF_000092505.1, GCF_965286035.1, GCF_045801155.1}
You may want to ignore posterior probabilities and other statistics related to the following branch branch because the effective number of genes impacting it is only 5:
	{GCF_903886475.1, GCF_039783785.1}
You may want to ignore posterior probabilities and other statistics related to the following branch branch because the effective number of genes impacting it is only 5:
	{GCF_903886475.1, GCF_039783785.1, GCF_025739325.1}
You may want to ignore posterior probabilities and other statistics related to the following branch branch because the effective number of genes impacting it is only 5:
	{GCF_009856565.1, GCF_041509385.1}
You may want to ignore posterior probabilities and other statistics related to the following branch branch because the effective number of genes impacting it is only 5:
	{GCF_009856565.1, GCF_041509385.1, GCF_041514295.1}
You may want to ignore posterior probabilities and other statistics related to the following branch branch because the effective number of genes impacting it is only 5:
	{GCF_009856565.1, GCF_041509385.1, GCF_041514295.1, GCF_041514285.1}
You may want to ignore posterior probabilities and other statistics related to the following branch branch because the effective number of genes impacting it is only 5:
	{GCF_009856565.1, GCF_041509385.1, GCF_041514295.1, GCF_041514285.1, GCF_041893975.1}
You may want to ignore posterior probabilities and other statistics related to the following branch branch because the effective number of genes impacting it is only 5:
	{GCF_009856565.1, GCF_041509385.1, GCF_041514295.1, GCF_041514285.1, GCF_041893975.1, GCF_025948295.1}
You may want to ignore posterior probabilities and other statistics related to the following branch branch because the effective number of genes impacting it is only 5:
	{GCF_029866985.1, GCF_057786735.1}
You may want to ignore posterior probabilities and other statistics related to the following branch branch because the effective number of genes impacting it is only 5:
	{GCF_029866985.1, GCF_057786735.1, GCF_039783225.1}
You may want to ignore posterior probabilities and other statistics related to the following branch branch because the effective number of genes impacting it is only 5:
	{GCF_038049945.1, GCF_903891205.1}
You may want to ignore posterior probabilities and other statistics related to the following branch branch because the effective number of genes impacting it is only 5:
	{GCF_020844005.1, GCF_903891025.1}
You may want to ignore posterior probabilities and other statistics related to the following branch branch because the effective number of genes impacting it is only 5:
	{GCF_020844005.1, GCF_903891025.1, GCF_052570115.1}
You may want to ignore posterior probabilities and other statistics related to the following branch branch because the effective number of genes impacting it is only 5:
	{GCF_020844005.1, GCF_903891025.1, GCF_052571685.1, GCF_052570115.1}
You may want to ignore posterior probabilities and other statistics related to the following branch branch because the effective number of genes impacting it is only 5:
	{GCF_020844005.1, GCF_903891025.1, GCF_052571685.1, GCF_052570115.1, GCF_052569745.1}
You may want to ignore posterior probabilities and other statistics related to the following branch branch because the effective number of genes impacting it is only 5:
	{GCF_020844005.1, GCF_903891025.1, GCF_052571685.1, GCF_052570115.1, GCF_052569745.1, GCF_056269605.1}
You may want to ignore posterior probabilities and other statistics related to the following branch branch because the effective number of genes impacting it is only 5:
	{GCF_020844005.1, GCF_903891025.1, GCF_052571685.1, GCF_052570115.1, GCF_052569745.1, GCF_056269605.1, GCF_038049945.1, GCF_903891205.1}
You may want to ignore posterior probabilities and other statistics related to the following branch branch because the effective number of genes impacting it is only 5:
	{GCF_029866985.1, GCF_020844005.1, GCF_903891025.1, GCF_052571685.1, GCF_052570115.1, GCF_052569745.1, GCF_056269605.1, GCF_038049945.1, GCF_903891205.1, GCF_057786735.1, GCF_039783225.1}
You may want to ignore posterior probabilities and other statistics related to the following branch branch because the effective number of genes impacting it is only 5:
	{GCF_029866985.1, GCF_020844005.1, GCF_903891025.1, GCF_052571685.1, GCF_052570115.1, GCF_052569745.1, GCF_056269605.1, GCF_038049945.1, GCF_903891205.1, GCF_024334065.1, GCF_057786735.1, GCF_039783225.1}
You may want to ignore posterior probabilities and other statistics related to the following branch branch because the effective number of genes impacting it is only 5:
	{GCF_009856565.1, GCF_041509385.1, GCF_041514295.1, GCF_041514285.1, GCF_041893975.1, GCF_029866985.1, GCF_020844005.1, GCF_903891025.1, GCF_052571685.1, GCF_052570115.1, GCF_052569745.1, GCF_056269605.1, GCF_038049945.1, GCF_903891205.1, GCF_024334065.1, GCF_025948295.1, GCF_057786735.1, GCF_039783225.1}
You may want to ignore posterior probabilities and other statistics related to the following branch branch because the effective number of genes impacting it is only 5:
	{GCF_009856565.1, GCF_041509385.1, GCF_041514295.1, GCF_041514285.1, GCF_041893975.1, GCF_029866985.1, GCF_020844005.1, GCF_903891025.1, GCF_052571685.1, GCF_052570115.1, GCF_052569745.1, GCF_056269605.1, GCF_038049945.1, GCF_903891205.1, GCF_024334065.1, GCF_025948295.1, GCF_057786735.1, GCF_039783225.1, GCF_903886475.1, GCF_039783785.1, GCF_025739325.1}
You may want to ignore posterior probabilities and other statistics related to the following branch branch because the effective number of genes impacting it is only 5:
	{GCF_903885985.1, GCF_903886345.1}
You may want to ignore posterior probabilities and other statistics related to the following branch branch because the effective number of genes impacting it is only 5:
	{GCF_009856565.1, GCF_041509385.1, GCF_041514295.1, GCF_041514285.1, GCF_041893975.1, GCF_029866985.1, GCF_020844005.1, GCF_903891025.1, GCF_052571685.1, GCF_052570115.1, GCF_052569745.1, GCF_056269605.1, GCF_038049945.1, GCF_903891205.1, GCF_024334065.1, GCF_025948295.1, GCF_057786735.1, GCF_039783225.1, GCF_903886475.1, GCF_039783785.1, GCF_025739325.1, GCF_903885985.1, GCF_903886345.1}
You may want to ignore posterior probabilities and other statistics related to the following branch branch because the effective number of genes impacting it is only 5:
	{GCF_000010145.1, GCF_965286585.1, GCF_001437055.1, GCF_000016825.1, GCF_033570435.1, GCF_020784695.1, GCF_014145545.1, GCF_014145615.1, GCF_014145555.1, GCF_028607025.1, GCF_963281025.1, GCF_000160835.1, GCF_025311495.1, GCF_019797825.1, GCF_900240275.1, GCF_054331775.1, GCF_039955095.1, GCF_056676095.1, GCF_000014505.1, GCF_055755075.1, GCF_009914035.1, GCF_009914015.1, GCF_021378055.1, GCF_009913995.1, GCF_001767275.1, GCF_059089415.1, GCF_028621815.1, GCF_034703025.1, GCF_002174215.1, GCF_016127815.1, GCF_019448175.1, GCF_010092385.1, GCF_000237995.1, GCF_001702215.1, GCF_001702235.1, GCF_001436905.1, GCF_000691805.2, GCF_001932615.1, GCF_005405465.1, GCF_024718545.1, GCF_036327715.1, GCF_041281755.1, GCF_900094835.1, GCF_001437425.1, GCF_014789145.1, GCF_018394055.1, GCF_018502505.1, GCF_019576155.1, GCF_054073565.1, GCF_001761545.1, GCF_001438705.1, GCF_002950695.1, GCF_011304355.1, GCF_014397255.1, GCF_001434365.1, GCF_001435245.1, GCF_000011045.1, GCF_900636965.1, GCF_029726355.1, GCF_030770265.1, GCF_030770335.1, GCF_030770295.1, GCF_000155515.2, GCF_036246225.1, GCF_001434705.1, GCF_013407595.1, GCF_025490915.1, GCF_054785075.1, GCF_054452875.2, GCF_009184845.1, GCF_042847315.1, GCF_054784775.1, GCF_001436135.1, GCF_030480545.1, GCF_028736235.1, GCF_000023085.1, GCF_009913655.1, GCF_000148815.2, GCF_029854335.1, GCF_029025825.1, GCF_051098045.1, GCF_050847345.1, GCF_965286295.1, GCF_000203855.3, GCF_014131735.1, GCF_037290055.1, GCF_003641185.1, GCF_026222675.1, GCF_050407965.1, GCF_005405405.1, GCF_965136965.1, GCF_036246165.1, GCF_036246185.1, GCF_963243495.1, GCF_002970915.1, GCF_002970935.1, GCF_045862825.1, GCF_000014425.1, GCF_003584685.1, GCF_017894345.1, GCF_947539375.1, GCF_011058775.1, GCF_000015385.1, GCF_046109915.1, GCF_014656585.1, GCF_055502585.1, GCF_016647595.1, GCF_003150935.1, GCF_019469265.1, GCF_003151025.1, GCF_003173695.1, GCF_008831485.1, GCF_024397795.1, GCF_003999355.1, GCF_001888925.1, GCF_042997415.1, GCF_000014385.1, GCF_020510245.1, GCF_032762665.1, GCF_003264795.1, GCF_013113695.1, GCF_033142085.1, GCF_004377635.1, GCF_900519455.1, GCF_023920145.1, GCF_900519475.1, GCF_001618285.1, GCF_000241055.1, GCF_001752515.1, GCF_001752545.1, GCF_001752505.1, GCF_000026405.1, GCF_007954785.1, GCF_000298875.1, GCF_001536305.1, GCF_900016205.1, GCF_001998805.1, GCF_007954605.1, GCF_982267005.1, GCF_004354645.1, GCF_001891125.1, GCF_058111805.1, GCF_008107645.1, GCF_016127255.1, GCF_009856565.1, GCF_041509385.1, GCF_041514295.1, GCF_041514285.1, GCF_041893975.1, GCF_029866985.1, GCF_020844005.1, GCF_903891025.1, GCF_052571685.1, GCF_052570115.1, GCF_052569745.1, GCF_056269605.1, GCF_038049945.1, GCF_903891205.1, GCF_024334065.1, GCF_025948295.1, GCF_057786735.1, GCF_039783225.1, GCF_903886475.1, GCF_039783785.1, GCF_025739325.1, GCF_903885985.1, GCF_903886345.1, GCF_000014445.1, GCF_047344935.1, GCF_964063315.1, GCF_000092505.1, GCF_965286035.1, GCF_045801155.1}
You may want to ignore posterior probabilities and other statistics related to the following branch branch because the effective number of genes impacting it is only 5:
	{GCF_000010145.1, GCF_965286585.1, GCF_001437055.1, GCF_000016825.1, GCF_033570435.1, GCF_020784695.1, GCF_014145545.1, GCF_014145615.1, GCF_014145555.1, GCF_028607025.1, GCF_963281025.1, GCF_000160835.1, GCF_025311495.1, GCF_019797825.1, GCF_900240275.1, GCF_054331775.1, GCF_039955095.1, GCF_056676095.1, GCF_000014505.1, GCF_055755075.1, GCF_009914035.1, GCF_009914015.1, GCF_021378055.1, GCF_009913995.1, GCF_001767275.1, GCF_059089415.1, GCF_028621815.1, GCF_034703025.1, GCF_002174215.1, GCF_016127815.1, GCF_019448175.1, GCF_010092385.1, GCF_000237995.1, GCF_001702215.1, GCF_001702235.1, GCF_001436905.1, GCF_000691805.2, GCF_001932615.1, GCF_005405465.1, GCF_024718545.1, GCF_036327715.1, GCF_041281755.1, GCF_900094835.1, GCF_001437425.1, GCF_014789145.1, GCF_018394055.1, GCF_018502505.1, GCF_019576155.1, GCF_054073565.1, GCF_001761545.1, GCF_001438705.1, GCF_002950695.1, GCF_011304355.1, GCF_014397255.1, GCF_001434365.1, GCF_001435245.1, GCF_000011045.1, GCF_900636965.1, GCF_029726355.1, GCF_030770265.1, GCF_030770335.1, GCF_030770295.1, GCF_000155515.2, GCF_036246225.1, GCF_001434705.1, GCF_013407595.1, GCF_025490915.1, GCF_054785075.1, GCF_054452875.2, GCF_009184845.1, GCF_042847315.1, GCF_054784775.1, GCF_001436135.1, GCF_030480545.1, GCF_028736235.1, GCF_000023085.1, GCF_009913655.1, GCF_000148815.2, GCF_029854335.1, GCF_029025825.1, GCF_051098045.1, GCF_050847345.1, GCF_965286295.1, GCF_000203855.3, GCF_014131735.1, GCF_037290055.1, GCF_003641185.1, GCF_026222675.1, GCF_050407965.1, GCF_005405405.1, GCF_965136965.1, GCF_036246165.1, GCF_036246185.1, GCF_963243495.1, GCF_002970915.1, GCF_002970935.1, GCF_045862825.1, GCF_000014425.1, GCF_003584685.1, GCF_017894345.1, GCF_947539375.1, GCF_011058775.1, GCF_000015385.1, GCF_046109915.1, GCF_014656585.1, GCF_055502585.1, GCF_016647595.1, GCF_003150935.1, GCF_019469265.1, GCF_003151025.1, GCF_003173695.1, GCF_008831485.1, GCF_024397795.1, GCF_003999355.1, GCF_001888925.1, GCF_042997415.1, GCF_000014385.1, GCF_020510245.1, GCF_032762665.1, GCF_003264795.1, GCF_013113695.1, GCF_033142085.1, GCF_004377635.1, GCF_900519455.1, GCF_023920145.1, GCF_900519475.1, GCF_001618285.1, GCF_000241055.1, GCF_001752515.1, GCF_001752545.1, GCF_001752505.1, GCF_000026405.1, GCF_007954785.1, GCF_000298875.1, GCF_001536305.1, GCF_900016205.1, GCF_001998805.1, GCF_007954605.1, GCF_982267005.1, GCF_004354645.1, GCF_001891125.1, GCF_058111805.1, GCF_008107645.1, GCF_016127255.1, GCF_009856565.1, GCF_041509385.1, GCF_041514295.1, GCF_041514285.1, GCF_041893975.1, GCF_029866985.1, GCF_020844005.1, GCF_903891025.1, GCF_052571685.1, GCF_052570115.1, GCF_052569745.1, GCF_056269605.1, GCF_038049945.1, GCF_903891205.1, GCF_024334065.1, GCF_025948295.1, GCF_057786735.1, GCF_039783225.1, GCF_903886475.1, GCF_039783785.1, GCF_025739325.1, GCF_903885985.1, GCF_903886345.1, GCF_000269925.1, GCF_000269945.1, GCF_023499275.1, GCF_037891785.1, GCF_039645515.1, GCF_037892375.1, GCF_039645575.1, GCF_041225605.1, GCF_045760565.1, GCF_041225485.1, GCF_000014445.1, GCF_047344935.1, GCF_964063315.1, GCF_000092505.1, GCF_965286035.1, GCF_045801155.1}
You may want to ignore posterior probabilities and other statistics related to the following branch branch because the effective number of genes impacting it is only 5:
	{GCF_000010145.1, GCF_965286585.1, GCF_001437055.1, GCF_000016825.1, GCF_033570435.1, GCF_020784695.1, GCF_014145545.1, GCF_014145615.1, GCF_014145555.1, GCF_028607025.1, GCF_963281025.1, GCF_000160835.1, GCF_025311495.1, GCF_019797825.1, GCF_900240275.1, GCF_054331775.1, GCF_039955095.1, GCF_056676095.1, GCF_000014505.1, GCF_055755075.1, GCF_009914035.1, GCF_009914015.1, GCF_021378055.1, GCF_009913995.1, GCF_001767275.1, GCF_059089415.1, GCF_028621815.1, GCF_034703025.1, GCF_002174215.1, GCF_016127815.1, GCF_019448175.1, GCF_010092385.1, GCF_000237995.1, GCF_001702215.1, GCF_001702235.1, GCF_001436905.1, GCF_000691805.2, GCF_001932615.1, GCF_005405465.1, GCF_024718545.1, GCF_036327715.1, GCF_041281755.1, GCF_900094835.1, GCF_001437425.1, GCF_014789145.1, GCF_018394055.1, GCF_018502505.1, GCF_019576155.1, GCF_054073565.1, GCF_001761545.1, GCF_001438705.1, GCF_002950695.1, GCF_011304355.1, GCF_014397255.1, GCF_001434365.1, GCF_001435245.1, GCF_000011045.1, GCF_900636965.1, GCF_029726355.1, GCF_030770265.1, GCF_030770335.1, GCF_030770295.1, GCF_000155515.2, GCF_036246225.1, GCF_001434705.1, GCF_013407595.1, GCF_025490915.1, GCF_054785075.1, GCF_054452875.2, GCF_009184845.1, GCF_042847315.1, GCF_054784775.1, GCF_001436135.1, GCF_030480545.1, GCF_028736235.1, GCF_000023085.1, GCF_009913655.1, GCF_000148815.2, GCF_029854335.1, GCF_029025825.1, GCF_051098045.1, GCF_050847345.1, GCF_965286295.1, GCF_000203855.3, GCF_014131735.1, GCF_037290055.1, GCF_003641185.1, GCF_026222675.1, GCF_050407965.1, GCF_005405405.1, GCF_965136965.1, GCF_036246165.1, GCF_036246185.1, GCF_963243495.1, GCF_002970915.1, GCF_002970935.1, GCF_045862825.1, GCF_000014425.1, GCF_003584685.1, GCF_017894345.1, GCF_947539375.1, GCF_011058775.1, GCF_000015385.1, GCF_046109915.1, GCF_014656585.1, GCF_055502585.1, GCF_016647595.1, GCF_003150935.1, GCF_019469265.1, GCF_003151025.1, GCF_003173695.1, GCF_008831485.1, GCF_024397795.1, GCF_003999355.1, GCF_001888925.1, GCF_042997415.1, GCF_000014385.1, GCF_020510245.1, GCF_032762665.1, GCF_003264795.1, GCF_013113695.1, GCF_033142085.1, GCF_004377635.1, GCF_900519455.1, GCF_023920145.1, GCF_900519475.1, GCF_001618285.1, GCF_000241055.1, GCF_001752515.1, GCF_001752545.1, GCF_001752505.1, GCF_000026405.1, GCF_007954785.1, GCF_000298875.1, GCF_001536305.1, GCF_900016205.1, GCF_001998805.1, GCF_007954605.1, GCF_982267005.1, GCF_004354645.1, GCF_001891125.1, GCF_058111805.1, GCF_008107645.1, GCF_016127255.1, GCF_009856565.1, GCF_041509385.1, GCF_041514295.1, GCF_041514285.1, GCF_041893975.1, GCF_029866985.1, GCF_020844005.1, GCF_903891025.1, GCF_052571685.1, GCF_052570115.1, GCF_052569745.1, GCF_056269605.1, GCF_038049945.1, GCF_903891205.1, GCF_024334065.1, GCF_025948295.1, GCF_057786735.1, GCF_039783225.1, GCF_903886475.1, GCF_039783785.1, GCF_025739325.1, GCF_903885985.1, GCF_903886345.1, GCF_000269925.1, GCF_000269945.1, GCF_023499275.1, GCF_037891785.1, GCF_039645515.1, GCF_037892375.1, GCF_039645575.1, GCF_041225605.1, GCF_045760565.1, GCF_041225485.1, GCF_016919665.1, GCF_017068355.1, GCF_000014445.1, GCF_047344935.1, GCF_964063315.1, GCF_000092505.1, GCF_965286035.1, GCF_045801155.1}
You may want to ignore posterior probabilities and other statistics related to the following branch branch because the effective number of genes impacting it is only 4:
	{GCF_000010145.1, GCF_965286585.1, GCF_001437055.1, GCF_000016825.1, GCF_033570435.1, GCF_020784695.1, GCF_014145545.1, GCF_014145615.1, GCF_014145555.1, GCF_028607025.1, GCF_963281025.1, GCF_000160835.1, GCF_025311495.1, GCF_019797825.1, GCF_900240275.1, GCF_054331775.1, GCF_039955095.1, GCF_056676095.1, GCF_000014505.1, GCF_055755075.1, GCF_009914035.1, GCF_009914015.1, GCF_021378055.1, GCF_009913995.1, GCF_001767275.1, GCF_059089415.1, GCF_028621815.1, GCF_034703025.1, GCF_002174215.1, GCF_016127815.1, GCF_019448175.1, GCF_010092385.1, GCF_000237995.1, GCF_001702215.1, GCF_001702235.1, GCF_001436905.1, GCF_000691805.2, GCF_001932615.1, GCF_005405465.1, GCF_024718545.1, GCF_036327715.1, GCF_041281755.1, GCF_900094835.1, GCF_001437425.1, GCF_014789145.1, GCF_018394055.1, GCF_018502505.1, GCF_019576155.1, GCF_054073565.1, GCF_001761545.1, GCF_001438705.1, GCF_002950695.1, GCF_011304355.1, GCF_014397255.1, GCF_001434365.1, GCF_001435245.1, GCF_000011045.1, GCF_900636965.1, GCF_029726355.1, GCF_030770265.1, GCF_030770335.1, GCF_030770295.1, GCF_000155515.2, GCF_036246225.1, GCF_001434705.1, GCF_013407595.1, GCF_025490915.1, GCF_054785075.1, GCF_054452875.2, GCF_009184845.1, GCF_042847315.1, GCF_054784775.1, GCF_001436135.1, GCF_030480545.1, GCF_028736235.1, GCF_000023085.1, GCF_009913655.1, GCF_000148815.2, GCF_029854335.1, GCF_029025825.1, GCF_051098045.1, GCF_050847345.1, GCF_965286295.1, GCF_000203855.3, GCF_014131735.1, GCF_037290055.1, GCF_003641185.1, GCF_026222675.1, GCF_050407965.1, GCF_005405405.1, GCF_965136965.1, GCF_036246165.1, GCF_036246185.1, GCF_963243495.1, GCF_002970915.1, GCF_002970935.1, GCF_045862825.1, GCF_000014425.1, GCF_003584685.1, GCF_017894345.1, GCF_947539375.1, GCF_011058775.1, GCF_000015385.1, GCF_046109915.1, GCF_014656585.1, GCF_055502585.1, GCF_016647595.1, GCF_003150935.1, GCF_019469265.1, GCF_003151025.1, GCF_003173695.1, GCF_008831485.1, GCF_024397795.1, GCF_003999355.1, GCF_001888925.1, GCF_042997415.1, GCF_000014385.1, GCF_020510245.1, GCF_032762665.1, GCF_003264795.1, GCF_013113695.1, GCF_033142085.1, GCF_004377635.1, GCF_900519455.1, GCF_023920145.1, GCF_900519475.1, GCF_001618285.1, GCF_000241055.1, GCF_001752515.1, GCF_001752545.1, GCF_001752505.1, GCF_000026405.1, GCF_007954785.1, GCF_000298875.1, GCF_001536305.1, GCF_900016205.1, GCF_001998805.1, GCF_007954605.1, GCF_982267005.1, GCF_004354645.1, GCF_001891125.1, GCF_058111805.1, GCF_008107645.1, GCF_016127255.1, GCF_009856565.1, GCF_041509385.1, GCF_041514295.1, GCF_041514285.1, GCF_041893975.1, GCF_029866985.1, GCF_020844005.1, GCF_903891025.1, GCF_052571685.1, GCF_052570115.1, GCF_052569745.1, GCF_056269605.1, GCF_038049945.1, GCF_903891205.1, GCF_024334065.1, GCF_025948295.1, GCF_057786735.1, GCF_039783225.1, GCF_903886475.1, GCF_039783785.1, GCF_025739325.1, GCF_903885985.1, GCF_903886345.1, GCF_000269925.1, GCF_000269945.1, GCF_023499275.1, GCF_037891785.1, GCF_039645515.1, GCF_037892375.1, GCF_039645575.1, GCF_041225605.1, GCF_045760565.1, GCF_041225485.1, GCF_016919665.1, GCF_017068355.1, GCF_035985965.1, GCF_003722275.1, GCF_000025045.1, GCF_003176835.1, GCF_060307215.1, GCF_060305805.1, GCF_000014445.1, GCF_047344935.1, GCF_964063315.1, GCF_000092505.1, GCF_965286035.1, GCF_045801155.1}
You may want to ignore posterior probabilities and other statistics related to the following branch branch because the effective number of genes impacting it is only 4:
	{GCF_000010145.1, GCF_965286585.1, GCF_001437055.1, GCF_000016825.1, GCF_033570435.1, GCF_020784695.1, GCF_014145545.1, GCF_014145615.1, GCF_014145555.1, GCF_028607025.1, GCF_963281025.1, GCF_000160835.1, GCF_025311495.1, GCF_019797825.1, GCF_900240275.1, GCF_054331775.1, GCF_039955095.1, GCF_056676095.1, GCF_000014505.1, GCF_055755075.1, GCF_009914035.1, GCF_009914015.1, GCF_021378055.1, GCF_009913995.1, GCF_001767275.1, GCF_059089415.1, GCF_028621815.1, GCF_034703025.1, GCF_002174215.1, GCF_016127815.1, GCF_019448175.1, GCF_010092385.1, GCF_000237995.1, GCF_001702215.1, GCF_001702235.1, GCF_001436905.1, GCF_000691805.2, GCF_001932615.1, GCF_005405465.1, GCF_024718545.1, GCF_036327715.1, GCF_041281755.1, GCF_900094835.1, GCF_001437425.1, GCF_014789145.1, GCF_018394055.1, GCF_018502505.1, GCF_019576155.1, GCF_054073565.1, GCF_001761545.1, GCF_001438705.1, GCF_002950695.1, GCF_011304355.1, GCF_014397255.1, GCF_001434365.1, GCF_001435245.1, GCF_000011045.1, GCF_900636965.1, GCF_029726355.1, GCF_030770265.1, GCF_030770335.1, GCF_030770295.1, GCF_000155515.2, GCF_036246225.1, GCF_001434705.1, GCF_013407595.1, GCF_025490915.1, GCF_054785075.1, GCF_054452875.2, GCF_009184845.1, GCF_042847315.1, GCF_054784775.1, GCF_001436135.1, GCF_030480545.1, GCF_028736235.1, GCF_000023085.1, GCF_009913655.1, GCF_000148815.2, GCF_029854335.1, GCF_029025825.1, GCF_051098045.1, GCF_050847345.1, GCF_965286295.1, GCF_000203855.3, GCF_014131735.1, GCF_037290055.1, GCF_003641185.1, GCF_026222675.1, GCF_050407965.1, GCF_005405405.1, GCF_965136965.1, GCF_036246165.1, GCF_036246185.1, GCF_963243495.1, GCF_002970915.1, GCF_002970935.1, GCF_045862825.1, GCF_000014425.1, GCF_003584685.1, GCF_017894345.1, GCF_947539375.1, GCF_011058775.1, GCF_000015385.1, GCF_046109915.1, GCF_014656585.1, GCF_055502585.1, GCF_016647595.1, GCF_003150935.1, GCF_019469265.1, GCF_003151025.1, GCF_003173695.1, GCF_008831485.1, GCF_024397795.1, GCF_003999355.1, GCF_001888925.1, GCF_042997415.1, GCF_000014385.1, GCF_020510245.1, GCF_032762665.1, GCF_003264795.1, GCF_013113695.1, GCF_033142085.1, GCF_004377635.1, GCF_900519455.1, GCF_023920145.1, GCF_900519475.1, GCF_001618285.1, GCF_000241055.1, GCF_001752515.1, GCF_001752545.1, GCF_001752505.1, GCF_000026405.1, GCF_007954785.1, GCF_000298875.1, GCF_001536305.1, GCF_900016205.1, GCF_001998805.1, GCF_007954605.1, GCF_982267005.1, GCF_004354645.1, GCF_001891125.1, GCF_058111805.1, GCF_008107645.1, GCF_016127255.1, GCF_009856565.1, GCF_041509385.1, GCF_041514295.1, GCF_041514285.1, GCF_041893975.1, GCF_029866985.1, GCF_020844005.1, GCF_903891025.1, GCF_052571685.1, GCF_052570115.1, GCF_052569745.1, GCF_056269605.1, GCF_038049945.1, GCF_903891205.1, GCF_024334065.1, GCF_025948295.1, GCF_057786735.1, GCF_039783225.1, GCF_903886475.1, GCF_039783785.1, GCF_025739325.1, GCF_903885985.1, GCF_903886345.1, GCF_000269925.1, GCF_000269945.1, GCF_023499275.1, GCF_037891785.1, GCF_039645515.1, GCF_037892375.1, GCF_039645575.1, GCF_041225605.1, GCF_045760565.1, GCF_041225485.1, GCF_016919665.1, GCF_017068355.1, GCF_035985965.1, GCF_003722275.1, GCF_000025045.1, GCF_003176835.1, GCF_060307215.1, GCF_060305805.1, GCF_000014445.1, GCF_047344935.1, GCF_964063315.1, GCF_000092505.1, GCF_965286035.1, GCF_045801155.1, GCF_000014545.1}
You may want to ignore posterior probabilities and other statistics related to the following branch branch because the effective number of genes impacting it is only 5:
	{GCF_000010145.1, GCF_965286585.1, GCF_001437055.1, GCF_000016825.1, GCF_033570435.1, GCF_020784695.1, GCF_014145545.1, GCF_014145615.1, GCF_014145555.1, GCF_028607025.1, GCF_963281025.1, GCF_000160835.1, GCF_025311495.1, GCF_019797825.1, GCF_900240275.1, GCF_054331775.1, GCF_039955095.1, GCF_056676095.1, GCF_000014505.1, GCF_055755075.1, GCF_009914035.1, GCF_009914015.1, GCF_021378055.1, GCF_009913995.1, GCF_001767275.1, GCF_059089415.1, GCF_028621815.1, GCF_034703025.1, GCF_002174215.1, GCF_016127815.1, GCF_019448175.1, GCF_010092385.1, GCF_000237995.1, GCF_001702215.1, GCF_001702235.1, GCF_001436905.1, GCF_000691805.2, GCF_001932615.1, GCF_005405465.1, GCF_024718545.1, GCF_036327715.1, GCF_041281755.1, GCF_900094835.1, GCF_001437425.1, GCF_014789145.1, GCF_018394055.1, GCF_018502505.1, GCF_019576155.1, GCF_054073565.1, GCF_001761545.1, GCF_001438705.1, GCF_002950695.1, GCF_011304355.1, GCF_014397255.1, GCF_001434365.1, GCF_001435245.1, GCF_000011045.1, GCF_900636965.1, GCF_029726355.1, GCF_030770265.1, GCF_030770335.1, GCF_030770295.1, GCF_000155515.2, GCF_036246225.1, GCF_001434705.1, GCF_013407595.1, GCF_025490915.1, GCF_054785075.1, GCF_054452875.2, GCF_009184845.1, GCF_042847315.1, GCF_054784775.1, GCF_001436135.1, GCF_030480545.1, GCF_028736235.1, GCF_000023085.1, GCF_009913655.1, GCF_000148815.2, GCF_029854335.1, GCF_029025825.1, GCF_051098045.1, GCF_050847345.1, GCF_965286295.1, GCF_000203855.3, GCF_014131735.1, GCF_037290055.1, GCF_003641185.1, GCF_026222675.1, GCF_050407965.1, GCF_005405405.1, GCF_965136965.1, GCF_036246165.1, GCF_036246185.1, GCF_963243495.1, GCF_002970915.1, GCF_002970935.1, GCF_045862825.1, GCF_000014425.1, GCF_003584685.1, GCF_017894345.1, GCF_947539375.1, GCF_011058775.1, GCF_000015385.1, GCF_046109915.1, GCF_014656585.1, GCF_055502585.1, GCF_016647595.1, GCF_003150935.1, GCF_019469265.1, GCF_003151025.1, GCF_003173695.1, GCF_008831485.1, GCF_024397795.1, GCF_003999355.1, GCF_001888925.1, GCF_042997415.1, GCF_000014385.1, GCF_020510245.1, GCF_032762665.1, GCF_003264795.1, GCF_013113695.1, GCF_033142085.1, GCF_004377635.1, GCF_900519455.1, GCF_023920145.1, GCF_900519475.1, GCF_001618285.1, GCF_000241055.1, GCF_001752515.1, GCF_001752545.1, GCF_001752505.1, GCF_000026405.1, GCF_007954785.1, GCF_000298875.1, GCF_001536305.1, GCF_900016205.1, GCF_001998805.1, GCF_007954605.1, GCF_982267005.1, GCF_004354645.1, GCF_001891125.1, GCF_058111805.1, GCF_008107645.1, GCF_016127255.1, GCF_009856565.1, GCF_041509385.1, GCF_041514295.1, GCF_041514285.1, GCF_041893975.1, GCF_029866985.1, GCF_020844005.1, GCF_903891025.1, GCF_052571685.1, GCF_052570115.1, GCF_052569745.1, GCF_056269605.1, GCF_038049945.1, GCF_903891205.1, GCF_024334065.1, GCF_025948295.1, GCF_057786735.1, GCF_039783225.1, GCF_903886475.1, GCF_039783785.1, GCF_025739325.1, GCF_903885985.1, GCF_903886345.1, GCF_000269925.1, GCF_000269945.1, GCF_023499275.1, GCF_037891785.1, GCF_039645515.1, GCF_037892375.1, GCF_039645575.1, GCF_041225605.1, GCF_045760565.1, GCF_041225485.1, GCF_016919665.1, GCF_017068355.1, GCF_035985965.1, GCF_003722275.1, GCF_000025045.1, GCF_003176835.1, GCF_060307215.1, GCF_060305805.1, GCF_023169905.1, GCF_055180435.1, GCF_000014445.1, GCF_047344935.1, GCF_964063315.1, GCF_000092505.1, GCF_965286035.1, GCF_045801155.1, GCF_000014545.1}
Extended species tree:
(GCF_000009425.1,(GCF_000468955.1,((GCF_023169905.1,GCF_055180435.1)'[q1=0.5932291666666666;q2=0.20885416666666665;q3=0.19791666666666669;f1=2.966145833333333;f2=1.0442708333333333;f3=0.9895833333333334;pp1=0.7092291173148864;pp2=0.14758581590028197;pp3=0.14318506678483173;QC=384;EN=5.0]':0.2764605477078164,(GCF_000014545.1,((GCF_035985965.1,(GCF_003176835.1,(GCF_003722275.1,(GCF_000025045.1,(GCF_060307215.1,GCF_060305805.1)'[q1=0.591670845172433;q2=0.4062566159674634;q3=0.002072538860103627;f1=2.958354225862165;f2=2.031283079837317;f3=0.010362694300518135;pp1=0.6512062016183404;pp2=0.26505064829524044;pp3=0.08374315008641908;QC=193;EN=5.0]':0.2738956191196373)'[q1=0.7925112612612613;q2=0.196875;q3=0.01061373873873874;f1=3.9625563063063063;f2=0.984375;f3=0.0530686936936937;pp1=0.9277065833898508;pp2=0.04397244748374233;pp3=0.028320969126406716;QC=384;EN=5.0]':0.6745984303658233)'[q1=0.6621822596555126;q2=0.20134304575460962;q3=0.13647469458987782;f1=3.310911298277563;f2=1.006715228773048;f3=0.6823734729493891;pp1=0.8040217530145076;pp2=0.10627469348424369;pp3=0.0897035535012486;QC=573;EN=5.0]':0.3970919974964311)'[q1=0.601498418176589;q2=0.29850158182341097;q3=0.1;f1=3.0074920908829452;f2=1.4925079091170548;f3=0.5;pp1=0.7092058352157584;pp2=0.18435169929163375;pp3=0.10644246549260789;QC=760;EN=5.0]':0.290182559693591)'[q1=0.5909189189189189;q2=0.176;q3=0.23308108108108105;f1=2.9545945945945946;f2=0.88;f3=1.1654054054054053;pp1=0.7047682753045581;pp2=0.13595039250828989;pp3=0.15928133218715199;QC=4625;EN=5.0]':0.27266033075594337,((GCF_016919665.1,GCF_017068355.1)'[q1=0.890909090909091;q2=0.10909090909090909;q3=0.0;f1=4.454545454545455;f2=0.5454545454545454;f3=0.0;pp1=0.9752544819024008;pp2=0.013837376769120264;pp3=0.01090814132847885;QC=2013;EN=5.0]':0.9509762898620455,(((GCF_041225485.1,(GCF_041225605.1,GCF_045760565.1)'[q1=1.0;q2=0.0;q3=0.0;f1=5.0;f2=0.0;f3=0.0;pp1=0.9945355191256833;pp2=0.002732240437158474;pp3=0.002732240437158474;QC=193;EN=5.0]':1.3862943611198908)'[q1=0.6;q2=0.2;q3=0.2;f1=3.0;f2=1.0;f3=1.0;pp1=0.7192982456140349;pp2=0.14035087719298256;pp3=0.14035087719298256;QC=2604;EN=5.0]':0.2876820724517809,((GCF_037892375.1,GCF_039645575.1)'[q1=1.0;q2=0.0;q3=0.0;f1=5.0;f2=0.0;f3=0.0;pp1=0.9945355191256833;pp2=0.002732240437158474;pp3=0.002732240437158474;QC=945;EN=5.0]':1.3862943611198908,((GCF_000269925.1,GCF_000269945.1)'[q1=0.6;q2=0.0;q3=0.4;f1=3.0;f2=0.0;f3=2.0;pp1=0.6666666666666666;pp2=0.08130081300813016;pp3=0.2520325203252032;QC=573;EN=5.0]':0.2876820724517809,(GCF_037891785.1,(GCF_023499275.1,GCF_039645515.1)'[q1=0.5979274611398964;q2=0.0010362694300518134;q3=0.40103626943005183;f1=2.989637305699482;f2=0.0051813471502590676;f3=2.005181347150259;pp1=0.6631328945644785;pp2=0.08203684682845427;pp3=0.2548302586070671;QC=193;EN=5.0]':0.2842337931728648)'[q1=0.8;q2=0.2;q3=0.0;f1=4.0;f2=1.0;f3=0.0;pp1=0.9322916666666666;pp2=0.0416666666666667;pp3=0.026041666666666696;QC=764;EN=5.0]':0.6931471805599453)'[q1=0.8;q2=0.2;q3=0.0;f1=4.0;f2=1.0;f3=0.0;pp1=0.9322916666666666;pp2=0.0416666666666667;pp3=0.026041666666666696;QC=2268;EN=5.0]':0.6931471805599453)'[q1=0.8;q2=0.2;q3=0.0;f1=4.0;f2=1.0;f3=0.0;pp1=0.9322916666666666;pp2=0.0416666666666667;pp3=0.026041666666666696;QC=5580;EN=5.0]':0.6931471805599453)'[q1=1.0;q2=0.0;q3=0.0;f1=5.0;f2=0.0;f3=0.0;pp1=0.9945355191256833;pp2=0.002732240437158474;pp3=0.002732240437158474;QC=47229;EN=5.0]':1.3862943611198908,(((((GCF_001761545.1,(GCF_014397255.1,(GCF_001438705.1,(GCF_002950695.1,GCF_011304355.1)'[q1=1.0;q2=0.0;q3=0.0;f1=5.0;f2=0.0;f3=0.0;pp1=0.9945355191256833;pp2=0.002732240437158474;pp3=0.002732240437158474;QC=193;EN=5.0]':1.3862943611198908)'[q1=1.0;q2=0.0;q3=0.0;f1=5.0;f2=0.0;f3=0.0;pp1=0.9945355191256833;pp2=0.002732240437158474;pp3=0.002732240437158474;QC=384;EN=5.0]':1.3862943611198908)'[q1=1.0;q2=0.0;q3=0.0;f1=5.0;f2=0.0;f3=0.0;pp1=0.9945355191256833;pp2=0.002732240437158474;pp3=0.002732240437158474;QC=573;EN=5.0]':1.3862943611198908)'[q1=0.6;q2=0.0;q3=0.4;f1=3.0;f2=0.0;f3=2.0;pp1=0.6666666666666666;pp2=0.08130081300813016;pp3=0.2520325203252032;QC=9256;EN=5.0]':0.2876820724517809,(GCF_000691805.2,(((GCF_001437425.1,GCF_014789145.1)'[q1=0.8;q2=0.0;q3=0.2;f1=4.0;f2=0.0;f3=1.0;pp1=0.9322916666666666;pp2=0.026041666666666696;pp3=0.0416666666666667;QC=384;EN=5.0]':0.6931471805599453,(GCF_018394055.1,GCF_018502505.1)'[q1=1.0;q2=0.0;q3=0.0;f1=5.0;f2=0.0;f3=0.0;pp1=0.9945355191256833;pp2=0.002732240437158474;pp3=0.002732240437158474;QC=384;EN=5.0]':1.3862943611198908)'[q1=0.975;q2=0.025;q3=0.0;f1=4.875;f2=0.125;f3=0.0;pp1=0.9919896113892837;pp2=0.004107510188858834;pp3=0.0039028784218574464;QC=5888;EN=5.0]':1.2685113254635072,((GCF_019576155.1,GCF_054073565.1)'[q1=0.6011049723756907;q2=0.00441988950276243;q3=0.39447513812154694;f1=3.0055248618784534;f2=0.022099447513812154;f3=1.9723756906077348;pp1=0.6712616544397735;pp2=0.08205364650607719;pp3=0.24668469905414928;QC=1128;EN=5.0]':0.28952539094607027,((GCF_041281755.1,GCF_900094835.1)'[q1=0.85;q2=0.0;q3=0.15;f1=4.25;f2=0.0;f3=0.75;pp1=0.9601265801664818;pp2=0.016598687777880303;pp3=0.02327473205563784;QC=760;EN=5.0]':0.826678573184468,(GCF_036327715.1,(GCF_024718545.1,(GCF_001932615.1,GCF_005405465.1)'[q1=0.8;q2=0.2;q3=0.0;f1=4.0;f2=1.0;f3=0.0;pp1=0.9322916666666666;pp2=0.0416666666666667;pp3=0.026041666666666696;QC=193;EN=5.0]':0.6931471805599453)'[q1=0.6020833333333333;q2=0.0;q3=0.3979166666666667;f1=3.0104166666666665;f2=0.0;f3=1.9895833333333335;pp1=0.6707833330927283;pp2=0.08079774373013555;pp3=0.24841892317713607;QC=384;EN=5.0]':0.29116033682810555)'[q1=0.6666666666666667;q2=0.0;q3=0.3333333333333333;f1=3.3333333333333335;f2=0.0;f3=1.6666666666666665;pp1=0.7855425698031838;pp2=0.06272029283944135;pp3=0.15173713735737482;QC=1140;EN=5.0]':0.40546510810816444)'[q1=1.0;q2=0.0;q3=0.0;f1=5.0;f2=0.0;f3=0.0;pp1=0.9945355191256833;pp2=0.002732240437158474;pp3=0.002732240437158474;QC=3008;EN=5.0]':1.3862943611198908)'[q1=0.8;q2=0.09943502824858758;q3=0.10056497175141244;f1=4.0;f2=0.4971751412429379;f3=0.5028248587570622;pp1=0.9351311793851175;pp2=0.032391614875315465;pp3=0.032477205739567104;QC=8832;EN=5.0]':0.6931471805599453)'[q1=0.619535519125683;q2=0.3554644808743169;q3=0.025;f1=3.097677595628415;f2=1.7773224043715847;f3=0.125;pp1=0.715437917883421;pp2=0.20296419408955843;pp3=0.08159788802702063;QC=5856;EN=5.0]':0.3207831155263358)'[q1=0.6;q2=0.4;q3=0.0;f1=3.0;f2=2.0;f3=0.0;pp1=0.6666666666666666;pp2=0.2520325203252032;pp3=0.08130081300813016;QC=10680;EN=5.0]':0.2876820724517809)'[q1=1.0;q2=0.0;q3=0.0;f1=5.0;f2=0.0;f3=0.0;pp1=0.9945355191256833;pp2=0.002732240437158474;pp3=0.002732240437158474;QC=318240;EN=5.0]':1.3862943611198908,(((GCF_001752505.1,(GCF_001752515.1,(GCF_000241055.1,GCF_001752545.1)'[q1=0.6;q2=0.0;q3=0.4;f1=3.0;f2=0.0;f3=2.0;pp1=0.6666666666666666;pp2=0.08130081300813016;pp3=0.2520325203252032;QC=193;EN=5.0]':0.2876820724517809)'[q1=1.0;q2=0.0;q3=0.0;f1=5.0;f2=0.0;f3=0.0;pp1=0.9945355191256833;pp2=0.002732240437158474;pp3=0.002732240437158474;QC=384;EN=5.0]':1.3862943611198908)'[q1=1.0;q2=0.0;q3=0.0;f1=5.0;f2=0.0;f3=0.0;pp1=0.9945355191256833;pp2=0.002732240437158474;pp3=0.002732240437158474;QC=5973;EN=5.0]':1.3862943611198908,((GCF_023920145.1,(GCF_032762665.1,GCF_004377635.1)'[q1=0.5946236559139785;q2=0.013666499526436013;q3=0.3917098445595855;f1=2.9731182795698925;f2=0.06833249763218006;f3=1.9585492227979275;pp1=0.663520303349032;pp2=0.0858658958978944;pp3=0.2506138007530735;QC=193;EN=5.0]':0.2787614066934013)'[q1=0.625;q2=0.25;q3=0.125;f1=3.125;f2=1.25;f3=0.625;pp1=0.7509883367730881;pp2=0.14532823258927538;pp3=0.10368343063763659;QC=2960;EN=5.0]':0.33024168687057687,(GCF_900519455.1,((GCF_033142085.1,GCF_900519475.1)'[q1=0.4387301587301587;q2=0.3208791208791209;q3=0.24039072039072037;f1=2.1936507936507934;f2=1.6043956043956045;f3=1.201953601953602;pp1=0.46919837448637286;pp2=0.2991088910593853;pp3=0.23169273445424188;QC=945;EN=5.0]':0.04962384491800926,(GCF_001618285.1,(GCF_013113695.1,(GCF_003264795.1,(GCF_000014385.1,GCF_020510245.1)'[q1=0.4;q2=0.39170984455958546;q3=0.2082901554404145;f1=2.0;f2=1.9585492227979273;f3=1.0414507772020725;pp1=0.40062883424244533;pp2=0.3877894574313069;pp3=0.2115817083262477;QC=193;EN=5.0]':0.0)'[q1=0.49943975225225223;q2=0.3026041666666667;q3=0.19795608108108106;f1=2.497198761261261;f2=1.5130208333333335;f3=0.9897804054054054;pp1=0.5594601915229591;pp2=0.254658101577904;pp3=0.18588170689913688;QC=384;EN=5.0]':0.13273135881158082)'[q1=0.599960163897109;q2=0.19581151832460733;q3=0.20422831777828362;f1=2.9998008194855452;f2=0.9790575916230366;f3=1.0211415888914182;pp1=0.7192176290767577;pp2=0.13876540240059934;pp3=0.14201696852264292;QC=573;EN=5.0]':0.2876156811509137)'[q1=0.5505291005291004;q2=0.2985754985754986;q3=0.1508954008954009;f1=2.7526455026455023;f2=1.4928774928774928;f3=0.7544770044770045;pp1=0.6357391813816443;pp2=0.22031745553615714;pp3=0.14394336308219835;QC=1512;EN=5.0]':0.20845369707080272)'[q1=0.4213788644645586;q2=0.23944339955330904;q3=0.33917773598213236;f1=2.106894322322793;f2=1.1972169977665452;f3=1.6958886799106618;pp1=0.44242796613892726;pp2=0.2343302174514631;pp3=0.3232418164096096;QC=1880;EN=5.0]':0.027087147296891094)'[q1=0.43809523809523804;q2=0.2952380952380952;q3=0.2666666666666667;f1=2.1904761904761902;f2=1.476190476190476;f3=1.3333333333333335;pp1=0.47104945372847445;pp2=0.2764500111387745;pp3=0.25250053513275117;QC=3885;EN=5.0]':0.048790164169432056)'[q1=1.0;q2=0.0;q3=0.0;f1=5.0;f2=0.0;f3=0.0;pp1=0.9945355191256833;pp2=0.002732240437158474;pp3=0.002732240437158474;QC=17376;EN=5.0]':1.3862943611198908)'[q1=1.0;q2=0.0;q3=0.0;f1=5.0;f2=0.0;f3=0.0;pp1=0.9945355191256833;pp2=0.002732240437158474;pp3=0.002732240437158474;QC=135432;EN=5.0]':1.3862943611198908,(GCF_004354645.1,((GCF_008107645.1,((GCF_000014445.1,GCF_047344935.1)'[q1=1.0;q2=0.0;q3=0.0;f1=4.0;f2=0.0;f3=0.0;pp1=0.9837398373983739;pp2=0.008130081300813014;pp3=0.008130081300813014;QC=384;EN=4.0]':1.2039728043259361,(GCF_001891125.1,GCF_058111805.1)'[q1=1.0;q2=0.0;q3=0.0;f1=4.0;f2=0.0;f3=0.0;pp1=0.9837398373983739;pp2=0.008130081300813014;pp3=0.008130081300813014;QC=384;EN=4.0]':1.2039728043259361)'[q1=0.75;q2=0.0;q3=0.25;f1=3.0;f2=0.0;f3=1.0;pp1=0.8405797101449276;pp2=0.057971014492753666;pp3=0.1014492753623188;QC=764;EN=4.0]':0.5108256237659905)'[q1=1.0;q2=0.0;q3=0.0;f1=5.0;f2=0.0;f3=0.0;pp1=0.9945355191256833;pp2=0.002732240437158474;pp3=0.002732240437158474;QC=9256;EN=5.0]':1.3862943611198908,((GCF_045801155.1,(GCF_016127255.1,GCF_965286035.1)'[q1=1.0;q2=0.0;q3=0.0;f1=4.0;f2=0.0;f3=0.0;pp1=0.9837398373983739;pp2=0.008130081300813014;pp3=0.008130081300813014;QC=193;EN=4.0]':1.2039728043259361)'[q1=0.7513661202185792;q2=0.0;q3=0.24863387978142076;f1=3.0054644808743167;f2=0.0;f3=0.994535519125683;pp1=0.8420704695074205;pp2=0.057562508160028836;pp3=0.10036702233255067;QC=3660;EN=4.0]':0.5135616035848655,(GCF_964063315.1,((GCF_982267005.1,(GCF_001998805.1,GCF_007954605.1)'[q1=0.6;q2=0.4;q3=0.0;f1=3.0;f2=2.0;f3=0.0;pp1=0.6666666666666666;pp2=0.2520325203252032;pp3=0.08130081300813016;QC=193;EN=5.0]':0.2876820724517809)'[q1=1.0;q2=0.0;q3=0.0;f1=5.0;f2=0.0;f3=0.0;pp1=0.9945355191256833;pp2=0.002732240437158474;pp3=0.002732240437158474;QC=2244;EN=5.0]':1.3862943611198908,((GCF_000026405.1,GCF_007954785.1)'[q1=1.0;q2=0.0;q3=0.0;f1=5.0;f2=0.0;f3=0.0;pp1=0.9945355191256833;pp2=0.002732240437158474;pp3=0.002732240437158474;QC=760;EN=5.0]':1.3862943611198908,(GCF_000092505.1,(GCF_000298875.1,(GCF_001536305.1,GCF_900016205.1)'[q1=1.0;q2=0.0;q3=0.0;f1=5.0;f2=0.0;f3=0.0;pp1=0.9945355191256833;pp2=0.002732240437158474;pp3=0.002732240437158474;QC=193;EN=5.0]':1.3862943611198908)'[q1=1.0;q2=0.0;q3=0.0;f1=4.0;f2=0.0;f3=0.0;pp1=0.9837398373983739;pp2=0.008130081300813014;pp3=0.008130081300813014;QC=384;EN=4.0]':1.2039728043259361)'[q1=0.5039473684210526;q2=0.2513157894736842;q3=0.24473684210526317;f1=2.0157894736842104;f2=1.0052631578947369;f3=0.9789473684210527;pp1=0.5386317651967216;pp2=0.23270942476026388;pp3=0.22865881004301442;QC=1140;EN=4.0]':0.11063757275866991)'[q1=0.55;q2=0.05;q3=0.4;f1=2.75;f2=0.25;f3=2.0;pp1=0.5951867384838444;pp2=0.10671484495787055;pp3=0.29809841655828506;QC=4488;EN=5.0]':0.20763936477824438)'[q1=0.41666666666666663;q2=0.2809139784946237;q3=0.30241935483870963;f1=1.6666666666666665;f2=1.1236559139784947;f3=1.2096774193548385;pp1=0.42618241202000556;pp2=0.27809138389241844;pp3=0.295726204087576;QC=3348;EN=4.0]':0.0)'[q1=0.7568306010928962;q2=0.1621129326047359;q3=0.08105646630236794;f1=3.027322404371585;f2=0.6484517304189436;f3=0.3242258652094718;pp1=0.8546634357807016;pp2=0.07916506381567504;pp3=0.06617150040362337;QC=4941;EN=4.0]':0.5245809988344763)'[q1=0.598876404494382;q2=0.19887005649717515;q3=0.20225353900844284;f1=2.99438202247191;f2=0.9943502824858758;f3=1.0112676950422141;pp1=0.7176376521811035;pp2=0.14052332049232835;pp3=0.14183902732656806;QC=26700;EN=5.0]':0.28581116451596933)'[q1=0.5538461538461539;q2=0.37777777777777777;q3=0.06837606837606838;f1=2.769230769230769;f2=1.8888888888888888;f3=0.3418803418803419;pp1=0.6123777050162669;pp2=0.2756452803694318;pp3=0.11197701461430137;QC=11505;EN=5.0]':0.2135741002980589)'[q1=1.0;q2=0.0;q3=0.0;f1=5.0;f2=0.0;f3=0.0;pp1=0.9945355191256833;pp2=0.002732240437158474;pp3=0.002732240437158474;QC=43740;EN=5.0]':1.3862943611198908)'[q1=0.8;q2=0.0;q3=0.2;f1=4.0;f2=0.0;f3=1.0;pp1=0.9322916666666666;pp2=0.026041666666666696;pp3=0.0416666666666667;QC=738720;EN=5.0]':0.6931471805599453)'[q1=0.4775510204081632;q2=0.3224489795918367;q3=0.2;f1=2.387755102040816;f2=1.6122448979591837;f3=1.0;pp1=0.5235847866940185;pp2=0.28245341130155854;pp3=0.19396180200442295;QC=2758896;EN=5.0]':0.1019649266566879,((((GCF_011058775.1,(GCF_017894345.1,(GCF_947539375.1,(GCF_000014425.1,GCF_003584685.1)'[q1=0.9989637305699481;q2=0.0010362694300518134;q3=0.0;f1=4.994818652849741;f2=0.0051813471502590676;f3=0.0;pp1=0.9944453226983314;pp2=0.0027802288335152508;pp3=0.002774448468153247;QC=193;EN=5.0]':1.381126390961448)'[q1=0.6;q2=0.2;q3=0.2;f1=3.0;f2=1.0;f3=1.0;pp1=0.7192982456140349;pp2=0.14035087719298256;pp3=0.14035087719298256;QC=384;EN=5.0]':0.2876820724517809)'[q1=1.0;q2=0.0;q3=0.0;f1=5.0;f2=0.0;f3=0.0;pp1=0.9945355191256833;pp2=0.002732240437158474;pp3=0.002732240437158474;QC=573;EN=5.0]':1.3862943611198908)'[q1=0.8;q2=0.0;q3=0.2;f1=4.0;f2=0.0;f3=1.0;pp1=0.9322916666666666;pp2=0.026041666666666696;pp3=0.0416666666666667;QC=9912;EN=5.0]':0.6931471805599453,(GCF_042997415.1,(GCF_001888925.1,(GCF_024397795.1,((GCF_008831485.1,((GCF_003150935.1,GCF_019469265.1)'[q1=0.8;q2=0.0;q3=0.2;f1=4.0;f2=0.0;f3=1.0;pp1=0.9322916666666666;pp2=0.026041666666666696;pp3=0.0416666666666667;QC=384;EN=5.0]':0.6931471805599453,(GCF_003151025.1,GCF_003173695.1)'[q1=0.8;q2=0.2;q3=0.0;f1=4.0;f2=1.0;f3=0.0;pp1=0.9322916666666666;pp2=0.0416666666666667;pp3=0.026041666666666696;QC=384;EN=5.0]':0.6931471805599453)'[q1=1.0;q2=0.0;q3=0.0;f1=5.0;f2=0.0;f3=0.0;pp1=0.9945355191256833;pp2=0.002732240437158474;pp3=0.002732240437158474;QC=764;EN=5.0]':1.3862943611198908)'[q1=0.8010810810810811;q2=0.0;q3=0.19891891891891894;f1=4.005405405405406;f2=0.0;f3=0.9945945945945946;pp1=0.9330230889364498;pp2=0.025807481868142832;pp3=0.041169429195407246;QC=4440;EN=5.0]':0.6958535421576885,(GCF_003999355.1,(GCF_055502585.1,(GCF_016647595.1,(GCF_014656585.1,(GCF_000015385.1,GCF_046109915.1)'[q1=1.0;q2=0.0;q3=0.0;f1=5.0;f2=0.0;f3=0.0;pp1=0.9945355191256833;pp2=0.002732240437158474;pp3=0.002732240437158474;QC=193;EN=5.0]':1.3862943611198908)'[q1=0.3989583333333333;q2=0.20108108108108108;q3=0.39996058558558556;f1=1.9947916666666665;f2=1.0054054054054054;f3=1.999802927927928;pp1=0.396231159132058;pp2=0.20596336676570307;pp3=0.39780547410223904;QC=384;EN=5.0]':0.0)'[q1=0.5333333333333333;q2=0.26666666666666666;q3=0.2;f1=2.6666666666666665;f2=1.3333333333333333;f3=1.0;pp1=0.6154408106897805;pp2=0.21091515986101392;pp3=0.17364402944920562;QC=573;EN=5.0]':0.1823215567939546)'[q1=1.0;q2=0.0;q3=0.0;f1=5.0;f2=0.0;f3=0.0;pp1=0.9945355191256833;pp2=0.002732240437158474;pp3=0.002732240437158474;QC=760;EN=5.0]':1.3862943611198908)'[q1=0.6000425144245368;q2=0.19887640449438201;q3=0.20108108108108108;f1=3.000212572122684;f2=0.9943820224719101;f3=1.0054054054054054;pp1=0.7193593798369309;pp2=0.13989468825581883;pp3=0.14074593190725027;QC=4625;EN=5.0]':0.28775293233651134)'[q1=0.4;q2=0.4;q3=0.2;f1=2.0;f2=2.0;f3=1.0;pp1=0.39743589743589736;pp2=0.39743589743589736;pp3=0.20512820512820532;QC=5520;EN=5.0]':0.0)'[q1=1.0;q2=0.0;q3=0.0;f1=5.0;f2=0.0;f3=0.0;pp1=0.9945355191256833;pp2=0.002732240437158474;pp3=0.002732240437158474;QC=2013;EN=5.0]':1.3862943611198908)'[q1=0.6;q2=0.2;q3=0.2;f1=3.0;f2=1.0;f3=1.0;pp1=0.7192982456140349;pp2=0.14035087719298256;pp3=0.14035087719298256;QC=2184;EN=5.0]':0.2876820724517809)'[q1=1.0;q2=0.0;q3=0.0;f1=5.0;f2=0.0;f3=0.0;pp1=0.9945355191256833;pp2=0.002732240437158474;pp3=0.002732240437158474;QC=11505;EN=5.0]':1.3862943611198908)'[q1=1.0;q2=0.0;q3=0.0;f1=5.0;f2=0.0;f3=0.0;pp1=0.9945355191256833;pp2=0.002732240437158474;pp3=0.002732240437158474;QC=210140;EN=5.0]':1.3862943611198908,((GCF_028736235.1,(GCF_001436135.1,GCF_030480545.1)'[q1=1.0;q2=0.0;q3=0.0;f1=5.0;f2=0.0;f3=0.0;pp1=0.9945355191256833;pp2=0.002732240437158474;pp3=0.002732240437158474;QC=193;EN=5.0]':1.3862943611198908)'[q1=1.0;q2=0.0;q3=0.0;f1=5.0;f2=0.0;f3=0.0;pp1=0.9945355191256833;pp2=0.002732240437158474;pp3=0.002732240437158474;QC=5664;EN=5.0]':1.3862943611198908,((GCF_000155515.2,((GCF_000011045.1,GCF_900636965.1)'[q1=1.0;q2=0.0;q3=0.0;f1=5.0;f2=0.0;f3=0.0;pp1=0.9945355191256833;pp2=0.002732240437158474;pp3=0.002732240437158474;QC=760;EN=5.0]':1.3862943611198908,((GCF_030770265.1,GCF_030770335.1)'[q1=0.5;q2=0.3;q3=0.2;f1=2.5;f2=1.5;f3=1.0;pp1=0.5607564869103999;pp2=0.25238762408031995;pp3=0.18685588900928013;QC=384;EN=5.0]':0.13353139262452274,(GCF_029726355.1,GCF_030770295.1)'[q1=0.4;q2=0.4;q3=0.2;f1=2.0;f2=2.0;f3=1.0;pp1=0.39743589743589736;pp2=0.39743589743589736;pp3=0.20512820512820532;QC=384;EN=5.0]':0.0)'[q1=1.0;q2=0.0;q3=0.0;f1=5.0;f2=0.0;f3=0.0;pp1=0.9945355191256833;pp2=0.002732240437158474;pp3=0.002732240437158474;QC=1520;EN=5.0]':1.3862943611198908)'[q1=0.6;q2=0.2;q3=0.2;f1=3.0;f2=1.0;f3=1.0;pp1=0.7192982456140349;pp2=0.14035087719298256;pp3=0.14035087719298256;QC=1512;EN=5.0]':0.2876820724517809)'[q1=1.0;q2=0.0;q3=0.0;f1=5.0;f2=0.0;f3=0.0;pp1=0.9945355191256833;pp2=0.002732240437158474;pp3=0.002732240437158474;QC=9720;EN=5.0]':1.3862943611198908,((GCF_054784775.1,(GCF_009184845.1,GCF_042847315.1)'[q1=0.6;q2=0.4;q3=0.0;f1=3.0;f2=2.0;f3=0.0;pp1=0.6666666666666666;pp2=0.2520325203252032;pp3=0.08130081300813016;QC=193;EN=5.0]':0.2876820724517809)'[q1=0.9;q2=0.1;q3=0.0;f1=4.5;f2=0.5;f3=0.0;pp1=0.9778726396298347;pp2=0.012256555406443766;pp3=0.009870804963721409;QC=2244;EN=5.0]':0.9808292530117262,(GCF_054452875.2,(GCF_001434705.1,(GCF_036246225.1,(GCF_013407595.1,(GCF_025490915.1,GCF_054785075.1)'[q1=1.0;q2=0.0;q3=0.0;f1=5.0;f2=0.0;f3=0.0;pp1=0.9945355191256833;pp2=0.002732240437158474;pp3=0.002732240437158474;QC=193;EN=5.0]':1.3862943611198908)'[q1=0.9989583333333332;q2=0.0;q3=0.0010416666666666667;f1=4.994791666666666;f2=0.0;f3=0.005208333333333333;pp1=0.9944448497337124;pp2=0.0027746696386489393;pp3=0.002780480627638633;QC=384;EN=5.0]':1.381099544242786)'[q1=0.6;q2=0.20760869565217394;q3=0.1923913043478261;f1=3.0;f2=1.0380434782608696;f3=0.9619565217391305;pp1=0.7192265996653202;pp2=0.14332567058074108;pp3=0.13744772975393857;QC=573;EN=5.0]':0.2876820724517809)'[q1=0.6022979580097785;q2=0.34263157894736845;q3=0.055070463042853034;f1=3.0114897900488926;f2=1.7131578947368422;f3=0.2753523152142652;pp1=0.6965241226949672;pp2=0.2094594069711705;pp3=0.09401647033386218;QC=760;EN=5.0]':0.29151935543026813)'[q1=0.7861937017231135;q2=0.2106951871657754;q3=0.003111111111111111;f1=3.9309685086155675;f2=1.053475935828877;f3=0.015555555555555555;pp1=0.922609604854324;pp2=0.04805308622042835;pp3=0.029337308925247645;QC=2805;EN=5.0]':0.6592137418901838)'[q1=0.5966666666666667;q2=0.4;q3=0.003333333333333333;f1=2.9833333333333334;f2=2.0;f3=0.016666666666666666;pp1=0.6619144955876244;pp2=0.255206807555321;pp3=0.08287869685705462;QC=22680;EN=5.0]':0.2821418920761656)'[q1=0.7785310734463277;q2=0.2214689265536723;q3=0.0;f1=3.8926553672316384;f2=1.1073446327683616;f3=0.0;pp1=0.9164279266344543;pp2=0.052610700049859585;pp3=0.030961373315686224;QC=33453;EN=5.0]':0.6408656740499042)'[q1=0.6;q2=0.2;q3=0.2;f1=3.0;f2=1.0;f3=1.0;pp1=0.7192982456140349;pp2=0.14035087719298256;pp3=0.14035087719298256;QC=144096;EN=5.0]':0.2876820724517809)'[q1=0.9266666666666665;q2=0.07333333333333333;q3=0.0;f1=4.633333333333333;f2=0.36666666666666664;f3=0.0;pp1=0.9842701914312265;pp2=0.008475111724270595;pp3=0.007254696844503106;QC=2122680;EN=5.0]':1.0739196760777379,((((GCF_001434365.1,GCF_001435245.1)'[q1=1.0;q2=0.0;q3=0.0;f1=5.0;f2=0.0;f3=0.0;pp1=0.9945355191256833;pp2=0.002732240437158474;pp3=0.002732240437158474;QC=945;EN=5.0]':1.3862943611198908,((GCF_000010145.1,GCF_965286585.1)'[q1=1.0;q2=0.0;q3=0.0;f1=5.0;f2=0.0;f3=0.0;pp1=0.9945355191256833;pp2=0.002732240437158474;pp3=0.002732240437158474;QC=573;EN=5.0]':1.3862943611198908,(GCF_054331775.1,(GCF_001437055.1,GCF_900240275.1)'[q1=0.9321354950136499;q2=0.002150537634408602;q3=0.06571396735194161;f1=4.660677475068249;f2=0.010752688172043012;f3=0.3285698367597081;pp1=0.9853787108684778;pp2=0.006820860363781454;pp3=0.007800428767740834;QC=193;EN=5.0]':1.0941304534140688)'[q1=0.4020942408376963;q2=0.39402173913043476;q3=0.20388402003186887;f1=2.0104712041884816;f2=1.9701086956521738;f3=1.0194201001593444;pp1=0.40224859443652977;pp2=0.3896378545723643;pp3=0.2081135509911061;QC=764;EN=5.0]':0.0026212334798740816)'[q1=0.4441459774793108;q2=0.2054402387735721;q3=0.35041378374711707;f1=2.220729887396554;f2=1.0272011938678605;f3=1.7520689187355853;pp1=0.47007822124012805;pp2=0.20519816940453253;pp3=0.3247236093553395;QC=2268;EN=5.0]':0.05676346203688623)'[q1=0.5092307692307692;q2=0.45846153846153853;q3=0.03230769230769231;f1=2.546153846153846;f2=2.2923076923076926;f3=0.16153846153846155;pp1=0.4996104179376212;pp2=0.39408375509519034;pp3=0.10630582696718843;QC=22880;EN=5.0]':0.14680592383321883,((GCF_039955095.1,GCF_056676095.1)'[q1=1.0;q2=0.0;q3=0.0;f1=5.0;f2=0.0;f3=0.0;pp1=0.9945355191256833;pp2=0.002732240437158474;pp3=0.002732240437158474;QC=2013;EN=5.0]':1.3862943611198908,((GCF_028607025.1,GCF_963281025.1)'[q1=1.0;q2=0.0;q3=0.0;f1=5.0;f2=0.0;f3=0.0;pp1=0.9945355191256833;pp2=0.002732240437158474;pp3=0.002732240437158474;QC=1665;EN=5.0]':1.3862943611198908,((GCF_019797825.1,(GCF_000160835.1,GCF_025311495.1)'[q1=0.8;q2=0.2;q3=0.0;f1=4.0;f2=1.0;f3=0.0;pp1=0.9322916666666666;pp2=0.0416666666666667;pp3=0.026041666666666696;QC=193;EN=5.0]':0.6931471805599453)'[q1=0.7978609625668449;q2=0.2;q3=0.0021390374331550803;f1=3.9893048128342246;f2=1.0;f3=0.0106951871657754;pp1=0.9309531891174739;pp2=0.042420045549620256;pp3=0.02662676533290565;QC=2244;EN=5.0]':0.6878138345845827,(GCF_014145555.1,(GCF_014145545.1,(GCF_014145615.1,(GCF_020784695.1,(GCF_000016825.1,GCF_033570435.1)'[q1=0.7979274611398963;q2=0.0010362694300518134;q3=0.20103626943005182;f1=3.989637305699482;f2=0.0051813471502590676;f3=1.005181347150259;pp1=0.9309338601769807;pp2=0.02655126831538461;pp3=0.042514871507634826;QC=193;EN=5.0]':0.6879792104015027)'[q1=0.7989583333333333;q2=0.2;q3=0.0010416666666666667;f1=3.9947916666666665;f2=1.0;f3=0.005208333333333333;pp1=0.9316422373062996;pp2=0.04203245836812354;pp3=0.026325304325576882;QC=384;EN=5.0]':0.6905463988598877)'[q1=0.4;q2=0.2;q3=0.4;f1=2.0;f2=1.0;f3=2.0;pp1=0.39743589743589736;pp2=0.20512820512820532;pp3=0.39743589743589736;QC=573;EN=5.0]':0.0)'[q1=0.8;q2=0.2;q3=0.0;f1=4.0;f2=1.0;f3=0.0;pp1=0.9322916666666666;pp2=0.0416666666666667;pp3=0.026041666666666696;QC=760;EN=5.0]':0.6931471805599453)'[q1=1.0;q2=0.0;q3=0.0;f1=5.0;f2=0.0;f3=0.0;pp1=0.9945355191256833;pp2=0.002732240437158474;pp3=0.002732240437158474;QC=2805;EN=5.0]':1.3862943611198908)'[q1=0.6;q2=0.2;q3=0.2;f1=3.0;f2=1.0;f3=1.0;pp1=0.7192982456140349;pp2=0.14035087719298256;pp3=0.14035087719298256;QC=6660;EN=5.0]':0.2876820724517809)'[q1=1.0;q2=0.0;q3=0.0;f1=5.0;f2=0.0;f3=0.0;pp1=0.9945355191256833;pp2=0.002732240437158474;pp3=0.002732240437158474;QC=6588;EN=5.0]':1.3862943611198908)'[q1=0.674025974025974;q2=0.14285714285714285;q3=0.18311688311688312;f1=3.37012987012987;f2=0.7142857142857143;f3=0.9155844155844156;pp1=0.8192900422959294;pp2=0.08565472041564696;pp3=0.09505523728842367;QC=27104;EN=5.0]':0.4193598964269805)'[q1=0.9018331053351574;q2=0.09378151260504201;q3=0.004385382059800665;f1=4.509165526675787;f2=0.4689075630252101;f3=0.021926910299003323;pp1=0.9784063953039711;pp2=0.01183653297174816;pp3=0.009757071724280739;QC=495040;EN=5.0]':0.9869583487206715,(((GCF_001436905.1,(GCF_001702235.1,(GCF_000237995.1,GCF_001702215.1)'[q1=0.6;q2=0.2;q3=0.2;f1=3.0;f2=1.0;f3=1.0;pp1=0.7192982456140349;pp2=0.14035087719298256;pp3=0.14035087719298256;QC=193;EN=5.0]':0.2876820724517809)'[q1=0.8;q2=0.0;q3=0.2;f1=4.0;f2=0.0;f3=1.0;pp1=0.9322916666666666;pp2=0.026041666666666696;pp3=0.0416666666666667;QC=384;EN=5.0]':0.6931471805599453)'[q1=1.0;q2=0.0;q3=0.0;f1=5.0;f2=0.0;f3=0.0;pp1=0.9945355191256833;pp2=0.002732240437158474;pp3=0.002732240437158474;QC=7476;EN=5.0]':1.3862943611198908,((GCF_009913995.1,(GCF_021378055.1,(GCF_009914015.1,(GCF_055755075.1,(GCF_000014505.1,GCF_009914035.1)'[q1=0.5968911917098445;q2=0.0031088082901554403;q3=0.4;f1=2.9844559585492227;f2=0.015544041450777202;f3=2.0;pp1=0.6622347912997766;pp2=0.08277188635977786;pp3=0.2549933223404456;QC=193;EN=5.0]':0.28251410229333834)'[q1=0.6005208333333333;q2=0.3989583333333333;q3=5.208333333333333E-4;f1=3.0026041666666665;f2=1.9947916666666665;f3=0.0026041666666666665;pp1=0.6679863438382008;pp2=0.2507179256237036;pp3=0.08129573053809563;QC=384;EN=5.0]':0.2885505049857349)'[q1=0.6;q2=0.26666666666666666;q3=0.13333333333333333;f1=3.0;f2=1.3333333333333333;f3=0.6666666666666666;pp1=0.7137589268588819;pp2=0.16916309582022107;pp3=0.11707797732089709;QC=573;EN=5.0]':0.2876820724517809)'[q1=0.8;q2=0.2;q3=0.0;f1=4.0;f2=1.0;f3=0.0;pp1=0.9322916666666666;pp2=0.0416666666666667;pp3=0.026041666666666696;QC=760;EN=5.0]':0.6931471805599453)'[q1=1.0;q2=0.0;q3=0.0;f1=5.0;f2=0.0;f3=0.0;pp1=0.9945355191256833;pp2=0.002732240437158474;pp3=0.002732240437158474;QC=7280;EN=5.0]':1.3862943611198908,(GCF_002174215.1,(GCF_010092385.1,((GCF_016127815.1,GCF_019448175.1)'[q1=0.3513157894736842;q2=0.39789473684210525;q3=0.2507894736842105;f1=1.756578947368421;f2=1.9894736842105263;f3=1.2539473684210525;pp1=0.3436164087936769;pp2=0.40965370894710396;pp3=0.24672988225921919;QC=760;EN=5.0]':0.0,(GCF_034703025.1,(GCF_028621815.1,(GCF_001767275.1,GCF_059089415.1)'[q1=0.5989637305699482;q2=0.002072538860103627;q3=0.39896373056994816;f1=2.994818652849741;f2=0.010362694300518135;f3=1.994818652849741;pp1=0.6657656567876165;pp2=0.08203113150788523;pp3=0.2522032117044983;QC=193;EN=5.0]':0.2859564464843113)'[q1=0.4989583333333333;q2=0.3994791666666667;q3=0.1015625;f1=2.4947916666666665;f2=1.9973958333333335;f3=0.5078125;pp1=0.5240041018426316;pp2=0.3393079215866545;pp3=0.13668797657071402;QC=384;EN=5.0]':0.13204440350294444)'[q1=0.46614035087719297;q2=0.4001754385964912;q3=0.1336842105263158;f1=2.3307017543859647;f2=2.000877192982456;f3=0.6684210526315789;pp1=0.47962798913956217;pp2=0.3628916394784869;pp3=0.15748037138195103;QC=1140;EN=5.0]':0.08629393106623316)'[q1=0.4989010989010989;q2=0.375;q3=0.1260989010989011;f1=2.4945054945054945;f2=1.875;f3=0.6304945054945055;pp1=0.535933629895229;pp2=0.3157916550918197;pp3=0.14827471501295122;QC=1512;EN=5.0]':0.13196276485189623)'[q1=0.6;q2=0.4;q3=0.0;f1=3.0;f2=2.0;f3=0.0;pp1=0.6666666666666666;pp2=0.2520325203252032;pp3=0.08130081300813016;QC=1128;EN=5.0]':0.2876820724517809)'[q1=1.0;q2=0.0;q3=0.0;f1=5.0;f2=0.0;f3=0.0;pp1=0.9945355191256833;pp2=0.002732240437158474;pp3=0.002732240437158474;QC=7644;EN=5.0]':1.3862943611198908)'[q1=1.0;q2=0.0;q3=0.0;f1=5.0;f2=0.0;f3=0.0;pp1=0.9945355191256833;pp2=0.002732240437158474;pp3=0.002732240437158474;QC=34176;EN=5.0]':1.3862943611198908)'[q1=1.0;q2=0.0;q3=0.0;f1=5.0;f2=0.0;f3=0.0;pp1=0.9945355191256833;pp2=0.002732240437158474;pp3=0.002732240437158474;QC=192192;EN=5.0]':1.3862943611198908,((GCF_002970915.1,GCF_002970935.1)'[q1=0.86;q2=0.13999999999999999;q3=0.0;f1=4.3;f2=0.7;f3=0.0;pp1=0.9643801367771901;pp2=0.020574128362852145;pp3=0.015045734859957789;QC=3480;EN=5.0]':0.8556661100577202,(((GCF_005405405.1,GCF_965136965.1)'[q1=1.0;q2=0.0;q3=0.0;f1=5.0;f2=0.0;f3=0.0;pp1=0.9945355191256833;pp2=0.002732240437158474;pp3=0.002732240437158474;QC=760;EN=5.0]':1.3862943611198908,(GCF_045862825.1,(GCF_036246185.1,(GCF_036246165.1,GCF_963243495.1)'[q1=0.6;q2=0.0;q3=0.4;f1=3.0;f2=0.0;f3=2.0;pp1=0.6666666666666666;pp2=0.08130081300813016;pp3=0.2520325203252032;QC=193;EN=5.0]':0.2876820724517809)'[q1=1.0;q2=0.0;q3=0.0;f1=5.0;f2=0.0;f3=0.0;pp1=0.9945355191256833;pp2=0.002732240437158474;pp3=0.002732240437158474;QC=384;EN=5.0]':1.3862943611198908)'[q1=0.5684210526315789;q2=0.41684210526315785;q3=0.014736842105263156;f1=2.8421052631578947;f2=2.0842105263157893;f3=0.07368421052631578;pp1=0.6114590732999694;pp2=0.29646455372562724;pp3=0.09207637297440334;QC=1140;EN=5.0]':0.23638877806423023)'[q1=0.5375811688311689;q2=0.41185064935064936;q3=0.050568181818181825;f1=2.6879058441558445;f2=2.0592532467532467;f3=0.2528409090909091;pp1=0.5706400529495693;pp2=0.3199865990534758;pp3=0.10937334799695475;QC=19712;EN=5.0]':0.1887136963040584,((GCF_050407965.1,(GCF_003641185.1,GCF_026222675.1)'[q1=0.8;q2=0.0;q3=0.2;f1=4.0;f2=0.0;f3=1.0;pp1=0.9322916666666666;pp2=0.026041666666666696;pp3=0.0416666666666667;QC=193;EN=5.0]':0.6931471805599453)'[q1=0.6545454545454545;q2=0.2;q3=0.14545454545454545;f1=3.2727272727272725;f2=1.0;f3=0.7272727272727273;pp1=0.7944893570957738;pp2=0.11011135854372622;pp3=0.09539928436050006;QC=4004;EN=5.0]':0.3829922522561057,((GCF_029025825.1,GCF_051098045.1)'[q1=1.0;q2=0.0;q3=0.0;f1=5.0;f2=0.0;f3=0.0;pp1=0.9945355191256833;pp2=0.002732240437158474;pp3=0.002732240437158474;QC=1665;EN=5.0]':1.3862943611198908,((GCF_050847345.1,(GCF_965286295.1,GCF_037290055.1)'[q1=0.7929801103125522;q2=0.002072538860103627;q3=0.20494735082734414;f1=3.964900551562761;f2=0.010362694300518135;f3=1.0247367541367207;pp1=0.9275215895854276;pp2=0.027713425259635115;pp3=0.044764985154937306;QC=193;EN=5.0]':0.6757496744084552)'[q1=0.62119825708061;q2=0.1688888888888889;q3=0.20991285403050108;f1=3.10599128540305;f2=0.8444444444444444;f3=1.0495642701525054;pp1=0.7494578352091676;pp2=0.11833146287429515;pp3=0.1322107019165372;QC=2244;EN=5.0]':0.3236517216515007,(GCF_029854335.1,(GCF_000148815.2,(GCF_009913655.1,(GCF_014131735.1,(GCF_000023085.1,GCF_000203855.3)'[q1=0.5979274611398964;q2=0.20207253886010362;q3=0.2;f1=2.989637305699482;f2=1.0103626943005182;f3=1.0;pp1=0.7162380128565352;pp2=0.14228628537724208;pp3=0.14147570176622276;QC=193;EN=5.0]':0.2842337931728648)'[q1=0.5;q2=0.4979166666666667;q3=0.0020833333333333333;f1=2.5;f2=2.4895833333333335;f3=0.010416666666666666;pp1=0.45471989046389344;pp2=0.45018131433547826;pp3=0.09509879520062836;QC=384;EN=5.0]':0.13353139262452274)'[q1=0.798630396843463;q2=0.0010471204188481676;q3=0.20032248273768874;f1=3.9931519842173153;f2=0.005235602094240838;f3=1.0016124136884437;pp1=0.9314179342040527;pp2=0.026397449993855324;pp3=0.04218461580209197;QC=573;EN=5.0]':0.6897290212370623)'[q1=0.39789473684210525;q2=0.35;q3=0.2521052631578947;f1=1.9894736842105263;f2=1.75;f3=1.2605263157894737;pp1=0.4099191408666851;pp2=0.3422118282059062;pp3=0.24786903092740878;QC=760;EN=5.0]':0.0)'[q1=0.7068805704099821;q2=0.17371202218261042;q3=0.1194074074074074;f1=3.5344028520499107;f2=0.8685601109130521;f3=0.597037037037037;pp1=0.8565717982269163;pp2=0.07660966745829001;pp3=0.06681853431479373;QC=2805;EN=5.0]':0.4838603322735061)'[q1=0.5881081081081081;q2=0.323003003003003;q3=0.08888888888888888;f1=2.9405405405405407;f2=1.615015015015015;f3=0.4444444444444444;pp1=0.6833403713807596;pp2=0.20854737477856924;pp3=0.10811225384067105;QC=6660;EN=5.0]':0.2680561079950327)'[q1=0.6078144078144078;q2=0.32551892551892553;q3=0.06666666666666667;f1=3.039072039072039;f2=1.6275946275946276;f3=0.3333333333333333;pp1=0.7102118544633538;pp2=0.19464278705468044;pp3=0.09514535848196577;QC=9828;EN=5.0]':0.30079164160137645)'[q1=0.8185261707988982;q2=0.001721763085399449;q3=0.17975206611570246;f1=4.092630853994491;f2=0.008608815426997245;f3=0.8987603305785123;pp1=0.9440619455200268;pp2=0.02229060356319231;pp3=0.0336474509167811;QC=34848;EN=5.0]':0.7405694790314737)'[q1=0.5;q2=0.24761904761904763;q3=0.2523809523809524;f1=2.5;f2=1.2380952380952381;f3=1.2619047619047619;pp1=0.5651457683859745;pp2=0.21587362864497225;pp3=0.21898060296905322;QC=29232;EN=5.0]':0.13353139262452274)'[q1=1.0;q2=0.0;q3=0.0;f1=5.0;f2=0.0;f3=0.0;pp1=0.9945355191256833;pp2=0.002732240437158474;pp3=0.002732240437158474;QC=112320;EN=5.0]':1.3862943611198908)'[q1=0.6764705882352942;q2=0.12632010943912447;q3=0.1972093023255814;f1=3.3823529411764706;f2=0.6316005471956224;f3=0.986046511627907;pp1=0.8215675388701575;pp2=0.08107161430901821;pp3=0.09736084682082427;QC=1077120;EN=5.0]':0.42401851600391216)'[q1=0.7127095761381476;q2=0.21612244897959182;q3=0.07116797488226059;f1=3.563547880690738;f2=1.0806122448979592;f3=0.355839874411303;pp1=0.859903729494866;pp2=0.08266960258186747;pp3=0.057426667923266485;QC=2979200;EN=5.0]':0.49575142943398326)'[q1=0.5504347826086956;q2=0.4495652173913044;q3=0.0;f1=2.752173913043478;f2=2.247826086956522;f3=0.0;pp1=0.5633069285100784;pp2=0.34589411756965044;pp3=0.09079895392027118;QC=5453760;EN=5.0]':0.20830848491026852)'[q1=1.0;q2=0.0;q3=0.0;f1=5.0;f2=0.0;f3=0.0;pp1=0.9945355191256833;pp2=0.002732240437158474;pp3=0.002732240437158474;QC=2695784;EN=5.0]':1.3862943611198908,(((GCF_025739325.1,(GCF_903886475.1,GCF_039783785.1)'[q1=0.5874087692907682;q2=0.2136275001392835;q3=0.19896373056994818;f1=2.9370438464538413;f2=1.0681375006964176;f3=0.9948186528497409;pp1=0.7004911645038697;pp2=0.15280809253386066;pp3=0.14670074296226954;QC=193;EN=5.0]':0.26691384824400677)'[q1=0.5217142857142857;q2=0.3721904761904762;q3=0.10609523809523809;f1=2.6085714285714285;f2=1.860952380952381;f3=0.5304761904761904;pp1=0.5692386640724592;pp2=0.2966023885982361;pp3=0.13415894732930456;QC=6300;EN=5.0]':0.16504312099368182,((GCF_025948295.1,(GCF_041893975.1,(GCF_041514285.1,(GCF_041514295.1,(GCF_009856565.1,GCF_041509385.1)'[q1=0.5937823834196891;q2=0.019689119170984454;q3=0.38652849740932643;f1=2.9689119170984455;f2=0.09844559585492227;f3=1.932642487046632;pp1=0.6650332677001709;pp2=0.08756419056100394;pp3=0.24740254173882528;QC=193;EN=5.0]':0.27737270279291965)'[q1=0.503125;q2=0.29739583333333336;q3=0.19947916666666668;f1=2.5156250000000004;f2=1.4869791666666667;f3=0.9973958333333334;pp1=0.5658311171160759;pp2=0.24871836949870252;pp3=0.1854505133852216;QC=384;EN=5.0]':0.13800567301944397)'[q1=0.6527050610820245;q2=0.1431064572425829;q3=0.20418848167539266;f1=3.2635253054101225;f2=0.7155322862129144;f3=1.0209424083769634;pp1=0.7919153241042787;pp2=0.09569139688412029;pp3=0.11239327901160114;QC=573;EN=5.0]':0.3796238769242772)'[q1=0.7378947368421052;q2=0.2013157894736842;q3=0.060789473684210525;f1=3.689473684210526;f2=1.006578947368421;f3=0.30394736842105263;pp1=0.8851906544957145;pp2=0.0672370722542467;pp3=0.04757227325003872;QC=760;EN=5.0]':0.5488190202052052)'[q1=0.4455056179775281;q2=0.2331631513240029;q3=0.321331230698469;f1=2.2275280898876404;f2=1.1658157566200145;f3=1.606656153492345;pp1=0.4785346584788798;pp2=0.22470586195403017;pp3=0.29675947956709003;QC=10680;EN=5.0]':0.058563895448683484,(GCF_024334065.1,((GCF_039783225.1,(GCF_029866985.1,GCF_057786735.1)'[q1=0.5813471502590674;q2=0.21857485096662765;q3=0.20007799877430496;f1=2.906735751295337;f2=1.0928742548331383;f3=1.0003899938715248;pp1=0.6913060439472928;pp2=0.15833741619253372;pp3=0.15035653986017347;QC=193;EN=5.0]':0.25706743663217396)'[q1=0.4947547828727604;q2=0.30247115092620713;q3=0.2027740662010325;f1=2.473773914363802;f2=1.5123557546310356;f3=1.0138703310051624;pp1=0.5525875551840438;pp2=0.25713376061580323;pp3=0.19027868420015295;QC=2960;EN=5.0]':0.12606615962060172,((GCF_038049945.1,GCF_903891205.1)'[q1=0.5906028368794326;q2=0.039361702127659576;q3=0.3700354609929078;f1=2.953014184397163;f2=0.19680851063829788;f3=1.850177304964539;pp1=0.668569129390162;pp2=0.093451049886281;pp3=0.23797982072355708;QC=1128;EN=5.0]':0.272141516328061,(GCF_056269605.1,(GCF_052569745.1,(GCF_052571685.1,(GCF_052570115.1,(GCF_020844005.1,GCF_903891025.1)'[q1=0.4;q2=0.3813471502590674;q3=0.21865284974093263;f1=2.0;f2=1.906735751295337;f3=1.093264248704663;pp1=0.4042418935440282;pp2=0.37594666503200147;pp3=0.21981144142397038;QC=193;EN=5.0]':0.0)'[q1=0.3973958333333333;q2=0.3036458333333333;q3=0.2989583333333333;f1=1.9869791666666665;f2=1.5182291666666665;f3=1.4947916666666665;pp1=0.41411238608302825;pp2=0.29520282852011387;pp3=0.2906847853968578;QC=384;EN=5.0]':0.0)'[q1=0.6125654450261779;q2=0.19371727748691098;q3=0.19371727748691098;f1=3.06282722513089;f2=0.9685863874345549;f3=0.9685863874345548;pp1=0.737606462328651;pp2=0.13119676883567452;pp3=0.1311967688356745;QC=573;EN=5.0]':0.3088468836438243)'[q1=0.7934210526315789;q2=0.010789473684210526;q3=0.19578947368421054;f1=3.9671052631578947;f2=0.05394736842105263;f3=0.9789473684210527;pp1=0.9283603724871164;pp2=0.028121656352644634;pp3=0.04351797116023885;QC=760;EN=5.0]':0.6768336050684215)'[q1=0.5730851063829787;q2=0.14585106382978724;q3=0.28106382978723404;f1=2.8654255319148936;f2=0.7292553191489362;f3=1.4053191489361703;pp1=0.6724514831159046;pp2=0.13287206820327388;pp3=0.19467644868082143;QC=1880;EN=5.0]':0.243800932105972)'[q1=0.3950750750750751;q2=0.21909909909909908;q3=0.3858258258258258;f1=1.9753753753753756;f2=1.0954954954954954;f3=1.929129129129129;pp1=0.3968571185478832;pp2=0.22030533854257428;pp3=0.38283754290954247;QC=6660;EN=5.0]':0.0)'[q1=0.5477309014984033;q2=0.07996985793826251;q3=0.3722992405633342;f1=2.7386545074920168;f2=0.39984928969131256;f3=1.8614962028166708;pp1=0.6062492912601831;pp2=0.11756100986527794;pp3=0.2761896988745388;QC=4416;EN=5.0]':0.20415452312676455)'[q1=0.40058031527576177;q2=0.438013487924783;q3=0.16140619679945523;f1=2.0029015763788087;f2=2.190067439623915;f3=0.8070309839972761;pp1=0.380074379906314;pp2=0.44333177783290656;pp3=0.17659384226077934;QC=11748;EN=5.0]':7.256573203010565E-4)'[q1=0.4160793650793651;q2=0.31423280423280425;q3=0.26968783068783064;f1=2.0803968253968255;f2=1.5711640211640212;f3=1.3484391534391533;pp1=0.43892020095840045;pp2=0.30072463935977334;pp3=0.2603551596818262;QC=37800;EN=5.0]':0.020303943410297582)'[q1=0.5296296296296296;q2=0.24629629629629632;q3=0.22407407407407404;f1=2.648148148148148;f2=1.2314814814814816;f3=1.1203703703703702;pp1=0.6112307736607987;pp2=0.2006979866351586;pp3=0.18807123970404271;QC=18684;EN=5.0]':0.1767813764183392,(GCF_903886345.1,GCF_903885985.1)'[q1=0.6571428571428571;q2=0.21904761904761902;q3=0.12380952380952381;f1=3.2857142857142856;f2=1.0952380952380951;f3=0.6190476190476191;pp1=0.796463097323212;pp2=0.11443025591608545;pp3=0.08910664676070258;QC=3633;EN=5.0]':0.38776553100876343)'[q1=1.0;q2=0.0;q3=0.0;f1=5.0;f2=0.0;f3=0.0;pp1=0.9945355191256833;pp2=0.002732240437158474;pp3=0.002732240437158474;QC=144900;EN=5.0]':1.3862943611198908)'[q1=1.0;q2=0.0;q3=0.0;f1=5.0;f2=0.0;f3=0.0;pp1=0.9945355191256833;pp2=0.002732240437158474;pp3=0.002732240437158474;QC=448500;EN=5.0]':1.3862943611198908)'[q1=1.0;q2=0.0;q3=0.0;f1=5.0;f2=0.0;f3=0.0;pp1=0.9945355191256833;pp2=0.002732240437158474;pp3=0.002732240437158474;QC=38060;EN=5.0]':1.3862943611198908)'[q1=0.6;q2=0.2;q3=0.2;f1=3.0;f2=1.0;f3=1.0;pp1=0.7192982456140349;pp2=0.14035087719298256;pp3=0.14035087719298256;QC=10980;EN=5.0]':0.2876820724517809)'[q1=0.5520833333333334;q2=0.25;q3=0.19791666666666666;f1=2.2083333333333335;f2=1.0;f3=0.7916666666666666;pp1=0.6034762297508768;pp2=0.21152541639905034;pp3=0.18499835385007293;QC=4440;EN=4.0]':0.17733401528291554)'[q1=0.5019633507853403;q2=9.81675392670157E-4;q3=0.49705497382198954;f1=2.007853403141361;f2=0.003926701570680628;f3=1.9882198952879582;pp1=0.44868305233498385;pp2=0.11148289506229636;pp3=0.43983405260271974;QC=764;EN=4.0]':0.10798174913770038)'[q1=0.4057291666666666;q2=0.19947916666666665;q3=0.39479166666666665;f1=2.028645833333333;f2=0.9973958333333333;f3=1.9739583333333333;pp1=0.40628142051695904;pp2=0.20466986389373537;pp3=0.3890487155893056;QC=384;EN=5.0]':0.007187224666105403));
Weight calculation took 0.087807382 secs
ASTRAL finished in 2.152 secs
